patient_id,17-AAG (Tanespimycin),A-674563,ABT-737,AGI-5198,AGI-6780,AKT Inhibitor IV,AKT Inhibitor X,AMPK Inhibitor,AST-487,AT-101,AT7519,AZD1152-HQPA (AZD2811),AZD1480,Afatinib (BIBW-2992),Alisertib (MLN8237),Artemisinin,Axitinib (AG-013736),Azacytidine,BEZ235,BI-2536,BLZ945,BMS-345541,BMS-754807,Baiclein,Bay 11-7085,Birinapant,Bortezomib (Velcade),Bosutinib (SKI-606),CHIR-99021,CI-1040 (PD184352),CYT387,Cabozantinib,Canertinib (CI-1033),Cediranib (AZD2171),Crenolanib,Crizotinib (PF-2341066),Cytarabine,DBZ,Dasatinib,Doramapimod (BIRB 796),Dovitinib (CHIR-258),Elesclomol,Entospletinib (GS-9973),Entrectinib,Erlotinib,Etomoxir,Flavopiridol,Foretinib (XL880),GDC-0879,GDC-0941,GSK-1838705A,GSK-1904529A,GSK-2879552,GSK690693,GW-2580,Gefitinib,Gilteritinib,Go6976,H-89,INK-128,Ibrutinib (PCI-32765),Idelalisib,Imatinib,Indisulam,JAK Inhibitor I,JNJ-28312141,JNJ-38877605,JNJ-7706621,JNK Inhibitor II,JQ1,KI20227,KN92,KN93,KU-55933,KW-2449,LY-333531,LY294002,Lapatinib,Lenalidomide,Lenvatinib,Lestaurtinib (CEP-701),Linifanib (ABT-869),Lovastatin,MEK1/2 Inhibitor,MGCD-265,MK-2206,MLN120B,MLN8054,Masitinib (AB-1010),Metformin,Midostaurin,Motesanib (AMG-706),NF-kB Activation Inhibitor,NVP-ADW742,NVP-AEW541,NVP-TAE684,Neratinib (HKI-272),Nilotinib,Nutlin 3a,OTX-015,Olaparib,PD153035,PD173955,PD98059,PH-797804,PHA-665752,PHT-427,PI-103,PLX-4720,PP2,PP242,PRT062070,PRT062607,Palbociclib,Panobinostat,Pazopanib (GW786034),Pelitinib (EKB-569),Perhexiline maleate,Ponatinib (AP24534),Quizartinib (AC220),R406,R547,RAF265 (CHIR-265),Ralimetinib (LY2228820),Ranolazine,Rapamycin,Regorafenib (BAY 73-4506),Roscovitine (CYC-202),Ruxolitinib (INCB018424),S31-201,SB-202190,SB-203580,SB-431542,SGX-523,SNS-032 (BMS-387032),SR9011,STO609,SU11274,SU14813,SYK Inhibitor,Saracatinib (AZD0530),Selinexor,Selumetinib (AZD6244),Sorafenib,Staurosporine,Sunitinib,TG100-115,TG101348,Tandutinib (MLN518),Tivozanib (AV-951),Tofacitinib (CP-690550),Tozasertib (VX-680),Trametinib (GSK1120212),VX-745,Vandetanib (ZD6474),Vargetef,Vatalanib (PTK787),Vemurafenib (PLX-4032),Venetoclax,Vismodegib (GDC-0449),Volasertib (BI-6727),XAV-939,XMD 8-87,YM-155,p38 MAP Kinase Inhibitor
2000,216.47171,182.5715,189.8258,248.29773,239.1813,173.4227,251.90947,233.31691,281.41266,225.85204,176.3937,231.85791,253.23502,201.52025,245.706,261.92938,242.5039,248.4322,210.5452,196.27008,225.02562,244.15282,220.17044,284.3838,265.67145,202.9899,192.58713,246.80466,269.26157,236.06403,223.46825,217.6004,237.10257,269.75385,238.01022,233.60155,230.04616,249.44487,239.99109,222.28534,200.83176,107.63824,231.97964,217.69351,240.27936,266.78088,174.11288,184.08093,279.69354,208.87675,226.98361,257.7882,260.41565,253.79352,249.56372,256.14352,200.47705,221.55571,246.68964,195.00879,234.71689,236.0286,259.72668,217.05142,225.26823,214.58875,246.4866,250.45267,239.61655,195.68903,248.10345,253.63162,260.96423,249.169,232.98412,233.11063,206.3196,244.87354,242.50137,227.33202,212.54288,243.72595,235.7002,262.48935,245.63489,252.35016,256.52716,254.15141,243.24203,269.45996,236.07538,269.6162,209.72163,234.1724,237.42664,224.47095,198.03625,255.30887,247.8115,195.18442,275.53625,260.0005,244.77203,259.82257,213.93555,232.40576,275.12137,200.53168,248.99438,244.45175,200.66081,242.37427,239.54352,239.9431,175.99094,254.93555,187.54562,202.12363,192.40909,195.94922,262.56995,189.58615,182.3231,213.38394,232.53381,239.06409,220.36115,267.69867,248.6352,244.156,243.144,243.10086,262.3361,258.82855,137.67957,256.03992,270.45148,232.08809,246.12125,243.08687,256.0095,161.17528,256.98764,223.84503,230.97876,234.16815,254.46548,196.10248,249.21613,236.12433,240.72693,239.79066,217.01466,241.52841,242.26839,229.65779,246.61589,257.55408,130.17493,283.1668,195.3375,261.95984,246.39093,260.15488,257.23932
2003,204.1593,153.00839,191.54523,238.69678,223.8031,138.55148,238.48773,233.91463,279.42273,206.44534,155.46823,226.15866,244.0439,159.7371,228.07271,247.71704,233.48047,229.57817,182.44644,171.66548,188.24394,235.95688,187.31116,284.64258,253.42612,193.34491,188.1312,232.24216,264.80933,209.92174,198.16385,227.2309,219.67926,272.9702,258.39392,212.16525,224.45192,229.12775,210.90811,183.42137,201.72775,54.815918,221.85762,209.3522,224.34654,257.38992,164.99889,178.83527,276.6665,189.08102,192.34506,249.19164,247.64041,239.31258,220.81573,243.93658,200.92865,233.63669,237.40062,172.0592,228.18877,219.67014,248.41519,196.45145,207.68628,194.96303,233.44316,245.389,231.17958,168.29204,223.0599,245.43414,247.90515,225.3519,231.73093,225.4191,176.163,227.13449,222.23318,203.37697,211.30078,256.00266,227.09714,251.41806,248.24542,249.14906,242.07156,239.7775,224.55737,250.82088,244.61263,270.31754,193.00732,222.98637,209.36731,202.00113,164.94034,255.83159,252.05635,165.03116,270.18927,250.06645,209.75314,256.247,187.12286,200.62318,279.14185,170.78607,231.22162,220.99176,162.35178,226.81194,232.1788,232.40598,158.91545,242.34496,155.46338,198.48048,178.00392,188.81097,251.39146,178.67624,169.44476,203.47293,235.004,203.11725,215.19177,263.4049,233.66147,219.7245,211.85117,220.21964,248.82123,240.77823,109.69864,242.89143,261.59116,229.8526,233.2423,245.1018,240.35191,118.644844,243.33243,227.65857,225.8496,233.40573,246.86703,176.39218,234.71898,218.67226,231.58453,227.25943,185.29774,219.40826,217.36545,203.21419,233.02701,249.19724,113.531555,286.02496,164.33629,256.8012,221.24838,261.2127,238.98105
2004,158.5292,129.43173,192.87198,228.21484,201.86118,101.26104,201.90593,177.0661,267.29352,181.97046,140.83125,183.61555,216.77539,127.90816,201.4408,219.22998,184.04721,201.04446,149.83904,148.23203,130.05641,220.48264,146.43353,277.08844,223.89917,169.39972,199.18988,175.42688,251.5205,173.56218,149.7471,155.35396,193.18085,264.97662,223.1777,171.52971,212.16862,189.44998,147.31763,132.83774,149.36746,51.23178,178.07462,174.73077,192.48627,223.66867,175.67456,107.410995,260.44385,163.0232,155.28328,216.6528,223.54846,196.55048,182.60297,208.15286,154.42311,182.26746,229.35562,132.84741,190.53656,168.90125,214.78749,151.888,169.64496,127.84476,217.84665,232.93268,185.08807,146.23221,188.81412,222.59953,217.13881,183.88335,155.90877,191.87433,128.4137,194.18042,188.00508,151.941,174.24307,237.14307,218.08995,225.52194,205.60359,246.86853,196.4089,217.49936,173.49579,215.36673,207.00824,253.60602,171.35211,187.49216,168.75879,130.52887,135.7119,261.4256,252.79675,144.83969,242.6232,223.56256,171.02567,250.57716,153.30338,160.91348,272.32312,123.69823,195.50859,172.12494,116.5166,186.08109,184.28009,210.60213,169.77556,202.2745,126.28843,177.92595,128.38649,130.77744,209.31503,180.89157,157.96399,164.88638,205.21706,151.44685,164.73651,247.63924,217.18723,185.05728,147.06674,168.70319,211.59625,208.24454,102.708725,221.70255,240.3595,219.79407,190.78766,192.40443,201.51224,98.69551,238.89618,165.15033,233.39377,166.05951,214.81845,150.57347,172.50165,143.76439,196.11163,174.91574,138.84293,182.52524,166.2681,145.48618,199.78317,229.36821,92.06569,288.56042,139.1685,247.34097,170.11365,265.3394,196.1605
2005,187.39047,144.09784,186.94379,232.88063,217.8241,122.39705,231.32843,223.24594,270.59787,203.4241,142.03009,218.9743,235.81737,164.3014,222.19263,238.2468,217.64867,225.53568,165.42627,165.93939,182.08286,228.55792,181.68208,275.51685,243.62894,178.08118,181.69977,214.62842,255.80531,203.31537,193.2765,208.42308,216.40137,260.11533,241.87003,206.01451,220.03505,221.32466,195.3869,178.64154,190.08891,53.030106,212.66046,202.65106,217.80022,245.77847,157.96568,157.75473,267.35773,171.65788,192.4541,238.50221,239.55411,226.7604,213.27092,236.38226,185.81485,217.61899,233.23312,150.52997,220.97508,208.28381,235.77817,191.44641,199.38063,176.54288,227.79395,238.13542,221.5431,158.43994,215.73128,239.04109,240.88043,218.00665,215.87643,217.50293,165.64964,221.72533,214.17357,194.25922,194.97342,243.02634,219.65942,243.44437,231.5488,237.60828,230.75655,232.97348,213.79533,242.76572,230.51273,252.11049,190.15561,214.18567,202.71217,193.07079,164.69386,247.17381,245.67787,159.13841,258.3166,242.99707,208.43391,250.50171,176.65921,197.68195,267.6196,152.27075,223.22885,210.81845,150.45938,219.8997,219.02762,226.68918,150.7149,229.71034,158.3726,194.19547,161.70004,177.429,237.35733,175.20929,168.34082,185.02089,227.19368,194.15497,202.27788,254.0245,231.52022,212.85837,202.12967,211.09488,237.56096,233.83244,93.95396,235.83957,253.9438,223.90463,224.81337,231.69278,228.40884,106.26744,233.07994,212.63754,218.41174,217.8319,235.08046,159.03108,218.84534,199.45102,220.65594,218.76436,172.67924,213.09987,211.74026,196.08167,220.70335,242.33981,110.24341,277.5727,167.02771,248.68634,208.72258,253.54294,229.05539
2008,212.67642,177.7845,201.18481,249.37537,251.67264,168.04921,261.03735,255.33324,269.44403,222.98624,156.22362,247.52539,241.93661,199.8136,244.79523,267.9099,238.09464,251.18175,204.43205,182.32877,233.95596,234.79774,247.38318,275.50342,266.77734,190.16815,171.4224,247.55994,266.97992,231.02104,218.0072,234.19183,233.87646,260.1375,249.41635,230.3088,225.67569,255.96613,236.672,218.60858,220.94086,83.177536,236.5545,209.40935,245.31688,264.2837,151.60501,197.12671,274.7057,191.64636,236.15598,256.8037,265.5315,256.8195,244.5307,253.64746,208.52435,228.47528,243.26755,184.42538,234.74008,231.53465,254.33441,217.71675,214.4798,217.61441,250.26208,239.45497,236.11438,178.87184,233.47952,245.6354,258.3932,259.80005,251.85071,232.48697,198.62643,242.11536,258.77777,223.77065,209.33212,242.79315,229.04913,252.0046,246.29758,237.15358,260.652,258.52728,240.36086,276.4405,247.20882,262.724,237.61267,235.44754,251.05869,239.17896,199.90779,241.14821,252.89487,178.5,275.92053,258.3518,233.26718,247.07178,209.39792,243.30986,266.9845,197.5338,246.84404,253.2604,194.83736,253.99532,234.91856,247.66513,146.23978,249.62868,203.35272,212.15755,196.746,198.95273,255.92133,181.24646,196.95346,209.4917,255.77275,234.71765,228.55093,264.338,233.69241,247.42593,251.20773,242.91605,263.4395,261.0277,124.051865,257.6588,266.18808,240.17267,254.75464,263.3906,250.4552,147.8624,237.18454,236.96414,209.08969,244.70361,252.90717,182.42711,252.37172,239.79585,236.80789,242.70961,206.93652,233.09589,250.85516,233.84927,241.72168,255.45229,203.45172,271.54895,187.2508,251.45859,246.16248,244.21234,253.59132
2009,165.45023,155.86404,134.75926,227.80556,222.4604,139.07211,230.04245,194.08398,251.92969,210.86618,150.64795,202.08499,225.4453,193.81577,238.64523,261.66763,209.10918,235.1583,151.49702,176.91077,224.03726,230.6196,233.58163,262.70764,254.79207,162.64536,156.02792,218.10829,262.366,221.20035,202.03745,157.07527,228.09967,235.51538,162.53122,201.26349,178.4249,251.76155,179.78342,202.6236,136.1958,76.62662,187.44272,191.63278,223.71841,254.09634,118.23689,124.244255,271.1609,161.70844,229.47614,249.6338,260.7283,247.38123,204.896,239.49658,129.41014,153.8249,206.7319,151.46967,200.18297,211.61911,224.2767,204.12976,191.43863,138.71777,217.05862,231.50255,209.00977,170.33743,181.84145,239.34894,247.14818,254.69197,212.22037,213.90134,175.9488,234.46875,247.55502,187.4595,149.04175,146.9203,225.62624,237.38367,186.03917,182.03345,254.61075,253.58957,223.24939,269.3695,147.59276,197.38254,157.21416,218.92029,242.65762,215.14636,179.76654,196.32306,205.56378,168.59897,267.96948,239.83301,196.11005,240.57526,163.59998,231.05042,250.7467,159.31909,234.95105,231.06511,168.4744,222.39008,217.14157,220.1723,119.28706,208.18143,160.16788,156.43338,149.20319,160.00644,211.10382,167.09528,136.60686,144.11304,178.48338,204.79303,177.36386,243.0651,226.90622,232.3008,229.62488,223.8338,256.02036,256.75433,98.438644,246.16156,257.11142,176.0208,216.92606,191.30399,218.87868,132.75319,201.88919,174.71182,164.0495,194.96588,243.68414,160.53012,200.50577,171.79868,230.36496,230.12225,177.2304,205.39078,241.0063,196.04213,216.08698,235.7997,109.78484,255.45486,182.64679,243.35103,220.20581,228.94946,240.78564
2010,161.13974,162.12634,200.1225,260.17905,262.79877,138.78014,269.5444,260.56635,267.88824,227.87268,144.77916,254.33281,247.52496,200.142,249.99377,270.43005,224.55704,258.24158,155.56451,164.9773,229.8909,240.10945,253.91846,282.38513,271.81042,164.63422,124.65592,248.25989,271.72083,171.15604,215.98123,225.43942,239.2445,254.15088,237.34256,236.70822,210.17862,253.90526,222.44893,200.14558,215.28357,57.258823,225.40399,213.39574,254.30713,266.17184,83.54076,170.4454,277.88782,148.48611,238.51453,258.12646,268.2229,255.54301,247.56992,259.1023,190.24525,216.32315,238.26599,143.21605,225.83786,206.85777,259.6147,219.35962,195.64081,190.03046,258.73633,247.69643,239.29814,154.5981,220.41182,249.19781,264.53116,259.42548,254.51929,237.15443,178.98438,247.19807,264.38388,225.40637,183.11115,196.84308,231.46742,250.58691,230.99365,185.16507,255.56749,261.28162,241.15685,277.92627,234.87668,227.95416,250.21964,239.79128,252.41342,245.24353,199.33473,213.99847,253.83078,137.75053,277.74747,265.36328,248.61989,249.9715,176.34488,250.33717,262.9157,167.84152,246.37158,258.90314,164.78783,262.58762,214.1318,256.9892,43.48989,259.06183,204.94751,211.53693,175.69688,203.8458,236.2584,179.36417,195.51831,159.13477,263.4786,165.87967,219.51526,273.15344,237.82951,253.35675,248.14336,244.89688,264.37872,260.51764,91.95375,264.4256,272.33463,244.35223,260.90448,268.58173,256.14474,114.138504,133.33054,243.88527,142.5275,251.23923,252.14233,158.04443,234.41289,238.09016,230.75636,244.59424,97.78219,223.4892,254.48749,248.5828,246.21503,264.08124,225.51236,269.8947,175.41858,243.38846,248.89053,228.1389,253.17667
2013,186.36008,148.58481,205.10938,259.03265,252.92216,119.7347,258.605,249.36838,279.9577,220.01575,140.05704,244.03268,241.95386,165.77802,240.6426,262.7623,216.43242,247.31285,163.13065,162.22021,190.23334,240.40222,220.16745,288.22968,265.7463,179.5122,177.45663,222.17384,275.7135,200.86377,189.19958,216.6211,228.41867,267.23456,253.48598,214.0516,231.70024,238.45036,175.93869,165.50867,204.78348,33.726093,223.05342,202.00008,243.04964,257.62988,147.43257,155.42421,283.08173,165.9061,206.96045,252.13184,262.98956,245.79617,216.61188,248.29556,188.19618,220.72833,255.03003,143.85974,230.95767,205.4615,242.09685,201.8832,196.06146,166.07092,256.05838,249.7601,225.71945,155.94493,193.98123,251.75906,257.6609,238.89008,234.53036,235.45563,159.36876,236.3204,248.25221,192.77188,196.30792,236.89754,238.60214,249.15167,243.27667,229.78671,241.91608,255.5603,213.85333,264.1087,240.72055,246.46387,228.8701,235.97238,227.65616,206.1615,176.86191,246.06694,265.7069,147.04794,277.38284,263.26944,187.07281,262.61874,174.19008,221.51334,277.3722,152.50403,238.8631,231.39316,145.94281,247.87679,222.34146,253.92444,125.67047,231.30365,177.32326,213.97704,162.46808,175.63078,231.58455,188.42276,191.29573,180.47836,259.12268,174.6305,215.91016,275.9165,231.12674,235.0624,209.33127,217.68793,254.67537,249.90869,95.83372,260.2329,269.07263,248.09198,248.62238,258.32202,228.27419,103.53505,211.16393,224.78235,205.94351,228.78348,245.52585,161.2073,220.63971,189.04004,225.28494,229.21948,149.52101,213.30574,226.99313,196.48746,235.03613,263.4574,177.77695,287.7069,159.61661,261.62662,214.7486,259.54785,235.19455
2014,118.902466,112.906006,170.79353,245.90764,242.5075,85.58581,238.0864,209.90921,250.74747,196.76953,106.814865,217.01213,214.75882,152.28986,233.26065,258.51184,172.96262,237.44164,99.48804,125.213196,182.64917,228.10086,231.74944,268.34494,255.58525,127.71463,140.97531,189.46207,266.82755,169.02893,157.09097,149.91385,220.22426,230.87367,188.0823,178.9814,182.93306,239.11035,120.92902,136.41109,139.984,29.074226,170.30002,164.36699,226.76422,241.6033,108.96442,84.24657,272.32977,106.310684,212.76262,241.95163,262.39288,234.35168,179.67523,231.91289,118.492355,153.40027,223.436,88.36564,186.06801,167.96521,212.66443,176.50153,146.98329,92.52849,232.95401,233.01166,189.16483,116.08397,138.99518,235.86728,243.68364,242.20143,203.6402,209.5315,111.53684,223.57849,252.00267,148.78644,127.12812,160.93443,229.22455,221.7803,185.23206,166.88391,234.66232,255.22809,189.16623,261.08148,171.0863,179.36334,194.50987,214.65176,231.53781,187.24643,142.85132,200.33752,238.21918,104.766754,265.03943,245.26198,155.28494,246.13492,115.001205,221.73264,247.67108,99.95935,217.54306,214.24397,99.4776,226.87865,183.14107,238.87856,75.01976,194.18698,137.43393,165.14645,104.68875,128.66461,179.00476,163.83694,141.47458,107.1297,217.71867,126.589035,161.2634,256.1904,210.65771,226.41718,186.99185,192.70634,245.05585,247.18253,73.41864,254.31488,255.84045,206.52872,218.88937,210.61894,195.30353,83.306244,149.60153,173.71373,151.0469,185.23106,230.22972,117.14157,167.46033,128.86403,207.06232,212.22578,93.67503,171.1942,221.2485,166.72998,205.40802,246.75629,163.30122,262.33774,141.03441,238.4299,188.23303,229.81602,214.50659
2015,174.36302,163.9577,199.97415,258.4336,253.13223,133.02351,253.5437,236.97794,268.39752,222.36052,154.77698,238.9555,231.22635,178.28932,242.16034,265.3378,192.14438,249.0993,161.04161,167.65718,190.92847,237.7203,233.32156,281.6671,263.3391,185.54137,181.42001,200.66861,274.52795,198.57138,181.92154,189.59192,232.00021,250.84195,229.52458,204.81906,223.7331,243.43283,141.3783,154.07697,189.02644,50.799126,208.52428,198.29645,241.33183,249.70795,158.38043,138.89468,280.5318,164.19336,218.93286,248.1824,267.92578,239.6521,198.28969,243.94162,173.45786,196.92834,249.6336,142.53275,221.14159,188.67194,224.88303,203.88913,188.53464,132.37227,250.26169,244.77908,212.05386,165.43762,167.6627,248.98926,254.0933,244.71512,223.32597,230.71387,154.18764,235.08255,254.73746,177.07141,183.18282,215.03975,239.65369,237.27113,217.62186,210.50342,239.83975,260.92712,200.23196,266.57477,214.01965,214.86067,221.82796,232.48917,235.11351,202.4318,185.3279,234.09113,259.51773,151.87454,272.38947,258.39957,171.00946,259.6596,171.384,229.22876,264.5173,153.34486,231.65585,223.18607,144.99277,243.47961,206.75209,252.86517,132.3381,210.20029,183.42313,210.90472,161.63977,167.8982,203.758,194.30675,191.88498,167.51321,246.08736,157.29271,201.69713,269.65228,226.78659,234.67444,197.9469,206.06017,251.67024,253.41756,114.944916,262.19946,264.91455,236.495,239.05208,238.935,208.16237,125.12104,200.79346,204.47617,200.66153,210.17316,238.99944,171.11961,193.41031,154.09091,216.44562,226.4684,138.5804,201.15533,228.89374,183.93176,220.656,260.49026,176.9415,281.27527,170.036,255.00931,198.57019,253.93997,225.12317
2016,158.04785,141.64807,176.66418,238.6019,231.93196,119.73953,238.74315,222.52686,254.09834,205.94653,133.06702,222.57312,219.30836,169.59856,226.35103,245.43498,190.73608,232.50354,143.45023,153.58234,186.79982,222.25339,211.48883,264.50385,244.70935,161.00185,155.7753,196.38768,256.83475,186.06557,182.1541,184.8512,219.92334,232.91196,209.6375,195.39511,203.23384,226.9062,161.72458,165.13474,173.10333,57.699463,197.57706,189.37273,225.32614,236.94363,127.05203,134.47571,263.02066,147.39963,207.13358,233.02542,249.17844,225.29236,199.9795,230.69614,161.27844,187.36624,227.3964,130.72137,207.90341,187.89603,218.37463,189.28099,179.5265,139.63962,232.3159,230.6113,205.97714,146.15802,179.85394,235.41534,240.99197,229.83661,212.19754,215.353,148.86229,222.7302,233.87552,177.14523,166.34747,190.71304,220.88913,229.26471,202.02136,188.02509,224.85934,242.2528,199.20392,249.9609,197.37569,200.3544,200.66562,215.01208,217.50327,198.95761,166.2674,211.27048,237.77054,142.91025,254.70334,243.5592,188.87653,243.78429,158.7449,214.95508,246.42871,138.7543,221.3307,216.16635,138.42421,228.95581,198.61424,234.94104,104.37364,209.29758,164.30481,188.57605,149.10046,165.27885,205.5898,175.1009,166.93243,154.29669,225.8222,163.78668,189.44455,248.79239,219.49892,218.14885,200.00711,203.98341,234.803,236.311,93.38339,242.56271,250.78902,215.35146,226.26888,224.69565,211.75539,109.64011,179.03333,198.71948,174.36707,204.24652,223.90503,147.8633,193.8793,167.16287,206.22008,216.87134,133.02571,195.02739,219.8487,191.15944,207.5337,241.61131,158.05411,261.17502,162.84439,238.72879,196.57855,231.89067,217.78046
2017,208.74466,154.8033,171.02628,212.44159,189.34756,157.3675,210.24081,205.8298,268.01474,193.58676,173.18518,200.87158,240.3111,161.28462,211.74414,221.40417,230.03288,208.19176,187.22885,179.506,175.10806,227.77493,152.9418,271.06635,230.38998,199.39151,200.57169,218.92685,244.02554,204.88965,203.28021,213.37323,211.68619,266.59177,238.75024,204.42259,206.83571,209.13545,215.30177,186.85727,182.28397,92.409225,206.59836,216.94962,200.67941,242.26956,177.4783,184.27373,259.73813,205.22806,179.0957,233.94113,222.96426,216.6283,211.54782,232.85599,195.54146,226.41295,213.01208,193.05948,215.90768,217.91763,237.6756,190.04431,214.7185,198.84682,203.9444,239.33823,228.44058,180.81613,236.60294,234.70264,230.71762,201.06635,211.09898,211.0936,187.77995,214.31725,188.06696,204.14813,211.80937,251.72427,212.37444,244.00763,230.20093,255.77985,224.49612,217.30511,221.85966,225.47842,223.38696,269.0325,153.3753,204.15353,184.19489,188.84854,156.35312,254.95355,223.84294,182.32819,247.46298,228.84105,223.93098,246.41695,189.687,179.93979,270.5914,178.12146,213.61983,197.64537,170.52385,199.19058,226.74612,204.9762,192.3313,236.18765,138.76102,175.60513,181.33731,196.09729,248.67441,168.50287,142.83817,209.78932,197.3366,210.61632,198.6193,239.04959,237.95488,198.2594,197.64383,211.56473,228.25114,222.60779,129.17694,218.55803,244.62173,199.6095,208.10153,212.86554,234.13162,138.99248,265.48468,213.59183,238.15118,220.50266,234.35048,184.46419,223.83339,217.96394,223.49748,218.43698,204.0268,216.91388,201.11191,200.12157,218.83894,227.87152,54.064236,276.92914,174.33557,242.74829,209.42035,258.34058,229.85844
2018,101.84322,129.8985,182.7349,246.45944,247.46033,97.34355,234.31685,200.92056,238.56949,201.73453,123.14186,215.98407,209.81863,171.182,234.85843,260.1895,159.88095,239.28304,101.74508,139.53326,188.58014,228.17218,244.77722,263.354,252.75288,131.56668,126.45202,181.9251,263.82123,151.46964,159.10364,127.14417,222.52179,221.63712,158.89673,181.41032,178.1932,241.8233,112.05553,139.76895,138.00903,37.575344,160.80939,166.53947,225.30737,241.37488,91.40402,74.0883,269.13004,106.223694,224.05515,242.13196,263.4377,228.91943,175.83731,228.95653,110.65005,130.53809,215.55756,90.03238,176.28413,154.73364,207.91357,182.17288,144.71693,72.39168,231.61282,228.67957,180.59225,128.21614,130.90605,228.64256,239.28284,246.33203,192.642,203.3363,120.55941,223.77855,255.78265,147.9074,115.72614,123.748566,226.3405,213.5574,158.10033,138.41968,236.0311,257.24646,188.82172,263.1677,147.88214,156.78397,208.19531,209.25864,239.34912,186.15501,161.5126,178.6235,239.63571,116.42143,262.0043,238.78928,164.76472,238.04623,120.5671,229.26666,240.63583,106.24011,211.93811,211.64752,109.77827,225.17836,166.4306,240.29633,44.1922,187.63385,161.4946,176.0832,111.84856,130.17438,160.62952,173.6256,163.18042,90.79977,217.47827,109.08241,152.25272,250.33385,210.92145,229.30699,182.83684,189.89923,243.61499,249.71628,83.06575,253.7112,252.70306,204.55728,212.22543,198.08952,192.14449,97.57747,114.866394,161.03198,117.48158,171.12642,232.60818,123.79797,145.69324,115.30632,206.06674,205.93391,64.65298,165.58557,223.7097,170.97977,200.08691,243.1101,216.54099,252.74829,155.91396,227.67068,187.33902,215.10019,212.74695
2019,175.26895,141.50574,164.48471,250.64618,243.87822,119.93034,254.0259,230.90665,275.77966,220.81467,135.22382,229.97223,245.08687,181.97577,248.23822,270.4072,219.57864,250.60017,148.132,163.05785,213.32565,243.39044,232.90211,284.75528,270.31226,163.551,160.43863,230.46579,276.76038,213.3543,200.06003,196.3841,235.90038,257.5519,217.2214,214.99347,207.81876,253.26276,178.09254,186.76434,175.04561,41.94124,211.61078,200.0322,242.80005,264.60986,118.72058,138.60541,285.26263,155.21803,224.39754,258.87943,269.05002,256.86536,219.35713,254.80779,159.74448,195.20041,237.39114,137.78676,222.75116,214.23495,241.75598,208.03815,195.80531,156.89128,244.49722,249.46797,226.33105,154.20972,190.6768,255.34312,263.28748,254.83655,234.36237,232.95818,161.50793,244.55707,255.18288,195.1192,174.11954,194.6825,238.71257,253.12817,226.02495,207.4684,256.5623,261.81293,226.16516,275.7942,201.04947,225.32721,194.45941,236.60443,242.84233,218.62585,175.6583,224.19678,235.41603,148.2186,281.361,262.23438,192.02658,260.01416,160.91101,234.59836,269.88306,147.9311,246.16028,240.72487,147.06546,244.22159,227.06725,242.42686,106.28896,229.2572,165.08258,184.98058,146.69603,168.32991,228.35669,175.57411,158.73318,159.38576,222.89444,189.8132,201.94745,269.87656,238.40234,243.58247,228.47441,229.63484,265.10886,261.9406,85.10183,261.54987,272.32166,216.81467,242.9773,234.81502,229.01784,107.176346,197.82016,209.05489,181.5145,223.38043,252.02135,151.73346,220.81114,186.94913,234.71959,239.1945,155.8977,217.3144,242.84288,199.77026,236.93356,259.25394,126.293686,279.0407,172.37622,259.67612,226.53677,248.8501,247.89148
2022,152.94196,152.24167,126.55041,226.15463,212.96942,139.39032,214.99475,158.00824,269.23947,204.56595,161.10037,172.12671,233.9962,203.18127,243.14935,273.219,222.83067,229.30664,153.20998,192.18944,229.53702,244.96815,227.39677,280.3716,258.3236,150.95456,177.63928,231.3793,275.55756,237.5016,203.05925,129.6265,226.49709,266.6542,149.8717,197.2688,172.11557,259.9045,212.46898,228.85858,102.54645,114.47954,172.46109,179.85095,212.65619,270.8011,126.42157,95.06361,285.64627,168.22394,232.87177,260.8449,267.9744,256.25378,223.39545,239.83075,105.82071,132.57726,207.7952,155.17798,181.57553,218.83258,245.7445,189.75859,189.45496,144.88855,217.0351,238.26807,203.20798,184.8465,216.40584,239.72337,246.6487,261.41443,178.40628,197.01659,180.3081,234.18773,241.90556,189.91258,134.48297,154.73051,239.19118,252.63568,183.068,217.93457,267.49808,261.83118,234.5019,278.648,140.52097,239.64554,140.27258,207.31366,248.54861,191.74605,171.99188,224.21715,203.97601,189.94023,281.2497,235.39539,232.22104,249.11655,160.54927,224.45587,277.8556,156.58972,237.84956,230.78,179.19754,203.49893,218.33594,203.46552,136.75107,223.83444,138.07959,130.22202,122.17986,132.8645,233.26294,167.63235,116.57941,134.71413,153.65558,228.17224,151.78006,247.64014,241.17444,236.27466,231.26799,227.47124,266.05865,268.3551,106.41314,245.74194,268.14465,170.32379,201.33063,165.68544,241.05661,151.77563,227.4039,147.45694,185.33109,174.24533,263.64877,160.05533,204.67209,184.66788,248.30348,215.9051,190.82236,211.32045,233.6824,194.81897,231.22314,233.58588,76.04186,277.86258,200.31415,263.82486,238.6648,248.1907,256.08206
2023,196.41922,181.43799,191.35947,256.55408,252.41057,161.22342,261.94342,244.3147,275.9529,230.9165,168.92705,241.9061,247.62389,202.19527,247.92535,267.06763,225.57777,255.26611,189.10187,187.52599,222.29822,241.70207,236.45038,283.4441,266.95758,194.34534,165.99536,234.61322,272.6535,212.39624,217.10063,213.5496,238.08894,257.30893,229.728,231.35454,228.91884,250.60547,200.40842,206.482,205.14316,83.524605,230.66151,214.85931,247.97421,263.44235,134.42587,173.37321,280.1618,187.2456,231.10522,255.09528,265.78558,252.4985,238.35403,254.8237,192.55484,214.31284,248.8718,173.16054,236.7547,220.32307,248.48715,217.19974,214.21921,183.71513,255.82907,248.24522,234.4661,184.76476,216.66287,254.2039,263.54266,253.71643,236.24597,236.63492,191.8725,246.27647,254.20645,217.41379,199.12646,209.95059,236.52025,256.29837,231.81708,213.02003,252.42743,259.06766,233.5346,274.32196,222.54688,230.89493,226.07765,237.24088,243.58197,227.07773,202.52383,230.67184,251.74153,177.4347,275.97192,264.80402,221.85152,259.49252,200.34741,240.16113,267.0839,185.75883,249.16556,246.26625,182.85959,253.27019,227.35452,250.51167,111.993835,240.60732,200.52246,212.42453,187.41612,192.23152,238.4035,190.43387,194.76035,189.92549,245.31375,201.30753,220.68994,270.69244,245.05869,246.57996,237.76425,237.71077,261.07025,259.59543,124.458885,261.37506,271.56934,238.2982,252.95496,249.95526,241.78244,146.01686,193.47672,224.26428,188.36209,231.53404,249.63286,186.2309,231.00906,208.20026,233.18057,239.00276,160.75891,234.31555,245.4374,221.5651,240.59361,262.08215,170.11745,278.27072,191.98737,257.6043,236.29405,248.16168,250.78056
2025,125.45827,131.15417,200.69861,248.68298,246.59093,93.784325,230.39392,206.39406,240.15332,202.45856,123.798225,221.19308,204.98308,161.03021,229.09341,254.52097,147.79779,237.87318,110.36728,139.49615,163.22295,225.2897,225.69266,262.68695,248.17621,142.3261,148.90904,160.04407,264.86823,165.89198,148.28107,129.16931,217.83948,220.80685,175.16321,171.57666,196.88971,231.3848,76.883644,119.067566,146.33336,26.280565,165.54706,165.07692,220.56198,229.07028,122.203064,75.10106,270.11368,117.36244,209.67084,233.68843,260.1789,217.52014,152.99562,222.4477,115.70683,138.6343,228.86046,92.827415,189.49625,148.83347,185.68573,179.50388,149.44327,57.878483,231.76038,229.67108,172.47481,132.08478,109.74011,230.58968,234.39021,232.13602,186.92432,208.19507,113.66058,217.14862,246.32056,131.16183,128.05902,146.48698,231.29851,207.65622,161.76743,154.1427,223.26775,253.7352,168.04704,250.95801,153.94621,155.79214,207.99641,208.71654,223.08723,166.44576,160.20715,188.6458,252.87936,121.0403,256.94342,237.46863,123.694626,244.46301,124.12156,213.88828,242.09335,104.47314,205.2662,190.23941,100.96936,220.67589,169.48984,244.34311,81.77545,163.06064,163.08902,189.33154,112.87184,120.39759,148.85263,183.58694,173.62881,107.117966,228.0852,107.72981,158.09903,252.3762,208.26157,215.4044,159.2139,172.09167,234.91107,241.88391,87.42492,251.51025,246.49039,214.03442,207.33855,199.06168,165.31915,93.48651,149.63312,155.5004,145.17348,159.97682,225.14816,129.75479,133.75879,85.14332,198.84378,200.2768,84.26575,165.22803,208.74127,136.90536,188.44934,244.06345,212.52322,261.17426,153.84567,234.33669,161.81052,230.68106,198.48917
2026,208.40398,167.53664,192.39868,246.78741,241.01132,149.98685,254.67184,249.92648,275.45428,219.05768,155.28514,241.84186,245.05542,185.61597,239.0564,258.60153,236.15218,245.25389,193.30865,178.4924,216.19205,235.68924,218.7009,279.59253,261.8641,192.80054,175.70438,240.30411,265.3826,222.27122,213.82472,234.71182,229.32903,263.52948,251.08173,226.93237,228.47275,243.81366,226.71078,207.22182,214.24023,69.096436,234.69724,212.85056,238.68942,261.87396,153.85776,190.21445,275.4007,190.14864,218.18192,253.00804,256.7202,248.86166,237.33977,252.16997,206.72,232.7586,243.69655,175.68915,236.91487,227.39517,251.52748,211.51369,214.62096,207.15543,245.30301,242.56476,237.55994,174.73877,231.87967,247.87096,256.83026,244.25931,247.15479,232.19594,190.47198,238.538,241.96265,219.16634,210.97394,243.74521,227.99771,254.20248,247.08435,237.77844,252.5733,249.58612,235.34686,265.8861,243.97221,259.33792,216.893,232.16028,232.18253,227.67075,187.59848,244.8195,252.3103,173.51183,272.88196,257.98853,229.05289,252.93843,202.41942,226.33482,270.35977,184.19498,243.00085,240.61093,180.84387,245.57333,235.01001,243.50296,145.93684,247.15466,185.20758,208.41034,190.98822,199.86661,254.36334,180.03757,185.47293,206.71684,247.24916,221.48569,226.06857,265.8819,236.74709,236.89612,237.3504,236.05696,257.74402,253.31622,109.96278,252.64542,265.8945,236.31018,248.99611,257.71417,247.73418,129.2268,235.27927,237.12642,213.54373,243.55603,249.9602,179.27281,246.3722,232.1718,234.42462,239.06854,194.11185,231.47108,239.19357,226.80905,238.07738,255.61823,153.10048,277.50153,179.13663,255.23425,236.15475,251.64732,248.99506
2029,155.99377,140.14343,195.31877,247.38463,245.35786,108.306625,243.47577,221.43997,259.37256,207.79974,131.34756,222.49733,220.1218,165.51285,230.09412,254.97931,188.04825,236.46785,146.47995,152.43445,183.32684,224.86133,229.68619,270.29187,252.30084,161.82364,168.65334,198.70087,262.3312,184.64435,169.08324,175.79422,217.5748,246.30878,221.4363,194.97711,212.87296,231.93973,153.59402,148.98973,177.41646,36.054825,196.724,179.17561,230.47894,240.32405,144.0174,121.39663,267.30106,147.40598,208.57365,236.46065,256.08936,231.4725,202.83693,229.86868,161.9213,184.23222,240.78693,125.51987,203.04689,181.68845,225.73096,185.39655,173.3276,137.1987,244.89616,231.86005,199.06776,145.17091,174.84076,233.65044,241.83081,235.97385,201.55765,213.87048,140.78613,221.9363,246.55931,170.57217,169.30351,214.73888,226.31024,229.10757,213.60379,212.55084,227.31519,249.4705,193.03452,257.24203,216.38638,224.30997,226.21619,218.12012,227.70343,186.17667,169.97247,232.01297,251.24356,137.26862,261.49078,246.53696,174.88762,245.34157,157.25172,220.28024,256.7477,135.01297,222.26944,220.16785,133.15149,232.99677,192.96545,239.0408,118.175385,212.12852,170.60733,196.47223,140.74796,147.50925,206.07878,179.03352,181.5227,154.78719,240.3625,153.53511,188.16145,258.03992,214.78821,227.44348,192.62366,198.84149,240.09128,241.17642,92.1653,249.98738,254.41443,232.78963,230.0191,231.16896,209.94324,103.00188,188.87587,190.0894,193.205,195.68849,228.4372,147.44888,192.63458,160.04431,205.49649,207.39627,126.94724,190.08907,215.76404,178.54538,216.94861,246.91487,191.97559,270.16605,155.63214,243.81699,198.37317,241.35483,216.43753
2031,81.131615,86.98263,189.51254,182.79953,141.73843,47.106422,121.389145,82.366615,217.74147,119.353775,120.56627,105.292946,151.57843,71.81272,141.08252,164.79425,101.39659,137.33737,95.51657,104.15593,45.596146,177.85683,75.900475,235.82828,154.4169,127.80411,200.6107,82.39931,208.2078,124.53016,68.5064,49.976543,133.76352,229.85098,146.16908,89.03715,168.41017,126.87891,53.8408,66.150894,59.204353,46.219707,92.7753,106.32507,118.50352,160.75772,187.7986,7.0816474,214.43501,122.14178,95.37836,155.78519,172.28836,119.97443,101.03932,134.45331,72.22913,93.77545,183.51624,71.428085,116.31639,87.11171,139.60428,73.26004,96.55309,20.12578,162.56912,183.69937,100.15267,108.58208,118.79611,163.15002,147.00249,118.505356,48.667843,118.24601,47.715992,125.81745,119.4422,60.62967,103.0078,182.531,184.5542,163.17723,112.33661,216.22829,130.05243,169.54349,93.22569,149.4422,121.310455,202.18597,109.71519,108.90329,102.68552,27.993208,73.754776,242.87747,236.23856,115.27486,182.33372,154.99371,102.19455,212.59732,91.95653,86.60715,239.69257,42.07068,121.00342,81.234184,38.422375,102.47449,102.52669,152.58331,191.67496,117.848625,67.04418,125.254944,50.702225,44.360935,127.784744,168.97112,121.21004,98.83117,134.85635,84.247925,71.72493,190.98904,171.07903,113.06348,49.207817,80.95449,143.1581,151.89233,95.377716,164.45273,183.71962,172.28912,102.6599,94.002716,125.1877,73.35734,240.53314,66.53854,223.88113,61.64409,164.86575,109.61601,68.91847,32.658283,143.38681,89.58415,87.04324,108.16852,82.60692,51.665146,123.59978,170.85823,56.4944,264.35492,98.7582,212.68427,84.8831,247.15121,123.47412
2032,169.3476,166.1854,205.8566,256.8786,258.5888,136.6844,259.03595,240.60983,270.31165,223.13937,153.42352,240.23465,238.00993,189.06119,246.03595,270.29922,209.19766,251.5144,164.41734,172.15482,210.79265,239.02834,251.42178,281.59198,265.98117,178.7385,166.71854,221.56015,273.44278,195.79129,193.82997,193.65015,233.33466,259.85703,227.3907,215.58517,222.17505,250.39758,175.47363,177.12656,197.35092,56.125343,213.77206,198.66788,245.00957,259.72046,132.82895,142.56532,279.44116,163.00238,229.66599,253.98477,268.716,249.09125,220.79333,248.01526,176.30621,197.82927,247.43344,146.69745,219.4291,199.66159,242.7282,205.0626,192.10324,154.12625,255.3345,244.13446,219.0017,166.22902,194.086,246.91405,257.14,254.31526,225.28893,227.845,165.69441,238.84996,261.49194,194.85379,181.63486,209.99942,236.13538,245.30206,221.73947,212.18788,248.59882,262.02325,219.13245,274.39462,221.54657,231.16415,243.9292,232.03876,247.8891,212.96024,192.29529,232.2185,258.10846,155.7141,276.4081,258.99158,202.0012,254.63004,176.46289,240.07806,270.07452,160.33926,238.31223,240.12082,157.1165,250.32253,210.78352,251.26535,102.03706,229.60068,197.66745,212.83536,164.08374,170.4509,221.38419,183.59235,201.29897,164.85411,254.87436,170.66751,204.2964,268.72644,233.09195,243.7598,218.3219,222.29205,257.80426,257.85495,108.670074,261.2417,268.31982,241.81459,246.18037,247.22723,229.90242,126.203064,181.15288,209.90521,183.83586,216.87808,248.5039,169.70514,209.42557,183.231,226.09927,227.89694,131.32388,209.79227,238.29303,205.80882,233.70445,259.11307,233.43884,278.97363,176.27403,253.2298,222.26907,248.07315,239.5918
2033,188.12173,160.33957,198.20361,252.75272,257.69705,134.93156,266.984,257.83603,270.97528,224.78642,142.87234,248.28764,243.932,191.83147,246.57982,271.12384,231.46376,254.0492,172.67886,170.88364,229.37878,236.2175,255.42648,277.69858,268.2729,176.43982,150.9156,245.7472,269.80713,204.94879,211.28357,226.63156,233.83484,259.13232,240.66364,229.22836,221.88748,256.09015,211.9592,199.52118,215.34207,39.79865,231.1602,206.34642,250.19675,265.26703,113.7888,173.68903,277.25357,166.8153,233.51541,257.485,267.66968,259.8488,238.74466,253.7121,193.74458,220.37717,244.15271,155.62009,232.59412,222.09406,252.76147,215.1171,204.95709,192.23512,255.68729,241.54694,235.02376,163.09732,212.81439,248.65201,261.9801,261.49142,250.90723,235.1306,181.5235,244.1395,264.3938,216.37186,194.8575,216.80644,230.9845,252.19705,240.92694,211.14449,258.6622,260.50864,236.99643,278.83368,236.60547,241.0503,243.09811,239.43335,253.17776,237.71655,194.4922,228.34082,251.9908,153.02559,278.53043,262.89813,216.45523,249.9339,185.337,246.27377,267.75092,171.88715,248.89767,256.4235,169.53995,259.9419,229.1529,250.65387,86.23461,245.57294,199.51064,211.84766,176.80939,190.20105,242.40652,175.89658,195.2607,179.99443,258.32123,194.35187,224.60846,267.6004,233.76718,249.73962,246.83746,241.3722,263.88004,260.6125,91.6474,259.85602,268.58087,241.197,259.1594,265.37225,244.7727,112.88942,177.43243,234.70518,175.53848,243.14598,252.87961,164.96991,241.33075,223.62546,235.62727,242.0798,146.6718,226.50166,250.86743,225.78589,243.28688,258.53522,220.03972,272.1004,175.54526,251.57726,242.26666,239.9126,252.45068
2034,190.80908,176.60912,189.45021,250.68643,250.27042,162.35387,259.73602,249.80286,269.53552,221.75262,159.54501,241.87582,237.94678,195.33759,239.93204,261.8932,222.57797,247.89209,187.22562,178.37946,218.2168,231.4658,238.08269,275.19406,261.6562,189.42654,168.29605,232.1192,265.1579,204.3424,212.06506,230.28429,230.66644,255.48044,247.48643,225.48293,222.52063,244.47832,227.45502,202.83278,211.99756,102.69154,231.28502,210.01376,243.69878,254.3823,142.83444,189.33858,272.28857,181.32016,228.19548,247.01099,260.3194,245.65463,240.72748,248.0932,206.5127,225.9848,244.8264,171.07771,229.90182,214.39452,247.91867,211.26286,207.67535,204.69757,251.0901,238.34848,232.54086,173.85568,231.61255,244.75098,255.82146,249.1142,243.77113,230.93112,188.62344,237.9964,253.45795,218.38077,204.76308,236.10748,230.48618,247.64209,240.98376,223.77803,244.53235,253.49286,227.05383,267.958,245.4198,249.49493,228.73492,232.6309,239.8548,233.66196,195.45581,238.04488,251.09467,169.49825,268.84247,258.51562,242.96667,250.12473,201.28442,237.42508,262.85654,184.65176,241.16617,246.00287,183.13644,251.33853,221.76047,246.98239,120.54399,246.73581,194.71622,207.96149,194.00333,202.9732,245.25261,184.0495,189.2265,196.05414,248.46048,197.46045,223.5104,265.09772,232.56299,240.43423,236.33334,232.5104,253.51414,251.68896,126.38899,255.97375,263.05212,236.25739,252.55232,259.61316,245.99286,147.36429,199.34113,236.28778,196.19054,242.78606,240.69034,180.5324,240.064,234.46413,224.31262,236.37363,157.72255,224.04622,243.00214,236.98497,233.92973,255.26326,180.72366,274.0619,182.49785,251.18057,232.09645,245.91095,241.67316
2035,176.25873,144.50269,182.86093,254.47885,258.00214,117.38025,261.11816,239.53647,269.47614,221.13203,131.47305,238.67395,237.55382,182.21512,244.59761,268.99805,216.56042,253.57396,155.9512,160.80153,216.42896,234.47711,253.45929,276.68115,267.63205,164.1683,157.09914,227.33112,269.62317,213.72913,194.49792,197.8378,229.53983,254.84381,221.24883,215.83179,216.3791,251.92871,185.28609,186.34517,186.63837,38.202805,216.95016,192.00659,246.82907,258.40048,121.7574,140.59982,276.7086,155.75984,227.96103,252.33466,267.14008,253.88043,223.69537,247.64047,166.23647,195.89153,244.2336,135.62044,222.99345,211.01547,239.10843,205.55801,192.37134,162.53679,253.89243,239.7696,219.72183,152.02338,193.96661,246.85034,258.91376,256.88187,232.61572,229.87149,161.35205,240.11545,265.6904,194.20879,176.30716,203.59073,231.5431,246.53003,227.57375,212.70047,252.27786,259.68143,220.99304,275.52045,212.39233,232.93692,226.31067,235.35535,248.6587,218.62425,183.2598,228.06549,245.77502,146.5918,275.4889,260.76318,192.48192,251.5375,168.36887,241.77325,265.11017,149.5655,244.40695,245.50702,149.02371,252.75255,220.78712,249.3193,106.5986,227.17517,182.50375,197.27342,150.69095,163.66653,228.39743,176.29002,178.52493,164.28342,241.95523,193.82117,206.78006,268.26236,229.3743,246.66263,231.11511,226.76729,260.4209,258.50092,86.05885,261.84344,266.14865,231.7287,249.33295,245.97174,227.691,104.40703,201.38817,209.76787,184.40851,219.87305,245.94736,150.20035,222.96371,189.52551,228.76845,231.52472,159.24002,215.87122,242.02301,201.07843,233.9786,258.38412,188.34485,272.59622,167.23286,252.83968,225.52094,243.84488,242.12793
2036,195.45245,187.4554,205.03494,248.54922,250.23701,172.1633,257.84546,252.31274,263.11133,224.45049,168.29437,245.1333,233.53555,198.59058,239.29924,258.8331,212.09819,246.51303,192.4534,183.5777,214.22272,230.36038,245.57864,270.3249,256.33978,199.08224,179.46582,220.73877,261.75934,206.14072,207.88731,223.23302,233.5901,248.9327,243.3104,221.0325,226.83495,243.00934,195.59222,187.47086,220.41553,99.17557,228.31052,212.30069,242.90881,248.6858,155.44125,189.0,266.94803,186.40042,232.02951,243.3418,259.2281,241.12079,228.39336,244.63043,208.90857,221.91719,244.86015,178.75247,229.98302,209.46597,239.98456,213.05371,208.9715,186.8274,249.53381,238.6334,227.82532,183.2267,211.12604,243.23865,251.90015,248.03534,238.5484,231.56947,188.06476,236.19151,252.67368,209.57144,206.84161,231.88164,230.8023,241.75583,231.26692,221.60135,237.62967,253.08463,219.87619,264.19223,240.19357,233.72546,243.72281,231.67703,241.33557,229.78018,203.53764,236.06287,251.93695,176.47397,262.61865,254.3073,218.52206,248.05038,203.93735,240.18762,257.7442,190.10573,235.54391,241.08565,183.45374,251.01793,216.88007,246.1354,133.25351,235.91481,210.73267,219.7269,199.63773,203.18802,230.76102,186.62868,207.2698,197.63295,255.44977,189.55164,222.5243,257.4302,231.5098,237.50143,226.1441,226.51985,246.67319,248.0429,138.78046,252.09763,258.2309,240.3341,249.74632,256.74496,232.97928,159.15367,200.92827,231.93253,202.6709,234.82593,236.16853,190.8457,225.46931,207.47998,217.66858,235.14645,159.19876,217.87535,240.85303,224.24869,229.3028,250.96329,228.21866,271.00226,188.05222,247.49863,221.64874,244.65237,234.81447
2037,159.09328,137.16843,180.63309,246.07964,240.33304,111.51784,243.06006,222.49481,259.7826,209.87328,130.32988,225.19962,224.96518,167.76196,233.94508,256.38525,191.33353,239.9508,138.38147,151.57668,187.86932,230.25719,221.88208,271.8427,254.9361,159.1649,162.34868,199.93033,266.2337,192.87201,177.86636,177.14525,223.646,240.06854,209.55997,195.81874,206.9338,237.10374,143.89012,157.23138,169.01599,39.5306,195.73412,186.3445,230.9755,244.68243,134.93053,122.97271,272.83722,143.7437,210.78603,242.44685,259.24054,235.93866,194.95377,236.26712,152.74817,182.26816,233.99097,124.22846,209.66031,189.08293,219.40118,192.2143,177.94525,126.84381,238.22882,237.25113,204.68076,144.54092,164.7206,241.86963,247.56381,239.18353,213.46707,220.21335,142.8198,228.30824,245.17159,171.04782,162.70697,191.03067,229.85315,232.76094,204.97563,193.10164,235.33902,251.65039,199.75905,259.24002,192.95459,201.08867,202.10083,221.66806,226.85959,195.2239,165.34499,216.32994,243.24039,137.74097,265.31882,249.79797,168.21213,250.63182,150.95004,220.11844,254.32632,132.55635,226.45337,218.69156,130.02634,232.89178,202.65933,240.33246,111.05142,205.2402,161.9344,189.2562,138.20634,153.84924,200.60498,177.77081,166.79907,148.77393,227.91322,159.57703,188.10724,258.1033,221.96591,226.45563,198.36227,204.168,245.5744,246.01761,90.273865,251.82193,257.62787,218.90564,228.59735,224.13867,205.78528,102.33937,185.4411,192.28166,180.0052,199.88667,233.37828,145.46976,189.76134,151.91106,213.70607,219.50487,134.63611,195.32324,223.06287,176.72688,214.2798,249.2839,156.2732,268.49103,161.1072,246.19287,197.91362,240.15314,222.69998
2038,193.5159,161.31107,152.01619,232.10408,228.98315,159.73883,243.56201,230.51427,263.0438,211.37628,153.04678,219.50522,234.88812,194.76434,235.79706,262.73206,230.44124,236.53851,177.43204,176.32254,228.74677,227.34613,235.93387,267.86105,257.72992,175.33218,163.60617,242.01424,260.88065,212.14137,215.63998,227.79019,225.13908,252.88898,233.50732,219.86012,195.19193,249.5426,241.9283,213.04459,189.6189,99.03931,219.54816,204.76079,231.1636,254.47556,126.15497,192.77115,269.3523,178.91187,229.19832,246.54369,258.62042,249.9757,240.1201,244.97784,192.11902,217.24509,222.92029,175.72507,217.73563,223.92076,246.79004,209.24692,208.01051,219.21902,230.35052,231.36288,232.08562,171.59976,234.38873,238.99014,250.07574,254.25362,244.1272,222.42667,195.40671,234.05804,248.71022,220.92563,196.17087,224.37997,226.40051,245.39537,238.27032,223.84235,252.16432,251.73318,232.91603,269.14163,227.6529,253.2608,185.85986,226.72855,243.20114,237.91112,182.2432,231.3692,221.18192,166.98952,267.50775,247.06146,240.7117,240.68106,188.8384,232.82764,259.15408,187.24954,239.47417,246.29187,189.09549,235.67654,228.02179,223.99829,116.54427,246.18774,164.37683,172.207,183.60822,200.99811,250.0954,167.8829,145.68555,188.78937,210.89996,210.50888,214.18575,252.99988,227.813,237.03424,247.62839,237.46243,255.81294,254.51077,109.61061,246.44464,257.57733,203.72125,239.25192,239.80186,245.18286,142.9754,200.48502,227.87762,188.82797,242.68646,243.07422,171.90198,249.79936,249.94495,228.35898,238.37689,170.06747,221.87167,244.67078,234.58797,233.81468,241.63828,116.97594,267.49768,181.81552,248.0745,239.79263,239.23286,245.64462
2039,142.05762,147.94885,174.68271,248.67368,252.12097,123.79976,253.70757,229.91489,252.38766,216.3294,135.96161,232.76434,227.6744,187.5552,241.74374,264.05017,193.73618,249.61731,134.6352,156.84248,215.90112,230.09747,256.13068,268.18097,261.2284,153.68143,129.54077,214.49765,264.03024,173.66446,190.61902,176.55617,230.64722,232.76123,192.42943,208.73264,193.28781,249.82658,161.04109,172.2692,171.69951,47.622963,195.63547,190.25063,241.13524,251.56796,91.38686,125.88483,270.52167,135.50035,233.76819,247.73357,264.4023,245.14944,209.69846,243.80154,148.81003,172.25125,225.01605,124.63396,204.79083,189.3674,229.04129,203.59882,176.41641,131.49869,242.8591,235.30124,210.99611,147.73895,170.05833,240.28195,253.36462,256.29382,227.03564,222.26483,154.6944,237.24718,262.7264,185.59685,151.97858,157.29474,225.11542,232.7537,195.73589,162.58737,246.52028,257.2696,215.3204,272.08118,183.48485,186.2663,218.07487,227.22697,248.67734,221.81055,182.0137,195.38852,235.93141,134.53151,267.3962,253.0538,195.04839,242.7735,152.63564,244.55981,247.27435,141.74838,233.0832,238.97437,143.32822,246.28255,197.33984,244.90166,55.44669,217.8661,180.97462,187.34412,146.07663,165.80124,198.30817,171.87804,171.55173,131.2088,230.09998,147.9845,188.81818,257.6928,223.96562,242.68361,222.62064,220.01968,253.89093,255.38611,91.13958,257.30798,260.4068,215.56065,238.79347,230.12262,218.28702,112.2536,133.05264,200.29172,135.91576,211.33223,238.76547,145.3058,194.44206,171.08829,217.81195,229.99347,99.363556,197.73164,244.2756,205.32498,221.17465,250.86095,196.03104,257.92902,168.41516,235.27998,216.74231,221.2076,233.69832
2041,111.16048,120.07093,180.95682,240.80566,230.10449,94.23464,230.25996,217.36134,239.64264,194.72183,116.18623,222.08737,207.0109,151.1813,221.85153,240.20647,157.24713,225.99744,99.0494,125.15105,162.11478,221.0794,204.04102,264.76758,242.90906,135.24303,129.88422,175.4114,257.58722,128.69632,154.98792,164.1073,218.32443,219.08037,202.57469,178.08752,178.51337,220.43134,117.41022,115.876114,155.5029,34.386097,168.2821,176.76096,220.02115,227.51276,100.092926,102.733604,261.73148,106.33894,200.57632,230.07016,249.81197,212.86955,171.52722,226.83485,137.59018,167.28911,213.12512,91.43741,182.15889,148.72705,208.30441,178.15717,146.11229,94.43817,223.23988,230.22899,191.00989,115.55207,138.111,228.26578,233.53403,222.07178,209.29556,207.8298,113.53423,214.96515,231.0781,150.6676,137.1714,163.95917,219.19037,208.58339,179.57764,148.69589,215.67639,243.33633,177.86609,242.35815,185.57065,167.37787,196.36855,208.20369,209.99673,188.00159,145.64972,191.18658,242.00014,102.08164,250.74457,237.34543,169.50284,239.29135,120.090645,208.88437,235.85196,102.1692,200.66751,199.4855,99.13095,219.47906,165.09326,237.86932,50.366127,198.85593,143.13557,176.4606,120.93894,152.37146,167.66751,171.27548,150.43047,111.7129,226.5245,91.96495,165.04642,248.20715,203.43817,211.83221,167.89957,181.64392,227.3035,230.46548,81.09599,243.99411,246.77046,208.62405,213.30356,217.02151,193.5463,86.65532,116.12158,191.21121,133.79825,196.9285,213.62256,122.33208,155.68912,135.55157,187.16086,208.77682,53.945114,160.21765,210.12836,181.32431,193.99985,241.70741,162.06976,255.82697,139.59943,220.43796,173.67792,216.7897,197.21436
2043,231.30548,206.23088,227.09662,277.77213,280.29425,197.07701,290.36896,282.7421,299.7597,251.69572,185.0066,272.99554,271.6532,227.16867,272.19037,294.8836,267.00342,278.57874,225.3178,209.30267,258.90247,263.0755,273.29544,304.16766,292.55206,215.71564,191.30167,277.35886,295.87958,242.90463,247.75014,264.91943,262.09882,290.08127,278.37628,260.18262,252.78159,280.35165,271.1642,244.4072,249.02126,110.57097,265.7431,238.94064,273.74188,290.76105,161.4473,226.25423,303.1892,214.09274,261.5879,282.2989,292.20963,283.15582,278.6367,280.1328,237.20981,258.15717,272.9015,208.74678,263.11682,256.8416,284.8122,243.65242,242.34099,251.14925,280.62457,268.40448,266.41556,204.51208,268.0385,274.94025,286.92386,284.00726,277.01196,261.49704,227.1713,270.05887,285.08484,256.07834,236.07617,266.6308,259.59702,281.8421,276.73334,257.50705,282.87665,285.67682,268.49994,301.6863,279.1978,290.53125,266.2827,263.8963,275.81567,267.4869,228.25522,267.55927,281.54376,199.65874,302.61334,287.57135,270.5401,277.95435,234.40097,270.15826,296.66534,225.6401,275.70795,282.97412,221.47495,283.1499,260.84335,275.5947,140.52042,282.59546,232.21564,238.96931,225.22809,229.59932,285.95392,211.66489,223.74768,229.73734,282.30667,244.37418,257.70074,292.72528,264.2796,273.45273,279.10785,272.31714,288.0736,285.50674,150.27101,284.44568,294.2173,268.5393,284.8559,292.99066,282.77997,175.56961,230.20541,267.7171,221.76352,275.5544,278.72443,209.34872,282.6861,277.8871,263.14078,269.5376,197.79706,261.99042,277.15765,267.48444,271.34283,283.34387,232.04639,301.90222,213.53235,281.39172,275.49103,273.06256,280.90695
2044,135.71973,116.11161,153.13898,238.64897,224.36102,86.94832,216.71582,164.6839,269.4052,194.02756,122.30054,177.3389,221.11304,158.19342,229.84735,261.45642,192.07037,223.64618,126.30751,148.53856,179.28638,236.16745,210.19653,281.0652,250.98364,137.554,178.6015,198.72668,272.5554,204.64108,159.1618,125.55256,209.82141,264.133,173.84552,178.03864,188.49393,234.14374,158.89526,165.90277,112.61431,48.63665,167.0429,158.8441,211.51404,250.3457,139.47652,73.108505,278.85455,136.40717,200.32608,242.48352,258.72754,234.6869,200.72629,222.8671,110.4317,138.65341,226.77031,111.00967,176.94843,182.99635,229.76671,164.3832,160.25868,114.72244,230.70357,234.55502,182.93497,138.10123,180.80826,231.87146,236.77823,235.91623,160.35698,193.4414,129.15128,216.72629,234.48088,154.65826,136.04865,179.56973,237.48619,237.51071,191.06819,225.4632,235.39876,252.91983,194.3425,259.85352,164.22733,237.7095,167.2214,201.85463,224.31006,153.52478,145.62125,238.47711,229.83102,139.23999,270.16818,235.92245,177.17087,251.5492,133.61273,203.01683,274.44327,113.46201,221.41193,209.20822,121.814026,202.2395,191.55055,213.47641,138.17227,206.01373,126.6309,147.86853,100.734146,107.46236,210.86063,171.02171,134.83875,127.094765,181.36148,175.14023,150.24213,256.3943,222.3048,223.10622,185.27951,193.17265,246.24644,247.7313,77.94968,246.0336,260.33398,198.4158,200.6609,178.80544,214.85658,97.13492,221.66289,142.86794,199.05823,159.06905,242.41406,129.24832,180.51776,143.01907,220.70398,189.47949,145.82986,184.95258,201.20264,155.51515,218.51427,238.17892,103.65012,283.29993,156.70789,262.55988,202.37263,254.80118,223.74411
2046,217.89476,166.07166,204.66801,254.99493,251.04626,145.52695,260.56763,254.0687,281.64496,222.46594,154.2597,246.36778,249.22552,176.5292,242.05031,262.5471,240.18169,249.25252,198.28845,175.57646,208.66634,240.8469,221.71074,286.50186,268.2209,194.93274,177.67583,245.75063,272.68225,223.05202,207.72629,236.1617,229.98068,271.17297,258.20404,229.11345,237.01648,243.64148,219.8558,196.8984,220.87114,38.374084,239.20273,208.95781,244.07758,264.64938,150.7239,187.85373,281.7227,192.82874,212.70813,256.57233,261.5071,254.41718,239.78976,252.91537,207.6792,235.43187,253.24478,177.03094,241.2542,230.223,255.72101,210.62994,215.66109,210.93642,255.05434,249.37488,236.91647,174.19908,225.65582,251.74075,260.68005,244.18103,245.23203,237.82312,187.27792,240.65332,248.10396,217.03128,215.67319,248.51581,235.46591,257.41418,257.45453,245.63037,251.32027,254.202,233.06087,267.3269,252.0296,268.69507,230.62006,238.42468,232.97006,220.10828,188.86371,250.85054,261.94815,166.84787,278.73193,263.727,209.75536,259.1437,200.56133,226.5086,278.20142,186.78717,246.88147,243.50943,176.4884,251.1338,238.802,250.8742,140.38747,249.34552,189.77344,217.08963,186.40254,189.80359,257.92773,187.85811,196.8511,210.43115,258.68124,220.04031,232.34491,273.93964,236.44153,241.73895,234.38565,235.77951,260.19135,253.8956,106.6644,258.8246,269.51053,247.83974,254.77643,265.27255,246.62535,122.19554,236.94482,237.51715,215.59839,242.14725,252.37335,181.90854,250.80116,228.2845,234.98672,236.08449,194.57819,234.33392,235.38751,214.67815,246.82791,261.74588,173.74539,284.46085,169.9436,261.5623,237.90587,257.38245,249.20636
2047,139.8706,139.31647,196.50497,254.95576,253.7468,108.464584,248.93393,228.81271,255.22003,213.58374,130.36562,235.34769,224.42828,173.73238,240.94403,264.52713,179.40756,247.98785,125.24579,149.46648,192.25894,234.66022,238.81413,274.1781,261.9442,153.34634,148.95718,195.87451,271.1191,173.52414,172.7234,166.14629,230.00562,236.36606,202.06879,195.98895,203.33572,245.78006,125.9212,145.7495,169.24095,35.562595,187.5546,184.8772,237.33463,248.40749,119.409225,108.98881,277.56122,129.76349,222.60196,248.7686,267.54916,238.5044,186.54123,241.40018,144.37968,170.64255,235.52603,110.87508,203.16092,175.06921,218.25693,196.17111,167.54292,104.00444,242.94696,239.51944,200.98558,139.8266,147.24619,242.84216,250.95226,247.96686,218.30403,221.99783,135.65057,232.88382,257.35596,164.82712,150.67679,171.33788,233.91158,227.50703,193.88808,170.7066,242.47562,260.5393,198.32481,267.1458,186.88647,183.62454,218.89285,225.7398,238.82387,200.2739,170.50702,203.87083,253.99261,128.13531,270.47922,253.0695,165.36023,251.05234,141.63078,231.45883,253.12074,124.074715,224.52957,219.94986,122.27385,239.35251,191.4497,251.3769,76.61288,201.08902,170.66852,196.72226,133.35162,152.02448,183.0433,182.24986,176.7558,128.39754,240.62466,131.27948,181.19994,264.15594,220.48853,234.74109,193.46986,201.62955,251.56593,254.22527,91.315445,260.8562,261.03317,224.7305,230.73141,227.13907,200.32446,102.00017,149.11115,190.25214,153.5299,198.25377,238.6127,140.7258,173.31938,137.82663,214.07681,222.42308,97.38289,185.56895,230.30435,179.26831,213.37888,256.1852,198.10667,268.0121,162.04216,241.38051,195.09622,234.82916,222.11322
2049,124.80138,120.87499,172.20828,256.49005,254.39055,90.703995,244.78497,212.57358,254.16534,210.37477,114.899185,226.48674,227.52856,169.15091,248.55684,274.46417,177.35442,254.14651,98.45644,136.102,197.37427,242.09503,245.13263,274.90955,269.79358,128.07172,132.06183,196.95676,277.9783,181.0498,169.07373,141.81116,232.65108,231.91408,170.78336,190.139,187.2449,256.8519,109.496,151.78766,138.65057,24.933022,174.15625,172.79756,236.38324,255.0644,92.55919,78.24535,285.8225,107.46748,230.11264,256.98947,275.75266,246.6796,179.22461,245.3606,107.19444,143.07045,226.6692,86.40155,196.98746,174.14139,210.6102,191.85855,155.62564,78.95442,238.57205,244.0276,194.23413,126.13693,129.10847,247.52686,255.64687,257.35327,212.74942,220.87534,118.82625,237.76091,265.85913,154.12195,122.722336,132.09482,242.01068,230.05576,176.9954,150.74779,255.18849,268.77942,201.29114,274.89667,148.90903,165.44446,192.18896,225.24643,247.43785,195.19638,157.84612,184.29782,237.47241,111.358284,277.9286,254.09085,148.76776,254.57779,114.73628,234.52022,251.99806,102.51717,229.582,218.77457,101.79515,234.98041,193.1769,249.85626,57.987644,188.6451,151.29903,172.25996,102.523285,128.86192,171.92413,175.45657,149.1597,99.402405,215.65314,130.11124,164.89734,267.06146,226.02289,239.47021,196.93175,202.8493,263.43762,265.57358,73.03117,267.76962,265.733,205.2855,223.22327,206.26358,191.57678,86.66283,142.06848,169.98721,129.914,183.98422,249.83658,119.599915,162.56052,119.060005,227.4502,224.89465,91.68114,184.97205,235.60168,161.50293,213.60887,258.0229,162.37898,264.20557,156.52823,245.754,197.12761,231.03961,230.10165
2050,209.42917,172.9275,202.12805,251.81573,250.93933,152.02827,259.03964,255.29628,271.5194,222.31856,155.41492,248.28177,240.29475,186.25914,241.09822,261.21658,225.60745,248.90948,196.02075,177.44221,210.9108,234.99039,231.78969,277.60754,263.1461,193.62335,177.61304,230.60254,266.74164,223.41353,206.47662,229.40904,230.65399,259.6698,249.73355,223.88728,231.83734,243.48468,206.8458,194.58336,219.96408,55.675278,234.5885,208.58308,243.17857,257.10754,154.95248,186.25821,273.9795,188.92169,221.85211,250.43553,260.26453,246.6936,230.7046,249.69833,205.03503,227.47899,247.94928,174.80637,236.79266,219.88683,244.85266,212.0422,211.284,196.04672,251.36267,242.12383,231.48747,175.80128,216.1926,246.2861,256.00656,245.80307,244.56721,233.56874,185.53548,238.12431,249.93188,210.68918,209.08846,241.0292,230.34174,248.95651,243.2705,235.9624,246.0839,253.5262,225.63992,266.60193,242.90697,253.29346,235.88095,234.13919,236.97298,224.41003,194.8463,242.28409,255.6247,172.64017,271.64572,258.4731,211.90771,251.53561,202.26126,232.4509,268.1986,185.32256,241.37398,240.70023,177.94177,251.03659,228.91864,249.55817,150.52194,238.78862,199.83965,217.43475,190.01007,193.84192,244.10677,183.10376,201.07056,205.22623,258.49915,214.71997,226.86018,266.1518,232.58176,239.31435,230.31473,230.1637,254.84065,252.38373,111.81758,255.94736,264.63776,243.13683,251.65462,261.36578,237.81502,132.18195,239.38371,233.74988,213.11996,238.0903,245.42874,181.6578,237.4805,213.97903,227.58783,235.91153,195.50262,226.61319,238.1612,217.28409,235.56181,257.05884,197.32306,275.2657,177.26147,254.34555,227.68198,249.60605,241.99481
2052,83.10842,104.82044,177.65485,233.89578,228.34927,68.003555,203.88374,169.72247,218.58739,176.13274,105.219086,192.65916,178.45093,132.17184,211.19922,240.65121,113.06555,216.267,71.82066,111.407776,132.63773,210.93512,208.1925,248.68176,232.1579,113.21123,133.22226,128.05847,255.46375,133.74878,112.995476,83.812065,199.59308,199.40533,141.09555,137.53088,162.78667,215.9104,37.149506,81.02019,102.08777,17.703592,124.66746,136.58676,197.33054,209.60849,111.18992,29.204947,259.40573,83.13859,190.02448,218.66386,251.22552,196.74869,117.20874,199.7179,76.35918,97.61171,202.73547,59.68531,152.06454,114.08682,161.36606,150.80307,112.723976,8.988373,207.82199,213.76627,139.9813,104.68036,69.935715,211.4047,213.36343,215.93517,154.32436,182.37648,77.56451,194.99394,234.15228,91.79709,89.94578,111.866875,220.5769,181.10693,125.98717,123.111916,205.47989,244.2804,137.49199,233.9985,115.44874,124.074524,172.78922,185.10251,205.23137,133.34573,127.70656,166.78958,237.84387,90.53615,242.56381,216.20865,91.72964,229.92117,85.79846,191.40779,224.09088,68.3426,178.7239,162.31894,66.252815,192.2324,136.12164,226.65408,65.90831,134.4154,125.078156,154.33174,76.67011,87.85308,112.39224,165.27466,138.97614,66.52419,195.63141,65.35626,119.45416,235.289,182.63351,193.9333,122.44179,139.52563,216.83257,226.78075,78.962524,239.21332,230.0357,184.59949,175.98315,161.59933,137.90149,76.37626,122.5551,117.66067,121.41576,123.601234,206.70422,103.415276,91.488754,41.427322,177.07132,174.17297,46.890648,126.07498,183.45415,103.25516,160.93073,225.93962,182.34142,245.48454,127.45469,216.06995,129.29994,213.28891,170.01721
2054,157.39102,133.83415,139.16585,210.46025,187.71817,116.795654,193.85297,151.67822,261.76587,185.40985,148.20685,162.93927,224.56848,167.17563,214.8136,235.43857,207.49402,204.70436,150.51266,171.92792,178.69562,228.58144,169.37634,270.08585,231.28702,157.6669,187.85913,203.2043,252.90172,211.1396,181.72112,135.25002,205.27548,259.70734,170.4469,181.65982,180.99654,219.5954,193.925,191.6109,111.496086,87.12364,167.69781,178.59511,190.39433,243.686,151.81284,101.59006,265.7265,167.00812,188.88148,234.99823,234.92838,219.88408,202.20557,219.88823,122.69748,150.98962,202.6629,146.33025,179.32002,199.53914,227.88223,168.44672,182.02332,142.99591,199.78539,229.49559,193.96225,164.5056,214.24214,225.63971,224.70685,215.12938,159.40092,185.41043,158.72498,208.95535,198.61711,173.44168,151.15959,189.7643,218.54387,237.70445,186.51865,234.47174,230.35136,229.01268,208.1666,238.26315,158.81837,245.91174,130.56416,187.56985,198.74161,156.94159,146.7146,236.898,206.75629,171.18924,253.74393,218.68204,214.47598,241.54814,155.55936,182.80234,267.93857,138.801,210.47025,193.15643,150.38962,180.40189,203.30995,189.81155,167.15729,212.65506,118.92868,136.41351,122.39749,132.24776,225.64325,161.54532,117.576195,151.47516,155.71637,205.05179,149.41016,234.29349,231.61609,201.90143,188.42621,198.26141,233.17671,233.1763,95.168686,221.25104,247.08685,173.92899,183.40971,161.69061,222.79034,119.46919,248.953,147.30481,213.05988,164.84216,237.16473,150.89696,189.61743,170.86372,223.8426,193.34975,183.28645,197.7601,194.68597,170.3797,210.43004,219.45358,45.77427,273.71588,176.44891,247.7588,204.94351,249.87216,226.77725
2055,204.35338,164.52867,178.93823,228.77809,207.71819,157.85385,222.99365,204.1491,280.4743,205.7438,177.64986,204.97499,249.58925,178.73154,227.76451,240.95428,237.4317,223.73907,193.8107,190.98499,194.46483,239.76556,175.64641,283.98126,246.8786,198.88222,203.64908,231.3484,259.84802,219.2795,209.96753,199.7839,223.03772,277.2086,232.74216,214.07214,217.25333,227.29794,228.33096,205.82037,176.5343,103.29279,211.08267,214.36157,214.06824,257.67606,180.55777,167.03459,274.55206,206.84967,197.99655,248.04471,240.83408,233.64304,229.0791,243.66164,186.81459,214.16437,229.39017,189.50452,218.45755,225.14267,251.46985,195.84961,217.1037,199.19022,221.6793,248.06409,230.0305,189.28946,248.47986,244.84657,244.07138,220.96463,206.19702,215.84491,192.71417,227.2782,208.12387,210.80449,206.27205,249.02063,226.33289,256.6776,234.47655,262.9126,241.60562,234.8075,232.59962,245.88606,224.15834,279.13892,170.63693,213.64651,205.26198,192.56113,169.94115,262.6435,236.3739,192.15906,264.3187,241.89395,239.82645,257.44403,196.53862,198.06644,281.46448,180.40996,228.95145,213.92744,180.76724,210.78163,231.85553,217.26651,189.00401,245.85052,151.47902,181.84723,174.56049,183.55453,257.8781,179.36777,155.73169,205.30928,205.44293,223.59045,197.21234,255.07306,248.19958,216.98132,212.31354,223.22366,245.78738,240.68443,132.17346,235.3511,259.95276,213.00304,218.0436,215.19203,247.08891,148.36774,266.28055,204.85158,241.71199,215.47539,248.67722,188.0585,230.18427,221.57146,236.93997,222.63057,206.55005,227.63922,214.88074,207.52625,233.29135,241.68523,73.73462,288.04895,187.39156,257.013,226.6018,267.1115,244.65079
2056,164.33159,136.54929,169.8476,242.30963,234.88272,114.89656,243.85913,221.52773,266.88647,210.28508,130.04999,220.84326,231.69608,170.56793,233.62968,253.09946,209.3135,237.68225,146.94717,154.65785,196.60144,230.8642,214.64383,274.08524,254.15805,159.69003,161.76302,216.50938,264.04034,198.69861,188.87932,189.65616,223.47806,248.94733,214.53421,204.35284,206.93198,234.60869,182.3877,176.56216,171.79556,48.619972,203.83185,191.28882,231.15536,249.52924,129.16667,133.34023,271.61243,151.18958,209.04425,243.0964,254.19693,239.07443,215.41592,239.09299,160.67648,192.09837,232.98871,133.74094,212.85156,202.8133,234.88342,193.38493,185.17317,155.29105,238.38605,238.56789,214.87332,146.59073,196.11887,242.9616,249.75607,236.61288,215.45499,220.50803,152.48233,230.34235,238.81711,187.18106,169.30215,201.16685,227.00752,242.69528,217.61111,207.91891,236.5361,247.14066,213.05727,258.57666,204.67703,224.34158,197.73465,222.37912,224.27144,202.4956,165.53683,225.34244,237.13821,143.08362,265.56607,251.07993,197.40979,251.0557,159.34894,219.30008,259.67856,141.38812,232.81938,228.11227,141.16617,233.38972,212.18648,235.18333,112.28899,224.51512,160.02853,184.36832,144.59912,162.79666,225.49017,174.26672,161.3724,157.70253,222.29657,181.77347,194.35648,257.72397,227.94897,228.54642,213.81923,216.57088,246.55087,244.49792,86.11974,248.5875,260.29205,217.67787,233.1245,228.27985,226.82324,103.99281,194.8178,201.45798,186.43353,210.8046,235.63907,147.00809,212.40463,185.56134,218.59918,222.32846,147.72295,206.47377,225.37668,196.17566,223.81049,248.12236,138.38025,270.57047,163.20557,249.54332,214.33496,241.7729,232.1392
2057,203.57112,162.48117,197.34946,256.47458,254.6296,137.03821,259.79706,246.25426,276.45914,223.29782,150.67136,242.55463,242.23787,181.41415,244.9954,268.02243,223.89441,252.37425,184.70723,173.96686,210.35133,239.35751,235.84859,282.9701,269.31696,186.78113,175.3593,230.4129,273.39447,226.19623,199.67299,214.3319,230.7208,261.7349,244.70985,220.43799,231.73708,249.50783,192.49213,189.55249,204.93146,49.091225,228.10428,201.05447,245.14114,261.44583,150.15933,163.54214,281.05573,182.47327,221.16626,255.4837,266.83167,253.2711,226.40295,250.88814,188.47116,216.44504,252.00565,162.82077,234.1513,218.79782,243.87454,209.03839,205.72575,181.00441,254.92548,245.8267,226.11197,171.05637,204.16682,250.70822,259.9137,251.11661,235.72722,234.13513,175.74654,240.22983,256.8279,202.05017,199.9471,234.6984,235.88556,251.48022,242.6477,234.33443,252.48811,259.41223,223.37671,272.69504,234.67279,248.53307,228.02286,236.70845,241.22772,214.26881,188.31662,242.9326,256.97797,165.7451,278.3829,262.5298,193.70628,257.15533,189.36859,232.37863,271.25745,172.53885,245.0097,240.76723,167.3675,250.28656,229.38052,250.65714,142.70166,232.65428,186.55911,210.02705,171.5224,173.59982,239.40799,183.9725,191.20291,193.4467,252.72069,210.56403,219.44568,272.9102,233.23312,243.14655,227.77238,227.90363,261.77692,258.4169,105.298035,262.1796,269.2387,242.92398,250.31955,254.83447,232.05475,121.88803,234.28635,219.70517,210.98663,226.43234,249.96033,173.68628,232.12355,198.01697,231.04941,233.33221,188.85263,225.27426,237.2561,201.05588,238.41357,261.54108,172.48322,280.6249,173.32173,259.83002,226.90472,253.70451,244.37398
2058,167.114,138.44629,192.53906,245.03357,242.57968,109.66753,246.3661,232.35748,261.67053,208.87886,126.553986,230.36679,224.09471,167.9593,230.18124,251.87943,200.38672,236.95236,151.44846,153.51402,189.7974,224.69986,222.86456,269.29364,251.43445,162.35452,167.8905,206.15588,259.46454,197.61612,179.94846,195.0886,219.19452,248.20941,230.95572,201.0321,216.36914,231.357,176.24545,165.36256,187.04747,41.489285,208.27214,186.83199,231.46011,242.72072,144.22021,137.90846,265.67346,151.13716,209.00275,237.6118,252.54059,232.17177,211.25558,234.01141,171.99792,199.43785,240.10986,129.69252,213.36273,192.83878,229.7685,190.55142,181.80942,156.32764,243.54134,231.83029,209.35278,143.63536,192.55643,235.57309,243.63828,234.14117,215.77339,218.00447,148.82472,224.36778,241.94098,181.75937,177.27457,226.215,222.97203,234.40793,221.51813,220.78873,230.11334,245.79028,202.14539,255.72302,224.9989,234.8703,225.29523,219.98325,225.00838,198.02478,170.05542,234.23639,248.89041,142.31653,260.86584,247.87524,192.74915,244.5539,164.22557,219.71248,257.76877,138.74915,226.22836,224.25146,138.38452,236.64459,204.46078,240.59213,129.88335,219.99463,172.40466,199.07343,147.86153,161.36093,220.97754,174.34389,180.05339,165.67181,244.91365,175.67209,198.017,257.04028,218.59157,226.23767,203.81628,207.33884,240.82584,240.46207,85.14668,247.757,254.96936,233.59459,235.30365,240.62404,220.2306,99.75046,209.68846,205.22429,201.18951,210.22954,230.25987,146.00638,208.27869,180.75742,210.82152,215.6514,150.42558,199.43256,220.90088,193.73889,218.58011,247.55943,189.07257,268.19128,158.47961,244.83685,205.1542,241.56165,222.38013
2060,134.96346,130.99573,193.29863,263.77118,265.42935,99.76437,260.31625,238.08508,260.6321,220.92007,119.73163,244.43729,235.08331,179.81017,251.57324,274.48096,189.91443,259.7342,114.63339,142.49243,206.83191,242.85965,255.64294,279.97784,272.22794,140.62132,130.80234,210.89172,277.34442,173.06197,181.38943,172.82156,237.9127,240.52725,200.02544,206.56659,201.71503,256.00253,136.48497,158.7774,170.79346,25.637077,194.08308,188.01105,248.34814,259.13464,89.85799,105.893425,283.64554,118.481476,234.44695,258.0614,275.41272,250.01843,200.34756,251.79568,138.88419,172.17255,237.4111,98.65564,209.40756,181.44354,228.01547,203.43553,167.9806,109.04506,252.74118,247.37582,210.28142,130.48566,153.34512,250.372,261.3195,259.4572,230.10501,229.70789,132.62552,243.32129,270.39377,174.63219,144.85681,158.65646,239.0974,237.11148,197.50409,162.34189,253.71567,268.5567,211.98016,278.13538,185.49289,184.45245,227.31909,234.23123,251.9437,213.35452,171.32742,197.52925,251.48492,116.91185,279.03455,262.3734,175.96191,255.35512,133.65518,244.85849,257.07053,117.47745,236.43172,234.83025,115.46425,251.37997,198.27258,260.00406,48.404583,211.92912,172.04393,193.94559,124.353615,153.72653,190.25557,180.94853,171.62762,119.15346,246.26584,132.71767,185.62314,272.70947,229.96031,247.714,210.9709,215.5455,263.13675,264.1657,76.382996,270.21307,270.25864,229.14322,241.89424,236.5564,211.72745,89.114685,134.34694,199.36247,135.69571,209.0759,249.17911,129.01863,183.41733,150.2941,225.74603,232.48895,85.273796,195.59512,243.34146,190.5925,225.31561,265.1223,209.97147,268.19403,161.96327,245.1205,211.12558,231.10846,235.89493
2061,112.621284,107.912704,177.3096,238.83734,225.25961,76.303246,213.36868,177.46964,248.71196,185.45787,111.32788,192.9649,203.43317,139.55382,219.77606,247.74896,153.43622,220.82277,94.667145,124.91662,150.3907,225.40262,196.74284,269.4645,241.09,127.56718,157.73251,161.55511,266.14362,165.27625,136.93845,114.80208,206.84439,233.75511,171.93448,157.95618,181.59818,222.33496,88.100716,116.9474,116.836555,30.805712,149.51736,153.37793,205.92937,230.23557,131.04063,58.33869,272.3872,107.27282,189.23212,231.99986,253.48178,214.48462,152.28848,214.55515,101.50873,131.2535,219.37286,82.27388,172.16914,149.50206,193.72354,159.47887,137.95737,57.73282,219.88133,228.71588,166.73083,116.951965,119.53618,227.16391,227.73364,220.67363,165.22435,193.5982,99.50468,206.89023,228.39444,122.849724,118.771164,156.9039,229.96057,211.3771,164.6972,173.44693,219.68546,246.56595,165.99112,243.66353,148.34442,176.31609,170.4955,196.40173,206.80669,145.15958,130.84457,207.04517,244.88797,108.51348,257.75293,230.38307,128.36845,247.31097,106.497574,192.38107,252.73589,86.48857,199.69093,181.11597,87.03962,199.68427,168.03955,225.89334,103.54824,168.20021,123.75685,159.16571,90.84661,104.65692,159.22989,168.85213,138.15385,100.37511,198.33719,112.70372,140.45164,250.11946,205.32663,204.25337,149.1207,165.15619,230.96866,234.88512,80.38953,243.23434,247.15033,198.4756,191.46698,178.09311,172.87816,82.13724,170.02689,139.08838,166.12216,148.08066,224.45166,115.9955,134.40779,87.708694,199.9248,187.20566,92.327286,156.49982,191.49484,127.33967,187.77121,236.64246,134.09254,270.37518,138.32896,241.57306,160.5523,240.94223,196.47356
2064,179.29144,136.84465,189.54808,251.85742,244.40776,108.68468,247.96146,229.23389,276.22128,213.6543,132.35294,228.31073,237.54779,163.82251,238.77887,263.67972,210.84799,243.09373,152.3031,158.90775,190.67587,238.81734,218.71121,284.67157,264.57178,167.9943,177.42209,216.99075,274.5652,210.01584,181.81415,193.84958,224.48135,262.78198,238.1566,204.08153,221.33835,242.19402,164.64111,164.92085,181.68289,30.5641,208.92853,190.42833,235.37268,256.5281,148.48215,133.52576,283.14224,157.63968,206.64062,252.28214,263.408,247.09079,206.82718,244.04611,166.4213,201.5188,247.39499,133.84662,220.12628,203.72589,234.88329,195.7938,188.71799,150.71918,246.34999,245.77869,214.70735,150.25485,182.79105,248.91805,254.10661,241.43405,220.03886,227.04732,151.0553,232.63571,247.17459,180.5727,181.80563,228.18494,237.39275,245.608,233.21735,229.16766,246.1085,255.57169,209.51279,265.06427,221.31873,240.03806,206.65125,230.14534,228.85693,193.85822,167.46169,242.80927,254.1883,144.721,277.3172,257.20135,172.15237,259.3156,160.86491,217.25012,273.72693,140.78604,235.67711,224.88156,137.66553,236.37451,219.54922,242.9235,134.36832,219.55093,159.88486,195.80869,143.46576,153.95117,223.84125,180.64798,172.30128,167.70187,238.60042,180.03525,200.56367,271.64374,227.85138,232.41063,205.29205,211.94049,256.56174,252.52975,88.32243,257.67523,266.1377,233.36545,236.42108,238.28925,217.91693,98.060394,219.66838,201.87187,208.04993,210.53741,246.44014,151.33733,211.43234,172.09413,226.50293,223.36513,159.03271,207.62485,223.32031,177.71088,230.39212,257.5467,140.20058,284.8473,160.23419,260.4281,210.3216,257.80127,234.03603
2065,130.87663,96.34612,179.72739,231.58273,211.0256,66.14191,204.3181,172.89792,261.03076,178.00513,104.680695,181.38779,207.96805,119.06781,205.02661,229.70462,168.42517,205.29274,109.03366,121.448456,127.91494,220.12196,162.96208,274.4639,231.24039,132.6452,177.38632,167.10367,258.68945,170.15028,133.25192,133.98053,191.86316,254.51479,205.66953,158.63785,194.63147,198.02264,112.72066,113.63045,127.60337,23.795328,161.23059,153.85385,195.71736,223.04361,150.74178,72.918686,265.79333,122.20294,158.97298,219.97064,234.22398,203.98825,164.72794,205.80667,119.574104,155.87561,227.20961,92.35158,178.08932,158.19872,203.10204,147.0581,146.77425,91.62986,219.51118,230.18414,171.173,113.74349,149.1276,222.2226,218.93967,194.55576,152.98193,190.49069,101.64987,194.75159,203.49252,129.52913,138.68233,208.67334,223.46794,217.35611,193.58084,224.37614,200.69952,227.18088,162.1313,223.93134,182.77917,226.0965,167.04126,190.60756,179.30637,125.70732,122.270325,243.46043,248.06877,110.21656,249.36876,225.33136,134.7767,248.34587,115.05221,166.82288,266.76837,89.98278,195.34743,172.58704,87.45227,188.46832,176.18954,212.96742,143.57019,183.10822,112.739975,160.91214,92.58095,103.84888,186.93295,167.48535,137.30215,123.19713,200.25084,131.528,150.1726,250.63995,205.22504,190.10304,141.41821,161.01509,217.26917,215.00093,72.699844,229.1859,241.05399,210.13152,188.97783,185.48578,182.83669,68.19377,219.18236,147.52005,209.89484,152.52783,215.09326,115.94872,155.91452,111.33643,192.50613,173.04468,117.77313,165.43663,168.63864,123.00012,195.30923,230.47235,98.841995,283.94702,125.486694,247.57132,160.90771,258.2001,191.02731
2066,85.13103,94.47247,105.08245,211.59494,192.288,78.57616,198.13745,155.7287,238.86443,173.07127,105.4575,168.04001,201.18372,140.64474,220.94476,249.86032,165.6883,204.86539,67.95491,122.25354,172.48357,224.46678,197.34961,264.17758,239.50046,105.90831,120.47961,182.66977,264.65167,146.55484,147.75577,112.25661,212.10316,224.22665,144.62186,152.67621,128.40889,235.00046,127.5473,133.71155,84.80778,43.475334,129.8353,154.74059,196.0101,240.67703,66.04229,60.06897,271.94598,89.55443,200.55244,242.31227,256.7605,224.71391,159.68222,221.36838,82.743454,116.66409,172.31577,81.972885,147.93225,154.88297,210.57697,158.22833,129.0103,70.31666,187.793,225.6027,176.79642,108.84776,134.42337,224.84267,227.11186,233.46346,176.8097,183.712,104.230804,208.0604,223.90181,133.30481,96.90469,114.81276,220.51318,212.68134,149.41016,139.68344,235.7885,249.15839,186.85117,251.5141,118.88364,166.56023,114.167465,190.7072,216.29544,170.30621,115.896454,174.04965,185.36185,100.33061,262.69305,219.17932,171.57251,233.39317,88.08064,195.70154,243.79773,83.02052,198.41106,195.73514,93.45575,185.44098,170.03494,199.0044,44.29586,190.74251,92.739395,114.70993,83.60451,117.95186,171.67761,140.22102,85.80397,74.10891,147.13727,110.4114,123.56677,229.88815,202.18451,201.4486,173.50273,181.4675,238.41423,240.9242,58.05857,232.64946,250.01872,146.05974,179.7487,155.92346,199.22076,83.1657,119.87586,141.99022,115.5955,165.21825,229.94073,102.79705,146.55473,125.60567,207.33072,202.56908,70.581665,144.78883,208.05815,161.754,188.48328,219.84892,60.781647,250.74136,135.8187,225.85141,180.06006,210.51517,209.65271
2067,136.89435,140.87935,195.90248,258.245,255.74242,108.96877,250.1342,226.18065,259.11682,215.47021,132.04214,234.48,226.5509,176.47137,243.38771,265.8373,179.9479,250.1241,126.18445,150.43198,192.88211,237.65572,239.4592,278.007,262.78488,153.26984,150.64133,196.00394,273.58838,174.46127,173.91943,163.95477,232.00235,240.60951,200.38545,197.71056,204.28471,246.05542,129.9662,149.858,166.55386,40.023666,188.74223,185.65509,238.88803,250.26422,119.045364,106.758804,279.41342,130.48836,224.80592,249.50356,268.94934,237.95798,191.40489,242.4436,143.06454,169.2459,237.4866,109.971405,203.50174,174.1822,221.18214,195.97675,167.65138,104.544235,245.92047,241.85535,201.65044,140.75603,153.88995,244.4476,252.6791,248.01714,215.07408,221.6207,135.70857,234.59598,258.09592,166.49524,149.70032,171.83026,236.46898,230.76373,192.90768,174.03186,242.54578,262.544,199.19574,268.3589,186.45282,188.91624,219.59648,225.56845,239.85786,199.41043,172.28897,208.60217,255.83109,129.87405,271.54602,254.84338,173.97267,254.56372,143.60115,233.02194,256.95148,123.953064,226.54285,221.59149,122.91281,240.1323,190.27414,253.30637,77.81891,204.33722,172.20059,196.08441,132.82576,151.24677,186.35275,185.18759,176.77383,128.47397,239.44241,132.79408,179.65982,266.34222,224.43416,236.3183,194.71832,202.81018,252.09901,255.60803,92.54938,262.9716,264.1504,226.47556,231.51257,225.5871,204.82297,104.38549,152.64124,189.34784,156.31538,197.25974,239.89078,140.99039,173.91261,139.56984,215.4428,221.26057,95.86441,188.4801,230.62593,182.7248,214.85513,258.6673,196.43213,271.5828,163.8657,244.95213,196.77448,238.0326,223.78058
2069,152.78549,141.90256,192.03436,206.10394,178.58382,117.31781,183.83221,165.81259,242.42287,172.936,150.32037,173.53989,199.7294,132.74387,182.90355,189.62982,168.91331,184.48032,156.14822,150.48474,122.21848,201.18994,123.67587,248.79492,194.72577,174.84525,191.66187,155.7038,222.70401,161.00366,153.23486,147.06067,184.39081,236.73654,197.81296,164.43875,204.99455,167.93867,145.49573,135.31421,148.72525,77.98685,170.4368,177.03966,174.69159,199.53557,174.92012,117.70367,231.1766,168.0939,148.33536,192.4169,196.82367,170.75284,172.16068,190.14261,157.40302,173.3505,210.5302,141.75864,183.81773,160.55873,193.37202,146.7963,170.21251,121.970566,197.26782,215.42737,176.1774,153.1661,189.69943,205.23976,197.82413,162.25125,141.64297,178.68208,136.01624,180.58018,159.84473,150.94492,170.18076,214.74994,196.00214,208.2468,177.67871,222.85297,172.4442,193.10693,164.1253,188.84866,187.22437,222.01823,163.28595,167.8833,147.4863,127.4088,140.28006,240.15796,237.76485,155.49158,210.98227,202.9859,182.91083,232.40091,163.69559,148.6567,243.90652,130.624,177.53615,154.24498,125.71904,170.74559,168.57611,194.58932,168.20981,186.3917,138.45673,178.20366,143.50372,142.83939,193.42958,177.95139,162.63205,166.52707,190.60832,149.04251,156.89706,216.08252,210.97516,163.81364,137.98209,159.04617,183.8582,185.1742,114.93826,195.96542,216.69357,203.76503,174.54922,173.10342,189.19511,113.92615,225.76358,158.72223,221.20724,154.4605,191.0782,156.4621,156.05658,136.79672,177.52715,164.63484,135.42816,176.56111,155.06299,149.10056,175.77971,206.22098,98.88321,262.42514,145.0211,223.71951,155.11566,244.49933,179.96483
2070,194.27716,154.42813,184.14093,257.94647,257.1402,124.771576,258.54938,234.18492,273.57156,225.89809,142.93805,237.27327,241.58157,186.13155,248.98422,273.3695,216.93144,257.06915,168.86502,170.82388,214.16766,241.61847,247.29243,282.71716,273.0628,175.3641,170.94995,226.82933,276.43228,229.34933,196.98949,191.4025,232.73502,258.97546,215.41418,217.77446,221.91205,255.41687,171.70624,188.9877,182.78174,29.477613,218.7857,193.80074,246.5817,262.68997,140.24472,140.00377,284.04443,169.81052,228.21985,257.89636,271.6671,257.2947,218.3787,251.71045,160.87073,190.52515,247.93002,146.63123,229.00784,215.97623,234.77097,211.45868,200.75275,157.2313,253.9368,246.03741,218.79333,166.12967,184.54298,251.63162,261.73367,258.13724,230.78223,234.03378,169.71155,244.16373,264.72437,192.71564,179.98373,200.14554,239.14935,249.33987,226.44534,219.96649,257.4037,264.22156,220.59973,278.09576,201.13638,231.71814,215.58157,237.67815,249.10812,213.21858,191.40733,230.9455,248.74963,158.83575,281.20786,262.917,176.57585,258.2599,175.9628,240.55275,271.04517,160.11246,247.15073,240.31056,157.93085,249.89539,227.14702,250.23373,135.10643,219.16174,186.41238,198.92319,154.30154,157.95285,224.69957,184.67822,181.61327,171.8298,235.15799,206.63495,208.30136,273.2115,233.64804,248.92336,228.00266,226.00648,266.83414,264.16196,89.79338,266.43436,270.31165,229.27051,245.94034,237.83951,220.2117,109.54389,229.08546,202.00012,197.28992,213.19252,252.28815,161.92728,219.1354,175.66907,233.74179,233.01306,185.47025,222.98766,242.35475,188.03831,236.53119,262.28088,164.9766,279.75577,172.92007,260.5612,224.93314,252.94579,245.45947
2072,199.12009,152.92131,203.8118,255.06114,247.45879,122.989716,250.85292,238.8453,278.58173,217.4197,146.05592,237.81381,241.56758,165.04385,238.93594,261.3363,217.5191,245.6575,172.08069,167.44994,189.07065,240.93166,213.27655,286.6507,265.38898,184.84665,184.85568,219.96419,274.42743,219.49335,187.75139,204.37845,225.04893,267.3778,243.49026,210.11261,233.44832,239.11636,169.4093,171.75452,196.1251,29.846651,219.48344,197.49222,236.9639,258.00238,160.40186,149.47859,283.79108,175.37694,203.74568,253.26088,261.1586,246.07115,208.26749,246.57007,178.47272,211.2627,252.7572,151.00586,231.54065,210.66336,234.7843,201.49303,199.54108,159.9298,249.5875,248.60274,219.61551,164.53865,187.81999,250.40668,255.07428,237.25015,227.64938,232.41028,162.4538,234.24815,244.17041,186.89307,195.32245,233.09229,237.63637,248.0871,238.3503,236.88132,245.88425,253.33063,213.31186,262.25177,225.81802,246.68896,215.08206,232.24313,224.83188,196.78491,176.97327,245.97488,263.14764,157.19104,277.6336,259.0986,172.8248,261.5404,176.97859,215.76752,278.2463,157.90884,237.05585,223.33981,149.98276,239.95883,227.04231,248.97346,153.15672,220.04126,174.48376,210.46756,160.60245,163.19598,228.74292,188.12283,189.46506,185.29646,248.99783,194.8131,211.31815,274.41888,231.16368,232.06317,206.76312,214.45963,256.8376,251.14978,97.92616,258.2354,266.61023,241.09003,239.96085,245.36102,218.95291,106.55756,242.71088,210.48634,217.27097,216.2655,248.91151,166.45822,216.39574,176.14864,229.90076,226.23274,183.09393,216.46313,223.39053,180.43999,232.49586,260.7901,156.98991,287.58722,163.01096,262.57797,212.29753,262.5879,236.54785
2073,190.41525,154.99734,158.06552,227.93732,210.55157,146.94415,228.8854,212.0942,273.62122,205.5528,160.12003,208.18108,240.13612,178.28702,229.66837,249.41458,228.61272,224.67415,174.09383,180.39526,201.80908,234.87668,192.54265,279.69824,250.34811,185.89072,185.33824,228.07294,262.92682,213.73323,206.784,207.98657,224.40576,264.3841,233.49878,208.83527,203.08661,235.76352,220.43066,198.86514,174.87537,93.93793,209.50311,210.89485,219.07265,256.18695,154.36188,168.39691,275.05505,185.96909,205.81754,248.60165,249.8224,238.80542,222.95059,243.6683,184.8088,214.14778,222.1236,173.15451,215.068,219.21289,246.77899,198.63248,206.9798,190.24881,220.5211,241.16345,229.48013,174.05746,230.76535,244.09918,246.0417,232.83336,221.39644,217.8228,182.80994,228.28552,221.90724,205.70193,197.23477,236.75848,226.19594,250.28217,231.6278,239.99411,245.45142,242.20428,227.40392,255.06827,219.90506,258.99103,166.09085,218.30861,216.2409,207.65616,165.83844,245.77704,225.4187,175.28973,267.94037,243.61823,232.7284,251.6005,184.55457,206.5921,271.6621,170.16852,230.57007,222.83423,173.01807,217.37483,228.53345,218.33888,155.69066,241.39456,143.86234,173.34833,172.60112,189.0709,248.60742,169.52956,141.89029,191.0199,203.54443,208.6347,200.24399,253.43219,236.57805,219.53635,218.55035,223.25183,249.31242,245.21341,114.00992,239.29161,260.51065,203.75569,223.21008,222.0213,243.34874,135.88712,235.58339,211.84843,218.76768,225.03427,244.42154,174.88829,229.99823,220.1767,231.41818,229.78162,185.29144,216.19412,224.77983,213.93509,227.71426,240.85373,76.39281,279.64545,181.17337,253.1058,223.22266,254.20732,240.93619
2074,122.69103,116.361694,134.01172,218.32733,196.81322,89.36631,188.0699,130.17232,255.41948,182.11104,130.86957,151.13463,209.81293,157.59341,221.33118,254.48077,177.44772,207.67358,112.9818,154.88693,170.06512,234.60501,189.19618,272.16907,236.51245,134.83829,180.07138,178.08722,268.15222,206.97542,153.1329,86.94762,204.64471,252.14102,132.10806,156.1661,166.12715,232.2597,124.01753,163.33359,72.21129,58.640255,137.44739,153.92856,188.38042,245.10413,138.10452,43.258873,277.57925,133.75583,194.22003,240.78555,253.52008,223.68977,165.60965,212.36162,72.748,104.42041,199.51935,109.37701,159.65164,174.12051,205.46756,156.79947,152.5329,70.60826,200.2333,227.5217,166.30542,144.82994,149.98523,225.67035,223.20901,229.12305,138.53256,177.72531,125.26422,206.9631,216.70569,132.18646,110.20088,137.60916,234.02689,226.0729,151.54881,198.9635,237.22192,247.29391,186.37079,250.65057,109.23241,202.53708,117.58371,184.08615,213.16132,134.96445,135.83116,214.45483,208.70164,147.84274,264.21902,216.39043,153.40063,245.3705,118.37712,185.05298,268.4477,104.61676,206.2822,182.44539,117.790184,173.56232,184.92288,192.8301,143.5752,174.36476,106.95686,123.709076,84.86915,89.99779,182.88054,166.82222,111.19853,103.674706,140.10706,168.43588,119.74866,236.92282,220.11307,202.94226,165.40305,177.237,240.23575,245.33463,82.769936,231.59457,250.7856,160.93262,168.33229,134.24155,190.75159,104.361115,220.75018,107.700874,183.47102,128.90013,244.35794,128.45364,145.37791,101.74249,225.34012,182.01611,148.75266,169.93097,190.38002,126.40153,195.99727,220.68439,61.801525,274.79138,165.86835,256.3274,181.72296,248.72968,216.62704
2075,192.30847,173.8095,198.53606,251.18513,254.64311,162.31015,263.1737,258.5878,270.1282,221.90152,157.25598,246.66443,242.19531,194.5026,243.5385,269.3169,231.60028,250.66476,185.73102,178.30417,226.00038,234.54065,248.30139,276.28802,265.1623,186.5875,157.53896,243.84149,268.28015,201.63672,214.5927,239.84381,231.7603,259.2458,253.99332,228.92145,221.86356,252.29419,232.96266,207.28664,222.74455,94.58571,233.39153,210.79736,246.02951,262.30634,127.478455,197.13391,275.4092,178.3487,232.08762,253.75531,265.25427,253.46426,244.94278,251.79025,211.90404,233.28589,243.21577,172.97278,231.71709,218.95901,254.91339,212.37004,207.58353,211.74335,253.26303,239.57985,237.02722,172.56781,233.4447,245.91281,258.4392,257.21573,251.55122,232.12611,190.93163,240.38785,259.671,223.43271,206.45044,234.70824,231.7735,251.20282,244.66624,218.0775,254.64525,258.4896,236.45494,274.85986,252.14798,251.72586,239.44095,234.7853,248.51591,237.76038,195.54836,233.20233,253.22867,166.20674,274.92218,259.78925,241.31563,248.68353,198.78127,240.43695,266.06793,186.8946,244.95319,252.59721,182.9011,255.3901,226.14627,248.55493,97.661766,252.68823,198.9567,212.28212,196.04129,205.05759,250.26389,181.01273,195.93974,195.74106,258.21307,197.00133,227.52821,266.12762,234.68768,244.89273,244.55626,239.69435,260.41953,258.21594,124.99268,257.46353,266.2195,241.0369,256.5431,268.57642,252.57686,143.293,181.0333,243.6431,181.89899,249.62393,251.37234,177.91476,246.3428,244.62369,233.28886,240.5747,146.4191,227.37375,246.93347,238.40494,240.74954,256.19165,212.52371,272.54147,183.0903,251.62427,242.23288,241.30594,250.00812
2077,124.824814,120.12946,161.99008,241.9381,230.0292,88.52032,215.76697,176.06673,249.47552,197.7726,125.87175,196.65427,212.45663,153.6276,232.46484,260.21545,157.5224,232.72913,98.67566,140.77484,160.95609,236.44955,208.99454,272.3794,253.88985,136.0248,157.70973,167.66953,275.86414,178.37823,148.00734,108.99713,218.43837,231.5094,156.66583,164.33876,179.18799,237.46506,76.98876,123.1302,106.9772,27.492044,149.92639,162.71391,212.37982,239.18939,123.282776,53.73337,284.2478,116.93169,202.42912,244.812,265.4737,227.01898,146.60811,226.28177,86.994644,120.89611,216.10675,93.02583,181.03818,158.42108,189.43358,176.36649,149.27228,48.346657,217.56258,239.15157,172.09743,133.9239,107.17343,238.86542,237.49466,233.57185,176.13232,206.4751,112.64197,219.7125,241.6612,125.09546,115.42645,131.49997,242.37842,216.30617,158.72412,160.25572,235.75017,257.82047,174.06378,253.82758,125.22868,161.9659,150.89139,208.44742,219.41217,154.7628,147.10443,190.95251,231.673,121.672455,268.3353,236.19725,115.76921,254.13702,108.20735,203.00703,254.03781,97.94762,209.59448,184.53307,97.20999,203.88377,181.59924,230.83789,97.03879,161.9955,133.69225,159.95786,94.58319,105.37458,153.61432,180.38971,140.7288,94.81932,183.6806,116.2378,142.78761,255.07939,215.2074,213.29459,157.12138,173.33966,246.18362,249.58517,84.14826,253.20465,253.35286,184.18661,192.33588,169.57828,167.06596,92.37625,167.31654,134.99817,150.02531,148.94926,237.95001,127.06659,132.3548,80.095955,214.24121,202.72418,99.3204,165.30188,205.21397,120.77467,193.3837,242.37943,115.01434,270.74,153.48041,246.91296,164.80453,242.08163,206.80354
2079,134.16617,135.20425,125.18182,218.51385,203.08276,115.4539,197.20332,134.72562,258.6454,190.52109,148.28528,152.88826,219.59966,187.74255,230.85135,265.71503,201.71611,216.72406,136.91669,179.35269,208.22781,237.8959,213.46736,271.691,244.9764,136.22739,177.68275,208.46509,267.8675,230.48502,179.18898,100.89575,211.03525,258.7701,127.666016,177.63516,164.81332,248.4,180.1586,209.91989,80.216095,90.05364,151.22975,158.72617,196.75754,259.09442,128.73607,63.871815,277.13873,152.22125,218.43448,249.18236,258.85852,241.25204,203.01016,222.01436,81.625015,108.68121,200.80507,132.47131,163.2189,199.08855,228.20692,169.54749,169.56271,113.54907,208.05794,226.17935,179.9402,170.17142,191.6326,225.71753,231.31021,249.86633,150.14606,179.07095,155.90254,218.78561,229.16855,163.58044,114.482635,136.06604,234.33194,239.00183,162.4043,209.69363,254.98169,253.79044,213.9617,267.1629,117.981705,223.66232,128.52959,189.20099,236.79126,161.33122,156.36928,216.85641,200.94736,177.40013,270.60028,220.99438,201.9037,240.46861,140.74643,206.98795,270.73035,132.14766,222.22672,209.35892,154.95065,184.4376,197.94936,190.10605,140.66731,200.68858,122.91716,117.33141,96.97742,103.88809,210.85626,164.91165,109.870255,114.81677,137.99838,212.03955,129.2041,237.85036,230.45181,223.31482,204.61804,204.9448,253.68314,259.14767,93.43483,235.36728,257.1176,161.08578,180.98277,142.77597,219.67004,129.99498,228.08255,119.8273,180.02882,145.23068,257.07828,143.3366,177.69154,148.62198,239.43924,192.80951,179.83533,193.01195,212.00746,163.24048,215.88947,221.67032,66.93046,271.67776,190.02583,259.79474,218.6253,243.23154,239.89427
2080,224.5214,184.57387,200.70367,254.74957,251.36922,179.19263,264.34198,257.59485,282.2193,229.71913,171.557,248.83153,254.87355,204.26472,251.0732,272.04523,251.33484,255.9661,214.85272,194.27585,236.99515,244.89264,237.05176,285.93494,273.76678,203.63466,183.05699,259.044,275.1395,236.94824,229.9828,248.4874,241.32744,270.267,263.78577,240.46426,234.22838,259.71793,257.27277,229.34627,225.47733,105.828064,245.74878,222.39423,249.57191,272.607,162.79683,212.45659,284.60873,206.85251,236.16364,264.44357,269.75223,263.4074,257.07254,262.90765,221.38936,243.74895,251.6075,199.14081,244.69101,243.50558,265.64325,224.73688,228.03082,238.30539,254.24063,250.53828,248.97845,191.90836,254.17691,256.73914,267.05322,260.71024,258.5597,241.53445,211.699,250.11333,257.2494,237.306,224.32097,259.2865,239.35004,264.2687,262.43448,250.00667,267.16086,262.82687,250.98816,279.46695,262.04053,276.56375,227.01978,243.33807,249.3266,244.31851,202.63855,253.81927,258.05743,190.57486,283.3912,266.7242,250.97107,259.58783,219.40433,241.76746,276.16705,209.4005,255.51358,257.48022,205.85684,255.87189,247.55261,250.99545,153.36078,264.24915,196.88892,213.03864,207.3729,213.02298,271.98114,192.33035,191.78636,223.89966,253.56442,242.61191,237.9044,273.98914,246.7464,250.87593,258.04163,252.65955,270.78406,266.70905,136.96826,263.19357,274.58392,243.85928,260.09967,268.64218,263.50214,159.33981,242.93614,248.83508,220.99017,257.2745,261.25906,195.42682,267.37952,261.34247,246.8967,252.01349,210.1052,246.2191,254.6208,245.11028,252.35052,263.25278,159.08148,283.43988,197.04826,263.30872,255.58649,257.4896,263.18488
2081,200.49924,178.21248,219.03902,238.1571,217.20755,162.55203,224.49712,213.58939,276.7688,207.08585,185.8439,217.58246,242.75246,177.05272,224.35046,235.5021,218.84274,226.89915,199.26654,185.695,178.93039,237.70009,172.55997,282.03793,239.53271,208.05487,209.47131,208.90363,256.09723,212.17172,196.8071,195.48697,219.51083,275.00745,240.69363,208.43636,235.67523,218.13376,196.49734,190.90866,191.95648,109.86003,211.76013,210.92972,213.06277,248.41635,198.12787,161.42653,268.60358,207.70181,194.74821,238.9988,236.18457,218.5145,214.14027,236.76933,193.25117,216.48145,241.1636,180.99142,223.25873,204.90125,236.62791,191.50636,208.19025,174.71996,230.10706,245.89674,219.75833,188.68336,231.93457,240.70401,238.09192,210.75888,199.08359,214.23712,178.25319,221.62611,204.1872,197.23885,208.39299,256.2908,225.72318,248.19206,222.99655,260.4293,229.40028,231.62445,216.53506,237.13835,229.7219,269.09125,198.14787,207.63257,198.13892,179.23895,176.60785,267.54742,262.85767,191.1651,255.19897,240.13174,224.6037,259.0281,201.9385,193.26561,279.85922,172.69885,219.8263,198.92741,166.58972,212.47029,216.03784,229.12192,204.10583,227.95157,174.26103,208.94757,179.99866,178.28775,238.74771,194.53067,191.69557,207.57336,231.19876,206.23541,195.18117,256.24768,245.43419,210.32031,192.59805,207.3703,235.63527,234.38692,153.09064,235.42392,255.3382,236.07117,216.2758,220.45712,230.33914,154.999,273.82263,202.52444,248.3222,203.83524,242.55313,193.12308,207.90039,191.8996,227.45062,211.84149,196.92105,221.5306,204.51369,194.10461,220.62737,245.75327,124.39838,289.4343,185.26799,255.43768,207.67451,270.48254,231.98767
2083,139.71388,145.53531,197.64742,259.18158,263.8936,115.62595,261.37933,247.02115,254.10498,223.54272,132.22858,250.14914,233.8947,190.9137,250.24973,273.28888,191.16022,258.39484,124.22755,155.51108,215.67581,239.22363,262.07928,275.3218,271.31418,153.77345,126.42072,215.21169,273.068,168.17543,190.647,183.77844,239.63474,234.99066,204.8558,212.93315,200.45212,258.50812,143.24371,162.0899,185.9844,30.820147,198.2053,197.30641,249.56152,258.11975,87.9784,124.49212,279.8383,125.501686,240.13628,258.06195,274.05835,250.88855,201.36302,253.22917,151.90637,179.4314,232.3136,113.91333,211.1915,184.46487,229.18658,212.91223,175.30908,119.044205,248.80225,244.23349,215.59213,143.91891,154.69894,247.41629,259.98178,263.12292,242.11691,232.42197,148.92484,244.04817,271.30835,183.64432,152.74408,159.04446,234.01407,233.0703,199.04971,155.70224,255.59871,266.98602,216.79507,278.60815,191.39261,178.84317,234.82465,236.88538,255.97491,227.92728,186.86452,191.2167,249.96506,124.45787,276.64484,259.94775,184.17934,248.54163,144.7346,250.40964,251.58334,134.933,234.65697,239.09673,132.7634,254.52399,198.99203,258.35834,41.965816,216.77678,189.61307,203.99118,144.34877,172.14061,189.2463,179.95236,186.45201,123.282166,251.22476,132.32724,194.04742,268.3916,227.35083,248.98428,217.53143,220.49142,262.41873,263.93683,83.54552,267.15952,266.67828,228.23128,244.90833,243.51474,213.45795,100.6224,122.70865,210.83363,128.56313,220.48341,248.17686,141.7743,187.40913,161.39885,224.08966,239.20573,83.04351,196.05664,249.95422,203.77475,225.26936,261.5141,226.40613,262.86948,171.1,237.23029,214.77115,224.52533,236.24652
2085,143.61823,135.47017,201.25499,242.69348,235.77307,100.49794,227.67615,208.5177,245.50117,201.09497,128.5221,218.30353,205.375,155.3085,221.21056,243.13687,158.65004,228.44522,128.3247,145.47356,156.9451,220.67351,206.56992,262.8174,240.30394,156.2918,169.2472,163.53928,259.30566,176.13956,153.42273,147.78447,213.8184,227.2875,193.74765,173.95769,206.53552,219.02335,98.225204,123.79319,158.71725,33.248398,177.49985,173.31241,217.0007,224.67645,147.99873,97.80597,264.2651,134.79446,196.47403,226.6201,250.40181,211.79626,161.9171,218.36496,138.23392,159.34679,231.96085,110.006,196.68343,159.86313,192.10828,177.81964,161.22958,83.09545,229.78043,228.46664,180.08961,138.93063,130.62094,229.11772,230.38339,219.55106,186.80887,208.52115,123.89623,212.37367,232.23013,140.63309,149.55638,178.15634,225.64932,211.59842,178.7563,181.47408,212.64401,243.45451,169.38872,241.10721,174.76181,178.38983,205.91498,207.31659,208.5669,166.07166,161.49878,208.87361,253.19241,132.14523,250.88943,235.4075,136.40648,244.77756,141.14865,203.08089,245.82086,117.10919,204.55719,189.60876,113.305435,217.27539,178.0777,238.44328,121.79763,173.44937,163.95273,195.40106,128.34953,134.67459,167.12784,184.97379,177.71439,134.52365,229.23425,127.58684,169.94034,248.07516,207.69269,206.68456,160.30734,173.77779,225.61444,230.2973,92.25481,242.7002,243.44417,218.80356,208.9668,205.3164,175.09512,97.59526,185.58182,167.39421,179.76122,169.43015,216.65878,140.60591,150.13141,103.81865,193.76205,198.32376,115.078995,171.4791,201.03836,145.7469,189.75044,239.58188,193.24284,264.6977,151.74332,237.02148,162.8667,238.3787,195.79887
2086,145.1854,122.8062,195.33649,250.68483,256.7577,91.674515,252.65164,236.31206,253.91223,211.65646,110.21211,237.86551,226.14023,167.21269,239.87576,266.70013,190.46744,248.01416,116.45764,138.69589,199.03638,231.25868,251.36159,269.21548,263.67468,140.47986,140.52905,206.97974,267.9583,183.19836,173.9993,175.70706,225.4909,238.45293,206.09201,197.16418,202.70807,248.45493,132.83629,150.37555,173.19955,12.673733,193.07391,179.9086,239.30368,250.15628,104.46152,108.89241,275.57272,119.99718,220.75754,250.02386,266.31897,246.74957,188.68408,241.02328,140.73967,174.67941,234.42084,101.13236,207.6372,185.90353,218.2131,197.01971,168.22751,112.68709,243.32687,236.24307,203.85622,126.79817,144.82283,241.17523,251.05067,252.19781,227.7648,224.51788,130.84798,233.14868,264.0359,166.47125,149.09431,171.92548,230.74762,228.79895,203.76065,173.56064,246.75232,258.54343,203.95163,269.12686,189.23987,190.47067,224.0522,229.52151,244.02745,206.62328,163.69931,200.42584,248.27086,115.40728,272.362,252.91519,154.42319,245.66109,131.67448,234.27153,254.77252,116.675674,229.20724,227.64075,113.67146,244.57559,203.07855,249.25357,68.18966,201.19159,166.18228,193.01683,122.47853,146.36505,189.51099,171.60414,171.02823,125.58011,244.1347,141.39703,187.10353,262.42972,216.77838,237.24478,204.53099,207.7327,254.9289,253.84325,69.219666,258.77695,257.92657,223.65173,236.16551,235.41837,199.62544,78.93446,152.89552,195.05272,148.88437,204.82227,241.73389,126.086044,185.8044,146.36865,220.29008,225.9949,106.69712,189.0149,233.91513,174.8675,218.39432,252.99117,222.16145,263.54877,152.68979,240.53659,201.99448,232.17928,227.50665
2087,168.38615,139.67886,187.71863,227.21292,208.15451,115.291214,216.69586,205.25998,258.42264,194.30249,139.95398,206.85979,217.27328,150.789,210.20207,225.73439,188.44785,213.12035,151.67128,155.70653,156.00916,219.44205,167.08987,267.48734,228.16898,172.47653,183.07515,181.70023,249.63174,185.48376,171.53012,181.01514,207.45044,245.80377,222.9,183.66061,211.56116,205.18217,152.99539,150.11838,170.17984,56.390778,193.03226,190.49234,205.13449,227.41937,162.35579,135.79947,258.8718,160.99228,178.7557,223.16418,231.7164,205.6991,184.87608,219.29768,168.44629,195.67613,225.32806,137.3475,206.996,181.63997,211.26312,175.78006,181.23369,136.44968,217.60394,229.89459,200.1395,150.3129,184.44402,229.54321,226.20886,201.30559,190.43689,205.89908,145.7677,207.21317,201.78925,166.88728,178.85918,224.09174,215.38908,225.99399,203.83607,220.2934,209.58151,225.06042,186.76678,227.02567,204.9159,224.24835,179.27649,200.13666,185.78053,168.17924,154.09372,237.67723,244.45355,150.31628,244.47693,230.46277,181.0199,246.28621,163.9504,182.3887,256.841,136.44974,205.06659,187.18399,133.48468,204.55441,196.304,221.2778,153.66208,201.42172,149.85374,189.52075,150.16371,160.24615,207.35336,178.45778,165.41217,169.69766,215.81477,163.50638,183.05176,242.40082,219.22162,193.84479,171.04314,185.04529,219.00906,218.89447,100.53116,226.48889,242.16174,215.29953,206.33527,209.49188,203.29584,105.95894,224.162,188.97229,214.26141,190.24977,217.31761,153.40959,183.46997,155.17516,201.35384,200.6146,149.94162,190.8824,192.4541,169.36752,197.14473,232.50012,115.66305,272.43555,156.13846,240.24734,177.73526,249.22787,205.3176
2088,170.55696,131.36969,188.16837,230.6463,218.35672,106.71524,226.7492,219.20316,258.19724,195.49028,127.60846,215.26569,218.49178,148.83003,213.57861,231.90872,196.91446,217.80896,151.43214,150.28302,164.06271,217.46573,181.29765,265.0243,235.70505,164.55507,173.84988,195.90762,249.7474,187.15776,172.85715,198.00922,206.78954,246.01363,238.30876,190.00592,212.87613,210.41908,173.8498,153.06232,183.05391,39.700775,201.50493,186.6863,212.93733,230.78026,153.08527,142.31894,257.59393,155.28479,182.65771,225.75351,235.25462,215.03268,199.13199,222.5502,174.93289,206.41707,229.23105,133.9024,209.02066,188.36847,221.51996,178.20648,180.81508,159.07483,226.237,228.12788,204.6546,142.01799,194.00424,228.07474,230.30095,209.15897,203.55165,209.4991,145.35403,209.83163,213.02579,175.05356,181.33383,238.46786,214.4999,227.97055,220.91594,226.97592,213.72115,228.15698,191.95612,233.48727,227.53928,239.37883,198.46497,206.45258,195.5569,178.23047,154.6913,237.25105,244.16272,141.9074,248.47275,235.1423,185.00392,240.67361,161.50288,190.29292,254.5528,135.8141,211.73692,202.04082,132.75528,215.38496,200.81696,225.34695,143.66754,214.85913,152.73987,191.6502,147.4868,162.3477,220.70123,172.17117,169.02332,171.4758,231.16916,170.59448,193.8279,246.59717,213.92853,203.30542,183.94536,193.79196,225.04932,221.92397,86.43261,230.84116,243.76752,224.39713,218.57242,229.23488,213.36288,93.93012,219.8883,203.04364,210.41019,204.445,219.31073,145.74182,202.86621,179.54962,201.961,204.42776,152.82425,194.1166,198.89127,179.60056,208.14365,235.0875,140.01193,266.78693,149.95224,239.20502,190.51083,241.77768,210.06851
2090,179.09708,141.45517,151.85587,222.06831,197.81937,129.53282,209.19496,176.40605,277.08942,196.63297,161.2912,182.65074,240.03151,163.68497,225.17216,244.56503,224.85504,213.68474,162.281,179.99512,182.50095,240.27887,172.9206,285.08337,245.3309,177.6588,202.51762,219.1238,265.1244,217.358,191.00385,163.96703,217.07275,275.97925,203.08333,193.55325,194.73355,226.87074,196.19113,186.70424,136.42085,77.73064,185.11752,197.89885,204.45947,256.35864,165.92499,123.03096,278.50742,184.30551,189.35345,248.18929,244.55771,232.94455,207.5604,235.39444,147.05585,180.52255,215.44662,165.33928,197.23285,213.06912,242.60338,182.26814,197.60323,157.89737,210.71246,245.81274,213.6222,174.35396,217.46152,241.25601,238.05121,220.54008,184.84482,204.9455,169.33405,219.94125,207.34213,185.04132,176.57852,217.15419,229.07507,250.35498,213.26682,251.63943,240.2121,237.48807,219.76697,246.49503,186.3154,264.19614,142.29697,206.19246,203.52179,171.92279,150.95209,252.44644,218.32214,176.95906,267.92523,233.64166,208.23804,255.20454,165.05905,188.922,283.50726,152.92882,222.46474,204.71103,157.99693,195.57831,223.37833,204.76654,183.53424,228.3228,122.1268,154.49261,139.56409,153.57599,240.4923,168.73624,127.52971,171.93146,177.22739,207.83966,171.55273,250.03323,239.33539,210.48163,195.79688,209.5766,245.15424,240.0957,107.29451,232.77158,259.17767,190.35652,200.68765,186.81686,233.67503,126.42061,262.92957,174.13614,231.84985,190.55434,248.00076,168.85281,206.95847,184.9474,234.17322,211.63336,195.31088,207.21413,204.27386,179.99683,225.71762,234.18625,50.005135,287.77814,174.97455,258.95538,213.28038,264.2837,236.85843
2094,207.88322,170.81668,206.64348,259.2673,256.99036,146.5261,266.1381,260.0224,280.138,227.96367,157.40002,251.281,248.90474,183.46347,246.66364,268.82004,230.04312,254.4455,188.40894,178.34283,210.77982,242.42441,233.6152,286.64273,270.10297,194.95361,172.83452,238.10626,276.15765,214.12328,208.6584,232.64368,234.7846,265.64993,253.34686,228.80359,237.79323,248.67397,194.10072,189.91182,222.28604,45.87439,237.74756,211.8829,249.78668,264.69943,142.26163,182.00342,283.69043,185.60242,220.81023,257.97992,267.1715,255.55513,231.85403,255.58722,203.5162,231.17807,255.74504,169.89323,243.24449,222.71945,248.93999,214.43642,213.43086,189.27365,259.76492,250.39496,236.73553,175.52277,207.36984,254.98856,263.89243,250.9701,247.67441,241.00644,183.70625,244.33148,255.27634,212.1203,209.87363,232.79385,238.97603,256.24133,249.6543,226.98566,252.76245,260.0554,229.53491,273.21088,244.24278,245.29172,238.56699,241.62569,240.18553,224.79428,194.64352,239.79918,262.62982,165.71973,280.97107,267.24426,199.74489,261.13516,195.01001,234.21797,275.3039,181.12154,248.83875,245.09937,170.85461,257.22986,234.67776,255.53024,120.060486,240.39699,197.94638,222.55852,185.98029,190.90509,242.50827,189.60268,203.74733,198.20734,263.64093,197.9585,231.20743,275.3833,239.50793,244.67535,231.5795,234.19846,262.36475,258.00256,110.93317,262.48557,272.16174,250.20265,258.40295,267.6696,237.94832,125.22574,207.4384,237.26266,199.15268,241.5642,252.88393,181.41574,237.71246,208.72244,234.89981,240.46083,164.91104,231.66739,241.1685,211.14713,244.05717,264.57153,193.61789,283.55725,176.43317,262.33026,232.15897,254.7852,248.64545
2097,193.81534,172.1448,182.53215,247.2222,241.05174,157.1773,243.19547,211.68729,273.8264,217.93146,165.68326,217.7958,242.51419,198.17485,241.80539,263.7996,229.87732,246.27222,194.19223,186.87798,221.81192,239.3013,226.92627,280.62192,262.53772,181.69981,177.22522,236.98143,268.94843,230.92455,209.37213,184.90341,227.19495,264.38016,207.3264,221.64392,218.0699,249.04861,228.20573,223.19006,171.86475,100.42206,214.01877,195.70917,232.80585,263.32196,154.70503,149.97415,278.22784,190.65952,226.5492,253.544,261.09106,249.95782,241.62509,246.25873,167.14966,188.29935,239.97858,172.93866,218.64369,223.06993,249.53244,203.50647,206.84465,189.34662,244.0426,241.21918,220.0247,185.73047,235.61542,243.94162,253.83109,250.51677,211.12718,218.81201,190.81406,237.8047,246.00638,211.40419,182.67702,210.62024,232.85283,254.15103,221.74734,235.84052,255.56145,254.59006,233.75085,270.4394,204.25621,256.60416,203.33237,222.42184,239.79321,207.0351,192.49203,242.46304,246.00838,186.24237,273.8863,252.24658,237.1211,253.39256,197.58289,229.87415,271.5803,182.19653,242.47833,237.32408,186.77695,233.13507,223.98909,234.42271,151.51697,238.96603,183.14227,187.03842,165.72893,164.86752,247.85602,185.38586,175.71439,186.09659,217.89192,233.78069,197.64072,264.32657,240.96658,242.45966,236.55261,232.7105,260.89716,259.36075,126.27979,255.04044,266.70706,222.51617,233.18036,221.18037,246.02011,150.45642,241.5911,194.86295,208.85275,207.3691,252.44206,178.82729,230.92615,214.79327,236.83987,223.32263,203.06664,232.56522,234.79385,212.14954,238.24496,252.39455,140.64874,279.06836,189.78967,257.92352,241.31845,252.50325,251.88551
2099,111.385956,130.23654,181.37212,237.54382,232.75797,95.050514,216.4577,192.0673,224.25215,194.82274,125.034485,212.06119,191.79489,158.12242,222.59882,246.09782,130.48224,229.35115,96.06593,135.78615,155.24521,218.5006,213.86111,251.00458,239.69925,137.39822,140.46796,143.17767,258.17383,155.50885,141.77423,112.882355,216.38132,199.79478,152.36568,158.25798,177.69785,227.86728,57.524994,106.68357,126.48709,30.48865,148.01305,162.19635,209.77174,218.51175,119.025406,65.35819,264.48456,107.29341,208.13815,227.991,256.5056,206.61319,131.44116,215.28098,100.70882,121.04741,209.49599,85.774864,177.37022,136.45135,168.58743,177.11266,139.85251,35.974293,211.79752,222.18065,161.99002,129.06677,88.18101,224.6929,225.59111,226.27756,182.74495,201.737,107.1622,211.06699,239.09824,116.67555,112.46875,120.50557,225.92859,192.91757,139.54268,126.82778,218.4852,249.92032,156.9881,242.35783,127.47905,126.05804,176.96208,201.01315,214.92357,164.00972,153.86736,166.91794,237.51105,115.94548,247.90161,226.62073,112.05192,236.99792,112.681564,206.7349,225.17609,96.88587,192.87314,175.29715,94.183716,207.26526,158.65674,237.46637,76.37159,145.83908,151.75583,176.10701,108.10286,119.90962,127.58853,182.31158,157.73065,90.99536,203.29935,91.417244,143.55264,239.10486,198.18222,203.53746,145.76862,159.9555,226.8714,236.90536,89.246574,245.24924,236.62225,188.40846,191.38654,177.53818,149.06665,96.89241,134.82205,142.87914,127.74245,149.32019,215.71783,126.231735,113.522415,66.01546,190.34105,199.52467,73.96051,149.15771,205.19516,127.8551,169.7399,233.9357,176.2936,246.95874,152.6646,221.49854,144.17094,217.43591,185.77786
2100,156.23001,166.25447,181.96402,256.38574,257.0664,140.63644,252.1018,214.08234,264.78848,224.2198,157.20572,224.53944,238.04099,204.23792,252.28297,278.64594,207.36475,257.3584,154.259,179.7488,230.8343,243.61061,257.71655,279.1516,270.7732,164.47961,152.75168,224.81418,276.82758,209.04385,200.57126,157.82211,235.82599,249.21243,176.86835,215.2966,205.72763,263.57684,170.65427,202.57129,158.47385,77.665665,196.74394,189.70195,242.33939,267.41208,119.86389,114.44986,284.69324,155.31929,243.01302,261.15042,275.31427,257.89505,218.01868,249.56134,136.08336,157.90633,236.90308,139.8019,209.22528,204.8052,235.98425,207.854,188.45084,129.70819,249.37134,242.61841,209.64957,173.32864,182.22015,247.91196,260.51047,268.3329,214.26212,222.22583,170.49408,245.3973,268.27527,191.12943,149.76465,152.69266,239.48352,246.46466,193.58551,180.47266,265.35736,268.59137,228.61696,285.0542,168.40277,199.12578,210.87683,229.1489,259.89777,213.69801,195.54918,206.5003,246.03268,164.60022,281.6879,257.70282,201.23967,254.29962,166.18213,247.84479,264.042,157.82741,245.17966,241.45477,163.26352,243.4721,210.21252,246.0202,90.5314,216.8359,189.66748,188.33289,147.26167,152.3607,207.49454,186.13287,179.99773,136.48784,220.23926,184.32657,184.37067,267.81213,239.01385,252.54904,231.36699,228.36447,269.48172,271.0176,112.29587,266.00113,271.16223,216.8924,235.17206,215.28055,225.0462,137.12158,170.2096,181.37875,155.9245,196.3601,258.7989,163.85693,196.4178,166.92299,240.12935,228.75594,137.39517,214.48883,247.81165,198.48871,231.36203,257.66217,180.52246,271.58966,189.94783,254.50023,230.95581,239.97409,250.6201
2101,218.01636,164.09778,200.62099,249.9125,245.97879,154.94847,255.17804,253.49156,275.39664,217.96251,155.26857,243.24628,244.38132,177.55696,240.65317,264.7965,238.1211,245.73027,198.96156,175.81387,211.41241,239.18747,223.70476,281.34937,266.7448,193.008,183.04028,245.91087,270.98462,226.20474,206.52045,244.3982,229.0528,266.7733,263.5568,224.3179,228.21762,247.556,228.43365,197.80727,220.61389,55.005966,233.9539,207.94876,239.9479,263.50467,164.02214,201.1983,280.0309,191.71962,216.00641,256.9488,263.1005,254.37578,237.10637,250.96054,212.93187,239.48993,245.74518,182.13934,235.03728,229.23915,254.1322,210.75055,211.76013,219.88852,247.79977,245.07645,235.48744,174.23273,227.1229,247.92255,257.02917,248.14212,251.94453,234.52621,186.69632,238.28369,249.27264,215.18188,216.69145,258.6372,235.8772,252.54756,257.25018,247.488,255.13812,255.919,232.90152,268.09573,258.61475,271.43396,220.76416,235.46387,236.08322,225.2809,184.8797,250.67154,256.80194,168.02219,277.66107,258.4762,213.22293,253.92322,197.72058,225.62805,273.38483,189.5224,243.29594,242.20683,177.566,246.19717,236.9182,245.96269,158.24997,250.04797,180.9725,208.19603,190.31885,197.75002,257.57538,188.42538,186.13696,214.413,251.72543,222.02663,230.1428,268.74396,232.17122,239.68497,234.87602,234.54935,260.94974,255.99745,123.99673,256.6157,266.08328,239.68314,250.12845,264.47412,246.31453,134.3215,247.3083,242.81444,220.69371,248.32747,254.69635,181.67673,252.60822,239.32968,236.9462,238.5147,201.97388,227.9,236.58328,218.75536,243.31133,256.41058,162.2453,279.48663,173.7262,259.40567,237.50438,254.22939,247.8918
2103,174.84906,145.58505,166.58888,248.67734,242.16426,122.70839,251.19894,226.36768,273.26315,218.6589,139.13243,226.22206,239.41846,180.86896,245.05966,268.6355,215.45137,246.37192,152.76648,165.97748,211.42905,239.80167,234.17456,282.11633,267.43607,168.73865,172.96115,225.41562,273.92178,213.13992,195.28494,191.36945,232.83252,257.47873,217.19443,211.00284,208.32841,251.34715,177.23122,180.975,173.08345,49.047714,207.85706,197.57434,240.27908,260.93518,138.48293,137.92093,282.1261,159.12714,223.00635,255.51224,267.66278,253.37427,216.44083,250.2085,162.35193,193.01767,238.08865,141.3083,217.2243,210.74,240.78354,205.14273,193.65247,155.48714,243.12149,245.1377,221.90671,156.84494,190.1752,251.13174,259.01874,253.53102,228.41687,228.86154,162.69524,240.534,254.43471,191.49913,176.42087,204.46404,236.05843,248.73186,225.31671,216.19809,253.16876,260.25708,220.8884,274.32318,204.22076,229.6501,196.52473,233.77115,241.97641,214.58194,175.74013,231.969,237.30368,151.93457,278.50183,258.85208,191.52286,257.17047,165.04932,233.07883,268.9182,150.02138,242.17102,238.35793,151.06995,241.09998,222.6287,240.04855,126.385086,226.82632,163.6778,185.36395,150.70117,167.02768,226.236,176.29788,160.745,162.81117,221.77301,187.69339,199.32324,267.07822,232.24756,241.72867,222.88806,224.46281,261.6961,259.45453,92.46504,259.68445,269.44537,216.6618,239.8056,231.7272,227.29417,113.808136,207.51083,203.99297,196.09447,218.23138,247.68076,156.46991,217.18048,183.62866,229.43573,234.3251,160.37762,210.5684,239.26807,199.06189,233.12039,256.32376,130.8923,279.0432,170.81393,257.9001,222.29086,250.96445,242.08139
2104,194.09604,157.94908,189.76387,256.41385,260.29068,133.43222,271.0501,261.56415,273.55423,229.03209,140.86058,251.54095,247.73074,195.81491,249.54874,272.894,236.84818,258.3323,173.62848,171.01035,235.82556,238.41695,257.05966,279.87683,271.60065,176.05286,148.7468,251.29007,271.5623,211.51685,217.95697,235.24129,236.88187,259.06305,241.28458,235.50406,221.13376,258.22614,221.80371,209.33229,215.77173,36.588318,237.26186,210.84708,254.5605,267.23022,109.87879,179.28607,278.88013,169.31258,236.36325,258.63226,269.25275,262.68674,246.06528,257.7328,195.58554,224.79468,245.67264,155.14252,238.17685,228.08661,255.00063,220.51715,209.75229,201.37479,258.6103,244.01016,240.93497,163.04514,219.23909,252.12582,266.04614,263.662,259.10034,240.15698,185.93161,248.3869,267.24924,223.51254,197.29362,214.69135,233.46648,256.0609,245.16647,211.26346,261.31366,262.33032,241.93341,281.37744,235.59192,241.54187,237.50494,244.12097,255.49051,246.6929,197.49944,228.5849,249.74515,153.6441,279.7171,267.06805,222.7573,252.99612,188.26294,250.57079,267.55542,173.205,254.48035,261.76236,171.58214,264.25568,234.66385,253.52734,87.417175,250.1933,198.76999,208.50961,177.86195,197.85797,248.29633,179.70386,187.90381,183.73181,254.5658,205.75452,230.24695,271.3286,237.52177,254.3982,256.46957,247.80153,266.98578,263.64493,83.43512,263.76926,271.27405,239.75668,264.2348,268.51556,249.28741,107.48098,184.88965,242.19302,176.05756,251.43996,254.21838,162.82574,250.65558,234.21643,238.22171,247.93927,155.20607,234.18195,255.99292,233.96588,246.65852,262.41553,196.69902,273.57257,177.38089,254.68811,247.98294,241.54697,256.5381
2105,185.63394,155.17114,162.92902,228.52315,205.02765,144.32446,214.23096,178.33688,281.57874,204.28143,174.82693,187.37866,245.96893,178.17705,231.83842,251.01443,228.2681,222.31897,172.98605,191.95256,193.5675,246.58133,182.21814,289.25934,249.5563,185.85596,207.03586,222.07901,269.63684,227.038,200.03006,162.48346,223.15598,279.49872,199.18988,200.93866,203.75671,235.00511,197.96191,201.65523,139.10426,100.90813,190.27142,202.99124,209.52036,262.64728,169.65211,125.230194,283.4811,194.49458,200.49622,253.52269,250.5098,237.93134,212.97566,240.83221,147.22507,179.3959,222.8492,174.31766,204.11874,218.7166,244.2152,189.22308,205.61365,157.60062,217.36182,249.70895,216.88272,188.29413,222.86722,246.62613,243.74539,228.6752,186.59277,208.5169,179.97337,227.11967,214.00323,191.76804,178.49805,211.44731,235.06177,256.40717,211.16376,250.78989,248.34738,243.6276,227.10843,253.68265,182.13258,260.76337,148.39133,209.66698,212.17911,177.26715,162.9199,254.51903,227.16635,191.71603,272.0786,238.75296,216.056,261.34155,175.65805,197.13548,287.57922,162.82834,228.97305,208.89406,169.44347,200.89494,227.43953,210.43456,181.5133,228.30351,135.55426,161.94955,146.57317,155.95224,241.32162,177.64143,138.66656,175.51018,180.74374,217.36188,173.84183,254.84775,248.78764,217.43015,203.87186,215.95296,251.86914,248.5964,125.64586,238.65506,264.4094,196.3845,204.5416,186.75914,236.12752,145.31575,262.26117,173.62698,230.99718,189.729,255.3428,179.13878,207.66408,183.96918,242.1824,215.89369,201.43141,217.59842,211.98871,184.39511,229.2059,239.9543,59.85759,293.0041,189.33836,265.27203,219.6507,270.35718,244.98604
2106,103.16131,106.49713,135.86807,215.19472,200.08691,85.99559,201.18216,172.0774,229.00632,174.38893,108.94606,183.9515,191.55405,137.4559,210.54976,231.73898,148.61102,207.81802,83.34267,121.49328,153.77809,212.04935,185.297,249.3959,226.47974,120.3123,131.83437,156.3752,250.67972,152.98465,142.77994,120.123566,205.36658,205.21112,152.17822,150.72961,154.0655,216.13599,92.70772,121.090744,107.25548,43.160713,141.77283,153.06389,194.4115,218.08344,98.36064,70.468765,257.10623,99.995125,191.37257,222.28947,242.36845,204.38864,144.81435,209.54321,96.59209,126.87407,188.15585,85.02494,163.94505,148.8245,181.73631,156.76442,133.13287,62.41144,193.81721,218.26227,168.21255,114.39524,115.41556,219.82259,219.3406,214.2172,173.55931,187.46239,102.22176,201.07693,214.6864,125.143425,107.9279,125.56647,213.48138,200.65762,146.61139,137.72691,212.03116,235.61551,166.59727,231.80725,126.31148,144.92972,136.54755,187.33308,197.46582,160.82703,124.293335,171.86676,204.85614,105.592575,241.78894,217.23694,137.157,231.52567,100.67765,188.33435,226.53186,87.92012,190.65591,177.63428,90.46286,189.74255,164.46906,209.37949,75.57716,163.75153,111.83467,137.92882,95.48872,116.7021,152.45883,150.88647,112.25155,91.58823,169.68242,109.852036,134.64279,224.86111,197.43497,189.52635,155.99677,166.90527,218.62875,224.5672,72.09452,226.56947,235.01468,163.99562,181.80176,165.1258,169.6702,86.92131,139.94417,144.45352,133.14082,155.94638,210.08435,111.74924,133.40338,95.922005,190.53761,194.95883,85.48273,148.59195,196.38861,139.9205,171.9486,218.18597,94.56648,243.96094,135.31299,220.0502,155.04066,212.24915,190.43013
2107,112.05499,116.457596,176.47021,254.4415,251.77924,83.02806,235.17023,193.12497,253.12955,201.7915,113.63143,210.82312,217.82245,160.18329,241.15872,271.43182,167.53549,245.12946,95.58775,132.21414,184.75595,238.00938,241.27701,273.95398,262.08423,123.163376,140.57205,184.85664,276.45148,177.77081,152.97249,118.943115,222.02457,236.37602,159.47989,177.19238,184.13606,248.52585,101.20527,142.25687,122.50319,28.38289,160.94394,158.4992,226.96982,249.8176,103.49326,57.304634,282.72314,104.29269,219.50305,249.9703,271.91,238.84903,172.56122,232.41318,94.65958,125.69809,226.8086,81.116165,182.15298,162.40015,206.69765,177.5292,144.22488,63.318474,237.76065,237.1094,178.35745,122.55495,124.57571,238.38927,246.15417,250.31747,186.53993,206.88531,109.14646,227.26288,260.91586,139.07846,112.33366,130.25534,240.80275,224.29362,166.72159,157.75537,245.60797,265.353,188.59845,269.70605,140.81401,170.88138,191.86577,213.4711,241.49448,172.59874,149.25807,192.2665,242.87292,111.0641,273.96454,246.02199,140.5346,252.02219,109.44063,224.56226,255.75842,94.06923,221.14493,209.35104,96.06363,223.79999,179.95555,242.71832,69.04999,179.66928,143.45511,165.72113,92.72309,108.37985,166.02562,174.07922,147.62619,90.78652,208.38766,124.48396,149.445,263.11713,218.08636,232.5573,181.08698,189.01498,255.11536,259.12363,77.68127,262.71313,261.22437,204.92416,211.5446,191.2702,186.36908,87.824905,149.71011,148.4296,137.16026,161.76186,245.32709,116.12918,148.5596,102.021255,220.7811,205.52914,88.011215,172.43922,219.99672,145.98196,206.65302,251.48694,175.25832,267.34268,149.65912,248.14072,187.36053,235.04105,220.16461
2108,199.98212,145.16675,198.9865,242.8604,234.17068,119.68117,243.99042,244.86752,272.75247,206.76276,138.33517,234.86885,236.59033,154.1727,225.95488,245.3651,223.0149,232.17975,172.57053,158.92145,179.83807,230.12738,194.83899,278.22296,252.31111,180.68831,176.0379,223.9448,261.29822,203.12558,189.1005,233.04031,215.681,264.74246,261.90884,210.8194,227.3775,223.08333,200.98306,170.51422,212.20372,24.843382,225.45227,200.07054,227.4349,248.34091,147.5465,174.7614,270.49615,173.40692,190.59831,241.24176,245.47614,234.26376,219.36472,238.57326,200.32422,233.6796,242.67636,153.56009,229.25029,211.00021,240.39682,194.0823,200.08148,195.03833,240.89557,240.4206,225.3057,155.90092,212.19124,239.70357,245.26193,221.66463,233.84232,226.36649,165.30386,224.42586,226.92839,198.1545,206.32834,253.1972,225.89313,243.57195,249.81705,242.86693,230.82094,238.35806,213.05087,246.84592,252.04459,264.3063,213.53938,223.65594,209.14595,200.90308,167.74905,248.64198,256.1795,150.1214,264.2351,249.83943,195.29227,251.0291,180.6817,203.05434,271.83664,159.65591,228.512,221.13287,151.10684,233.6096,223.637,238.64867,138.56335,235.85889,168.12656,206.93237,169.50574,183.95703,244.39821,180.00941,182.88011,195.49207,249.65408,194.1223,219.9555,262.7149,224.4367,220.37573,207.21072,214.75766,241.97049,235.55634,88.015274,243.4717,256.32898,238.71307,238.74652,256.08322,231.03725,97.074005,234.15686,232.54306,213.73259,233.98105,237.66585,160.4603,233.49321,213.26712,219.55891,221.70013,174.76901,214.75136,214.24503,198.86325,230.37215,249.18085,154.00708,279.64813,153.11386,252.79604,214.0786,253.78737,229.3885
2110,164.33725,140.63826,145.52882,239.66028,232.47375,121.81463,240.42967,204.62799,267.78564,213.5734,138.80516,208.75954,236.13907,181.71292,243.59218,268.12134,214.5261,241.19832,143.98856,165.58812,214.57239,239.29117,232.40218,277.24078,263.25668,158.32806,158.26483,225.76907,272.56348,211.33391,194.72325,169.53525,229.85892,251.31961,187.75928,204.71075,192.01642,252.81717,176.39911,188.47943,149.08157,52.392006,194.24646,190.31119,232.33388,261.3847,113.63788,122.5433,280.8697,153.50653,223.50293,255.26358,266.59457,254.2893,213.47295,245.36063,139.80566,170.33173,222.84062,138.83243,206.12183,210.61676,237.00357,199.45447,188.36238,144.07875,232.96466,242.46063,214.3034,156.8861,185.59003,248.11356,255.73438,255.1475,213.26364,220.49734,160.91579,238.04166,251.2063,186.79715,158.30261,170.04578,234.4151,247.81297,206.77394,197.96263,255.31586,259.07007,223.13062,273.8907,172.97166,215.63828,174.21732,226.12216,242.66737,206.93631,170.92557,214.19016,219.50388,152.32755,277.24158,251.63316,188.85902,252.59766,155.37808,229.61176,264.01947,146.09694,240.97002,236.21452,150.20862,230.51859,219.20364,228.034,103.731064,220.26495,153.96902,165.80338,139.14656,154.15437,221.6525,169.6068,143.98695,147.23264,196.96547,189.55786,185.46031,258.30072,233.26344,238.51208,225.6352,224.69138,261.74402,259.96674,88.47755,254.14513,267.2392,196.89737,228.11502,208.81924,225.93243,115.16333,189.3544,184.41516,171.71216,202.26187,249.38916,150.82076,209.5303,175.83638,232.95508,229.2619,154.39793,208.23515,236.97961,189.75124,230.03778,247.73186,111.99718,270.99182,173.45816,254.85315,224.4989,240.46533,244.81079
2111,153.76791,139.86966,209.99599,255.5617,249.89635,100.289345,234.8642,215.51181,255.1217,207.53488,133.24573,227.1188,213.45432,152.87427,229.49295,256.29434,158.45529,240.81586,130.7583,147.511,154.12589,229.95926,213.9921,273.5829,253.55554,161.9987,174.82703,164.7916,271.64444,182.49077,147.9123,146.87656,215.95569,238.50867,203.56277,175.25404,216.48256,227.78616,82.02485,117.141304,159.67845,19.264093,180.27472,170.33144,223.73857,231.88918,154.21945,89.3091,278.22314,138.47653,197.7365,235.83206,260.61578,220.68828,155.70836,226.11935,132.12958,159.69913,245.50209,108.246475,205.87173,158.11545,189.34792,183.02332,161.92746,74.02779,239.49692,237.13379,179.39099,144.08955,118.52153,237.7449,238.26257,225.69714,193.2781,217.97192,118.64821,218.49832,243.81,134.09184,151.38992,184.39377,239.43567,215.83662,186.40237,188.61127,222.71405,253.34372,167.38837,249.23071,176.08597,183.62451,207.04393,216.52847,215.29703,161.62796,166.82097,215.96927,266.7313,130.1758,263.25977,244.74121,116.80005,255.90753,137.55835,206.19008,258.35175,118.01358,210.26901,187.70662,105.52524,223.72717,184.27519,249.98663,123.58518,166.176,169.057,203.67715,124.61496,122.05907,162.84764,195.8151,186.76054,132.75427,236.81915,121.67453,172.84949,264.65012,211.58005,214.61295,156.64078,171.79233,238.47491,241.34161,96.14407,256.1448,250.75494,227.03888,213.61646,210.91284,166.04446,95.887955,192.5212,164.59578,182.89622,167.78554,228.56801,145.40614,147.60864,92.08237,202.28929,202.32437,111.743454,175.46442,203.32516,130.3028,196.02103,252.65146,187.10172,279.16232,150.20605,249.24841,161.49532,253.406,200.56433
2114,157.23975,139.1872,181.7987,250.43987,241.19565,118.543274,250.66669,230.08759,275.86774,213.31805,135.27417,226.76247,242.13782,174.85388,239.47043,260.07776,221.0278,241.46477,148.22812,156.03694,204.71971,237.39821,218.59335,284.8181,262.38116,160.00352,151.00728,234.90659,270.89502,177.94798,196.39136,208.28194,229.51874,263.07013,241.62112,216.3058,207.96893,240.87473,223.57416,186.23943,184.54257,69.1875,211.27106,198.76219,237.83737,259.41467,113.193695,146.75278,278.69568,150.91917,216.04889,251.51999,260.12152,245.76395,237.24677,248.5707,176.82921,209.11748,238.8529,134.8305,213.03886,203.14375,255.7225,197.0938,186.02252,181.23965,247.2399,245.24944,227.31921,145.24606,227.49844,246.84195,255.64311,242.79697,225.86041,224.52231,158.82974,236.20303,244.02145,204.15967,179.78714,224.97635,232.5203,250.76274,237.08102,216.78181,245.52716,253.03217,226.08833,265.3886,239.17111,253.98877,211.26978,228.08246,230.1814,213.33807,168.50983,238.58003,249.39354,137.7012,274.3031,257.95828,240.94467,255.86751,164.12498,224.73814,270.17615,144.87369,238.13829,239.46631,146.30466,239.18736,212.86043,241.28235,84.00354,252.57193,159.71442,188.38824,151.95328,176.80676,244.0202,177.11493,163.19733,161.68909,236.14485,170.10202,201.60104,269.59372,233.97574,236.71454,224.13997,227.07089,255.3687,250.22841,93.34831,255.35675,268.31653,232.85236,242.42795,246.32898,251.5051,107.57176,173.22101,220.66803,178.95338,230.65677,244.48029,147.73322,229.52118,227.94073,227.01285,227.98082,116.824295,211.4685,232.78351,224.98596,237.78935,256.12207,140.9904,280.35663,161.84491,252.06223,232.3858,245.68015,242.00961
2115,124.82152,142.8519,201.49611,245.37332,236.44295,107.21848,227.31142,207.99568,239.1748,203.48,136.17235,220.2152,203.65729,162.59747,220.94667,238.6007,145.91742,229.81226,121.20592,144.55151,153.23349,220.06924,205.61322,261.93237,236.98843,154.49512,148.91333,157.09895,256.64044,145.24332,153.40463,141.60013,217.24109,217.64847,183.15955,176.90118,199.23645,214.73065,87.17385,115.68112,159.10635,37.710236,171.72945,177.05069,217.55606,220.26724,120.898224,95.27431,260.08658,127.65924,200.85277,222.43399,247.71918,204.03918,161.81445,218.01419,136.52328,152.09045,226.41643,104.3266,191.30469,144.26624,189.62912,179.20377,155.30502,72.21857,230.26236,229.7814,178.2752,139.29094,124.84091,227.05498,229.46182,216.16489,183.51273,207.87933,121.31794,212.5874,229.1305,141.74754,141.48877,152.80331,223.21666,206.19598,163.76059,153.73318,206.26312,242.10999,165.56082,237.49185,167.25366,157.44824,211.3031,204.22144,206.58066,167.52347,167.87411,192.97906,252.12836,125.99239,244.64221,234.4054,144.04715,243.1988,138.22484,206.34848,236.53586,115.740204,199.06677,186.74072,108.89607,217.41278,161.15967,240.79259,77.21042,174.20468,171.96732,197.4013,130.5325,142.78766,153.42151,190.83719,181.32062,119.97936,229.47455,98.13161,165.13986,246.07623,209.72935,206.80988,155.10149,171.12231,220.26543,227.49565,97.710236,242.04486,242.34175,218.8755,207.551,202.6582,173.2799,103.30583,137.16599,169.26193,147.03731,168.43384,211.06311,141.23892,136.70593,98.29936,185.12862,196.4073,68.44914,167.38281,201.16696,152.66357,186.25873,239.96722,200.4826,259.971,154.39499,227.34819,159.94916,226.03387,190.9935
2116,193.25627,173.0968,197.99948,256.61084,258.3636,148.1531,264.78415,254.06628,269.65625,228.4675,156.2642,250.09843,241.82576,195.93982,248.97809,272.7384,217.83286,257.2322,176.37018,179.07535,222.15137,239.3277,250.97409,279.265,269.8411,186.8865,162.54234,228.95181,273.61646,216.67729,208.77145,212.80136,236.99527,252.8031,228.05807,223.85143,225.57669,256.56195,177.4282,193.31781,207.15256,53.049393,226.90921,207.98512,249.79262,262.6618,131.94853,166.73996,280.97287,173.70596,234.26297,257.57642,270.62045,256.0552,220.22452,254.43655,184.01166,209.13983,246.53687,160.3147,235.45454,216.20665,237.63116,218.51733,206.97827,164.95615,253.86969,244.36584,228.83136,175.20358,189.09547,251.90802,262.8274,260.5808,248.27681,237.56256,181.26874,245.72018,263.84436,203.9449,190.74176,202.30789,236.07623,248.69212,227.70508,203.13504,257.15283,263.50916,227.29349,278.63983,215.5168,219.409,232.2334,240.02264,251.55557,232.20375,199.71622,221.02676,254.42929,165.4798,279.11554,263.83502,193.90265,255.05502,187.10373,245.04588,265.9898,175.69296,246.80424,245.44135,170.84131,257.47955,227.86937,254.65698,109.51533,225.88602,202.25531,215.35956,179.75912,185.96622,223.93774,184.40353,198.57697,178.27612,253.52625,192.9279,219.59726,269.62286,235.82364,247.48656,234.05997,232.17429,264.05048,262.9338,110.26808,263.5339,269.22263,236.0721,253.58035,254.2692,225.99316,130.29665,193.755,223.80577,180.27826,232.15126,251.8103,176.4523,221.96313,189.26898,234.07986,242.83635,161.69601,224.32516,249.80348,208.79108,234.50592,261.51654,203.2163,274.18134,183.80765,255.28282,226.95361,245.09319,247.17276
2117,115.549164,109.50699,166.94882,237.27148,224.48808,85.55945,225.08752,203.4696,248.50818,187.95953,108.79414,209.0307,208.7538,140.38086,220.3343,239.77942,162.9978,223.43599,95.97833,120.118225,156.81763,221.88623,195.58821,267.4402,241.76915,129.62997,140.73235,174.41833,260.48,149.82199,150.13396,152.74173,213.58412,226.42696,196.58075,169.96222,177.8675,218.26581,112.183136,118.99487,137.18439,32.55117,164.76653,164.14026,214.3279,228.43231,108.119316,87.019455,265.83014,106.96715,192.68271,229.6395,248.60156,215.32353,169.23697,223.41751,120.9443,158.74765,215.7446,89.12386,181.63364,157.09256,204.69626,167.3229,143.35497,90.21796,221.45065,232.10422,185.9147,113.03989,137.759,231.11166,233.78593,218.36954,194.1979,204.1295,106.01198,212.6464,226.87718,142.21469,128.77287,167.56323,222.71991,215.00697,181.6994,165.41351,214.45477,241.7562,175.8963,240.60211,175.5065,176.94168,178.2471,204.74362,204.07416,173.17937,132.77255,201.21179,235.29605,101.336784,252.71242,236.92825,153.17056,245.28983,112.3297,200.16411,243.52237,95.64415,203.96164,195.28885,92.24493,212.64444,174.01157,230.26239,75.83627,191.19263,126.11522,160.4407,106.33128,130.90202,174.26895,161.55188,133.54704,108.4089,211.03207,108.9536,156.3616,248.62294,206.98547,206.77307,166.3906,179.45126,227.566,229.53438,75.87173,241.62592,248.06306,201.6716,207.68668,204.67523,189.10121,81.544464,145.6779,175.1917,153.11621,183.01257,215.80399,117.474976,158.29222,124.263306,192.77599,203.81018,79.914375,163.40799,203.83841,160.01558,194.20361,238.77988,127.96149,263.2528,134.1003,232.32642,170.98769,228.86667,199.57668
2119,159.75005,148.27124,182.76364,222.1369,203.48029,125.62194,213.04108,204.83412,244.73784,195.58173,147.53174,205.22171,208.17648,155.21124,205.12996,216.00888,172.37082,209.1596,150.2644,155.3016,150.35718,211.5316,165.2508,255.56476,219.59164,176.1933,174.66339,170.75714,240.53952,162.74011,169.68842,178.89595,208.35959,226.34238,215.8504,182.03452,204.36256,197.0344,137.85115,135.10883,173.35751,64.58292,187.42317,193.33664,203.03558,214.25995,155.00302,141.24603,247.09567,159.27301,180.11545,211.58472,224.92938,195.67474,178.74886,212.98267,172.53395,191.70538,219.08957,139.85121,201.00505,169.97699,202.11098,177.04622,178.10037,128.93246,212.19843,225.60243,196.2986,154.2818,171.78726,223.96176,220.28278,194.94507,187.0061,205.4913,145.48477,203.48016,196.14163,164.80487,177.39789,209.34387,211.02013,214.4867,193.42279,196.71033,195.67514,219.64294,176.61682,217.67825,201.371,197.15921,180.5392,198.03305,180.5473,170.83148,160.67706,221.9896,235.78366,147.89017,231.07112,225.01678,176.49756,239.54654,164.46594,183.52097,237.88458,140.64865,196.98975,182.48193,134.12512,202.25035,181.74168,217.04324,130.46594,196.075,156.59238,190.55017,157.31024,170.59187,190.75058,182.75528,167.02127,165.7661,211.46974,137.54031,182.20764,231.57251,213.11833,189.4838,163.41922,179.34978,206.90721,210.13142,109.76366,220.17987,232.79065,209.46216,203.4488,205.58984,193.71405,117.252686,185.95395,191.14212,196.83473,189.44382,203.20673,159.03592,171.71223,147.63548,185.29181,198.83563,117.72877,182.83426,189.4589,171.46378,188.9989,224.84613,115.85464,260.2735,157.95584,227.79707,168.35016,235.18954,193.17023
2120,216.4545,171.66017,182.04988,247.37773,241.8624,163.57837,254.01907,240.6646,275.93597,223.33096,163.07896,235.95964,249.65065,198.28795,246.97281,266.5487,242.44838,249.60378,202.9974,186.69792,229.19962,241.22913,230.87997,281.43246,269.8628,191.59546,180.04431,251.25055,270.1127,233.53809,220.21771,228.3251,236.37714,264.10648,247.08379,232.91687,220.89111,254.61688,244.80759,218.7353,205.3706,77.04037,232.3988,212.94829,241.96652,266.88892,160.17639,190.02197,279.83844,198.28348,230.85136,259.71298,265.07004,257.46494,249.34622,257.51288,201.06763,226.3307,241.29582,187.60985,232.80879,235.06815,259.35706,218.18321,219.22224,224.65373,244.45348,247.00958,239.52066,184.72607,244.03468,251.1268,261.34308,255.52365,244.79117,233.53622,201.26175,244.76349,251.03288,227.08823,210.00877,249.2545,233.85748,257.86978,250.60481,247.48648,261.4308,258.46582,242.788,274.21613,244.74475,271.36725,210.25992,236.48105,244.5606,231.8227,194.65887,248.69072,242.54446,181.78307,277.98053,259.3858,239.06883,253.98654,205.31232,236.67554,269.94214,196.89108,248.8359,249.59567,194.66473,245.33041,239.05191,240.8162,162.86447,256.83124,183.15428,195.89859,186.47581,195.88174,262.88654,182.20883,173.32236,210.82764,235.70331,238.16788,223.00223,267.68683,240.98114,247.20609,249.12003,245.0486,265.96417,262.422,118.54694,258.22696,269.8241,229.16757,248.89993,251.3653,255.4432,146.40952,251.76886,231.30962,221.2667,242.74757,255.04497,185.0348,256.03238,246.73132,239.77713,243.29387,214.67436,238.12239,247.2029,232.04071,246.95999,256.96393,131.04129,277.5395,188.06168,256.54703,248.80057,252.06691,256.59952
2121,141.66318,133.63824,182.04425,244.82724,242.5777,104.66225,241.38287,223.94562,246.0568,206.51889,122.45757,228.10089,212.5868,165.98425,230.17987,250.98178,169.44531,238.62439,122.468475,140.73306,180.8988,222.66495,228.3635,262.39496,249.55048,149.08333,150.3811,181.70912,260.1082,174.75385,167.3537,167.31235,222.5069,222.95415,199.13611,186.97559,197.77652,232.61282,117.815094,137.98209,164.11475,34.7343,185.43951,179.61801,229.1745,232.76125,124.57388,111.65519,265.12488,126.74883,214.29901,233.89307,256.62482,225.517,179.19708,230.41699,143.26118,169.76593,228.66331,108.04109,200.56119,171.15875,204.42633,188.91075,164.66418,104.51279,234.2096,230.39247,194.55069,133.64322,141.01627,235.03172,241.3742,235.847,211.46727,216.32124,129.5182,223.60382,246.49408,157.69826,149.30199,173.19104,224.94511,218.12447,189.0876,169.56454,225.4129,249.99301,184.84662,254.06749,183.04999,174.68585,207.32947,217.64627,225.80545,195.14264,161.6019,200.26614,241.96011,124.09233,255.92303,244.65974,154.9827,243.56232,138.55792,223.05228,240.12653,120.02695,216.07661,211.21544,117.29614,232.11157,185.9169,242.34573,91.740074,190.29584,161.17365,186.46234,130.44583,149.93303,177.28287,175.82974,164.16614,131.75815,229.75238,132.57814,179.11499,251.22244,211.5727,222.31345,186.07544,192.40034,236.44008,240.78745,85.16019,249.91628,249.78647,214.54774,224.40762,220.84152,188.93835,97.79353,159.63028,187.2485,161.28049,193.34251,221.56544,135.9093,170.17538,130.56082,199.17496,216.1966,107.48721,179.90092,222.07053,171.64984,200.6801,244.98743,179.59389,258.9095,155.48132,233.97014,181.52095,228.50836,208.53943
2122,183.24072,140.50275,199.04404,236.47104,223.23123,112.77494,227.18622,212.39917,265.55743,199.19026,137.9206,212.99976,226.36069,155.01593,217.65753,234.46661,205.07274,222.8667,167.3051,159.82278,168.09344,223.91867,181.34279,271.49445,240.2996,172.87987,181.0914,203.06128,253.19217,199.67969,176.70459,188.92258,207.7389,255.96548,232.5328,197.50131,223.75336,212.40973,183.60518,166.74228,184.04724,43.85743,205.5603,185.88763,213.90802,237.01852,161.2351,141.67215,261.73087,169.44983,184.54202,229.80217,236.26201,218.78156,210.52739,225.1268,176.4148,202.54002,237.83957,144.20764,212.56363,195.66962,228.5304,178.27972,188.63177,167.56824,233.13293,234.01813,204.55888,154.71361,207.2878,230.34741,233.74117,210.81369,192.63222,209.10101,154.95656,213.17882,213.15756,181.80731,188.25896,239.53418,218.68887,235.62543,223.07475,241.49927,217.65204,230.11453,198.67111,236.15091,226.30795,252.82356,206.0093,206.02853,198.17154,170.20811,162.87695,246.91167,252.56145,156.084,251.87006,237.9105,190.95178,246.2489,173.68936,191.97519,263.0443,146.54324,216.42706,203.5293,144.1514,215.20013,204.12999,226.60628,158.25201,219.94019,162.2955,196.90436,151.44318,154.02649,229.4848,178.9056,180.31827,182.10732,232.72061,191.67212,193.65561,252.70795,222.79175,209.73001,188.44803,198.8234,229.5325,226.63098,91.20979,234.44113,248.32397,232.44223,218.56294,224.90332,219.50417,100.89131,242.53162,194.51294,221.20868,195.51459,226.69461,154.63522,207.24738,181.3184,208.80832,199.7008,174.56393,205.58435,197.77303,177.4725,216.99438,239.45894,141.39127,274.72113,156.1329,246.13727,200.80496,250.40552,217.96642
2123,128.1433,123.82976,165.10522,232.52856,227.29652,101.62352,232.50073,220.29117,237.587,195.89061,113.78279,219.84355,204.15088,156.85254,218.24371,235.29694,166.4183,225.76514,112.16758,129.33951,172.99112,211.97687,210.30962,253.06264,235.96622,138.53268,132.07512,178.59595,248.73679,152.35477,165.4063,175.76422,215.3482,212.49445,201.12292,181.19325,182.57677,218.03506,137.62141,136.60675,158.20518,44.062916,180.3021,175.72559,219.69418,221.7723,100.94051,115.42653,252.87756,116.84595,205.06694,221.72318,243.6742,212.73444,183.01346,221.84389,142.5564,173.62132,213.3461,102.95011,192.1909,164.83043,203.90872,179.34871,156.02866,116.321884,222.81042,222.60516,194.00314,122.03749,153.94458,226.31921,232.10342,222.51633,210.12302,208.50287,123.762985,214.46515,231.03076,159.34021,142.772,169.84586,213.20233,211.55188,185.13373,156.9808,211.1337,237.35335,181.68622,240.00754,187.3756,171.85277,194.29654,207.76477,210.31291,196.48102,149.54114,190.93777,227.63315,113.08926,242.46877,235.53183,177.33911,233.84274,132.50151,212.26846,228.26204,114.08231,206.80609,206.90674,112.208786,223.12932,176.53326,231.43126,67.21149,197.85246,147.88617,172.52763,130.4519,153.8443,181.17459,165.52231,147.12395,125.34598,219.53644,122.43004,173.24045,238.33386,204.68614,209.33931,185.38727,189.70386,221.84506,226.33891,76.80738,236.56442,240.58156,203.46237,218.20898,219.2909,196.27066,91.710846,135.96524,194.49771,144.28343,199.96797,207.76154,125.814224,174.1098,151.00261,187.39139,211.6246,86.644905,172.66776,215.07245,184.95515,192.16151,233.37466,159.44095,247.69386,146.15663,221.79904,178.47324,213.43,199.92438
2126,150.5824,166.07968,180.15155,247.23679,249.83691,137.7767,242.31792,217.19891,242.37848,217.9643,153.75708,229.62183,217.01443,195.22253,241.3138,265.58673,173.31146,249.81525,139.60408,171.08937,205.63474,229.95535,250.35622,261.52344,257.5171,166.04535,144.75601,187.17993,266.16455,193.43336,184.2377,149.62637,231.60422,219.68848,168.10196,195.25192,196.1705,251.41483,115.3264,165.90483,157.36049,58.97823,184.94965,186.63315,232.57535,243.9068,116.43298,110.40045,273.08414,144.23149,236.22592,246.1542,267.9201,236.12067,178.18646,237.12132,130.00722,149.4725,223.1398,128.29659,206.14127,178.84154,200.50046,205.6233,176.90388,92.51619,232.7064,232.36896,193.60231,166.79407,136.43405,239.15555,246.85785,254.51498,213.80702,220.10019,154.87265,233.74458,261.1155,163.7182,141.18173,136.94763,231.49435,221.4932,169.35796,150.6815,245.63928,261.22333,198.79373,268.31805,150.43698,157.98592,202.21046,221.66373,246.11844,206.1456,193.3805,181.24162,236.84457,154.12057,264.70996,245.20528,157.68466,243.75635,154.64159,238.88591,240.88025,146.47992,224.8191,216.20808,145.25893,235.76114,193.5665,246.49713,85.92864,181.05466,193.20708,193.56967,147.96065,151.03256,169.94124,186.38504,182.28535,126.05166,218.15038,149.98499,176.90367,251.95262,221.98068,232.92986,200.95102,202.45482,250.83751,257.43967,109.97752,257.40823,253.84167,203.2117,222.2699,206.09726,186.57275,131.20355,155.94507,173.77577,140.26768,184.0278,238.6551,160.3273,162.90326,121.95483,218.37909,225.06909,120.48412,192.22733,238.24866,171.67929,201.35077,247.06943,197.48816,254.37056,182.94673,236.8339,191.38307,225.22438,222.97786
2127,202.33612,166.30475,203.42725,250.94562,247.8795,139.07016,254.76747,249.53354,272.35956,219.25821,151.41896,243.89363,237.67181,180.38763,238.75262,258.56396,221.18729,245.46057,188.76523,173.7794,202.12277,234.86047,224.73224,278.2697,260.09406,189.67621,178.89293,223.6872,266.90515,219.80286,199.02673,222.68011,228.30812,261.57953,250.8182,217.36145,231.67274,239.5531,200.35565,187.05923,214.13173,46.396194,229.99345,204.20374,239.1554,254.4261,154.67474,175.5922,274.17712,184.30463,216.63562,248.41031,258.6561,242.4122,225.97145,246.14073,200.27081,224.14087,248.14905,165.57571,233.04518,213.52052,242.2959,205.7562,205.14438,188.78812,250.23569,242.0745,226.44188,170.62064,213.48706,245.23575,253.06609,240.59232,235.20839,230.17337,176.11877,234.33765,245.51752,202.99481,205.47351,246.49954,230.98685,247.38196,240.69109,240.96469,242.38809,252.12604,219.19427,262.63568,244.50961,257.1451,234.25648,230.21545,231.26186,213.66614,188.45541,245.94165,256.2995,168.25024,270.1972,256.0288,206.87509,252.38943,196.29971,225.86172,269.8241,174.25317,237.49783,234.2619,168.47,245.89767,224.3783,248.0667,151.23714,234.64777,193.47482,215.7221,181.18742,184.66379,241.98967,183.31473,199.63628,201.27103,257.46997,207.7116,220.7317,265.2077,231.1348,234.06458,220.94551,223.22643,251.23215,249.5338,102.36685,253.77908,263.69363,244.18246,246.69284,257.04584,234.41336,121.24923,241.70581,226.86467,217.25789,230.4982,243.84167,175.46301,231.16904,205.53108,225.73703,230.25334,188.94043,220.793,231.51422,208.91566,232.1949,255.62262,196.42384,277.1084,173.36343,255.344,221.04948,251.52283,237.52722
2128,210.41356,185.67459,200.01154,266.55267,265.84216,166.82751,277.94348,264.06894,288.66394,240.5815,168.16113,256.7122,261.8424,211.26344,260.6812,280.9898,247.38121,268.02072,199.01398,192.0747,243.18217,251.98595,255.1687,294.8697,281.7959,197.01367,165.20139,261.1994,283.5564,221.9856,231.64978,238.30737,248.78592,273.40872,250.19759,248.81151,235.48953,266.45782,230.93396,221.79895,224.65172,65.45416,247.65186,224.39246,262.25333,279.3438,128.34627,193.21373,291.77966,192.3609,245.02884,269.93088,278.06262,271.3553,259.11957,269.53546,207.81163,232.9938,258.6333,181.7135,249.01889,239.21335,268.5976,231.25711,226.49252,214.43176,268.34985,258.1637,251.55168,187.78824,234.99374,264.75613,277.47888,269.8589,260.43134,249.36096,206.39468,259.72858,269.71973,237.78598,212.74985,227.7539,245.02829,270.00867,255.85464,227.15161,270.3736,271.61203,253.10484,289.91022,246.38635,256.09216,242.0202,252.6324,261.0159,249.64766,213.48828,244.02258,261.98346,176.34018,290.8832,278.0088,237.62813,267.65762,209.0733,256.74365,281.6936,201.27048,264.7606,267.9853,196.36688,269.92767,244.34283,261.4969,105.04834,262.59363,211.89479,219.28833,197.6857,206.62717,260.4048,192.71228,200.61186,200.72339,261.1319,217.16463,239.13005,283.6725,253.01067,263.55594,263.0567,258.03638,277.2136,273.7403,118.53796,273.20477,284.28174,250.78073,271.172,272.55176,261.39703,144.66852,196.62912,245.97592,192.18935,255.9378,265.1753,190.70018,259.0022,241.9873,248.5092,255.62807,167.86868,249.89563,263.47394,242.13507,259.65414,273.97766,182.8304,289.0506,194.98636,267.70648,259.45355,256.19864,268.6753
2129,194.97197,141.36389,177.4284,225.97809,209.98843,122.07904,223.99748,216.11194,268.11035,196.43631,144.4346,211.2868,235.41025,153.32239,216.89859,232.59619,223.7019,218.08417,170.71082,163.94803,176.66635,225.80779,171.57626,273.02148,242.20444,180.02277,181.18604,221.08154,251.65878,202.19281,190.61665,210.5297,210.26355,261.17746,243.25229,203.96606,212.86664,215.56995,209.40257,176.44766,186.04175,46.35005,209.28984,199.84926,211.59937,244.23059,159.6078,163.40712,264.33838,177.74385,182.1708,236.7699,233.59616,225.91142,214.94547,233.46803,186.50832,218.8241,225.52344,158.59848,215.73065,212.13863,238.60541,187.09064,199.84616,190.94588,220.0528,236.72183,220.5739,160.18843,222.34361,234.58786,236.55138,211.22879,214.16498,214.33102,168.71225,216.64642,207.64787,195.84674,198.85745,248.21576,215.55441,241.31827,237.2548,245.91693,228.08777,226.43243,215.0875,236.34885,232.8588,264.65717,178.0103,210.99094,195.50885,187.94394,156.85219,247.7971,236.79489,159.18799,256.01404,237.69691,206.87259,245.48727,177.07553,189.25806,266.6751,158.21661,219.38026,208.36581,154.32227,212.41254,221.30402,218.71785,161.2977,234.97116,144.73491,183.78444,162.47046,176.77841,244.8891,168.96109,155.59912,192.23032,217.7769,202.90721,202.00975,251.22784,226.59302,208.86545,200.97443,210.75089,235.71585,228.27655,91.31691,230.6847,249.5038,215.56653,219.46712,227.98409,231.36636,103.517105,247.3429,212.3096,222.12427,218.57225,233.76314,161.30373,226.28807,212.59781,219.12144,215.42746,187.42303,211.56604,205.35442,194.15572,223.67712,237.06732,88.5141,274.9556,158.23953,244.2558,211.81778,251.44794,227.77966
2130,108.75112,129.16632,164.0285,244.26495,250.68405,92.40094,225.95976,189.35861,224.49335,204.16348,122.744064,214.94139,201.16939,171.55467,238.5593,267.9522,141.41675,246.75879,85.75208,141.48532,181.38126,227.67487,252.25845,251.48811,258.76572,127.161285,123.15623,161.90926,266.93884,171.98367,148.92969,99.82971,223.8498,201.35533,128.39082,166.95944,168.22589,252.29749,61.739613,123.97087,109.95615,16.362597,145.60654,155.68445,221.2642,234.23505,91.80794,43.16598,275.52158,98.05452,229.4223,244.94858,272.62427,230.15207,139.18076,226.3748,70.59906,100.02905,206.6662,78.08385,178.13101,148.56998,173.8295,189.97836,140.23878,30.74889,218.48534,227.02414,162.6488,132.5325,81.73215,231.04349,237.4675,252.60262,191.74535,209.53445,111.228065,225.37044,269.14343,119.87536,90.682236,88.314865,236.02185,199.9962,136.04086,114.19869,243.85359,265.2815,173.08307,263.64825,103.91856,121.13785,174.41437,213.15552,244.12207,176.0781,165.52576,150.17995,223.90833,114.88657,263.7339,234.34901,104.91736,236.99297,98.95836,229.42398,228.3445,97.80232,209.27806,193.52234,95.94073,219.09933,170.74,244.21463,53.08938,146.68005,160.61206,167.32303,92.35191,102.26759,128.37659,182.97437,155.6879,66.16696,192.64133,102.89147,140.20602,247.2494,204.35521,225.76689,167.95465,175.21275,250.31009,258.24103,79.45211,260.4749,244.61029,177.24127,198.41992,173.32211,152.14279,93.954124,124.42818,133.1365,101.696625,147.36348,236.3645,120.768295,119.68561,68.25084,212.28458,210.66524,77.12775,157.7131,225.3143,125.32158,183.62772,240.43585,189.16522,241.77328,159.56381,226.383,163.36899,212.28156,204.44473
2131,126.68195,112.11072,98.58768,202.14505,179.07523,99.90114,177.6513,111.85013,263.22418,175.87244,141.95253,128.40576,221.6813,169.19794,224.25903,260.4087,213.3047,197.76129,121.25304,177.23972,194.13753,240.87073,186.8118,276.70026,239.62477,123.821106,176.63911,216.36334,269.84033,223.7991,174.90053,91.8143,204.3338,271.09833,124.20275,165.6482,145.32228,240.31598,192.08813,204.41238,58.618946,83.98468,136.55087,155.68173,180.24728,263.37506,107.40343,51.614616,281.21204,149.22473,198.83493,252.37924,252.6263,240.81998,199.64493,219.00827,67.825745,102.67377,182.77754,134.77734,148.1844,203.83228,238.31647,154.68701,165.77371,116.67827,190.02075,230.2286,179.83871,164.15735,200.06207,223.3866,224.18475,238.27307,133.7474,168.64493,151.50842,210.11887,209.44319,159.51517,107.5475,133.8372,233.65884,243.46954,162.54153,219.92871,252.59161,247.2449,217.55536,259.06372,110.81918,243.04129,95.576195,179.81158,222.23969,142.366,130.18028,217.4826,179.46207,174.64673,274.06183,210.01373,203.1718,238.74585,121.278465,184.13419,282.17865,120.98759,215.613,200.7036,147.47699,162.8365,204.24672,168.68568,128.55527,209.35857,84.866135,90.589096,76.15792,93.16875,224.32013,147.52754,76.90194,106.142685,113.59924,211.42938,114.88154,230.28923,231.59024,209.24976,194.798,202.78111,251.00262,252.18228,79.77693,222.48866,256.635,141.63028,164.08557,125.12536,229.7794,118.7576,225.76698,108.822174,175.78665,138.37965,261.75952,133.78976,179.53625,155.79509,244.22696,185.689,175.58385,185.53268,197.19214,153.32263,220.69962,209.59955,20.783503,276.06558,182.87057,261.89703,220.44943,244.14413,241.6539
2133,145.95187,116.33177,145.05228,215.90997,190.30942,95.74559,190.17084,145.47395,265.3098,179.1357,136.54912,157.59772,217.37811,140.79205,211.58093,239.76672,193.08263,198.8707,131.44724,157.25774,155.06985,230.3634,165.16052,277.8432,232.56775,151.68605,194.80275,187.59521,262.85767,199.77518,155.39694,121.43339,198.8246,265.77533,177.90955,162.60303,180.54755,215.40414,149.80893,155.0245,100.456924,57.24037,154.6211,165.85947,187.4762,240.60507,157.3489,74.4373,273.41687,153.86243,172.59915,234.83441,240.96014,217.37149,177.78004,212.46445,109.74399,144.0932,206.9068,129.17883,171.22842,182.18747,218.72543,153.93057,164.59607,107.96013,201.74677,232.55217,180.16086,148.7543,178.15005,226.37433,220.84546,210.1604,147.09253,183.39026,131.7216,200.54694,201.02298,145.54126,144.04074,193.78102,226.84502,231.26468,184.77936,236.30164,224.0856,233.34714,187.92834,236.2197,155.30817,242.12407,127.646545,186.88358,192.40916,133.48398,127.57927,243.26718,216.14603,151.91028,259.4253,218.21054,166.66301,247.23169,132.50322,170.23434,276.37344,116.08248,203.79776,181.02872,122.7218,174.4371,195.28749,191.8774,167.86746,196.04715,98.32782,135.71333,101.036224,108.91659,208.3543,163.24292,114.50178,137.38489,158.89204,173.63773,140.11203,241.05742,220.15227,194.13979,162.43207,178.53136,231.13995,229.41771,90.115875,224.72351,247.6442,178.79666,176.47223,157.70181,204.8994,101.69417,244.43161,133.95209,218.98923,149.62033,235.14888,140.93597,168.83878,133.61182,217.81961,181.88121,160.35016,177.9194,178.95718,136.87967,204.10576,221.66745,49.373543,283.96356,154.41672,254.46884,183.86942,259.213,213.04929
2134,155.11093,154.17361,206.61322,265.1106,264.76398,117.015236,254.2651,229.62657,260.87042,225.13728,142.50992,240.51874,229.26724,186.62317,246.52193,268.29846,177.39618,258.13184,142.36508,163.69098,191.6087,239.95973,245.44675,279.17053,265.5194,165.0799,158.10115,191.84654,276.94647,188.15904,178.89934,160.6876,235.1964,239.66495,195.48737,203.38925,218.80981,246.53549,115.49327,153.59822,174.99127,32.745667,197.97159,187.98503,243.32611,248.31175,125.25987,108.11882,282.11584,145.0755,229.08612,248.80551,271.6168,238.82697,190.70828,242.88742,142.50839,165.17368,248.59001,120.14343,216.14606,178.8924,212.65038,203.31201,179.47205,100.45463,254.827,246.26816,199.47945,156.59523,145.49724,247.6467,255.09215,249.23837,210.52663,229.11133,145.76596,238.35422,262.10425,166.63945,155.08784,165.47565,242.6608,232.212,191.98239,177.198,239.51959,265.66843,196.08685,268.76917,180.24915,182.39336,232.05449,229.86087,241.7933,195.45337,190.51524,208.0253,262.53592,144.51752,271.58868,258.40897,157.17615,259.42996,155.28607,237.91156,258.47534,137.08177,230.43419,219.91602,132.5989,245.52081,194.37216,259.02155,90.94968,194.60637,194.10123,209.60742,140.26678,146.92537,180.92535,197.23608,196.42233,135.08054,244.99799,142.42294,187.74765,270.14035,231.07431,239.36353,194.61334,202.66626,252.36041,256.9189,94.975746,266.62778,264.4252,234.42519,234.94485,225.78247,194.18,109.68982,166.7864,184.6012,161.41446,189.96835,240.59348,152.52219,171.14365,124.80807,216.714,220.9544,109.81767,199.59103,231.89523,168.79681,216.56143,261.65424,214.60468,276.49936,174.4824,251.40305,194.51257,244.5449,224.2337
2135,188.27719,164.84608,128.2413,217.78456,208.56497,160.87544,227.92303,206.49442,254.25192,209.39052,159.81097,202.98523,227.94266,195.76169,229.91049,248.86415,221.34705,225.67017,172.5306,183.6796,218.13846,225.1835,213.95793,260.5338,245.73926,177.40314,159.62683,225.19983,254.29459,217.51352,216.39853,196.94656,225.13068,238.45668,194.68265,209.80545,181.34741,238.26367,217.03522,210.68863,162.01776,99.61242,205.38019,208.51965,219.73227,247.05577,117.368576,171.50072,263.37787,181.56693,219.83347,240.35686,248.5787,239.09363,221.98187,238.42416,168.00967,190.6279,203.99762,178.72308,210.85672,221.54248,234.02838,208.13881,208.66933,186.58035,211.93741,230.68262,225.83755,180.70706,215.93277,237.42667,243.1294,240.61661,224.3439,217.39197,195.87112,230.00754,230.21005,210.06001,179.80353,183.54538,220.01236,240.62097,208.15295,202.36192,240.64087,242.05011,226.6171,256.7708,181.807,221.4927,154.76675,218.51389,227.65686,225.8844,181.13565,209.33362,196.88652,179.9897,258.48883,236.80257,228.78087,237.24838,186.13768,221.35266,249.45836,183.25989,232.0167,232.20395,190.07175,220.55675,224.99295,210.95303,123.272575,228.83856,158.4406,158.32622,177.92886,193.79675,235.41411,162.37228,130.84433,177.88461,181.32544,216.41833,198.28134,236.54428,228.65887,223.21568,235.323,230.2272,244.87466,244.59601,108.43384,235.06024,251.98383,177.82074,222.16489,207.62753,234.71002,147.42636,207.89296,204.34973,179.40227,221.19983,234.27911,175.40158,227.2979,214.84418,221.62079,234.11823,187.37488,216.24982,235.9696,220.9603,220.15964,229.97592,85.8607,255.53214,187.98393,240.52762,225.32379,228.35092,238.73154
2136,162.92519,119.48656,169.39273,246.11948,236.0625,99.15633,248.7025,231.84482,277.88507,211.90167,116.349365,226.97157,243.19383,161.57779,238.8846,260.44788,224.10924,240.06717,133.28847,144.8617,198.88559,240.53166,211.54036,285.31116,263.77576,151.30997,160.24155,233.07053,273.14484,198.06851,190.48589,205.63882,227.4378,264.4912,234.31506,208.57443,206.3484,240.7271,190.56851,174.94745,175.18967,31.788162,207.6991,195.56003,235.9267,261.65884,118.28751,131.36049,282.48633,141.04149,204.7555,254.48848,259.68695,251.52286,217.94794,248.85672,159.29721,205.60027,235.9848,123.953476,218.2757,211.01678,246.82907,197.67235,183.77408,160.60144,240.81686,248.76718,226.21906,133.53278,197.92226,252.02908,257.48184,240.21432,233.67526,230.02432,145.2569,236.40056,241.78455,191.18875,169.58224,212.89082,235.23676,251.91687,234.57797,216.57388,248.18558,251.56361,224.07803,263.97437,216.9046,240.32632,190.98463,232.17493,226.18881,209.75528,156.136,233.79712,240.94908,127.39725,277.88098,258.61298,194.513,259.48117,146.53847,217.76169,274.38806,131.3704,239.89435,234.01978,128.654,237.64441,225.10379,238.75514,101.14589,235.66461,146.86832,182.47469,135.5831,165.76524,236.69232,171.40065,150.78806,151.9131,226.73831,179.25452,199.49196,268.40378,231.93468,233.15958,219.51747,224.36893,258.00058,250.46014,70.507965,254.28839,268.26215,220.4748,239.70956,240.03548,235.33066,83.47326,195.49599,215.71881,187.41144,227.68462,248.61847,135.61115,224.92859,200.77869,231.46887,232.92929,141.53003,208.75566,229.36726,199.81842,236.11745,255.759,119.63532,281.85645,153.8612,258.53854,224.38947,251.59221,242.52324
2138,129.049,101.05443,202.5172,231.48262,210.9195,63.131386,196.85194,170.45038,250.76955,170.02457,106.80203,180.52814,191.4166,102.74028,191.6238,217.1605,146.17685,195.55232,113.61169,117.57601,103.36673,208.11444,151.84175,266.95496,218.71252,138.62894,185.67111,142.95529,250.63431,153.23538,110.91777,124.9646,179.04216,247.23055,211.44446,143.49759,202.19492,180.11087,89.254105,88.01456,132.17485,13.672332,154.83598,142.62564,186.69302,205.21133,168.18967,63.55647,255.09589,123.8777,143.63278,203.84836,224.40356,184.61258,147.32967,189.67346,123.87043,152.0761,230.1254,89.17598,171.7933,134.17087,186.36664,132.1475,134.60689,73.289185,219.01852,220.53482,153.49466,112.69559,131.58403,209.29709,204.4224,177.06177,137.61563,181.61113,85.274574,179.13115,194.47363,109.71478,143.58862,218.72974,216.67752,200.40018,184.02206,224.64343,179.44641,217.36322,137.87766,207.70343,188.09535,222.12686,182.26971,179.27536,163.1743,105.27949,118.853676,246.47836,262.6031,108.01689,235.85767,215.4555,116.37001,241.15022,118.44924,152.79987,260.12164,85.93399,178.409,154.22386,75.175995,180.58037,155.59364,214.0806,158.77505,166.15862,117.61452,174.22575,94.01645,91.80217,168.32541,176.38791,155.93796,128.86664,213.21233,107.95717,144.40611,245.10345,189.26012,175.10771,115.86369,138.10147,199.3228,198.51697,78.52872,221.65369,228.52328,221.52121,179.56656,184.1514,164.80383,64.76553,223.12509,138.83206,218.5232,136.82535,197.98286,118.69721,134.67987,88.44925,173.04257,153.68448,104.68182,148.37384,149.62274,105.755775,178.5838,224.58055,133.89471,280.36362,109.770096,238.2406,137.5149,255.70331,168.6135
2139,165.9403,169.76495,195.66135,257.07214,258.47733,150.50906,265.0379,255.03743,265.70444,225.73338,155.31218,248.9712,240.6233,197.23503,246.93698,268.64038,212.84709,254.9725,161.4433,170.35371,221.64127,236.96953,250.232,279.02972,268.39606,176.3771,140.2424,233.48352,270.3548,177.39192,207.73181,219.6292,236.86067,248.33275,239.01392,227.4199,213.07344,252.62576,201.65036,187.92151,209.59164,79.90415,220.44919,210.42664,250.36882,260.09528,108.04874,169.8974,276.40198,156.96542,235.93271,254.15894,267.85004,250.85524,234.1375,254.54483,192.03131,214.969,239.84116,150.54463,223.20874,201.64433,250.0466,214.99536,195.07916,178.26051,254.03516,243.80722,231.91922,163.70836,208.60257,248.1091,261.31104,257.74426,248.30765,234.0625,175.80643,243.56433,262.6877,213.2062,186.90448,205.09784,232.3472,245.16534,228.28252,189.04091,251.96852,260.97903,229.0518,275.4673,234.36491,220.31348,239.0138,237.16202,249.7948,237.02856,195.91391,217.48697,253.38382,149.01967,274.1919,262.8014,231.80235,250.59178,179.8667,245.87134,257.81033,169.58963,241.08118,250.026,165.55794,257.06787,210.35652,253.80441,65.54162,246.92316,196.58086,210.15265,179.45111,198.90712,227.0805,182.53935,191.86299,166.82956,257.29236,163.28467,215.2045,269.73688,233.43442,248.33344,234.85846,234.13574,260.19516,259.185,116.13284,262.73154,268.5553,239.63306,255.17876,262.06995,243.00261,134.7622,143.81766,236.17104,156.0268,242.88416,246.13536,169.05138,224.35495,218.1243,224.02583,240.66891,107.96588,216.54916,248.9736,235.44006,237.37271,261.44324,200.71782,270.2152,180.23979,243.86032,233.6407,232.79591,244.06358
2140,126.55127,118.98427,177.82607,248.69359,242.74371,89.603806,234.56322,209.40485,250.56923,200.6364,117.51105,219.58621,216.08176,151.39319,234.21548,261.495,165.98459,238.37582,100.56584,132.15224,171.11061,232.75464,222.5165,272.36517,258.8733,136.66591,145.30862,181.7252,272.79733,165.47658,153.19775,144.20273,221.15408,231.1231,188.45816,175.96733,186.34842,239.69928,95.874435,122.10673,140.64203,20.04024,166.39282,169.58519,225.44846,241.9938,115.02751,82.13342,279.77405,111.86713,206.26,246.0192,265.9663,233.15868,161.26065,233.32913,117.2755,151.28299,223.77153,92.08893,189.10281,162.12036,202.88864,181.91785,150.66391,73.28758,229.52972,238.20923,186.02365,123.69331,118.14835,239.58081,243.81592,239.15582,204.99033,214.11188,113.40283,223.60147,250.7348,140.07903,131.10864,154.72287,235.74251,218.38579,180.87762,159.42795,237.29309,257.85748,182.53616,259.12805,161.97516,169.70152,185.65756,217.51343,226.77747,178.75676,147.12563,193.9168,243.75565,109.57357,269.78387,245.58932,131.25261,250.75795,114.33237,214.52344,250.97124,101.27055,214.58989,202.12265,97.7972,223.2981,184.28485,242.85028,76.06311,181.1023,140.82326,174.2183,107.358765,128.41599,164.97128,174.74503,149.80777,107.163,218.20395,110.944244,162.48729,261.11853,210.79028,222.4959,171.84125,184.30765,248.33557,248.91507,82.06928,257.7139,255.91577,205.27753,213.7203,205.98795,180.72388,85.48723,146.95703,168.94162,145.43988,179.2163,234.96518,125.14164,152.40546,108.469246,209.90384,213.15082,86.49305,168.17157,215.95644,147.63799,201.97668,250.19165,154.7508,266.66006,144.48962,240.31717,176.41699,234.44656,210.71622
2141,180.92105,122.55112,171.48174,212.22842,182.98425,113.12042,193.02039,171.92618,273.62366,175.67175,153.73624,173.79968,231.3558,124.48752,199.99759,216.2467,214.40367,192.33264,159.1685,158.67827,139.2042,225.40472,132.0441,280.85095,225.86282,178.67183,209.32623,201.66272,250.03131,185.56143,166.28464,170.28775,193.15735,280.38782,230.134,178.1796,201.06442,192.17871,180.22278,150.54062,145.63187,58.690308,179.21724,187.64786,185.16957,235.6134,180.30743,125.268936,264.67166,184.58392,148.94695,227.05511,218.34464,206.6742,190.80017,216.42868,159.0719,196.13243,213.67365,161.48566,191.29572,195.1539,230.66757,156.9354,186.88998,158.09737,200.97812,239.20575,201.69087,157.27753,213.0402,226.37543,218.75513,182.83096,167.9357,193.133,148.56116,196.44385,177.21967,168.6848,188.12411,249.19827,214.23975,236.69293,222.05678,267.05756,209.33153,211.12091,196.89647,214.12384,209.62027,280.7774,139.90121,189.27539,164.43689,139.99217,124.76418,267.71173,231.90665,157.62091,248.73213,220.01013,186.55612,249.30022,154.7025,153.39267,284.8617,138.9122,199.66344,176.175,130.83151,177.4397,209.12048,194.73074,190.85988,221.2868,102.96445,158.37723,132.51036,144.12222,234.62766,163.6973,128.5953,180.2811,185.13306,179.02731,168.50185,244.13297,226.00775,183.40042,161.59265,184.0394,219.41187,209.57547,106.89659,213.68584,241.5773,199.37363,186.98407,188.88286,218.2821,106.460365,263.93787,174.89288,245.5852,182.23236,228.16426,162.51984,195.74414,177.27875,213.98816,187.09032,172.36392,193.67255,169.77191,155.68582,212.58524,222.80148,39.622375,292.00223,143.39062,248.12874,188.09323,270.92242,212.16212
2143,189.69376,161.81639,205.2055,245.18474,237.31729,135.20578,240.78384,229.71744,265.00348,209.84012,153.455,228.41345,226.26102,165.9474,225.52791,242.81238,202.0154,232.64537,183.58932,167.27522,177.02774,225.29437,203.63553,271.64508,246.23962,188.17749,183.36472,202.85834,257.76636,201.22523,182.4401,199.95958,216.94919,251.82805,239.3198,203.49585,229.84377,219.86993,177.92471,165.62115,200.21869,58.051826,215.80028,193.99835,226.41733,237.94293,163.1412,156.51428,263.4644,181.97925,198.52191,232.147,245.6547,223.72879,213.4306,230.61159,190.21718,209.57867,244.70807,160.44081,221.01207,195.15099,228.88199,188.55829,194.59686,168.19217,243.56773,236.35043,209.91962,167.05467,202.12495,235.35349,240.05034,220.98874,206.2023,218.52585,162.69104,220.26904,228.66545,186.97192,197.72293,239.10037,224.44437,235.9747,225.6391,234.80977,219.28473,239.21637,199.24295,244.44418,233.45442,243.64407,227.83496,216.08853,211.01639,186.25888,178.43404,243.42728,255.19626,164.7507,254.98828,245.33923,192.21877,248.21873,188.77225,208.00562,260.32678,163.84232,222.54718,215.09409,156.007,230.39743,205.49478,238.54851,156.89375,221.72447,183.55902,211.94656,170.0412,168.60876,225.97884,185.149,198.38454,193.46027,248.30606,185.66327,205.95076,256.40982,223.56674,218.27798,195.85535,204.01608,233.00342,231.75012,111.41462,242.81915,252.10352,241.58826,231.45822,239.53937,220.40173,123.52164,232.75531,207.60645,219.00008,206.93076,225.8985,173.74445,209.14275,181.20078,207.02495,209.4223,169.4787,208.03421,209.5458,188.49994,219.10144,245.88266,187.37708,273.79047,162.93219,247.67169,201.76654,248.69603,218.9091
2144,147.96707,134.03026,190.73596,230.96068,205.31284,103.48903,196.71658,156.18115,268.7478,182.86191,146.91998,170.82326,218.20834,144.7889,208.25356,232.64076,184.60313,206.55267,150.63919,158.83908,144.29147,228.79552,160.04385,279.5642,226.77158,162.54019,200.6431,177.43753,256.84467,192.66086,151.31993,125.84662,192.82532,271.25085,186.42812,170.85735,208.81137,202.23264,149.36664,158.37167,123.38471,69.07624,166.68353,163.64682,189.42453,234.36334,173.3403,82.059265,266.2122,163.12018,168.57677,223.41206,231.35452,202.93393,187.31711,207.51859,126.697815,152.28284,228.77603,128.93369,180.77765,170.39731,215.20255,148.57558,165.74767,113.01384,220.53564,230.28226,175.40958,155.69997,191.92963,220.72932,218.34467,197.7525,139.37483,181.22182,130.83934,197.67767,194.99379,149.65744,153.94235,202.74106,225.2449,230.59956,183.94025,241.41135,210.76839,226.53442,180.61868,227.68698,173.14046,247.92625,164.91626,179.65915,184.28316,122.9909,142.36853,255.69142,252.26584,159.88463,249.09515,221.08331,178.64532,251.67178,152.09552,167.35808,278.77332,121.127304,200.15039,173.50644,122.81743,180.57121,180.51556,205.79466,169.14307,194.89905,130.88475,165.78897,114.73544,110.10089,205.75952,186.2762,157.28928,149.6065,187.47574,170.1112,145.64542,248.08492,225.80714,193.94778,153.7227,171.80688,221.95175,223.07724,107.024826,225.7087,246.02121,211.15805,181.84097,169.75043,203.08383,109.75171,244.98755,139.99078,223.20975,145.54684,231.21356,149.66328,163.34933,132.65056,211.01047,167.58922,150.52444,187.39732,169.28058,140.4928,202.06033,229.3822,97.18677,290.9853,157.10303,257.44217,180.58362,267.7482,207.48479
2145,112.96968,112.6568,150.02322,235.856,228.61493,94.39915,235.00484,214.25061,247.83221,194.27274,113.229706,212.0905,217.31146,152.49391,227.56165,253.85864,185.55476,225.3671,100.70332,126.25138,188.5041,222.93552,227.32503,269.39,253.98737,128.78064,117.50728,211.43161,261.02707,133.3054,166.02612,182.36722,218.4013,234.61517,218.2531,189.97023,163.06763,234.78888,178.4786,138.19785,154.61787,36.929634,174.2628,178.83699,226.30481,242.12709,73.07774,115.643135,265.7003,108.77463,208.93433,240.567,258.2046,233.80748,203.82994,234.91257,146.13556,179.41469,205.53812,102.26687,178.13515,167.83286,237.6319,182.1761,149.90646,138.75954,225.27307,230.23346,205.93454,114.46799,176.55551,229.68542,239.48676,241.11945,220.52783,209.03787,126.048615,220.97299,246.84753,172.71744,144.5722,182.67157,218.74976,221.25438,206.58441,168.55096,232.93983,249.8872,200.63522,259.1584,209.05713,208.8583,186.75089,216.39949,228.63043,205.19513,143.42912,205.04199,220.85878,95.797195,263.4643,241.11578,205.15022,234.5492,119.8537,220.01106,244.90494,113.91977,214.98459,226.98207,114.14513,224.23083,180.31482,226.92659,34.19381,233.13544,128.54732,157.69867,121.972,161.72061,202.40993,154.69232,127.82619,114.74253,212.46356,111.244965,172.89629,252.76743,203.55005,226.92322,201.14941,204.07483,243.78223,240.61469,72.438095,247.65332,254.16777,201.72488,223.37378,227.09407,226.77692,85.06517,110.68558,203.84476,130.9597,217.52019,225.41133,120.65387,194.74762,195.11635,200.47694,217.79199,59.27687,169.4659,224.31084,207.42403,216.28978,240.47635,128.1648,257.22263,132.56241,224.02846,207.67418,213.26263,216.6124
2146,212.6776,178.04507,202.18292,257.6792,260.5921,165.7401,269.68753,267.1091,277.51028,228.8757,158.03036,255.57405,248.75845,200.74915,250.13423,273.89563,244.25409,258.1999,202.78214,182.76762,234.10887,241.05464,250.84407,281.97293,272.3517,191.85349,170.7013,254.47495,274.30072,222.62332,222.98065,253.56798,239.15903,267.5722,263.32965,237.9532,230.1175,258.5042,253.49167,220.27599,231.8006,69.89431,245.87369,216.21465,252.42815,268.36047,140.99847,213.01132,281.89313,190.84273,238.87671,260.61584,270.91046,260.8991,255.93384,258.88055,221.50871,243.58487,251.38736,183.28024,242.36551,233.98416,261.63177,221.89069,218.5007,235.41635,259.14075,245.84613,244.92978,177.67271,246.84824,252.52013,265.3125,262.29593,263.36038,240.76926,201.62775,247.9981,264.74857,233.22992,218.03798,252.60483,238.96484,258.706,258.822,239.35059,262.01456,264.74725,244.60495,280.01926,263.29556,272.11588,242.13107,242.84146,253.63684,248.13187,203.62149,247.17834,260.1683,173.60938,281.03726,266.43555,246.677,255.55728,211.57547,247.83783,274.1912,199.73177,253.23633,260.26166,194.8739,262.45285,238.8013,256.06726,124.00182,260.63086,206.1275,216.34314,204.41136,213.09865,265.893,190.57068,197.88626,213.51445,262.2577,225.71236,239.50635,272.66125,240.12518,252.59023,256.5033,248.99156,266.93893,264.86594,117.54254,264.5083,272.16434,246.14505,264.41675,276.6754,259.95798,140.96635,219.9074,253.5807,203.51196,259.91492,258.13297,182.8722,264.29504,260.95337,241.63605,249.05252,183.8709,238.62094,255.08966,246.81033,248.3902,263.06668,201.48428,280.08875,186.97873,260.95917,251.79901,251.61684,257.66458
2148,189.00482,149.07274,193.34663,229.48438,207.40088,129.12918,215.43408,203.9095,267.5728,194.8954,158.85712,204.34625,226.55644,146.3803,211.11574,224.16208,199.56683,212.59267,175.47534,163.79239,150.92801,224.21812,159.14899,274.41385,232.33104,190.5115,200.46399,192.01003,251.36098,191.93367,173.24084,189.60016,207.44598,258.7774,242.05402,189.71338,221.1517,201.92126,169.44066,150.22235,179.71404,58.694138,199.65979,195.82767,205.02223,230.32188,182.4823,147.877,261.44714,186.35973,172.996,225.18962,229.48862,207.99118,196.6162,222.57846,183.29163,209.6767,232.20514,161.21848,210.70198,189.80081,222.83803,175.51785,192.51645,160.84032,221.0838,238.60715,205.75739,165.2396,202.75385,232.16597,227.95772,196.36966,187.12961,208.69847,154.43628,207.65201,197.27667,174.89923,199.48563,254.11053,219.80374,232.93268,223.53015,250.51889,208.18979,223.45715,190.8414,223.59781,228.35086,254.49936,181.95535,202.55566,181.1665,161.69223,154.75333,258.32776,247.09113,162.48465,246.16574,232.4654,184.95586,250.96323,176.72838,177.85861,266.0265,152.46677,207.31357,188.23503,141.99948,202.25406,203.32935,218.55115,186.3577,216.44229,145.74954,191.45456,158.05283,162.99536,224.28535,182.42587,167.50464,193.64917,218.56042,176.42542,189.94284,248.86896,224.90094,196.23233,171.06241,188.64917,220.66483,217.60454,114.24458,227.22737,244.25748,224.00038,207.90094,214.91516,212.28209,118.78534,254.82834,194.73297,240.80557,195.19589,220.87128,172.95927,197.6656,172.26363,204.17418,199.4938,171.88873,199.94038,187.01163,168.85536,209.8424,234.84659,94.219025,282.28485,155.93697,246.64038,185.24857,260.24677,209.18748
2149,195.40808,157.90198,180.16457,230.45108,215.80936,143.16418,232.99922,228.04636,268.08868,205.00056,156.37677,219.85812,235.2515,171.77231,223.6315,240.43947,222.6379,224.56496,180.95912,174.33928,191.77855,227.89618,186.6846,272.7229,244.67256,189.8548,184.43861,222.40747,255.17938,202.47958,202.03398,223.93332,219.86148,257.44232,248.32034,210.95404,215.73245,225.3277,216.36568,185.92802,199.00916,71.299225,218.08109,210.35306,220.01425,246.49481,164.27347,182.33511,266.29877,185.61916,198.6719,239.99876,241.68741,230.41565,222.931,238.42944,202.61746,228.6463,229.72668,170.59918,221.38773,213.77957,242.08493,197.51819,206.17429,198.77396,226.3785,237.02898,228.48883,169.03888,227.14142,238.91006,241.69295,223.50276,226.67143,220.06166,179.88991,223.91316,216.90695,205.71977,207.66167,251.47708,220.6599,243.62889,238.65552,240.19466,233.13812,235.26639,219.52603,245.47318,241.40738,257.15088,188.86313,217.52039,207.85323,207.23451,169.80234,247.03214,238.95508,167.63676,258.6989,243.08105,224.9119,247.63608,190.315,203.73856,263.97034,172.07156,225.62202,218.69182,168.8103,222.4481,222.26599,225.08716,158.43938,240.21667,159.60306,192.3371,182.40071,196.58276,245.02652,176.25243,164.4848,200.59021,224.31021,197.95937,211.1589,251.70258,230.08366,216.12122,211.52011,218.04158,239.05371,235.48737,109.38499,235.81404,253.66785,219.54947,228.70042,237.97324,238.01743,126.0556,231.59267,225.42615,221.17465,231.7851,235.05472,175.39749,230.57979,222.79582,221.71014,225.77231,176.65909,214.28688,218.86205,214.11703,224.04533,240.52731,105.77496,274.0172,172.67091,247.04782,216.67484,250.21696,231.47006
2150,151.02771,125.28648,183.87596,251.83865,256.14972,98.88466,255.6403,237.97731,255.28519,214.1712,112.79869,237.78052,228.15831,169.0493,240.14151,263.3315,195.26813,250.10858,124.36995,139.25684,201.48615,230.4586,247.38724,268.0373,263.24725,142.57286,137.92107,211.67451,266.8495,184.6046,179.988,183.82858,226.59592,234.168,206.87457,203.16023,203.84586,245.28755,143.36737,157.73819,173.7284,20.406744,199.01729,182.53445,241.4344,248.31535,102.36862,116.268684,273.08957,126.42276,220.8768,246.8803,264.35913,246.59012,200.41905,241.9071,144.9596,180.58629,235.85284,109.42569,212.31052,192.40247,221.06082,197.4141,172.27518,127.9532,246.93225,238.28574,208.4443,129.90535,155.0542,243.33044,253.68225,250.4928,228.43951,227.27263,135.98727,235.04115,261.72464,175.42795,152.67944,172.30972,230.04767,232.64185,208.59428,173.7434,242.19012,256.6786,207.07571,267.46985,192.1282,188.89145,220.4878,230.6897,241.43192,210.1377,164.58453,199.93977,243.35529,118.98651,269.02237,256.0325,159.99286,247.27194,137.57687,235.58745,249.60883,124.91896,233.94601,232.56946,120.350395,247.44482,205.3046,249.08537,69.821655,207.54446,165.17654,188.95743,127.66305,151.43195,197.40417,171.65727,165.71481,133.21411,240.63464,151.7151,192.18599,262.30154,220.38791,239.19556,213.48204,214.14673,252.95815,252.14409,71.91623,258.7367,258.85352,223.61539,240.85117,238.41736,205.80411,84.37775,154.32556,200.93265,150.1589,209.36069,237.81982,129.81226,196.3724,158.3706,217.39548,227.70377,113.561844,197.38327,235.53546,181.51717,221.87074,253.61377,197.6174,261.59634,153.67712,241.46762,208.6214,230.10687,229.03853
2151,128.69153,143.89545,216.67459,251.40529,243.9478,100.9596,224.2128,198.46786,245.11945,202.27211,138.96115,214.95131,202.84193,155.16205,222.21556,246.34973,141.46452,231.41025,124.49106,146.53174,144.72723,224.03244,209.1589,267.41388,241.2196,159.34583,171.73283,149.95682,263.47946,162.60437,137.74191,123.87537,211.3798,230.22574,183.35449,167.5211,209.93033,216.69226,69.43765,107.75906,149.93204,30.081423,165.35692,163.13605,214.78967,221.76472,148.08612,70.16229,267.2869,130.94122,195.55673,224.38995,252.31496,205.92456,151.47836,214.23103,122.25833,140.07147,239.04492,99.03689,188.40213,140.46664,183.93134,171.26051,149.46342,56.335423,235.44962,230.51247,165.60573,145.21004,113.382935,226.24445,227.57407,216.34543,168.78851,203.95126,109.164444,209.07993,233.60223,125.058334,137.13138,164.50626,232.69397,205.8605,164.89679,175.17624,207.87268,246.79807,156.3028,239.9159,164.28088,170.15833,215.99019,202.43114,208.75629,146.8164,168.28217,208.99098,266.0691,129.782,250.6458,233.83621,119.621475,248.71988,132.87418,201.32503,249.48802,109.82945,197.7383,178.4526,98.87568,212.90652,160.8912,242.01257,109.803925,160.7861,174.67906,202.45007,117.169395,114.42647,148.26672,198.4112,193.50916,116.55263,231.78082,103.24897,156.23499,253.77994,207.75952,207.3367,142.01419,160.44798,224.10533,231.26279,102.68614,247.01202,243.48795,226.01187,201.54166,195.37135,161.15483,103.86133,169.6706,149.6218,170.54346,149.67719,217.50916,145.0346,127.38922,76.01874,188.85696,185.10889,84.86185,162.70932,191.7039,127.10199,186.60541,243.17563,213.59923,272.95135,151.47153,239.53795,152.20062,244.09052,188.45367
2153,185.76575,155.79211,189.70596,250.99988,250.49619,128.59369,252.78358,236.0268,262.8756,220.37292,142.98373,237.58047,230.66583,181.44986,239.54951,261.32187,203.64806,248.88611,165.01227,168.11908,202.078,232.08664,235.58755,272.02298,260.2949,175.9514,167.7659,209.58073,266.98648,216.55743,191.96487,191.3793,227.68147,244.58469,214.12639,209.26271,221.3825,243.08112,158.37735,177.55411,187.44771,41.95188,214.44919,194.3691,239.38445,249.43878,141.08185,143.89781,273.66956,165.95047,220.30713,246.04678,262.08127,242.37794,206.40924,242.03244,166.91797,192.56728,242.8099,145.17395,226.08153,204.77054,222.43326,205.07611,195.24255,146.4635,246.8734,238.26715,213.16693,162.81313,176.18338,244.62302,252.49458,246.19072,225.31764,228.5666,164.66196,235.10254,253.22089,185.4187,179.0611,198.00964,230.92902,239.07314,215.36398,205.9328,241.96426,254.88995,209.22855,265.60577,199.97255,213.0256,219.12846,229.525,236.48404,208.2271,187.0503,220.81699,248.11058,158.54053,268.51382,254.89442,172.88461,251.13991,175.31396,231.33228,258.40546,156.26172,236.33165,228.82147,153.77776,244.66592,216.75182,247.70908,129.1682,208.50128,188.03888,204.7998,159.37292,163.75098,212.64578,182.9466,188.12439,171.17175,239.71005,190.65227,205.39658,261.8023,227.182,235.4154,214.8265,215.50912,251.65332,251.8309,98.06601,256.4315,260.2647,228.30884,240.0041,235.92288,210.63329,115.08984,213.5328,202.16104,190.42984,208.89119,239.06432,161.5264,205.95702,163.93637,221.37756,227.22649,170.05594,213.15675,233.1761,184.86514,221.66502,253.8185,184.56027,269.42337,171.70505,250.84818,208.88766,243.70198,231.8838
2156,161.79053,124.71077,183.5508,250.3693,247.43735,100.48027,256.69403,243.08517,272.11127,214.84988,115.15929,236.54556,238.50601,171.12259,241.31796,265.8127,220.05331,245.69452,137.24359,146.31651,210.216,235.64374,234.01216,279.0894,264.63922,151.77173,154.35995,231.83542,269.82968,198.0545,191.36884,212.7066,229.05263,258.27234,244.69516,211.49722,211.39877,248.34862,198.90112,179.5417,187.50543,34.832188,213.4827,195.03995,242.10393,259.64273,116.92131,138.14935,277.36847,139.16092,219.18327,253.23032,264.114,252.60382,224.1229,248.39822,169.37845,211.39163,241.10628,120.64197,219.36162,207.3953,246.94342,200.79611,183.67247,167.98613,248.46954,241.38956,225.306,132.69318,202.84998,247.94109,257.161,250.96465,239.26596,229.19373,146.46304,237.28726,254.82454,194.12364,174.20795,225.57693,232.3243,247.76184,237.24458,215.51247,251.74907,256.44003,223.23161,270.81473,234.68405,242.1066,216.83804,233.37332,239.40675,218.93774,164.28314,234.59805,247.55725,127.42198,276.0052,259.59943,205.44513,252.87827,152.86244,230.56561,266.66385,132.91656,240.7183,242.21765,131.9448,246.63422,220.12965,245.20813,92.53082,237.97672,160.2485,192.38269,141.17542,170.45386,236.00288,173.28165,164.1133,156.05756,244.11853,178.30066,204.5225,268.1006,227.60889,239.65587,226.26721,225.82153,258.99255,254.69478,71.74759,257.58508,266.54193,232.97156,247.08124,253.37436,237.08331,85.33902,185.7039,222.1525,184.77354,232.3977,246.76643,135.13028,228.19875,208.43098,229.40045,234.15247,136.43445,208.30992,237.43698,210.02013,234.73607,257.15704,159.41576,274.89142,158.61021,253.15012,226.58615,244.09416,241.70325
2157,176.86401,139.7288,117.61582,201.67352,179.32095,145.34824,196.27664,157.16663,266.0241,191.42584,166.23671,164.70288,238.58209,184.01398,225.98405,246.37747,238.20337,206.62482,159.13248,193.75992,209.90445,238.05804,180.1948,274.09137,242.53311,164.29286,190.56339,235.8839,259.02972,228.76297,210.46799,153.70587,219.94205,269.16034,173.31139,194.83429,166.48553,239.40704,230.76978,220.2592,114.13359,116.060905,174.2901,198.8906,195.1882,262.37296,144.11783,124.33009,274.86887,187.13614,205.49257,253.99591,244.54834,242.14699,216.43378,237.54074,128.89165,162.04028,189.41487,182.08148,184.47878,229.93628,247.87479,188.81705,203.78601,174.32071,190.1945,239.32664,217.20374,187.07945,234.7157,236.12817,234.95795,233.41115,184.89992,196.6291,192.16023,222.37407,205.71802,198.92737,160.06949,189.62299,222.40768,250.92096,198.66592,242.61469,255.4624,237.53838,239.34065,252.58824,158.90646,262.42972,112.34299,200.35266,215.39975,187.60658,151.83444,234.19446,184.70538,194.82584,267.99243,222.12833,237.8077,241.6541,162.40033,195.4727,276.69507,165.02202,223.50876,213.32684,183.44772,184.90793,231.56288,183.78352,173.44693,234.52863,112.963196,124.62569,134.78114,157.62245,249.86885,151.12115,97.10509,161.51443,142.84116,237.06189,160.11496,232.421,241.48111,212.17995,219.99405,225.28839,251.44781,247.3772,103.74052,223.30353,255.38666,156.85703,189.914,164.89804,245.38089,146.89706,258.6164,164.00032,213.11337,189.33315,255.24626,166.46915,217.32434,208.40411,244.33304,220.30753,219.89195,210.72612,218.44351,196.95573,227.87071,218.74788,21.49033,273.52014,194.56464,249.51701,232.93915,248.27904,250.97684
2159,198.51047,157.71239,194.55215,235.13666,224.2594,135.1834,235.42804,233.49866,264.36624,204.7772,151.04135,228.5487,231.38968,166.41061,222.09753,237.03261,215.78337,228.03453,183.38947,167.59059,183.54288,224.5999,188.74457,269.5546,243.7463,187.55682,177.9425,214.16931,251.50113,205.16821,193.5006,218.83572,215.43958,253.95816,246.66628,208.7378,223.5047,219.55215,204.03496,180.21088,204.26941,53.750736,219.64703,202.24164,220.5744,241.96991,162.08728,175.64865,261.48145,183.7208,195.48813,234.89717,238.42815,224.09818,217.44205,235.3129,199.00423,224.1098,233.98486,164.2636,224.31732,206.19699,234.06726,193.90826,201.06487,190.68329,231.2399,234.31354,220.728,165.735,219.29187,234.56964,239.24042,217.59758,222.36107,218.44444,172.58096,220.74258,217.7137,198.90732,204.2694,248.1382,216.71973,238.89395,233.03769,238.93301,226.89542,232.02875,211.85593,241.4201,239.50839,255.4,206.48032,214.38408,205.32765,198.0649,172.96136,242.89197,247.7608,165.43889,254.11581,242.07458,211.00961,244.21184,191.50629,201.97435,260.47577,167.89856,222.08133,213.9727,162.3459,225.40424,215.87605,231.83925,162.53105,230.62823,173.00626,203.93884,178.00027,185.1817,239.21475,176.92018,182.81052,201.57718,239.60028,202.58533,210.72601,252.54117,225.7756,214.7259,205.52682,211.85901,235.50024,231.97626,101.717445,236.53467,250.62787,230.42892,229.36377,241.69727,229.52167,116.30057,245.76765,221.20828,219.05281,222.71902,231.21008,170.37643,224.03673,208.18387,214.79893,218.47699,188.59274,214.30202,213.57591,203.0258,220.12419,242.38132,142.70526,269.98907,165.18602,243.15445,210.14151,246.07265,226.48187
2160,190.06949,155.51257,161.73978,243.12338,240.1679,138.15793,256.1746,242.19682,269.23416,221.37871,143.73885,233.2797,242.5603,195.66855,243.44447,265.44257,229.0353,247.44861,168.54657,172.90372,230.07178,234.02701,239.25748,275.28265,264.45303,175.56035,156.39413,241.50714,266.1696,213.96228,215.9805,222.58916,232.86815,252.59866,231.23343,226.54852,207.75922,252.41957,214.0534,207.72261,195.90509,59.5059,225.20918,209.36255,242.52869,261.07462,118.4914,172.58328,274.31036,170.0195,231.44765,252.49008,262.14343,255.33823,237.33322,253.08612,185.67047,215.5792,232.96507,157.02063,228.36824,224.14713,248.47409,215.05307,207.9758,192.68811,242.05923,239.73773,236.17963,165.75862,217.27136,248.21866,259.93237,256.7649,248.70316,231.92938,183.63412,242.95076,253.52975,217.05801,191.38277,211.55818,229.00166,251.71121,235.73462,210.50948,255.8141,255.33177,236.00757,274.5051,221.25671,234.04504,202.26054,235.57126,246.16295,239.6834,187.4268,225.77954,230.69345,160.93642,273.2077,258.29272,224.78296,249.19257,183.81866,240.16364,261.40686,170.15433,247.19931,251.25383,170.71274,248.33719,230.46466,236.99628,103.63837,243.9579,177.66376,188.11583,172.76617,194.14255,242.40877,169.8938,161.55664,180.58435,227.19116,205.78214,217.17319,261.8241,235.59988,244.79825,248.17142,241.3028,261.02026,258.7723,90.09706,254.49786,266.0991,217.10544,249.9038,247.98926,242.78815,119.360825,191.91959,229.87982,182.48679,242.98035,247.219,162.91107,241.92252,225.8778,231.67224,244.0318,163.58127,227.70544,250.10352,229.432,238.52655,252.59232,133.25972,270.2768,181.86264,251.37665,239.77509,240.36089,250.86824
2161,194.81665,175.15732,204.86078,263.49817,264.29172,159.84087,275.08713,273.06018,280.074,232.83206,158.90512,259.68036,254.29913,198.39325,254.05576,277.99112,238.99986,261.47662,182.89392,178.45642,231.4454,246.49619,251.78555,289.0402,275.95966,187.64262,149.23685,256.0474,279.1516,197.01114,221.65494,252.96121,242.17981,266.77667,261.11676,241.80788,227.21225,259.90503,229.61649,205.51038,234.8913,61.132442,242.50122,221.36813,257.90253,273.49963,110.60785,202.68582,285.79803,175.38676,237.50487,264.35254,274.35068,263.79333,253.31625,263.3463,217.01166,243.24936,250.84021,170.05167,242.09262,223.99548,265.87064,223.6525,212.78131,214.44159,264.97003,252.28735,249.20099,172.08972,229.92154,257.09384,270.41476,264.56064,266.6353,245.139,193.24191,252.0322,266.55798,232.92372,210.97823,227.90433,241.24457,260.93445,253.26581,211.80125,262.92728,267.68863,245.97217,283.72833,257.83752,249.38226,248.46814,246.99734,255.56935,249.1095,203.12973,233.35379,261.5436,157.49245,285.60077,272.10956,238.13414,259.43658,196.97282,248.97282,274.3337,189.5568,255.4719,262.88666,180.53682,267.37704,232.38545,260.1599,76.52945,263.60333,206.62308,221.5723,198.7661,216.16907,253.86436,189.4168,202.19632,193.25572,269.8,189.33221,238.83914,278.63098,243.60815,256.12933,253.03983,250.49377,270.42615,267.29565,115.75497,268.0912,278.1894,252.22018,268.99585,282.07394,260.73154,134.61325,166.38544,259.26004,170.8945,264.63165,261.38678,179.22006,253.69025,250.03723,241.02905,251.62645,132.97928,235.75314,256.0763,245.92538,253.7526,268.8612,210.0534,281.03174,182.76352,259.6599,252.90794,244.18802,259.71893
2162,162.22069,135.6402,183.62457,233.5169,214.39346,110.98955,220.56978,199.13521,264.90024,199.68642,138.09978,204.42444,225.67114,154.81793,218.2099,233.79724,194.17014,219.93057,143.32648,155.35123,161.95505,228.66782,173.45618,274.9099,237.1185,165.86487,181.44731,190.06006,258.12173,186.5492,175.06155,167.69212,212.70065,252.04457,206.33023,188.72195,209.77829,211.62015,147.20508,154.50723,159.12683,52.539696,189.22324,189.96184,210.38748,236.54366,152.2367,120.972,267.83783,155.00507,182.052,231.39664,238.07251,215.53003,187.91843,225.56142,153.40457,182.70245,229.03409,131.74332,205.50757,187.78183,216.62897,178.97351,181.8111,126.84541,223.37311,238.74617,201.90402,148.66495,179.60657,236.59604,234.29031,208.10579,187.5787,210.05994,145.05551,215.10588,208.64096,168.60461,168.4069,199.95102,223.42168,233.58907,201.0816,212.4458,217.35147,231.66989,194.46558,234.8811,188.39339,217.32378,175.6102,206.00372,192.7872,167.95428,156.54742,232.25082,244.96211,146.31616,253.5287,237.15115,175.0913,254.36923,154.61166,188.23883,264.59924,131.77597,213.47137,193.11282,130.0845,208.17146,200.96866,224.48384,137.4132,202.55829,149.45905,185.0328,139.37521,152.48419,206.193,181.43413,162.38348,155.84497,209.42981,162.61768,179.09552,249.86765,227.5109,203.27347,175.77895,191.94424,228.23476,226.77266,95.84888,233.82208,250.30226,212.35117,208.66164,202.78845,205.42694,103.302765,210.38763,180.80942,201.84604,185.53635,226.87782,150.03534,181.32245,148.3181,210.24704,203.37918,141.68994,195.0901,197.1182,166.18431,206.3854,238.50983,110.84968,278.8278,158.49313,248.02644,186.16455,254.14665,214.10135
2165,197.30783,186.48035,202.47385,258.41956,253.78455,164.48865,263.75912,251.27121,277.36703,233.00761,171.86285,248.1788,249.51895,204.16103,249.45766,266.88065,224.88107,256.5583,189.71579,190.19342,222.21774,244.35425,233.43367,285.67963,268.18997,200.24738,175.75052,233.34302,273.99005,213.27052,218.84525,218.14374,241.43335,260.34418,234.78879,232.96072,234.01895,250.65552,196.73619,202.57147,212.31357,84.07823,232.38351,220.46135,249.37125,264.68256,147.788,177.74066,282.23898,187.79428,231.7449,257.29407,265.77698,252.28386,233.70059,257.78308,198.25174,218.86018,252.91376,174.32675,239.33054,220.54108,248.65201,221.37175,216.68454,180.27785,255.85565,251.07806,237.60812,187.16516,213.60298,256.42706,265.01846,252.44629,243.85532,240.06602,193.47621,248.26385,252.49754,217.80574,203.0569,215.28647,238.72458,256.41006,233.8625,215.24677,253.4289,259.5983,234.54727,273.85416,227.14832,230.41042,230.2268,240.25005,242.80927,232.37488,205.89813,234.48355,260.09784,179.35556,277.44287,266.43652,222.5942,262.64575,202.55031,240.93933,271.0766,188.13257,248.49014,244.57376,184.03342,255.33032,229.15753,254.68875,121.84826,240.33339,206.29955,220.96985,194.09702,200.99939,235.89697,194.80632,203.37308,191.4844,252.40088,197.89348,223.7671,272.59213,246.5027,246.45557,234.8519,237.65697,261.4406,260.17657,127.949036,262.3753,272.78717,241.90009,254.56966,254.22641,240.70108,149.08401,199.34312,230.50607,195.06612,237.15276,251.85245,190.83652,228.42078,206.23553,234.7712,243.61032,161.46071,232.74432,247.66763,226.28487,239.82901,264.5385,178.48993,282.40067,194.20187,259.58545,233.41003,254.27362,250.56491
2166,199.16661,151.45622,160.23743,233.32036,220.45532,136.41415,238.75308,225.30783,274.90106,211.51962,150.22382,219.1936,244.34418,174.9169,232.86581,251.3937,236.26428,232.53897,173.86491,175.30579,204.77103,235.62137,199.05328,279.47736,255.46823,183.57086,175.90875,237.57541,264.10205,217.68417,210.25739,217.97336,225.2081,262.96484,230.71042,217.3711,208.89857,236.04416,218.93839,199.8483,185.126,59.246212,219.08855,211.45854,227.08153,258.87485,141.18631,172.0216,275.4457,181.90074,204.5522,250.09845,250.5314,244.6991,227.81561,247.2139,185.33583,218.06491,226.47571,167.1084,225.89084,227.7265,248.35551,204.81271,211.40784,194.31781,227.91966,243.7551,234.78201,169.885,225.45628,247.35094,251.91473,234.53372,233.47403,226.65578,184.11343,233.48424,228.26483,211.34079,197.77628,223.05112,226.52983,253.80978,237.1636,231.8757,246.46286,243.15326,232.42549,257.61407,217.09055,252.61008,175.47711,226.15823,219.52051,215.84271,172.19054,238.0393,228.71544,168.65457,270.02924,250.05505,219.10132,253.04121,184.57153,212.21727,270.9306,169.98132,238.09705,231.18857,169.72179,228.658,236.12914,226.08751,140.38132,242.65404,156.071,181.25731,172.6709,190.73476,251.93011,171.53563,150.82516,191.17232,212.13914,215.89438,211.53311,257.13632,237.37924,226.50409,228.53833,231.36185,252.56786,246.62408,95.676956,243.78271,262.78387,208.42207,233.86958,232.30139,243.92236,117.5188,230.574,221.50684,206.99947,233.26492,246.22824,168.44655,239.44772,223.22278,232.34644,234.73705,188.5314,225.08714,228.9173,213.88031,234.23523,245.90057,93.40735,277.15192,173.62029,254.75974,230.1837,251.05316,245.59064
2168,123.549774,113.64369,183.21286,250.71082,241.93448,86.58783,240.29085,227.08377,253.05911,199.3978,110.31803,228.8805,218.35654,144.9978,229.52437,250.54391,166.92746,236.09918,98.78131,120.80961,161.08969,229.06326,210.71133,274.53534,254.0332,133.79724,133.56012,184.40216,267.1148,141.04208,154.0536,171.84402,219.82773,232.06837,217.68115,182.62537,188.99911,225.70308,109.130135,112.98294,157.84937,16.025068,176.98547,173.58774,228.0571,236.15143,97.926865,98.444046,271.66522,107.17508,198.55463,237.47221,256.47644,224.0366,175.25104,234.13553,134.34668,175.5841,226.74095,88.79314,193.49365,156.58676,212.11145,179.3627,149.09665,97.102356,235.63301,240.01437,196.06921,112.69148,134.30359,237.79483,242.97461,226.49016,214.51001,216.8147,108.80553,221.25642,240.0726,151.08882,139.59512,175.9461,229.27766,219.27249,196.06654,163.2279,222.13107,249.49068,181.05083,249.73735,195.69324,180.29877,202.48721,217.4342,215.12128,184.67664,142.74811,200.87521,247.70087,97.0406,261.502,247.96121,149.17102,249.53,115.082214,210.9519,248.18738,99.642334,211.64474,204.99142,91.57198,228.62598,177.9278,245.01447,54.46287,199.57857,140.21243,177.28455,112.95085,142.55801,175.31372,170.46683,149.97276,114.38104,236.90067,95.8856,171.38165,262.19946,210.39069,219.70134,171.84045,186.61014,238.01016,237.90155,76.09395,253.26767,255.3274,219.85515,223.20181,229.01935,192.2258,76.44537,129.14447,194.76266,142.05289,200.16125,224.52383,120.0853,165.42151,132.71596,196.60323,213.19376,61.750565,170.13109,211.84053,167.20868,206.44798,251.9916,159.78802,267.20667,134.46423,234.76675,179.25542,228.79025,205.98079
2169,214.3554,164.51392,180.97876,237.03291,221.23218,157.50261,238.18207,229.78755,279.2026,212.50433,168.15004,224.68256,249.78693,178.28195,234.8613,252.13525,238.24426,234.63507,192.51045,184.15648,204.30539,240.81375,195.40819,284.48416,257.17044,199.33102,192.55496,237.5781,265.0853,225.35895,211.1312,222.44029,227.38892,271.59967,247.3175,219.64204,219.95424,238.86331,215.25111,200.80356,196.40112,75.16603,222.56909,217.07501,226.79425,262.97446,170.6712,183.29742,277.9355,200.7267,206.46332,254.54422,251.24783,244.89426,226.03348,251.0946,197.48082,228.50098,233.53593,186.20825,230.2778,228.283,250.35913,207.56178,217.69527,198.83862,230.61516,248.18425,236.72964,182.94937,228.54675,249.4405,252.32883,234.68982,235.03882,227.68704,191.06998,234.49243,225.76059,212.21986,212.62076,248.33316,228.78543,256.1833,243.85953,250.87143,252.27252,243.9526,234.8569,257.78412,232.41524,266.89362,184.11365,225.93045,219.2037,212.26193,175.72769,254.16525,240.48608,181.15903,272.19608,251.04994,218.71718,256.75565,195.80347,210.55453,277.67154,183.97647,236.9453,226.28348,178.0831,227.57516,238.2507,229.33957,178.82132,244.05649,160.5961,191.64952,183.79655,194.68323,253.4906,177.87518,162.27792,208.5494,223.16306,222.2678,214.08363,262.09906,242.27411,227.065,224.19492,229.78844,256.06955,249.97113,122.46706,245.24297,264.71216,221.04837,233.18031,237.31868,243.13524,138.73134,261.37076,224.66917,231.50977,234.30403,253.23337,186.18695,238.02983,220.21597,239.15059,236.3062,211.01521,228.69785,228.32233,210.3787,236.9902,249.88034,93.87911,284.09033,181.39636,257.7533,230.14713,260.45663,248.66411
2170,101.15622,113.16561,146.80872,235.41779,226.00226,83.17341,213.09491,172.93001,234.04143,189.61433,114.59695,194.86935,200.79712,150.91318,229.22214,254.5505,143.37427,229.08755,79.61127,127.47012,163.11975,227.7113,215.29622,259.59552,247.12335,118.28833,133.29808,157.92831,267.2175,161.00302,144.0437,99.641335,218.0334,210.483,134.74358,158.27475,160.42487,235.44888,69.84949,118.47408,99.40329,29.507067,140.0936,154.93188,209.04758,230.63556,95.3771,48.018616,273.73822,95.502106,210.05365,237.58972,262.70193,219.18243,142.25992,221.23123,77.65106,106.22876,201.00272,75.75183,168.30203,146.37701,181.27405,169.80579,135.17036,36.92556,209.86115,230.24176,166.01045,120.15134,95.87833,230.5796,232.52307,234.03822,175.05504,198.67703,100.756256,216.08301,242.00952,120.63981,97.88314,101.36044,232.64575,205.38269,138.94028,128.67885,228.55086,256.2907,168.53474,250.9851,108.77698,134.78137,149.0244,200.90614,221.28775,162.20712,139.04736,165.73706,216.29202,105.83599,258.30148,229.65031,118.95862,242.94392,95.703,208.06134,235.17897,84.62125,202.40274,184.94757,86.72947,202.48524,166.03207,227.68478,65.405174,156.13861,126.98413,147.64008,85.743706,107.19072,139.08911,166.76389,126.17068,75.80842,175.39404,99.77567,132.71017,242.26294,206.46176,210.30615,157.09416,170.40665,237.8985,245.61948,73.793304,248.508,247.09741,170.57086,188.47913,162.2234,162.00769,88.75655,134.0603,132.15898,119.0195,146.29398,227.21405,112.62172,121.08595,73.6065,203.17453,201.44714,75.47613,152.49678,209.27905,128.54463,182.02612,234.29803,124.71634,251.80408,144.2107,231.7966,159.08229,219.49371,198.98953
2172,139.81522,97.59986,131.43547,228.4047,217.74861,85.52722,236.27275,215.79108,267.06177,198.2931,97.794785,207.59412,234.39139,156.77757,233.65897,256.60004,218.41074,227.88174,110.12848,129.04419,204.09787,231.74963,213.31288,274.74515,257.04242,125.222916,138.57724,233.51477,264.81293,185.14401,181.88809,197.44122,223.4585,253.005,222.79808,196.4191,176.45526,241.1178,207.14853,174.40073,153.39888,36.054657,190.28493,180.90128,225.52379,256.12637,81.03764,119.15129,273.46802,120.09781,209.91058,249.10843,255.85461,248.95486,220.1788,244.34319,141.13983,191.77373,212.88016,109.32644,197.93916,203.59425,247.95421,185.47997,167.1352,156.46564,223.84503,239.11398,220.52429,115.20232,204.26384,242.38542,249.98828,243.14908,227.88919,216.53406,133.8605,229.98001,237.25156,182.10126,149.62085,201.16708,226.04855,245.23416,225.60379,206.24466,245.78067,248.23138,223.0098,263.02924,209.49243,237.7076,166.58229,221.75253,228.72198,212.74774,136.68852,220.80942,208.01584,109.60776,270.88712,246.84534,211.83807,245.34085,125.94445,217.49147,261.56268,116.61013,232.57892,236.29001,118.66553,225.41805,214.73459,217.96545,70.132904,241.46771,121.857376,151.29851,116.43553,154.38889,238.23238,148.11786,115.62985,130.60481,199.13959,172.44342,180.49477,253.32578,224.41011,228.64398,225.1868,224.01135,253.26788,247.80954,49.829487,243.499,261.67358,194.73334,229.23315,227.39273,240.22827,72.65657,170.12782,208.86673,166.11644,226.68752,241.01262,113.74634,226.42133,216.24326,224.49252,230.67825,121.66261,194.35432,232.03821,207.94006,230.77309,240.60608,82.29818,268.24707,145.23486,246.63809,226.89381,233.20264,239.83209
2173,225.96332,176.88736,178.48102,235.92087,221.81667,184.05045,241.94781,233.53818,279.8225,219.19696,178.85243,226.98862,256.87207,203.71664,242.0599,257.61948,251.7078,239.88168,206.90326,197.89685,230.25504,244.94145,208.18344,284.21497,262.018,203.02306,196.6126,254.80435,266.02115,236.0927,233.0646,234.29858,237.13092,273.82922,248.76929,234.05559,216.6354,250.54295,250.43195,230.65436,203.01105,118.39025,230.13608,228.41902,231.7096,269.87054,175.556,206.6454,279.39352,212.55856,225.81519,260.86832,255.59488,254.37189,246.40106,259.52527,207.7974,235.30832,232.12305,207.47504,233.50609,244.019,262.4463,221.30858,231.33978,229.4609,230.50064,251.41045,249.17592,197.06804,254.31177,252.83148,258.1142,247.64691,247.4772,232.44742,216.30128,243.62042,231.61151,234.87775,219.54529,252.968,232.14705,262.95282,249.88193,256.82288,263.51315,249.69785,252.8866,266.29388,238.47176,277.35046,184.6479,231.93506,233.3406,235.36151,189.75682,257.32114,235.97676,197.47388,274.9903,253.66634,253.9856,256.73642,210.4945,225.54184,278.45007,207.29236,245.11224,240.85178,205.84541,232.96887,247.36101,228.06851,186.37276,260.81522,171.61438,189.1619,199.6091,215.46591,268.3575,180.95818,159.97781,219.21718,219.11534,246.3105,221.67621,261.31674,250.91895,238.23662,248.98788,248.15826,263.36905,259.30588,133.99054,247.96402,268.06235,217.00931,239.56679,240.70723,259.6039,163.62895,265.7777,235.94064,234.3461,248.88847,260.21027,195.43713,257.07275,253.13982,247.63397,249.1291,228.65909,242.50209,245.33936,238.5475,246.73581,250.47797,89.06877,283.9562,202.7442,258.61353,250.58989,260.78662,262.1678
2175,178.62625,144.04407,148.45885,239.36519,235.91556,125.20537,248.89069,230.38336,262.87885,216.49525,135.3193,226.16867,234.094,182.19261,241.97588,266.0792,214.65027,243.37419,150.39578,163.69873,216.32574,232.90015,239.43564,271.62543,263.2158,164.95923,154.53108,225.32617,267.36,214.6169,199.86307,201.56259,230.34177,244.76509,210.94223,210.04002,195.43262,251.3099,177.24712,185.77826,173.68356,42.334328,209.59918,198.6638,237.90573,256.0084,113.22833,149.44026,275.06686,157.16321,225.3402,251.2006,264.3401,252.27261,212.5597,248.05774,161.43117,194.39262,223.31104,143.17216,218.96881,212.87622,232.04132,208.54175,195.21802,160.05508,233.49832,238.41635,223.45761,155.6677,183.45674,246.80672,255.83614,255.03705,240.56158,228.90588,166.12125,238.88892,255.0588,193.81076,173.59647,187.5179,229.6133,243.25592,219.12848,198.41315,252.5676,256.83368,221.14374,272.39984,192.72336,215.75171,184.50003,232.7263,243.9908,226.622,176.66724,211.93178,219.10103,150.26788,273.09335,253.3682,186.44626,247.48022,163.9528,235.02737,257.62125,153.46275,241.06885,240.27518,153.21034,241.04018,225.13461,233.97365,107.34571,221.37598,163.5836,176.58759,154.38043,175.54419,222.84962,166.93431,149.23145,162.0412,212.2757,192.17363,203.11667,256.81635,227.47136,238.16632,231.18793,227.12791,259.20825,257.21838,84.00122,253.78067,262.9331,201.5436,239.14948,231.13275,221.87788,109.99768,196.97432,211.15314,174.85217,226.21605,243.70093,153.18636,220.9245,188.75014,227.35898,239.75891,162.73267,211.44556,243.93832,201.73811,227.55548,248.64302,126.7836,265.3427,170.31508,249.0179,221.25662,236.51761,240.98694
2176,161.24025,162.99304,206.5056,240.36963,218.94339,132.22746,214.90973,183.573,268.54993,199.9396,168.72536,196.04974,223.33855,170.15579,221.03941,239.77338,187.94772,221.45023,171.7658,174.14497,165.5407,232.76512,180.57951,278.39066,234.76343,182.8976,205.65833,183.67351,258.97754,203.00172,169.06528,149.51508,211.6643,263.85043,204.73941,186.49814,222.2727,215.93027,161.6021,168.92188,153.09775,91.51528,185.56323,182.04312,206.58057,238.30028,191.08319,108.89938,267.30853,178.33463,193.54063,230.37161,241.00769,210.88495,198.77505,220.57257,154.0864,172.1934,239.53603,144.2987,197.41216,177.59865,221.61795,171.62427,179.35017,129.72475,231.20471,235.54695,190.38885,173.12405,200.32297,230.77902,229.2691,211.8161,163.98099,197.40445,147.51889,211.90431,209.32648,166.20953,172.35243,223.17624,230.05585,234.72466,194.68362,242.9689,219.10263,236.965,190.77887,238.12683,197.65872,245.37103,193.39413,195.47888,200.7154,152.44981,167.28783,258.04514,258.98776,175.38057,252.07986,232.40802,199.43512,255.25627,176.45905,191.17343,271.90018,141.98524,210.38712,189.39517,143.6379,201.09233,188.36475,222.99203,190.34018,205.31021,161.87894,190.81274,143.13583,138.21367,211.06409,197.33669,182.45956,169.58368,211.95961,178.59169,165.85545,252.2175,231.6939,207.17819,170.44888,185.71964,228.55545,232.60272,131.7145,236.26122,251.60178,227.01086,200.9461,193.17406,211.80103,140.6214,254.6659,163.84573,236.00153,167.81131,232.52972,172.41696,176.0635,148.89636,213.63791,188.49304,165.19527,196.8325,191.63638,167.59671,207.28568,239.94266,130.93568,286.60876,175.4359,256.1059,188.9655,265.0915,215.05103
2177,106.298584,103.92743,158.44293,230.21135,226.45837,86.874306,231.58896,223.34738,227.88568,186.97034,96.740295,219.4576,203.24771,146.42023,215.71893,233.78015,164.47162,222.83232,90.02814,109.28189,174.63269,207.87401,215.09952,249.21228,238.46658,115.07382,95.89383,191.79929,242.21645,115.09053,157.53763,181.13153,210.12149,205.19489,210.12808,180.59482,163.30212,217.7906,153.0171,126.514694,154.79742,29.422123,170.19055,166.9112,218.92435,221.95576,59.744736,109.99313,245.46611,92.252014,204.38708,221.48138,240.47876,214.14197,190.38217,223.93457,136.39258,174.58089,200.0538,84.295006,177.79767,153.13388,214.80121,172.9703,138.95767,123.035034,220.12375,218.75836,194.52814,98.76091,156.81451,218.25125,229.43985,224.70773,219.35086,202.79498,109.681305,211.09949,232.79369,159.52502,130.41351,163.87758,204.22643,205.04256,187.98572,137.18684,212.52475,233.77872,185.62782,240.31894,200.314,169.25671,197.712,204.23257,213.81009,201.32745,136.61646,177.31654,218.94008,85.332794,239.97968,232.34372,190.9368,221.19745,111.31298,214.01532,216.87314,99.44841,201.23572,212.95868,95.681595,222.22006,162.74065,226.8383,12.075088,214.98517,133.55972,159.3494,115.1379,151.97357,180.47652,150.19852,131.7651,106.37292,223.01425,94.11499,165.13068,238.2732,195.27481,214.97177,189.84875,192.27448,224.05865,225.14955,61.536407,235.5643,237.96078,202.23288,218.73953,228.92154,206.38858,72.24438,84.65163,203.49525,107.682495,211.77342,206.04602,104.504105,178.98152,177.28136,180.51596,210.28888,40.676003,162.56218,216.0523,197.55206,198.79782,231.82423,154.4982,235.69899,128.8255,204.85397,190.71936,191.36217,200.48613
2178,84.21061,102.88417,49.35397,168.68216,149.18225,86.827545,151.05627,89.9319,213.11497,164.88222,118.99577,114.52177,187.12662,172.78635,218.97275,249.2821,173.59795,181.38382,58.761383,159.28159,195.44464,224.6821,186.93716,236.54082,221.04842,95.13634,115.96243,178.16708,253.9979,200.91827,168.49149,48.403217,211.48532,205.29468,56.182186,132.70389,89.02847,246.89554,122.9079,180.09525,15.879347,60.767063,95.032166,150.5882,158.9004,243.0501,41.3556,13.1742115,266.17816,102.93821,214.12466,248.31268,252.27441,226.44588,135.1987,207.20331,11.201022,49.457565,127.003746,99.46406,124.40979,178.49562,185.74191,162.82947,140.10306,38.724266,141.2938,212.19461,158.64264,140.51974,115.407166,212.84006,206.9019,240.4666,131.91058,160.68542,131.41652,204.26285,204.72011,123.39386,49.746666,36.996338,216.62749,206.70245,93.93638,116.610435,252.13953,245.99768,200.50233,248.1192,29.069788,135.76863,39.246155,166.90585,220.48653,151.12341,125.02324,127.035736,125.52316,145.97652,258.61176,182.94281,152.28564,210.75392,74.41002,180.95374,232.86754,91.473595,193.82425,177.40778,121.814644,141.60043,186.90396,153.07361,58.825108,152.15274,73.46026,59.346344,56.64064,84.025955,158.56076,127.79212,38.97567,39.932373,68.85269,166.7908,80.75331,188.703,206.73563,181.98322,178.88985,185.5794,238.8125,246.39236,46.80234,204.05664,235.16425,78.39722,131.71896,80.40915,182.79892,103.85788,152.35536,76.57357,87.32164,112.35567,247.439,107.29201,122.26055,89.773155,235.34767,197.79507,136.71619,143.8414,208.69617,128.54874,172.9522,179.91367,-1.4106463,221.25276,177.26228,220.87798,181.37732,188.85352,221.30737
2179,158.5263,131.67555,183.36682,228.90182,213.3956,106.37551,219.141,199.13383,257.56885,192.796,129.40955,201.99814,217.15445,156.1648,211.71094,228.04977,191.92944,215.23853,148.02145,150.40099,164.90672,216.56004,176.66199,264.59973,231.31189,158.67065,175.25449,190.46358,246.72516,186.5192,171.85524,174.05789,205.53484,245.78873,216.52275,187.99174,208.09657,207.32495,179.1239,162.26369,165.05371,60.492744,191.91396,180.75372,207.26163,228.57327,155.67493,126.221375,255.11203,152.34648,184.74103,222.03253,231.11763,209.1766,202.7203,218.73874,161.72852,187.0945,227.64386,128.40054,198.7641,183.1669,221.09598,172.14417,176.3893,150.65111,223.60233,225.88577,197.37524,141.71666,203.10986,224.28882,226.76176,206.23196,183.00365,200.21358,143.15637,207.76251,206.83856,172.75269,170.26596,225.2829,212.1972,227.59024,207.69489,227.07028,210.37698,225.31198,190.72179,231.18018,211.84338,238.68582,191.39229,198.12234,192.92065,168.45529,154.2828,238.93443,241.35559,144.05298,244.0788,230.78937,202.19786,240.68385,159.06664,189.47856,253.95453,130.55444,208.30917,196.86911,132.33078,206.80853,191.96745,218.9112,149.42697,213.63573,150.46695,182.24591,138.78696,151.2149,217.79062,173.26514,163.00061,161.34863,215.86273,174.27325,178.49274,243.67523,218.01074,202.50696,180.3352,190.60756,221.20955,220.57947,89.473694,228.16513,242.56297,218.16644,209.35214,210.46164,214.70865,100.81083,223.82487,184.00882,212.23553,187.74985,216.5233,142.81061,193.40448,173.71127,200.29865,194.87674,151.18869,192.55164,195.14279,180.85796,204.54242,231.92093,122.78615,267.76196,155.19077,238.04549,190.57712,243.32983,209.04984
2181,50.79843,75.18326,18.99522,130.6589,106.03113,72.01971,107.48379,30.213678,202.55501,127.763725,120.43399,54.391876,167.44356,173.3292,197.93248,244.55716,178.47705,140.30005,38.82076,185.33456,202.91046,213.90016,168.27493,226.33524,196.46368,61.95255,138.27203,180.86975,242.81824,215.09468,157.90616,6.3884783,186.48804,220.87016,22.408789,101.02683,53.863564,243.80296,159.88931,209.4932,-30.343885,123.540985,55.611473,118.82175,119.31018,245.70901,50.352734,-18.640661,256.56198,90.81619,201.74625,245.41644,238.59277,223.17566,130.64883,181.11816,-18.606438,12.7721195,95.77614,99.77469,74.651726,180.09395,193.69498,124.49929,118.91919,35.43605,107.33026,188.21828,132.8699,153.73198,137.36423,182.64778,177.30411,239.05539,78.79763,112.57315,133.47998,176.85498,174.91632,107.39746,21.316181,31.92268,204.373,198.09158,69.280594,142.05356,256.2097,233.47089,204.46057,243.67548,1.8467265,166.3246,0.76933587,128.52376,217.77861,117.78273,87.15091,136.63118,94.77776,183.3573,255.48624,146.40985,186.41635,186.39664,52.299404,154.2153,245.98822,69.351654,171.18524,162.96815,140.86946,95.477585,175.63339,101.018425,87.1437,150.42079,23.996008,10.548915,17.800112,47.546288,167.58594,95.67189,-2.336484,19.118212,17.62182,195.00601,34.444027,157.02783,192.5247,161.30908,169.54129,174.05905,227.43875,238.58049,29.289606,171.15979,219.46803,40.4599,89.86622,30.834051,195.3135,129.63596,175.16898,29.479898,103.495316,73.94072,256.33646,86.6224,111.48285,93.74423,242.47668,163.84662,164.44594,118.33084,185.46986,120.7973,164.9426,142.07816,-41.473038,218.68686,200.76086,218.18771,187.80107,185.31894,221.6116
2182,197.21216,165.98395,185.02676,256.37582,252.86427,149.12512,266.43893,256.1481,280.53802,227.51549,156.32098,246.34702,253.37383,190.99667,249.2415,272.0174,240.29712,255.38548,180.58594,177.5098,226.69217,243.26642,237.37823,287.0321,272.532,185.20166,151.57788,253.23274,275.96365,205.31354,219.05571,236.62534,237.58542,263.92688,248.16399,235.5422,222.23709,255.30902,224.60266,208.25578,213.89722,62.928627,235.83514,216.33353,251.17108,271.20068,113.71512,184.99655,284.14868,179.7401,228.03912,261.7393,269.07153,261.6031,247.51086,260.34146,200.58203,231.09424,244.85495,168.79381,238.80959,228.03018,261.0473,217.53041,213.38583,204.40271,255.92123,250.40074,244.48576,171.68576,227.53033,256.39645,267.7093,258.3296,254.24106,240.3791,190.04355,248.18335,258.2469,225.62813,204.08401,220.41812,236.66385,261.44788,249.31541,214.4313,261.6762,261.72992,243.77698,279.17752,240.71756,246.72093,222.70786,242.63243,246.57764,237.52316,192.30849,231.62846,249.40375,161.8147,283.2942,268.49713,229.16145,258.94495,191.88515,239.29266,271.91107,181.49841,254.20422,256.03485,176.65182,257.4245,236.05023,251.13193,89.548935,256.71753,187.28763,206.19955,185.08089,200.15298,253.8988,182.56406,181.50963,190.6385,250.13254,201.03897,228.90549,275.2098,243.77719,249.83128,249.77856,246.9003,268.41882,263.2489,108.640625,263.4742,275.55756,238.89629,260.2359,265.85287,255.36646,127.44107,181.64783,243.00908,177.94212,251.77325,257.60715,175.50545,250.65057,238.44843,240.9014,246.79323,149.73096,236.84361,249.53679,232.07823,249.90323,264.34344,159.62766,278.92975,180.17496,259.02975,248.78111,244.93642,258.76553
2183,188.4606,152.48128,196.00421,245.64076,242.16986,126.67674,247.15477,237.05998,265.45496,211.52475,142.65851,232.99725,228.33786,167.15771,229.94037,251.21115,208.26642,237.44588,171.97858,163.54575,188.3926,226.72855,216.41452,271.97476,252.87062,179.52637,172.48369,210.77892,261.19156,207.15604,185.89273,206.60428,218.67891,250.93335,239.06871,205.823,224.79465,229.92033,180.1826,170.65945,198.01804,48.53929,217.26431,193.18573,231.79958,244.42348,148.24298,156.33792,267.8598,171.8237,204.18787,239.00919,252.32005,233.84201,213.53156,235.69421,185.10132,210.8205,243.08694,151.80994,223.32745,201.95831,231.02658,194.16483,193.49176,168.9161,244.36234,235.37393,214.49416,160.0827,196.95995,238.5423,245.24551,231.77979,220.02936,222.70448,162.27411,225.23761,239.51979,188.75504,192.66225,231.53246,225.01505,238.36465,229.75784,226.56076,230.60617,244.96413,205.65924,254.2418,230.30206,239.13713,223.61148,222.88457,221.41425,198.07788,175.79214,236.32013,251.27313,156.88629,262.45312,249.66475,187.45065,247.31616,180.55992,215.35187,260.35583,158.38019,229.0861,223.87514,154.24548,237.35918,213.76582,241.07886,137.83084,221.75784,178.0972,206.35791,165.15808,168.8992,227.982,178.63449,188.70537,185.69595,248.06729,189.72485,208.9116,259.45135,221.88191,225.07643,206.9401,210.83615,242.11569,239.94873,100.81676,247.88977,255.73407,237.08215,237.7743,245.4906,221.56506,113.674416,222.00432,212.2702,206.20505,214.96237,232.35455,163.23943,216.64163,185.71185,213.57477,218.32083,169.61514,209.50339,219.29439,191.32468,222.47601,248.90637,182.05429,271.27588,161.82883,248.53754,207.7734,244.94522,225.60974
2184,186.70016,142.98378,147.02982,235.3717,223.94745,130.75381,243.96431,227.76613,276.66217,214.00568,141.711,219.8058,248.45508,180.7156,239.20963,259.6596,243.30019,237.13498,162.1439,169.60225,218.00513,238.87492,211.5098,281.6764,261.62714,168.97888,152.73293,251.59872,268.9763,208.66502,216.14377,223.73676,230.92972,264.1949,229.92001,222.61845,196.03778,244.80782,243.55519,210.85165,180.80826,63.634888,219.31654,211.44086,232.7707,265.33566,104.01847,170.49051,279.46783,169.7355,215.1553,255.34486,257.6288,253.8688,241.97403,253.416,179.54381,216.28296,222.06223,158.81502,222.95688,230.56047,258.5824,208.39252,207.72577,204.87582,230.92268,246.17809,241.14563,161.38791,237.67473,250.74428,257.9376,244.77676,242.40442,229.7907,182.80695,239.66595,237.5161,220.36668,188.79834,211.41464,231.01106,258.81055,240.07132,220.79617,254.24773,250.23145,242.613,266.20032,217.96844,255.60855,173.8281,231.27554,230.32211,229.3441,171.1611,230.0292,221.28673,157.81102,275.82584,254.24023,239.9442,253.357,176.05562,222.06628,271.65057,165.2594,245.09543,244.92545,167.52539,234.34296,237.44548,227.12016,98.36838,256.01154,151.2189,170.01688,165.96432,194.39023,261.2266,166.5257,136.36642,178.82796,208.28262,212.78275,212.05148,260.113,240.43314,234.52695,244.96005,242.77747,260.2459,253.66743,83.99675,248.51662,267.81454,204.08528,240.0853,236.92899,257.32593,111.20625,201.67044,228.86566,181.51637,244.311,251.84479,157.56815,251.85045,248.05963,237.68811,242.45894,166.17914,227.28343,239.81546,231.03369,243.13182,248.50053,92.029495,276.378,173.31387,255.95215,245.30768,244.45807,254.83267
2185,166.65224,135.01459,146.6527,235.6261,226.52466,114.9149,236.57812,214.27847,261.96893,208.98102,132.36166,215.45335,229.90244,172.10289,238.76465,263.90753,204.41212,236.0635,136.11438,159.00702,202.4281,235.14908,223.45206,273.71362,259.97473,159.36057,164.05603,212.17432,270.3095,210.67157,187.78906,179.8453,228.2821,245.33084,201.42734,195.62486,189.56403,248.82135,154.41058,171.47523,154.4157,42.52102,193.19522,192.71313,228.36896,254.26283,125.77695,128.07132,279.28937,148.5824,216.74222,252.26114,264.34067,246.92415,192.28043,243.94072,144.31778,179.7599,218.41995,132.50453,208.59694,202.60278,223.17361,199.72368,185.16272,132.81223,223.11145,239.47052,213.10266,149.46779,166.21756,246.51157,250.91714,248.82507,226.43623,222.36401,152.93684,233.27274,246.72856,175.8955,161.89278,182.15475,232.23732,238.34729,207.0298,196.0491,251.83374,256.24374,211.90594,267.49847,176.53912,207.80591,164.70404,226.05676,234.81567,208.66829,163.3011,211.69717,219.35388,145.00739,274.1764,247.70543,170.60712,250.37764,149.46198,221.85213,260.65442,137.91885,232.17062,224.01466,139.1358,226.97896,218.8703,228.9749,120.316185,207.47104,145.82706,168.85043,139.78296,160.58453,208.87186,166.81418,139.25578,148.45789,199.98158,178.15872,186.62784,255.13544,224.95285,227.83035,211.26443,213.61203,257.04852,255.38287,83.182785,251.23917,261.59256,191.94307,223.99236,212.93513,209.92493,105.219215,202.52132,192.3749,179.92715,209.0678,244.3568,146.97444,200.08743,162.48532,227.60968,233.12881,157.01892,197.68813,233.68411,181.62581,217.93733,245.38069,104.273186,269.33777,166.59958,250.21356,206.3967,242.2628,233.98
2186,186.2525,168.72101,200.52318,251.05554,252.48492,141.86154,257.61264,244.79715,267.44766,222.01443,152.427,241.63585,235.32782,191.68652,242.91315,266.3652,214.1211,249.21794,176.44699,176.81812,215.89203,234.46053,245.36612,275.67255,262.74008,184.39029,171.13235,222.064,268.57846,214.76694,201.29411,205.24281,231.99748,254.17084,230.63104,216.06871,224.60101,250.11517,185.0916,189.04291,202.56004,60.203735,221.15173,202.10059,242.72095,256.99588,143.06479,159.28482,275.55273,173.33963,229.7132,251.79483,265.40057,248.56816,220.05498,247.06808,184.72455,205.96872,245.01056,158.07649,226.72873,210.4039,238.26852,209.15575,200.96346,166.0613,250.08667,239.27388,222.15225,171.45538,198.1933,245.7515,255.49014,253.83746,233.90213,228.75615,175.43497,238.07022,257.51373,199.05112,190.22263,217.81148,231.4625,244.81334,225.90396,217.7569,249.72707,258.19897,221.5347,272.1663,222.8429,231.58348,235.56026,231.90115,245.22446,221.06897,193.20352,231.55344,252.75983,166.6644,273.08575,256.8352,203.1746,250.52307,187.47348,238.2934,265.1778,170.02625,239.41902,239.91708,168.50456,249.5665,220.39565,247.98195,125.371826,226.6458,197.35898,212.30728,175.31845,179.27258,226.89674,179.6477,198.55772,180.23306,251.93414,194.13243,212.01706,263.63672,231.13948,240.22314,225.55894,225.1305,256.19046,256.19852,107.16354,257.02838,264.38837,237.1937,246.5615,249.00623,228.41705,128.55548,206.8977,215.62173,195.87904,223.1373,245.77649,173.45067,218.80215,189.99603,227.59119,233.24615,165.61093,215.88718,241.31276,208.80711,229.4934,255.14458,215.33356,273.52463,181.27502,252.14163,221.74301,246.15836,240.25061
2191,188.92444,153.69614,146.98431,238.29301,225.80197,146.05634,245.7236,226.77202,282.01785,216.5314,155.6911,218.99036,250.43265,186.40274,244.3877,267.16565,243.81125,238.37305,168.97757,179.80574,221.01575,243.61836,218.74374,287.73074,267.24533,179.18002,171.1749,252.32895,275.34003,211.2069,217.87155,223.43153,236.13141,272.3689,236.57568,222.97662,196.836,251.52655,242.798,207.82315,180.68535,79.12551,219.22493,216.30904,235.37572,269.95856,124.08952,176.83032,285.7066,179.81267,221.8884,260.89185,265.05023,258.36353,243.19707,257.63538,187.03006,218.91333,226.26315,172.81131,220.5139,230.6602,264.5057,211.03493,211.79611,209.03214,233.16345,250.26035,243.83717,171.7185,240.0798,254.37442,261.05014,251.93008,242.80951,231.12344,190.45486,242.73553,243.40813,221.9782,196.99036,226.01822,236.98468,261.52454,245.72197,234.23682,259.38037,257.80753,242.72983,273.2454,227.17462,267.9244,174.9049,234.81955,237.53899,231.1684,173.9604,242.4472,223.22374,167.15544,282.3216,257.2213,244.2857,257.88538,182.03629,227.19298,279.13336,176.83496,247.00269,248.1915,179.68329,235.22554,239.19763,228.31586,119.22516,260.99628,149.0387,170.5238,174.62039,199.88126,263.458,169.63626,136.77048,185.21747,208.56651,207.88977,212.25932,264.52887,241.64365,238.89307,242.9632,243.06494,265.29163,259.74066,102.64034,253.31474,273.37283,205.42981,241.1785,238.1004,261.0294,131.26282,208.80313,229.01086,197.76675,246.69139,256.04205,172.74489,252.33942,249.06168,240.67694,245.42862,169.18182,224.47,244.14703,235.15489,246.46979,251.71912,88.99824,284.37683,179.95767,261.52014,245.85626,253.00443,256.19238
2192,218.53891,178.2966,204.98083,262.6761,261.92133,159.60333,270.91608,259.47858,284.5642,233.19485,161.86783,253.63464,255.35811,199.07721,254.77817,276.22363,247.47418,261.88177,204.93823,187.13141,235.07462,247.78122,247.68425,290.3009,278.044,196.35484,173.20056,257.96164,279.6301,234.67355,221.9151,236.00903,242.29816,272.1021,253.12181,240.06621,236.29929,262.13342,234.26718,219.39594,222.1378,51.285076,244.40512,215.44763,255.53743,275.5606,144.74318,191.48413,287.91257,196.37955,236.48816,267.24725,274.32272,267.86612,252.48584,263.6079,207.182,231.66867,256.62357,183.21654,244.9378,239.61899,264.25946,223.41898,222.28091,216.82127,263.01398,253.47745,244.02922,184.21393,234.08287,259.0237,270.65964,264.42606,255.0762,243.98169,201.01746,252.74658,265.48654,228.83672,213.86763,239.03108,241.67029,264.7858,256.38153,239.9191,268.58716,267.41492,247.4654,284.17426,248.98398,265.9002,239.91875,246.90427,254.75742,238.90717,204.42197,248.85843,263.30063,178.11938,287.5014,271.70776,227.77272,262.9421,209.29547,247.53296,279.41882,198.06012,258.42578,260.4101,192.94235,262.54675,244.50014,258.26727,133.61865,257.4902,203.81793,218.04193,192.85555,197.12166,262.7095,192.4219,199.88727,209.11575,260.87085,235.12209,235.56393,279.4829,245.12656,257.32037,255.9399,250.61801,273.70532,269.45294,111.88577,269.37463,278.66412,250.60881,264.11023,269.23462,257.14478,135.82574,232.7864,240.69246,208.94374,248.84972,262.93036,187.60757,258.7952,238.79181,246.65472,248.72574,201.83168,244.01791,255.03122,231.60178,254.6378,269.11273,184.64365,286.07776,187.36926,265.37582,254.1467,256.83258,263.2212
2194,126.51249,138.79575,142.17316,241.40892,234.60736,112.28255,221.18504,159.23431,261.86676,205.15706,144.06616,177.33456,225.67041,189.30487,245.9628,283.58353,193.72678,238.32225,125.73833,172.01263,216.0739,245.47363,249.26614,278.4402,262.3905,135.35056,162.22621,209.99477,280.41937,216.60858,174.87216,105.19855,221.53857,255.22787,135.1532,186.57065,174.63239,262.61157,149.23721,193.06223,95.59021,71.20262,158.39789,159.54822,219.10443,265.62915,111.688545,57.54524,286.98022,138.37726,232.85165,258.13223,276.3462,254.38351,201.05301,232.60461,81.26258,109.67139,217.83987,118.38697,173.48563,190.7858,227.7047,179.9664,164.05905,93.459274,231.06563,235.23036,182.0278,162.2044,164.3948,236.62003,246.24805,267.7495,167.88947,195.24683,145.97165,231.41753,258.96194,160.2873,110.76584,122.40328,246.07669,240.69263,166.22568,185.79793,263.68475,270.67273,212.72794,283.9046,123.05645,200.76276,161.0104,207.97098,258.54828,173.31558,167.39177,205.99158,218.56071,160.59438,282.19684,238.78708,176.68216,249.93127,131.27304,229.33723,269.96057,127.75568,234.02399,224.15811,142.33932,209.4253,195.3434,215.43343,99.494835,197.44617,143.95853,138.04721,96.51014,103.00792,194.79881,174.44772,133.18478,99.349335,166.42224,180.62375,140.57771,256.18002,232.4788,242.54916,209.13712,209.07288,266.58038,272.21527,94.72442,255.89781,267.36752,181.75887,201.15933,164.76025,212.22974,125.684265,183.13148,130.07317,153.99425,153.67151,262.98737,142.25122,170.8822,132.17766,241.73526,202.5775,137.17245,193.10178,226.08627,159.72624,223.84448,240.40665,118.34191,274.9406,183.27122,263.59387,219.62425,243.31885,243.04057
2195,188.34239,165.90912,184.8135,249.86034,251.25858,148.0538,262.5263,253.5441,269.68542,221.95227,148.90106,244.23912,240.59277,193.17563,242.14603,264.4065,227.38583,250.52731,177.78741,172.77399,225.6011,232.15515,241.78241,275.15057,264.2926,180.04504,153.78534,239.3071,265.7295,206.33234,213.16765,231.1089,231.16653,254.27684,244.52322,227.44925,218.6742,249.80176,225.43385,205.10217,210.06082,78.94018,231.07437,207.93921,245.99649,259.12048,122.831406,182.22484,273.47107,172.30719,230.2665,251.23917,261.9428,252.16718,240.97256,251.46727,198.42273,224.02557,241.77167,162.698,231.50816,219.10632,250.3188,213.19809,205.56998,200.10184,250.84856,238.40538,235.13214,166.64366,225.9364,246.50357,258.91885,254.18625,250.31378,232.75049,184.82285,241.00629,256.58392,218.22722,197.72453,225.25052,228.61719,249.97314,241.14444,214.43634,252.42082,254.86324,233.13882,272.33536,240.36493,243.42255,227.5967,235.77095,244.35342,238.63007,191.41664,230.95627,247.43756,161.14093,272.24103,260.46277,236.10449,248.90326,192.36967,240.26184,262.1598,177.43365,245.17781,251.12341,176.48105,254.6258,226.45972,247.07335,99.96265,247.64331,190.68692,204.1813,184.44737,197.63568,245.86119,176.31314,183.17673,187.29108,249.00223,200.25247,222.88158,265.7962,232.91406,244.0127,244.65425,238.32593,258.51215,255.97426,108.33225,256.86343,265.02594,234.96564,255.61908,262.21426,247.18124,130.267,188.56136,237.56061,182.58965,245.80649,245.45937,170.2303,243.80228,233.98608,229.28116,241.15723,155.75812,226.28772,248.03314,235.33348,237.50119,256.36743,178.2944,271.19214,179.5103,250.17491,237.54372,240.62482,247.56909
2196,66.88499,62.41713,223.89697,161.19437,115.06244,16.646744,94.48804,74.93918,195.53955,86.19213,109.20413,93.61777,124.03063,22.602547,100.91353,118.247406,72.723114,101.69592,82.17132,60.83998,-5.532222,143.58904,26.519405,214.28183,118.605736,123.80278,202.69398,46.298035,174.50023,75.20145,31.166002,49.65995,97.62883,217.34253,173.97552,59.721107,165.8677,75.37717,26.011217,15.780879,71.651955,30.772736,78.8262,86.382965,86.92369,119.70647,206.36757,4.689292,179.99118,111.95431,44.01789,115.82948,129.72322,75.1868,69.68567,101.003876,86.368355,104.13562,170.11156,50.7368,100.27794,49.630997,109.91652,37.58142,70.05387,10.846736,141.17001,162.03418,75.58115,70.404396,101.90875,131.67319,111.38021,64.809616,24.730886,95.12491,12.070464,86.97612,75.59363,33.365154,109.505035,216.46342,150.44704,130.10861,104.50007,221.96869,80.45888,126.49921,53.221527,100.01565,144.59149,209.36562,114.47232,78.26117,49.841003,-8.467727,38.880074,251.44333,248.5351,75.80194,143.87332,125.92959,71.49861,189.46545,74.59959,40.802177,223.12984,13.565239,80.8568,39.95678,-1.6417369,74.88989,70.607895,135.66586,208.26974,95.99032,49.944313,134.58792,41.435738,32.644844,105.60232,157.25787,131.26758,101.91522,147.85175,41.226814,59.563835,168.3307,138.84277,69.49143,5.0388308,41.070625,98.403046,102.75765,110.4745,129.77728,148.46979,181.84697,78.24515,91.36919,94.666565,41.999043,235.30164,62.64244,234.50093,43.98226,122.36136,93.820244,42.745834,14.654376,99.86088,52.727764,51.515152,76.738495,37.97425,24.211454,92.15037,145.99213,73.92804,253.52582,49.18174,179.66956,42.90001,238.52281,80.19812
2197,151.35278,147.3487,178.79924,256.09076,257.66174,119.47355,255.13782,230.25572,256.92493,222.85004,135.16931,238.52519,232.21841,190.46698,250.92546,273.53143,193.09079,257.77014,132.11661,160.34308,215.78827,240.38135,253.47621,273.65598,270.0137,155.7683,144.25082,209.60759,274.9501,196.97336,191.23303,168.62695,239.0783,234.81616,185.67934,206.947,200.56438,259.05112,139.62527,173.62271,165.13452,43.35128,195.50142,192.4064,244.60112,257.64673,108.89475,116.07614,282.68387,137.26004,238.34473,257.45648,274.3427,251.45035,196.53432,250.51456,138.35214,165.88388,232.66049,120.191986,213.02512,193.8756,220.94836,210.0806,180.54234,112.89813,243.86493,243.57167,210.20097,150.25201,153.69139,250.39706,260.0185,262.00592,230.72731,230.551,151.59541,244.68001,268.33954,177.67235,148.71304,150.98404,238.70886,236.35556,192.43576,163.4548,256.93143,267.35126,214.876,278.2256,169.25955,177.83118,207.83026,234.376,252.88408,219.4562,182.26364,193.32812,241.91156,140.58597,277.21222,258.7532,173.98322,253.81024,149.36786,245.88417,253.62323,136.44437,238.44823,233.57156,137.30338,247.49959,208.02417,254.14311,77.89434,203.56747,179.28516,192.15598,139.89345,158.95554,190.56938,183.04713,173.31087,129.56213,227.63531,158.32475,187.90399,265.49332,230.60898,245.61191,217.18114,218.51086,263.4314,265.59326,89.071976,266.87372,266.47195,212.9653,237.30768,223.57394,206.82608,110.56949,158.31824,192.57414,145.61673,205.2911,248.95706,145.67786,185.72838,148.28413,229.46861,237.39584,121.71075,200.80399,248.19951,189.72589,220.26488,258.8903,183.68198,264.91992,175.78249,247.01534,210.22873,233.97522,237.33142
2198,194.09186,189.77083,214.17842,267.8378,269.2853,162.56573,269.0084,254.20425,273.8739,238.07794,172.37224,256.23654,246.67389,205.5187,257.45422,279.93994,210.43156,266.92172,179.6286,189.17001,221.30655,248.7222,257.23877,286.8202,277.4499,197.45375,176.73581,222.64526,282.75134,218.13535,207.09148,200.48392,246.17441,255.98183,225.72287,225.95218,235.89691,262.82806,155.99753,185.35583,207.15881,66.8311,224.74489,211.06357,255.76984,265.9794,149.76111,154.80968,290.1139,178.30397,242.37817,263.91766,279.2388,258.71802,214.21088,259.88907,179.15121,201.57947,258.60596,161.37029,238.63168,211.12128,234.86319,225.27841,208.71527,146.35097,261.90198,253.92671,226.23877,187.89563,177.68608,259.66223,268.55353,265.14618,243.53915,244.37952,181.08795,252.3233,271.17566,198.03125,189.6098,200.84296,248.01021,250.34146,223.79135,204.5162,260.8429,272.63562,224.45193,283.73663,212.43121,211.86539,241.79758,246.1278,257.44168,227.58096,212.90964,226.03918,267.74664,172.77806,285.05396,270.16614,183.88889,265.7364,188.52353,252.01715,271.30334,179.178,248.92508,242.17227,170.58206,261.5061,225.38953,265.09073,120.641914,219.35242,216.93427,227.81033,180.08755,180.47235,212.9813,200.71332,215.38634,173.61835,259.88867,182.74449,217.61969,278.8697,243.51276,253.90053,225.59306,229.1271,269.40158,270.391,131.42137,273.47083,274.98306,245.00937,254.67503,251.7865,218.66208,149.31577,196.06581,216.24501,187.4035,223.70096,257.49957,190.12573,208.58879,168.5474,237.13028,245.02567,154.39151,224.116,252.75996,200.30911,236.21304,270.5424,214.1576,284.17944,193.82745,262.2114,222.06049,256.52252,247.46317
2199,191.16592,143.37256,207.52882,233.30739,215.57527,127.449844,218.57596,212.33832,266.23822,190.80328,154.27046,212.60541,227.52386,138.20816,211.69632,228.43546,207.7174,214.56241,177.70425,155.66025,151.86206,225.65952,162.10196,275.8053,238.60876,185.86649,189.3302,202.89577,253.8566,189.05322,168.66052,196.81497,202.6269,264.51587,250.84537,190.50967,220.51196,204.02234,185.89749,153.44078,187.1976,47.83097,199.69543,188.64264,205.84082,236.70274,179.41547,150.1893,264.47314,183.62936,168.7516,231.07217,231.75287,213.30116,199.94778,224.00652,185.11435,213.77835,230.9335,161.09772,209.40634,189.97995,228.81247,173.08708,184.79352,171.92949,224.16022,238.31659,204.86847,157.04593,207.6852,229.30713,228.68393,198.2467,196.59848,208.746,149.3559,206.8223,203.35896,176.52881,198.75443,257.8957,218.77243,232.15717,227.91397,250.43765,215.55026,224.36487,196.46573,225.99301,237.62424,269.39096,193.40085,202.98985,183.91344,161.80852,150.40881,253.13878,256.9533,153.56175,252.63629,233.1779,187.59077,246.93137,172.61952,175.66718,270.68848,150.64938,207.80692,191.4368,136.07803,205.81601,204.41678,225.4851,185.58803,222.53816,147.64009,196.91418,156.4572,159.3363,230.66042,181.18027,176.84647,196.28046,233.8474,182.44412,192.21082,254.79268,219.18948,199.23376,174.97586,191.26788,227.54256,219.95428,116.49858,230.82816,245.81775,231.22025,210.58826,226.05621,219.30716,114.402145,261.50403,201.29877,230.74042,200.05522,229.4578,169.3391,203.78485,187.77579,210.46451,198.02335,179.49442,197.78317,186.98227,172.71742,215.04422,238.3836,126.811066,279.36395,145.29672,243.57132,194.11084,255.57332,213.47012
2200,151.43552,149.28053,179.73401,225.01994,218.44698,123.978165,220.14307,203.4592,232.87485,199.49745,138.2147,210.25786,199.94478,173.736,213.42026,229.1935,165.7273,220.65091,143.93512,156.86938,174.50784,209.10443,200.06897,245.37018,225.48645,162.62347,155.9411,168.44867,241.51271,181.51224,173.93536,157.62619,211.96803,210.75735,181.49295,181.43442,197.73405,214.02881,132.57892,156.51971,161.34488,66.96255,183.20773,181.97769,209.19751,217.34882,137.01675,124.59616,246.9692,147.25096,204.12732,216.05176,236.0722,204.36972,177.15932,212.96483,149.7413,163.77647,215.48273,128.78493,197.88022,170.86366,191.73674,182.71616,172.4454,111.13014,215.86584,216.29364,186.2307,151.69608,157.33688,220.90295,223.27322,215.89786,188.36581,202.45764,147.02292,209.55066,218.50916,160.93498,154.68881,168.52667,210.43863,209.67715,170.35986,169.2243,208.23358,230.40063,180.28102,232.84122,168.62286,170.2683,192.74577,198.51721,204.6073,182.79752,171.10373,195.08636,230.74973,150.2172,234.63763,225.10078,174.0408,230.6914,160.13165,204.60635,227.00317,136.67874,203.231,193.60004,138.61263,212.06357,179.51857,223.35773,115.79961,180.62628,172.48946,187.97688,148.23865,156.05254,177.40868,177.33319,173.16779,148.22937,211.05722,154.15054,174.38463,227.99496,209.00586,200.81699,180.22873,185.2357,215.7984,222.77594,98.57099,227.3612,232.74692,202.11867,205.80484,197.90369,186.61882,117.81308,178.7887,174.168,169.29294,176.2721,207.83632,149.33858,163.49991,132.29492,190.8146,201.83437,132.18726,183.1167,206.7392,171.75432,183.30716,224.55466,169.10217,244.9183,168.2633,223.47554,173.19626,219.66608,199.14355
2201,143.39221,144.74773,185.02997,257.5633,253.23927,109.39366,237.23239,200.22723,255.25513,215.2305,140.48633,218.14206,221.20294,176.64713,242.28223,268.2114,166.7597,250.45595,128.15799,158.11938,180.5227,239.58786,233.94746,274.7692,261.64673,153.47269,160.14996,179.22983,276.91437,191.1,164.65364,128.77304,227.16028,234.46512,166.20618,186.87396,203.12698,244.43521,95.20643,144.9744,138.93024,35.65132,175.07422,172.62238,229.96347,244.69122,127.38851,77.7903,283.263,136.82736,220.51784,246.54422,270.46838,234.41417,172.93811,234.12392,111.163666,136.38391,237.24773,110.83973,200.03653,170.0404,199.85089,191.34311,166.40091,73.95956,241.93488,242.20432,182.93327,152.2626,126.75693,243.33852,247.77112,245.28448,188.31558,218.05841,133.20822,231.28433,256.4138,146.9707,133.42966,139.9914,245.42163,225.73254,171.8393,167.74664,238.8356,264.39716,185.32123,264.9237,146.84387,169.23413,195.40411,219.48007,235.80711,172.83711,175.56516,197.5947,248.52727,141.29945,270.32178,248.98758,134.0401,257.67203,136.90457,224.99435,255.04141,123.279495,223.84819,203.98035,121.07716,227.11534,187.21924,246.97003,97.82892,174.95218,171.62115,186.43375,118.95069,120.538086,166.26303,194.98303,174.62253,115.6705,212.89735,136.38284,165.1477,264.3203,225.9317,231.75397,178.52914,189.29988,251.56108,256.94873,96.95666,263.2119,259.94495,210.89697,214.9553,194.72731,179.26239,110.348785,170.27881,153.85596,154.5445,163.1505,241.72495,145.09903,151.08101,98.800995,217.3327,209.42062,111.29095,187.18239,219.88638,141.9907,206.6155,253.76517,168.85272,272.83774,169.59677,252.6575,182.77017,243.36057,217.82985
2202,191.85681,151.34349,176.36682,249.51959,248.68817,130.4394,262.52997,253.42058,272.64722,222.36664,139.49614,241.21216,245.52191,186.48486,244.79759,269.6416,236.93552,250.47522,169.98001,165.82672,228.48915,236.16245,243.82187,278.5998,268.07678,171.91368,143.02985,252.52216,269.414,202.96063,213.12015,239.4379,232.27557,258.16537,247.71297,230.86441,211.44304,254.49542,228.67578,203.19661,210.46191,32.500946,232.10239,208.34018,247.25418,264.86475,100.222404,181.76059,276.96906,167.1268,228.25612,255.79337,266.16675,259.90533,246.46255,253.79535,196.95193,229.38474,237.39308,155.00891,232.23148,225.08514,256.3416,214.99236,205.74481,209.97098,250.45638,242.00099,239.72766,158.48767,223.49474,249.1639,262.10876,259.09726,255.50166,235.88867,182.29364,243.59364,259.48596,222.46957,198.71341,221.9148,231.707,254.14746,248.89226,212.83556,258.65463,259.03107,238.91861,276.88293,242.33678,248.91095,218.21434,239.57797,248.60773,239.90485,186.80135,229.5835,240.38152,146.24751,277.41388,262.30048,221.20586,250.36469,182.11742,239.96602,264.94684,171.08446,250.37708,257.06952,168.22464,254.55203,231.91638,244.22122,78.36076,253.26695,179.94331,195.81099,174.79102,197.04135,252.50563,175.6885,169.46878,184.56155,242.56305,199.25671,227.27814,267.68445,233.16513,248.20714,252.55804,244.67056,264.27097,260.22253,82.3548,258.67218,268.35278,231.17502,257.6067,264.04755,250.66174,104.99254,176.61874,242.41745,172.23245,252.21497,251.98355,160.39716,254.72647,244.45203,234.76266,244.13208,146.63913,230.09082,248.95872,230.0965,246.21663,257.21597,155.47978,271.74298,169.93947,252.79742,247.3327,237.38254,253.67198
2203,193.44638,150.08968,167.82458,220.54985,195.49686,142.75208,208.95279,183.61046,278.1413,195.84146,171.69136,187.63016,244.57298,163.29742,219.03815,232.99832,231.36581,212.22012,179.56207,183.59906,177.97458,236.72458,160.09338,282.69592,238.62885,189.85751,206.15794,222.00754,256.42294,212.35052,197.04929,179.28278,213.19035,278.8529,217.47739,201.32556,207.1994,216.60333,210.55115,192.7562,154.39893,91.926636,195.75177,204.91936,202.1399,252.22908,176.12448,143.95982,271.5249,199.35916,182.17805,241.83559,232.94073,225.41618,215.72894,234.19385,166.77191,198.25177,219.74515,179.79999,206.33803,217.11742,244.62016,182.40881,207.60109,178.90543,211.48221,245.08627,219.30583,181.76976,236.76018,238.96393,235.22794,208.99728,187.0224,205.59488,179.46005,217.42838,196.0985,196.26169,193.19534,235.1712,222.78122,251.89828,222.63408,261.33276,232.79564,226.69623,223.09206,236.03802,204.0303,275.37952,150.59085,203.3541,192.15402,171.69992,154.78134,260.96118,227.39078,185.04181,259.219,232.60205,222.14908,254.96489,180.45425,182.59167,283.19476,165.10013,219.93146,200.44882,165.51173,195.61046,225.13007,205.1715,188.36441,235.50983,131.90268,166.49689,155.25766,165.12466,249.28058,173.07983,139.8601,190.8839,186.78108,213.55084,181.06184,248.59943,244.04657,205.90567,195.9175,210.98022,238.07597,231.72385,123.05538,226.79642,254.29411,200.31665,203.08914,195.33643,237.82877,136.31801,266.09045,185.91559,239.92004,197.62848,244.0716,178.72902,215.34496,201.59793,232.52103,209.21266,199.09863,217.59923,199.06534,187.14487,226.51437,233.32785,52.575962,288.39087,176.59387,255.18947,215.74753,267.76425,236.57843
2205,161.31393,163.5055,189.16893,229.45181,203.95622,138.5162,199.59576,160.24525,267.32642,195.18958,180.28004,178.4065,225.45667,173.91434,218.20332,236.29396,192.58609,215.3498,168.84172,182.75598,166.3675,236.36652,170.29077,277.40186,228.89502,181.14172,213.42221,182.52618,257.14673,213.04251,174.01836,130.54013,208.53223,267.77603,176.63464,181.82722,208.9831,214.93472,159.64595,183.52446,124.98793,112.419136,173.271,182.30266,194.71259,240.48996,189.4201,96.24951,268.3139,185.78293,190.94495,231.27434,236.90457,208.33035,191.08717,218.45319,129.52142,153.75323,225.17157,151.2826,191.14543,183.50778,215.2107,169.43759,182.87598,118.95207,216.46991,235.48965,187.59198,185.02202,201.81729,229.77132,224.77185,208.45184,152.68134,190.07501,154.74728,210.24504,199.82632,164.35225,158.27338,196.7861,230.08328,236.55264,176.98318,240.19817,223.09863,232.8277,196.47034,234.1678,161.3372,239.2905,156.94768,186.96338,195.80995,145.1052,163.52628,253.39667,244.17493,190.4667,249.93729,223.69318,199.99213,255.72086,171.97598,183.27357,276.81262,142.08311,207.58289,179.44183,147.78564,185.97981,192.76175,209.55682,197.94882,195.71233,149.14859,169.17453,133.45947,130.6667,208.55246,195.30324,159.7842,159.57733,179.25674,192.9747,149.87225,243.78632,239.2357,200.91565,170.0432,185.51138,228.68527,233.43396,141.17365,228.96646,248.9726,202.0646,184.83725,164.80237,207.73895,151.63493,268.24066,145.78107,231.85611,154.18854,238.89139,174.24104,167.8869,139.8648,222.74399,185.90982,182.55557,200.41553,187.79114,158.79037,202.84436,232.03386,93.23479,288.22913,185.2034,258.63235,188.78749,269.91187,219.63324
2206,127.50533,117.24263,190.5108,216.7811,185.53925,84.58334,167.7463,121.029915,257.11603,162.33891,151.05118,140.40237,202.27405,130.41022,193.00412,223.55606,165.75497,186.23943,138.77164,153.55531,122.82671,222.55603,139.89655,270.7246,208.73862,148.45619,214.01514,155.83594,248.4722,189.62952,126.3045,92.36498,174.87442,269.66644,166.32288,145.08694,194.64944,189.7892,129.98956,145.25082,91.550735,74.603676,136.85461,139.84512,164.98865,221.81396,193.15578,46.75819,257.4182,158.13812,153.01144,211.34863,220.19206,185.38058,166.77728,186.1965,97.306755,125.56337,215.42313,113.784035,154.06876,149.80421,199.39029,123.49323,142.58041,86.851776,202.80545,218.12897,149.32617,152.30878,177.60266,203.59956,196.93271,183.53735,102.65361,156.27596,106.12326,177.28345,174.86856,122.201645,131.34644,197.75914,222.97995,215.76411,160.78159,248.4346,198.8412,217.02063,161.15054,211.90161,152.06056,247.65866,142.61404,155.5026,170.06331,87.58737,119.58964,259.03906,245.7016,161.62485,236.36371,198.60022,160.26949,241.02164,130.09756,143.82684,275.87463,94.853424,179.39682,146.45064,100.16003,150.1079,159.66435,182.7406,201.68512,174.38278,103.55889,142.13907,80.32317,78.0509,188.10129,183.59984,140.33421,130.74692,161.30821,160.98422,113.459015,233.4597,215.02567,175.65134,125.25493,147.45166,207.32379,212.85269,114.471794,209.66438,231.39923,196.2171,151.41882,136.45067,185.1902,112.72281,267.6607,106.30881,234.1272,111.962845,227.4707,140.02206,136.28166,104.87569,205.36545,141.25757,151.89676,166.69595,142.45792,109.17027,185.80031,211.42839,74.0873,288.01093,152.32489,254.53342,161.40509,267.90912,191.38419
2209,144.06613,118.274216,193.21228,249.9479,245.7265,87.39778,242.16064,225.60811,257.7296,204.68517,109.55429,229.37122,219.58344,151.72165,230.1485,252.72195,179.57094,238.46307,117.69136,131.6998,169.66214,228.44135,215.84628,271.5346,253.75949,142.77643,159.3996,186.97577,267.00293,183.50052,162.66711,170.5477,218.8085,239.3741,210.55598,185.80228,205.84595,228.8583,119.47106,134.94165,162.72499,20.307947,188.88116,175.06618,228.90477,237.92622,130.2282,102.20509,273.30585,123.20793,200.15805,238.2984,256.93204,229.35707,178.36491,231.38446,137.70462,175.4761,238.41586,99.88388,205.77042,177.29147,207.80688,184.05324,162.83395,105.81923,239.99164,237.31891,195.67708,123.55807,142.9738,239.21664,243.5057,229.85303,209.68097,219.77344,120.02791,223.3446,243.30048,154.3276,148.11337,186.92453,231.39168,225.23979,202.12627,189.6336,226.01671,249.35052,185.59357,251.94156,190.12784,195.18547,208.72006,220.23026,218.16348,183.37173,150.68716,213.6868,254.08374,114.590866,263.50537,248.61621,143.53867,251.69156,129.96387,212.48059,256.48062,109.60178,219.5518,207.55011,104.223526,231.60135,196.08676,246.10768,105.74855,190.74437,151.34569,186.0846,118.1315,138.76909,186.8278,176.12062,162.50333,129.80249,237.75763,140.16801,179.98712,260.83337,214.30426,220.26062,180.64148,190.9053,239.91985,239.4676,74.45244,252.26495,253.7225,223.92676,225.46906,225.51329,190.07657,77.97091,185.26033,186.63098,176.01694,191.6532,228.21298,126.47824,175.58662,129.50337,206.8141,212.93912,119.68219,183.45297,213.9212,158.30453,207.31812,250.18956,182.7404,271.15002,144.48996,246.1195,181.92352,243.4573,211.48123
2210,148.42256,137.35547,209.11433,231.96115,203.65985,104.01754,189.19865,151.35158,265.55276,179.83832,163.57164,168.85083,213.25684,140.16544,204.99686,228.9086,174.54373,202.9502,157.06197,159.66518,132.2777,229.54149,152.70831,278.13208,221.4209,169.52206,217.59882,164.7582,255.74997,194.4384,140.09843,119.234665,190.3837,270.99988,192.05286,161.77325,213.80385,197.33412,134.82425,146.79462,122.411514,78.58882,159.62978,158.92195,184.09708,227.9516,202.37244,72.54424,264.02695,173.03113,164.65143,219.81693,229.57965,194.3299,176.07037,201.4047,124.49978,150.68256,231.36908,128.5204,177.36758,159.7205,206.68365,143.47545,158.41275,101.565216,218.49927,230.8739,166.65494,162.05981,182.62738,218.15465,211.3749,190.79419,128.34341,177.86542,119.33795,191.706,189.17978,137.28534,154.43637,217.76953,229.10385,224.26405,178.87076,253.38208,204.42755,225.51808,170.06947,219.55856,176.7385,250.92126,168.40982,174.64601,178.11258,109.20743,138.71776,265.93237,260.6008,166.23691,243.6087,215.35977,165.3884,252.00955,149.88486,160.0721,278.03247,113.46463,191.83504,160.46442,112.0768,172.7734,172.8357,205.21771,211.44383,185.22891,129.31003,170.42953,106.41199,102.12795,196.95798,195.70525,165.64896,153.0351,190.70998,166.27751,138.38394,246.42607,222.63678,187.28702,138.27046,160.18909,215.60326,219.00331,131.44237,223.62723,240.86511,217.67812,173.33871,164.17456,192.92426,124.75846,276.25555,132.93582,244.75034,134.68283,228.81757,158.50568,150.90395,116.64412,207.22174,160.08975,162.98697,179.97708,158.84172,126.049545,195.24194,227.95486,102.62827,293.08478,155.73688,257.7049,168.14093,273.29074,198.838
2212,206.39551,169.83255,196.07594,249.47421,251.74153,152.8551,258.8031,251.08481,271.46823,221.1461,152.75696,243.63586,239.82938,189.04887,243.84543,267.6502,231.12332,248.64868,195.57387,178.95813,218.55505,236.11157,245.16586,276.35544,264.9072,187.72128,174.74341,237.0764,268.7743,226.2298,206.30011,227.25687,231.76324,263.05237,249.91537,221.9437,224.88004,250.9673,219.96909,200.85321,215.06097,61.039463,232.05833,203.94093,243.25531,260.98685,146.47055,183.85258,275.8235,187.58252,228.79643,254.47989,265.66974,252.4528,237.04994,249.46115,202.45273,225.16823,244.00946,175.74237,231.531,222.74792,250.52533,210.14128,208.49918,205.28064,250.91794,241.10924,230.32138,175.03564,224.56277,245.86057,256.4184,254.14673,241.42123,230.78418,185.66104,238.6457,257.70602,212.0138,206.34622,246.56093,232.593,250.88004,244.58945,241.79797,252.71295,258.87128,229.81277,272.5078,247.49054,265.4786,237.48642,233.60922,246.30908,224.77533,193.23743,243.52567,248.14336,173.4791,275.18875,257.1043,217.1453,249.33499,200.05153,237.22481,270.17737,184.97986,243.82578,247.09282,180.43234,251.09009,230.51251,246.94746,142.11722,243.47385,197.31232,209.9126,185.3406,186.56577,251.88069,179.49295,195.49945,204.63533,254.62038,219.33032,223.7321,263.6839,232.41785,242.61768,236.46805,233.56055,259.03217,257.36017,114.218025,256.89856,265.72244,238.98499,251.43605,260.3073,244.06653,136.9354,234.5509,229.84866,210.96085,236.31444,250.88852,178.5411,243.65463,224.42464,233.27643,235.82193,192.99895,225.32877,241.62686,218.86671,239.17694,254.58786,217.78174,273.50116,179.68631,255.5167,234.98975,247.52748,246.70657
2213,188.44193,149.4974,188.50107,254.66434,256.44055,121.750534,260.4225,241.89337,271.01898,222.10626,137.07202,238.8334,237.90912,181.08267,243.42131,267.50616,216.25264,252.44441,165.93091,165.2611,210.84723,234.5954,246.77876,277.89304,267.17682,172.53555,164.75912,226.28235,270.3653,216.1517,195.08188,204.4745,228.83649,254.82768,231.50702,217.51581,223.86697,249.2128,181.9932,182.26237,195.59305,33.79474,221.89923,194.06958,245.82385,256.47754,133.19519,149.44232,277.00476,164.95973,223.94589,251.0482,266.42554,252.479,224.5271,246.97406,175.6399,204.39377,248.78197,144.31775,227.69373,213.01784,238.90129,206.30481,198.08842,170.02441,255.23956,241.15518,220.7576,158.92613,194.34805,247.34764,258.27844,253.58691,230.9277,231.48053,166.28705,239.14578,261.69598,196.33664,186.66763,217.38324,232.95352,246.65782,234.57921,220.80273,248.1418,259.06354,218.11249,273.02948,222.99942,235.34999,229.1229,235.71466,244.84665,214.60355,186.09576,234.04239,249.75931,152.35191,274.6192,261.01367,186.40369,253.10799,175.46045,237.77252,264.9965,157.07053,243.66537,242.74628,154.3787,251.6665,222.47964,248.399,118.13286,227.5337,185.2255,202.82819,157.11668,164.94968,230.01512,179.49684,184.66556,175.73083,246.36682,195.60896,212.70074,268.90982,229.30888,244.92657,227.3562,225.3703,258.33136,256.55374,89.37128,261.0075,265.7154,237.16048,249.93942,249.73325,225.6135,107.18794,208.54208,212.41846,194.99942,220.7044,243.76462,157.71698,225.66475,189.51193,225.07643,230.17953,165.87166,219.4219,238.30215,196.5491,235.48181,258.3106,180.68346,275.2318,168.45093,254.65059,223.9939,246.94914,239.92377
2215,101.68323,126.02609,186.48987,253.62085,250.65387,88.20236,230.39758,196.86108,238.28802,202.43942,122.13325,217.94203,206.83597,162.32776,236.09421,262.49002,141.43564,243.13124,91.20209,132.86209,166.92554,232.1529,235.0164,266.53436,255.08867,129.35217,132.58104,161.33008,270.91788,150.8523,144.43042,112.07027,222.66809,217.63934,154.40433,170.5232,180.88306,239.8945,68.348495,115.26503,126.92691,22.298016,152.66125,161.02621,223.45425,235.4896,100.16164,54.020668,276.1925,100.82347,217.98375,241.4711,268.4291,222.20964,150.5025,227.2709,94.54708,119.57272,219.86366,76.870514,178.50328,139.11966,187.66971,179.80069,137.51733,39.10074,230.80382,233.69409,169.03787,124.49281,99.07234,232.85486,238.74376,240.66748,186.03885,206.38974,104.123566,222.21707,255.91588,126.00296,107.31259,116.38245,236.13354,207.03543,147.57297,132.02182,232.50209,262.21902,170.04494,258.84528,132.82309,141.07632,196.3104,209.47359,232.53004,168.09296,156.5724,174.42325,245.58713,108.479195,263.0391,239.74927,125.31484,246.31267,107.52617,221.21448,240.61008,92.44302,206.56879,192.8125,89.8114,220.33194,160.89838,247.41489,53.10546,163.08237,155.06786,176.66675,98.58302,113.590546,138.34955,183.30788,160.22418,80.69585,214.73712,88.31325,144.49495,256.15442,209.84291,223.36212,158.8879,172.53766,243.05974,251.08585,84.429344,259.83112,252.23557,202.92926,204.20723,188.0686,165.85002,90.14697,122.084816,146.96451,118.533745,155.3692,231.82706,120.39441,122.170746,76.800156,203.17618,201.91125,55.891197,158.70535,214.19955,137.31284,189.89603,248.81183,197.7665,258.1256,150.99341,232.62106,164.2442,223.0437,201.7486
2216,182.9043,145.18835,176.33118,227.79585,205.55432,122.52055,214.4544,191.86284,272.13065,197.31123,153.60684,195.57263,233.07516,156.88515,217.42784,232.39966,208.82437,215.33891,167.4356,169.52367,164.97446,230.77673,166.44946,278.46136,237.65503,181.36786,198.55592,202.23448,255.89716,203.16138,181.36885,176.24747,211.05745,265.51996,222.01237,193.88559,213.21542,212.20822,177.93956,167.42506,161.64505,61.120064,195.21216,194.84612,206.00473,240.8448,171.45508,134.42331,267.4596,179.67366,181.27744,233.45631,234.77328,217.84381,203.21648,227.68272,166.067,195.23419,228.1258,155.14975,206.46321,199.57925,230.08784,178.86655,194.39449,158.2551,219.56519,240.6076,208.16977,166.65489,208.97604,235.68329,233.0452,206.65814,184.01389,206.88275,159.68706,213.79651,202.0386,179.9108,187.07806,234.88382,222.6304,241.08054,218.46986,249.87698,220.89758,228.75867,202.60667,233.78528,208.44403,256.4193,168.38638,203.76892,191.36932,164.80994,156.44315,255.70166,236.55272,166.70456,254.10257,234.20001,194.21619,253.26135,171.7357,184.22958,272.63214,150.26656,214.88565,195.56943,147.238,201.12161,210.29297,213.65907,177.4198,219.83191,140.81859,177.77013,148.18336,155.73387,229.93063,177.50995,154.26257,181.35379,202.0526,190.15688,182.62006,250.17622,232.82047,204.06155,182.08545,197.68472,230.7543,227.55322,104.31026,230.1315,250.85928,211.7123,206.2671,202.77095,219.54326,115.43028,253.78577,183.53577,234.4463,190.57745,231.49326,164.88937,201.0295,174.57657,216.17767,202.6031,178.7734,205.84647,194.63077,172.32707,216.90616,235.75583,77.37247,284.44662,165.9749,252.06018,197.47078,262.14746,221.23833
2218,148.41086,144.45761,131.61024,235.0574,234.39977,129.24625,245.9581,219.43373,253.04202,213.92888,135.86078,217.54668,228.16568,189.59691,241.2113,263.91595,208.44696,241.16284,134.39673,160.34438,224.73016,229.18323,250.27124,265.39807,259.81946,151.14569,129.1772,227.417,263.3483,184.80618,201.85687,188.08765,231.22786,234.10005,189.04543,209.36258,172.37442,250.59207,197.60406,188.8478,158.4719,64.425095,196.15714,196.30037,236.37851,253.16759,79.083,141.29926,269.93164,141.22255,233.90715,247.69943,263.28665,249.71092,220.44589,245.69356,149.38432,176.05707,208.08519,136.28853,202.12796,203.35219,237.34831,206.53354,183.76315,157.39703,228.69287,234.0954,221.0524,150.96706,192.7752,241.52277,253.34805,257.5649,234.69316,222.03043,165.90594,238.36606,258.78873,197.73145,154.00946,156.92767,225.22867,237.85579,201.2452,169.00749,249.34988,255.9396,224.97131,272.43118,177.93582,199.1571,179.48593,228.12822,247.93147,234.9003,176.97615,194.06116,206.00613,141.48962,267.8331,248.70235,221.60086,239.6193,155.12003,242.2612,246.9036,149.77779,237.71336,247.14868,155.43727,238.92844,210.03947,229.41364,60.535225,230.76077,161.65112,160.9435,151.07382,179.07922,217.75394,161.62936,136.22069,137.52179,198.52931,168.97562,190.0455,249.46536,224.53273,240.12927,238.39752,230.71469,255.72543,255.63855,83.121796,251.61214,260.66116,188.21606,235.29929,220.78757,233.75574,116.776375,144.48062,206.65527,137.44617,224.71748,238.51715,146.44768,215.05365,204.61072,221.34775,238.84158,118.85695,201.7822,249.42769,223.93932,224.71426,242.80289,134.15297,254.34186,170.72598,237.53355,227.63846,218.27405,239.59315
2219,137.03577,122.27742,139.45218,229.16843,219.35976,104.0281,227.6141,201.95493,251.28107,197.0636,122.36043,205.01913,219.60037,161.65244,232.0567,258.23624,188.06812,227.98154,111.07299,143.13657,192.94421,229.41365,217.73192,267.5746,252.99373,141.00801,143.72554,202.40796,265.39963,181.36877,172.80544,160.29987,221.92065,233.10696,186.34167,182.13235,171.55841,244.22879,138.7652,153.80331,138.00925,39.328655,172.06668,179.21985,219.77269,247.92642,104.6725,106.70532,273.8,124.827705,211.63531,247.37177,260.04373,239.89227,180.54294,236.13025,127.520805,161.6399,205.326,113.052086,188.56403,183.45543,217.77391,186.10794,163.7797,110.374374,214.03156,233.22113,199.93509,133.44319,149.52744,238.31728,243.52037,244.32256,213.7053,210.03732,133.53407,224.68199,240.77893,160.67148,140.13489,159.01395,226.02847,227.23492,188.41876,168.41612,245.61035,252.11499,202.51782,261.88177,162.06248,185.06084,157.58673,214.74097,229.78052,197.78036,147.18341,194.59595,212.49765,124.78188,268.1505,239.76968,165.746,242.99298,126.802505,215.52399,249.56989,118.9541,219.83397,215.4957,120.788666,217.12656,198.7614,221.92072,82.79978,201.1774,132.31497,156.17363,121.26546,147.1901,191.1163,158.61325,128.03455,122.022675,190.93123,145.93274,167.19891,247.44675,215.31247,221.00882,198.28378,202.25421,250.05067,249.66275,77.72174,245.49265,255.8879,181.90753,212.6384,200.69565,202.99286,97.637245,156.70363,179.13823,150.63638,196.60524,237.20706,131.9103,180.54984,148.51,217.61642,222.8636,116.315994,178.39056,225.82516,174.76538,207.98032,238.38474,99.89967,259.70447,155.9292,237.84735,197.1547,227.39142,224.55078
2220,185.40984,163.67996,196.83295,246.40117,248.92677,140.24959,253.77283,248.59483,258.64294,217.05574,148.21678,240.8808,228.41821,181.33658,237.98285,264.5019,203.18066,244.76477,166.19179,169.1064,206.80243,229.28503,243.92287,269.22183,259.79303,181.336,164.21088,214.8122,265.0368,204.10843,192.09207,211.31439,226.11789,243.14655,234.58148,208.89984,217.68341,247.52196,161.51953,170.04199,205.38728,48.200294,215.34753,197.90826,239.0935,250.22275,137.26404,164.50829,271.67877,164.34273,223.01501,247.25784,263.16174,245.65651,204.79404,242.2522,184.6767,208.64255,238.682,153.04926,223.41284,202.40044,226.89337,206.85791,194.35123,156.4471,243.52151,234.397,217.43134,165.46509,174.2956,241.02292,250.65953,251.59167,240.04346,227.95117,166.80551,233.10304,256.28513,188.75833,188.5989,211.62634,229.32231,234.94122,224.3393,201.82019,245.65677,255.82434,211.41637,268.3072,220.98177,212.85947,227.02377,230.8753,242.49805,219.59142,186.57663,219.46716,248.66534,154.25397,269.23517,252.48026,176.68335,244.97144,175.16025,232.76917,256.04913,165.65588,232.8744,233.23465,157.31537,246.16685,215.06088,244.05978,112.103134,215.65627,188.7125,209.17865,172.93623,180.02032,211.6772,177.62454,192.60785,174.28012,249.71411,173.50989,212.46187,259.1199,221.30283,235.29398,216.37793,216.9003,252.59412,252.72714,108.75268,253.5058,257.7847,230.54913,243.08351,250.40628,212.79659,125.00963,186.89012,219.28384,182.02394,225.58038,240.88771,170.3721,210.69952,178.41672,220.61206,232.18575,147.8398,206.079,236.28513,195.29218,223.28685,250.28316,205.34369,266.91003,173.18808,245.74063,210.74338,238.57033,231.43326
2221,179.62016,163.33636,180.12155,240.72432,226.56718,141.2936,235.38773,210.46524,273.42618,211.53915,160.567,213.86398,236.71553,184.23807,233.50946,252.5134,215.85014,233.56741,175.70224,178.58658,198.9568,235.79231,203.54297,280.30087,252.33269,184.30902,188.22163,217.02518,264.42505,214.21725,197.45372,187.11615,225.30392,263.16296,221.38019,208.59961,216.15154,235.51648,202.8877,193.76143,172.90259,87.19274,207.7991,200.97803,224.93573,253.70578,166.08003,146.5592,274.4477,180.36356,211.35828,245.86371,252.66577,235.48557,222.12704,240.5758,174.97583,197.59436,236.44449,159.4701,213.86649,206.6286,241.76318,196.24925,198.60597,170.61818,234.69351,240.35266,218.08234,173.23918,221.04062,242.81137,246.90286,233.95984,207.19934,216.29184,172.72272,229.44525,229.74585,196.46426,187.47845,228.78358,229.26236,247.63562,221.36197,238.02261,241.16849,246.33987,218.08105,257.52197,214.9772,253.49942,192.09233,217.61717,221.13304,196.89474,176.90363,248.5333,242.68298,173.39124,266.8598,247.34921,225.48608,254.53326,185.77812,214.08392,270.78418,162.98062,230.8746,221.48062,166.59814,223.71524,215.96893,230.38583,163.07184,231.85324,165.41676,188.7061,164.51462,171.40782,236.77545,183.23601,168.46283,182.08969,217.33731,201.41043,193.4989,259.36304,235.97928,225.90779,210.45915,216.16743,248.00096,246.76134,116.3629,246.66022,262.1619,220.3783,225.64938,220.30902,235.8458,135.81122,238.83055,197.47232,221.90707,208.01288,242.04227,173.85419,215.07697,196.89131,226.82797,219.70511,179.58011,214.14407,222.61845,205.0859,225.46759,247.98584,117.60132,280.49396,181.2378,255.12637,217.71118,256.09106,236.48793
2222,105.40489,115.61724,180.4,244.29193,244.43463,80.44389,227.12347,205.3979,222.56787,195.26709,107.84354,221.03513,192.97519,148.95482,223.37717,245.28453,126.388435,235.23978,82.91032,117.014534,151.56686,215.42194,227.33354,250.11617,244.98093,122.763885,124.02127,146.64981,257.17474,136.48628,135.93236,120.879166,216.03302,194.81851,162.07738,162.48581,175.93112,224.7601,51.33847,90.77301,134.40161,11.452957,151.56424,156.99435,218.715,214.58076,98.64482,63.81321,260.94592,91.00029,208.0842,224.53024,256.3943,209.61069,136.99922,217.3709,101.70882,124.91038,214.49098,69.912415,177.6213,131.32135,170.72348,174.65752,133.22969,37.07493,222.41026,224.98314,163.7118,111.44746,80.27554,224.76318,229.2468,227.23715,189.24599,207.14417,95.08774,212.53842,248.28296,117.41049,110.34926,119.446434,224.50583,190.61578,148.05406,119.71654,211.59322,249.74036,152.76123,242.53229,138.53745,121.297226,195.68964,207.07007,217.75682,167.91862,147.27686,162.44226,236.79485,92.435326,246.04192,233.00824,102.96965,235.29636,99.78947,215.15384,218.82199,84.52644,194.60934,183.83076,79.11836,218.30014,152.76385,242.64789,49.58278,151.7293,147.57845,171.41962,94.56474,118.07745,124.452354,172.56625,151.68588,82.99804,217.11154,72.630905,149.15465,244.2749,193.91833,211.54044,148.08252,161.54091,225.8533,233.8623,75.30606,249.79411,236.62103,197.90558,202.74596,193.11636,147.81607,78.26317,110.26909,153.26767,114.99534,157.41078,208.71014,111.7319,117.11603,68.36618,180.07457,200.30704,47.58115,147.17288,207.23047,128.3474,176.73883,238.27792,193.08078,244.40277,136.81226,215.62074,146.70898,209.74638,182.58263
2224,140.7805,138.32445,183.13786,238.66806,228.49872,110.25629,223.67288,189.05826,254.0632,198.53612,136.88306,199.60977,212.85439,164.39423,224.3074,249.86842,178.33087,225.84866,137.2114,155.29869,176.56958,225.76245,208.93817,268.18903,242.55933,155.76358,169.95486,184.80136,261.15088,187.11317,163.71165,141.09671,212.31314,240.36584,184.18327,180.62146,199.18678,227.75522,140.34482,155.32959,143.8864,59.90207,174.5607,171.47694,214.73767,238.00127,147.2586,97.441,267.30157,143.09906,201.5481,233.8374,252.03282,222.84723,187.04153,220.60074,135.27032,155.0755,226.93127,121.49774,187.71182,174.07176,214.64742,174.53835,164.17825,107.58108,229.34782,227.80692,184.83508,147.13115,164.90733,229.10774,233.32782,229.36359,176.30402,199.77722,136.32474,214.81036,232.05719,156.31226,147.9838,179.60464,226.13278,224.61595,183.16234,195.22089,226.17569,245.28311,188.12111,250.98524,173.51726,201.98926,192.12622,203.06363,217.29984,166.45059,159.77216,219.55002,243.32564,144.79935,257.951,235.23425,173.09991,244.6568,148.18414,205.42108,253.79956,126.48044,213.45804,202.75217,130.23361,211.59842,183.98291,226.04712,124.16005,194.90605,153.47304,177.95627,128.9551,132.15094,190.8147,179.42534,165.17764,137.60062,208.92401,154.40808,163.66354,248.87701,215.75293,215.53261,178.79587,187.96454,235.5386,238.54828,101.60339,242.3645,250.83212,211.04453,206.81595,194.78537,201.89404,113.09013,189.573,159.91048,185.25156,167.97525,228.4176,145.16095,167.72182,133.6015,207.83958,195.57373,129.7576,181.25597,204.08386,163.3254,203.38089,237.87228,153.02899,267.28412,161.48477,243.4892,188.243,239.31027,212.54437
2225,211.56033,158.99164,176.28902,228.7907,210.5314,158.7198,227.1708,214.89166,276.60773,206.37192,172.42834,212.14514,249.13261,174.65622,228.8103,243.82802,241.6833,225.48483,193.4649,186.41946,198.52457,238.84012,180.4577,281.0062,251.10321,197.62834,196.37775,239.36804,260.08817,220.21222,210.73215,213.8779,223.82202,271.91327,241.1452,216.44133,213.48096,231.77432,234.20308,203.31583,185.85953,92.73957,214.21304,215.94585,217.78052,259.29364,177.90918,179.04123,274.35315,205.14844,198.63928,251.28685,243.87735,239.4614,229.68007,246.07585,194.09167,223.72972,226.11096,193.02953,221.06026,229.1849,253.48169,201.21837,217.10747,209.3146,221.08336,247.56189,234.17126,184.69086,243.9774,245.42935,246.16504,225.96265,221.8527,221.31393,193.76088,228.80408,214.14473,213.66812,210.7102,251.87383,225.89275,254.73737,241.45013,257.5775,246.79248,237.00723,235.71796,248.48022,231.64713,277.44873,172.60333,219.16263,209.33371,202.60826,168.89813,255.66953,232.97629,184.49245,266.75702,243.72461,232.5539,253.56471,193.5261,200.95276,276.12442,184.43799,231.0876,219.8172,181.06259,215.99117,236.50673,219.54808,190.1295,250.1213,149.85338,182.40543,178.57162,192.10663,259.94186,177.30048,153.34985,209.45464,210.67606,226.13846,206.052,255.72287,242.32382,220.38248,219.18414,227.64853,249.96814,242.82727,129.37582,237.80292,259.40295,212.24841,223.44774,225.61539,248.8392,143.2015,266.98578,216.89574,236.42911,227.28598,250.35963,186.6414,238.68791,232.61969,237.97847,229.72342,215.07526,226.27142,219.51785,211.3008,236.0306,242.61407,75.4933,281.52985,181.11462,253.3331,231.23923,259.47906,246.30164
2226,180.47179,147.10335,200.01286,250.17445,234.36476,112.911026,230.54688,203.40042,278.95068,208.18167,148.50375,212.13129,236.39346,157.81396,231.44025,253.88556,200.83015,234.96902,160.45212,166.24606,167.80583,242.27185,193.16757,289.22772,255.40746,178.16917,200.42047,199.4578,273.24295,211.7229,170.12738,163.02452,216.47536,272.88715,216.64307,193.82774,226.95323,227.5257,141.32765,157.06752,160.76361,36.040665,195.50937,183.75974,220.69113,251.14157,175.34793,109.65995,283.64014,169.72707,191.29755,245.85652,253.79831,232.00162,192.08133,234.8213,148.38655,180.1515,249.05603,139.15527,213.28223,193.17097,223.64258,184.0958,186.4822,125.5053,240.59016,247.9635,200.45291,163.47946,175.19049,244.53235,244.34137,222.83734,189.64276,217.14362,146.19287,224.02155,227.89221,164.92403,175.75491,217.60321,239.41844,242.83955,215.71494,241.318,234.36008,247.31567,197.60245,251.1317,197.21805,242.77325,191.30722,216.19154,210.23276,162.50815,166.0507,253.34198,261.76105,157.7845,271.15305,248.1098,159.09796,265.0573,161.65573,198.61139,284.17346,141.17174,224.19402,200.03598,133.76758,217.18863,210.36758,235.89145,170.47125,202.53584,157.81096,194.39963,135.38687,133.12128,211.95305,192.95572,177.91397,165.36154,222.12843,177.38611,182.30469,269.96307,232.63123,220.04138,179.13078,194.63463,247.12662,244.21893,101.51846,250.87222,262.29697,228.82588,216.21506,210.38312,203.9057,107.19002,250.12233,174.47586,226.21072,181.71051,245.44725,161.4789,187.11603,140.76627,224.54614,204.81659,169.69412,203.89345,202.93239,152.29108,222.18051,253.63649,124.03501,296.27658,161.93161,266.16592,194.83247,273.39484,225.3609
2227,186.42978,151.41626,157.11844,244.95479,240.5647,137.10242,256.34763,242.1372,275.53552,221.90085,145.4762,231.79697,249.19904,193.81793,247.83247,272.05835,241.63394,247.90738,165.6258,172.0101,233.13625,240.16888,240.19164,281.76166,270.56787,169.1103,148.29192,257.45187,272.82428,204.15808,220.30551,235.41223,237.12653,263.2159,242.35681,231.60628,198.70164,257.591,248.74152,211.86415,196.67566,56.58435,226.72318,213.59897,244.05585,268.4039,97.79668,182.62857,281.25577,168.56348,233.6709,259.4878,268.54913,262.15417,251.88626,258.5613,191.59698,224.13722,230.11522,161.18176,225.75342,228.64911,262.79193,217.21336,208.69002,218.01685,242.88129,245.92978,244.40158,162.99817,239.39713,252.00507,263.44022,261.3512,254.4974,234.94746,188.91148,246.156,257.53006,228.36227,195.33014,220.6592,235.78925,258.139,248.93622,219.1097,262.24835,261.53955,244.96832,279.05908,237.59631,259.7264,197.39044,239.61768,250.09514,243.99539,184.54114,232.67258,227.98749,153.49905,280.4621,260.68668,245.17511,252.56586,180.04233,240.8205,269.48782,175.40094,251.31273,258.54156,176.20001,247.8472,235.12552,236.96307,83.31909,262.2544,166.69092,179.369,174.05978,203.11852,260.26035,171.7653,148.96658,180.0478,224.31027,202.61404,221.33746,266.92673,238.61502,248.59311,255.95018,249.19617,267.81116,263.67297,85.77028,258.18112,271.31155,216.53116,252.19144,253.45993,259.90186,115.34282,181.80885,239.76004,174.27834,254.78316,255.2645,162.67276,259.03436,259.98355,238.95457,248.90007,149.52394,229.4118,253.18582,242.22415,249.29895,255.35587,122.22259,276.04742,177.69327,256.12863,252.89955,241.2852,257.93607
2228,163.25621,134.88434,178.5181,257.24814,257.16772,104.19498,253.1832,233.82367,259.63885,218.7421,125.3415,237.4524,229.85695,168.95734,243.28839,268.4759,183.75282,255.0289,128.81302,147.89256,187.71507,235.63019,239.90778,275.58325,269.64008,152.93872,147.38309,199.85175,275.9857,186.0129,175.7829,176.53467,229.00664,236.11581,206.39874,199.87146,206.57648,246.08804,117.55562,143.69574,170.36603,10.425239,198.11693,183.993,241.86432,246.91376,112.35594,116.063965,282.98853,135.36777,217.6729,249.40945,270.2094,245.29897,185.83951,244.9412,140.67786,175.08478,240.19995,113.6207,217.8875,185.01161,209.8599,202.65088,177.59647,111.710785,246.19946,244.5485,204.18668,140.90495,138.04251,248.79285,255.7731,248.20866,226.62096,233.33014,139.33615,237.31548,263.28094,166.0195,157.14836,170.02098,240.54965,230.72992,206.28801,176.379,242.1979,262.2288,195.3063,267.585,181.7077,183.05225,204.07355,234.75394,237.7625,200.19016,172.44476,200.95273,243.98277,125.598755,274.43884,259.05856,140.16983,255.8572,140.17766,231.87317,254.75287,128.6623,232.41049,220.77805,121.7796,244.2839,205.41046,252.62146,82.956024,193.2904,168.82889,192.86694,129.60037,146.25246,184.54836,183.7327,170.03346,135.62701,232.39957,139.42244,192.97607,270.3991,222.03598,237.41672,198.24318,204.13023,257.06573,255.64864,77.503494,265.85992,261.4018,218.88834,236.32196,230.52493,189.80655,89.24315,164.16699,192.0383,155.71855,201.02092,238.67746,140.31413,182.93147,135.12367,215.63882,228.4344,111.685165,197.41898,232.29024,161.83395,219.06702,259.70874,162.32443,271.92383,156.50293,248.50482,195.09647,240.30905,224.04413
2230,160.04776,160.03024,201.08865,254.00981,254.66133,127.61782,244.88869,235.74182,244.16574,219.29208,149.854,243.73709,219.1925,177.8688,238.73953,261.83963,162.73576,251.93233,132.98483,160.76707,179.6679,231.10193,233.66577,266.04626,261.5625,171.9494,150.00583,179.18349,269.34833,175.77368,170.60117,166.68855,229.94934,218.99728,199.86964,192.69707,208.84361,243.2723,89.11484,129.993,178.34572,29.84118,187.95862,188.64978,234.85367,237.01758,128.14067,117.93094,276.76648,138.90549,220.99966,243.94478,266.51996,231.72282,162.78928,239.56277,144.44505,168.96657,235.23843,121.315994,214.0003,168.23248,193.23578,206.97862,174.16556,86.90707,235.94478,239.04962,194.2958,160.17787,117.33161,242.50467,247.26378,242.81299,224.47496,230.63718,140.15395,231.58423,256.1083,153.56012,154.76503,160.93245,237.52576,215.56503,185.59792,154.81857,237.07388,259.46796,183.97186,259.5147,174.70804,154.93762,210.898,228.94235,232.96786,196.69273,188.4903,186.33865,253.03296,135.67505,265.047,249.89569,129.72852,249.59314,143.83667,227.81758,240.78183,138.54764,217.68985,202.98338,123.43819,237.33226,190.99997,254.98146,83.56064,175.99062,189.53558,210.41771,146.05103,154.39557,159.15646,196.44098,194.12715,130.82738,240.33463,119.43636,187.11626,261.66125,217.07951,228.35913,178.79599,190.03429,248.3039,252.17303,106.966,261.12372,251.97873,218.76765,225.47018,223.43423,171.09204,115.77033,148.02786,187.66785,146.3258,192.31537,233.41653,159.59038,156.63591,110.57224,208.06998,226.36049,97.56035,185.1776,227.38635,154.77948,201.88824,254.36179,191.50208,262.63843,170.40828,236.30911,175.70892,232.41873,211.29086
2231,206.46284,171.46884,174.80228,250.04356,245.17354,159.67087,255.47751,235.88797,278.6604,223.96529,162.44754,233.98282,249.19434,199.38904,247.05588,266.74475,238.53653,251.21046,196.42216,185.39777,227.26555,240.69403,233.15584,283.52335,270.12057,188.39865,175.11307,246.31909,271.48294,229.48611,218.88797,219.50955,235.35446,266.14572,239.5568,231.34859,219.96188,253.0901,241.92767,220.3094,195.50351,94.34323,230.73834,210.097,242.93298,266.36356,147.70367,179.29489,280.82483,193.64584,231.93796,257.77887,265.2627,255.7649,249.17484,256.93375,192.76123,217.60158,243.03317,179.6369,231.21707,230.60828,257.62442,214.90373,216.45076,214.38477,247.50775,246.66759,236.46048,182.92316,245.4476,251.42589,262.1227,254.32358,239.00894,232.12186,197.01456,244.70352,253.36827,224.43689,203.01224,237.76988,234.52396,258.72766,245.78455,243.83568,258.99683,258.06723,239.901,274.58453,235.37558,269.33453,208.31369,235.49796,243.97229,228.844,194.7421,247.28447,242.26105,181.44284,278.05136,261.0685,245.68802,255.97931,203.44223,237.35922,272.22662,189.64972,249.14337,249.23209,190.30006,246.10579,235.28445,242.31136,145.77155,253.86545,182.59149,192.99734,181.90065,190.73917,260.6659,180.5076,170.77164,202.02109,232.40253,233.19214,219.01562,270.59927,242.4963,247.00116,247.18352,242.51682,265.68048,261.91656,117.5435,260.1093,271.1422,228.06046,248.77072,247.3066,254.47635,145.20392,240.75467,224.868,213.44653,236.5062,252.93423,181.5245,251.31888,239.788,237.45323,240.06418,202.50229,237.63968,246.91492,231.98096,245.44199,258.91446,133.40312,280.84576,188.90723,258.5047,245.81451,253.8612,255.32208
2232,122.51904,128.57578,163.98871,236.40134,220.75032,96.685234,209.52328,161.45972,253.00052,192.8717,131.54765,181.07422,207.90208,163.16434,224.24136,250.88844,163.02426,222.92697,118.245094,147.97107,166.09998,229.71597,202.29533,270.01514,238.37515,139.7687,169.27017,167.26427,264.64423,189.91736,153.14941,107.10733,210.15396,240.2681,150.40387,167.54199,184.97232,226.03113,112.82593,151.54185,108.24343,56.605843,156.284,159.60478,204.40302,235.49911,135.01245,64.52122,270.77942,129.50827,201.59312,231.4917,252.86792,215.09273,171.8569,214.56094,100.224045,122.28159,218.56497,103.14221,174.86368,161.35437,200.04039,165.01755,153.06349,74.760605,221.29684,227.66907,169.84183,141.18628,147.0174,226.86803,228.69293,225.80376,153.42224,189.61093,122.55388,211.69812,226.66692,138.13263,122.78798,145.13065,232.14722,221.0477,157.11531,184.84335,223.20877,247.87462,176.63638,248.59857,134.21213,188.18054,162.49954,192.42305,214.38287,147.91919,150.88692,211.93277,232.81242,139.09625,256.0567,228.0036,156.71793,248.18509,130.3006,198.9689,257.19962,108.03416,207.41241,187.97116,114.48004,196.51419,172.94089,217.91159,122.27023,174.83406,140.70532,156.89911,105.42916,108.59772,173.60733,179.99966,145.80334,112.765305,178.48119,147.15587,139.20483,244.98372,218.3747,209.5246,164.46136,175.67917,232.7807,240.73059,90.84024,240.76845,250.29422,190.81567,188.77838,163.2387,185.95361,107.764336,194.51079,130.80154,174.02718,142.5422,230.32114,132.13882,144.2896,100.85763,208.52782,184.79483,122.72177,173.31854,196.38474,140.66327,193.12639,233.25958,121.093575,271.57504,162.26105,250.22278,174.45842,243.61192,207.21149
2234,137.74446,107.833984,162.27728,208.95758,179.3175,82.46852,183.90346,159.65128,254.3992,169.5579,123.61383,168.67099,206.80966,116.93956,195.93654,218.17902,170.96066,188.5682,110.36895,136.58539,123.33654,218.65305,137.85776,271.01056,217.53418,148.71216,187.71378,160.79492,251.87914,165.34314,140.62903,131.29343,191.4044,253.22662,194.3924,148.76337,180.14711,194.26859,105.78881,114.249725,113.28481,35.972862,149.67776,169.93076,178.01532,221.72537,158.37128,80.86356,264.59448,135.11148,150.66617,221.17535,225.82541,194.45825,141.422,205.06123,118.250946,156.73955,199.71555,109.747665,175.01376,160.09045,193.00891,149.56421,154.63654,79.63873,188.01746,227.30873,175.88857,128.466,143.54724,221.80739,210.07977,184.67746,157.74057,185.00543,112.21465,188.87161,182.12889,126.45695,144.96211,198.2981,213.65813,213.01762,176.39694,213.17334,204.5516,217.59088,166.8725,213.47255,157.4089,214.59465,120.07585,181.01099,164.41841,127.91509,114.97574,234.37332,227.73401,126.14889,244.61243,211.39789,137.18954,245.15549,118.548904,150.92673,268.11957,98.54588,183.35364,154.4182,93.938965,168.51364,183.14693,196.50208,153.15857,173.04807,94.75743,150.22388,106.36168,119.451385,179.29639,162.90965,119.65971,129.416,169.98447,126.67279,140.97168,233.15814,208.01825,170.13951,132.28108,155.788,212.05002,209.54512,83.70541,213.58807,234.56662,178.13928,169.11551,162.90643,176.16983,79.85004,218.8548,143.9711,208.59772,153.3388,216.80103,129.30035,143.2873,106.345894,199.74585,180.62616,122.31084,159.1518,165.61508,121.209335,179.17899,217.39459,50.41512,280.68158,134.15567,237.64238,149.54742,257.5599,189.86292
2235,132.99995,138.77582,188.04166,249.55072,246.85751,112.00192,246.35672,230.28671,249.87674,210.13013,130.33391,233.53278,220.90207,171.55643,235.95663,257.12018,178.79617,241.94466,123.00175,146.33366,190.0502,229.87833,231.77557,270.25287,256.4333,151.69046,136.58447,197.34526,265.50598,155.63326,174.42667,175.16174,227.86295,230.24348,204.49014,196.55661,194.371,238.86523,138.86252,143.94708,172.25772,40.742413,186.37187,188.32242,234.51639,244.00113,104.93744,119.598206,270.68225,126.94048,218.83533,243.72531,261.50183,232.8327,191.99991,239.07626,151.98517,176.63402,226.01346,112.451546,198.65677,171.4166,222.21782,194.45343,165.1166,114.660255,238.01009,236.50616,204.2847,136.51323,156.12354,238.4354,247.18356,242.40005,221.64767,219.39699,137.07846,229.37253,250.752,170.42383,151.98886,168.76346,226.83568,224.04362,192.33942,161.26593,235.49362,254.51846,198.9028,261.26367,192.1531,180.62833,216.07927,222.16699,232.59149,205.6791,168.35735,197.27116,245.93414,122.99156,264.2542,249.25883,182.06119,244.84067,142.2856,228.55217,245.50804,125.712776,220.12233,220.92572,123.91141,237.03023,185.2873,247.0889,58.534042,210.31857,168.10643,193.12741,138.86429,164.04587,185.78674,178.22879,172.21227,128.91818,238.48782,122.17206,182.09793,257.9893,216.47072,230.78033,194.94037,202.82378,244.9637,247.29648,90.96591,255.0506,257.77188,220.4303,230.07224,229.94525,208.5174,102.08276,129.02072,199.7764,141.07045,206.73428,231.31647,139.63464,176.54565,153.47665,206.35068,222.25514,81.215324,181.84119,228.73273,194.14188,211.38397,251.4974,194.0307,260.4673,157.85658,232.25592,197.14934,223.42027,218.13516
2236,178.05328,138.97704,181.89359,223.29103,204.82779,119.39355,216.36832,200.89163,263.86847,194.00745,141.11658,201.3396,229.0178,159.20088,211.80399,225.3819,210.1207,214.21338,160.87424,162.97952,171.32407,221.66476,164.13847,268.99216,231.81381,171.72697,180.78595,204.46303,247.13934,196.93936,187.73465,185.85127,207.18643,253.77042,221.28745,197.02673,212.59178,208.45564,193.46747,179.7088,171.29633,69.14434,199.50085,194.33037,204.65657,236.26553,158.36261,143.27725,258.94604,169.02109,181.15149,228.26562,227.42958,214.40028,207.51062,225.29642,170.75636,199.75107,224.49564,147.5961,209.3641,201.46085,227.37997,179.22485,193.15942,165.1263,217.19753,232.06995,210.1368,155.94998,217.03532,230.09122,230.10973,204.5821,192.22374,204.83221,161.18147,211.47397,198.3395,186.71179,183.52086,227.62943,212.07643,237.14407,215.2507,232.28973,218.51698,221.15251,206.9696,229.71237,210.09927,243.59418,175.93945,200.25978,188.3163,175.20615,156.87138,241.98148,239.05904,159.57982,247.24379,231.64441,211.68803,244.87085,171.04071,184.58612,261.54977,146.08682,212.82167,197.28455,146.70914,204.22653,208.91217,213.93689,153.64368,221.48894,149.3195,182.71985,152.01086,164.44418,230.37244,171.13419,159.82219,176.32994,209.63873,194.46082,186.45184,243.76372,229.61945,201.00438,190.84822,201.83609,225.77008,222.12979,95.90195,224.4101,244.60098,212.97452,209.2359,209.8557,222.89397,107.287506,234.06357,192.78601,216.23392,197.81395,225.63611,154.09744,205.29436,188.27536,212.99666,204.18126,170.70308,207.87976,197.72061,186.4649,211.37056,231.40402,94.03276,273.00928,165.07993,241.77405,201.1383,250.00322,221.23479
2238,119.276726,118.83383,163.09897,241.95558,239.1394,89.50946,224.14273,172.26276,253.18057,194.23709,118.65669,187.27411,212.3809,163.22742,231.62628,266.1978,178.18307,232.75842,114.74446,141.95479,191.0765,230.1303,238.69316,267.56464,250.52342,126.94423,149.41443,192.75067,267.21005,192.32298,155.12793,114.02323,208.57245,242.64935,151.50793,175.83148,182.27827,242.77081,136.58241,164.564,114.00965,46.766235,160.41714,149.58995,216.52637,247.78996,113.81906,63.69579,272.48715,120.347664,213.74043,241.3786,262.34946,237.25095,190.75813,219.73914,97.390366,121.59755,222.13809,98.270905,173.59299,172.49576,215.80933,166.16998,148.42245,89.29353,234.24066,224.86377,172.94348,132.64908,153.82254,226.72856,236.76065,248.47806,165.61995,191.51346,122.108246,217.98904,251.33754,146.77444,116.370056,138.5577,232.15439,227.0021,168.46393,179.8674,241.1767,256.27454,192.64842,266.4574,141.48096,194.2068,185.57011,200.87149,239.49551,162.33774,149.18744,205.41014,232.6466,129.80586,266.72778,235.5416,162.45285,242.08896,124.12805,217.1604,256.48517,107.56384,220.3465,213.28362,115.27199,212.18973,179.43567,222.07106,91.10772,188.99289,141.25229,153.33664,97.991394,101.07458,185.43037,168.30527,144.97379,105.12088,190.65427,156.80698,145.68887,251.72803,215.50336,229.12701,191.10422,192.11157,248.4364,252.9224,81.033585,249.32413,255.44504,199.12408,203.85861,179.4249,201.08337,98.452,171.78217,136.8611,153.67145,151.73166,242.26697,122.09793,163.30023,123.08803,220.4024,189.93382,117.27991,177.82916,210.57162,150.9344,209.28577,237.81738,158.23438,264.55545,155.86902,249.68689,200.00394,233.85938,222.7402
2239,143.48233,134.97327,146.7049,215.57791,189.6764,114.500336,186.21082,132.78635,265.19965,183.41916,158.33534,150.91167,221.81406,168.2445,217.37032,244.27136,198.69006,204.15079,145.6348,177.70897,173.30176,236.34302,172.57796,277.01477,231.37585,153.18932,200.99039,193.42722,261.2036,217.26799,170.19052,109.39157,203.2729,269.26697,151.31067,171.5547,179.90659,222.86847,174.96121,190.41046,90.21365,94.51344,153.54861,167.26254,185.37447,247.79773,160.44803,71.92729,272.88824,166.8047,190.02338,237.85019,241.60992,218.9672,193.91412,215.11314,99.691505,128.61739,205.74466,139.96552,168.03885,189.61127,224.04913,158.64987,172.55292,117.06496,202.6598,230.57013,180.63092,171.78818,203.07904,224.26244,221.7957,218.35791,138.58626,176.70204,149.75372,206.7798,200.83176,158.66269,134.458,172.61908,229.5943,237.63179,170.38736,236.33456,233.17902,236.7612,201.50159,242.6434,138.53583,244.34879,125.621086,180.27782,203.20718,138.2273,144.35754,241.3585,214.1528,180.47353,258.7386,215.42493,202.62585,246.97818,147.2576,179.55139,278.4865,128.22646,207.96144,184.96112,144.50813,171.33096,194.19244,187.89514,177.28943,200.81754,114.18671,129.9556,103.68968,110.042274,214.87912,173.05093,118.495125,135.49689,145.16837,201.19519,130.49287,237.04657,233.99292,202.06818,175.65054,188.48071,235.85199,239.17279,106.202995,224.37228,250.81813,172.96765,171.91046,142.95433,216.24263,128.9153,257.70117,124.91813,214.50787,143.16028,246.15993,151.99503,170.86072,145.68417,229.70607,181.26988,182.69173,190.89658,187.16971,153.49731,208.013,220.00537,50.89888,283.31647,181.78535,259.24728,199.14389,259.547,225.51526
2240,158.34634,129.76727,147.77048,240.90344,237.39764,110.43848,248.33601,221.83383,264.8481,213.01282,121.14,220.84064,234.11185,178.94025,240.89792,261.33337,213.26074,243.72813,137.18793,150.19057,214.70944,232.2331,235.36438,272.16644,260.8872,146.97968,146.39984,225.82736,265.39764,204.5665,194.39024,189.19887,229.07639,245.35321,204.78706,208.32916,193.99625,246.74562,191.95517,187.56915,163.90256,44.856003,203.27008,189.6463,236.65787,254.62737,102.11563,127.94632,272.75754,141.5307,225.14618,247.96002,260.79907,249.30266,222.39813,245.73032,149.84811,184.7442,225.77072,126.8668,210.99802,208.15372,238.50348,199.45682,182.70963,158.00446,237.61661,238.31494,218.69987,141.1842,197.52164,245.16039,255.45451,250.7709,225.70236,222.80081,152.21127,237.38437,251.52695,191.21689,159.41391,185.27325,227.8067,245.34702,216.1265,199.0512,246.87498,253.87598,221.63434,269.4552,194.02042,220.83633,190.41104,227.56592,240.41,217.9779,165.15826,215.583,220.86594,136.6186,269.56647,253.62967,204.7848,248.01909,151.63913,234.3629,256.47668,138.61261,239.9447,241.35641,141.10214,239.21445,216.01686,233.29109,92.06035,228.97159,156.29193,170.88867,136.08208,161.13574,228.4762,164.1253,145.98474,146.71669,211.71118,189.29501,192.30548,257.30008,229.711,238.99034,231.64377,226.93976,255.30624,253.93971,71.35534,252.90701,263.43103,205.93958,237.76053,227.13753,230.98708,99.18974,185.26196,202.2694,170.10928,217.25977,239.85518,137.15746,220.88165,195.63107,223.81934,231.92615,147.14102,209.33405,240.50024,205.7851,229.09512,248.6821,127.58714,265.41803,165.76607,248.1438,225.2572,234.09752,241.02393
2241,211.1203,172.10269,172.49509,252.56995,252.18428,163.37839,262.7928,245.25276,277.83102,227.4208,158.8888,240.1216,250.06172,204.72621,251.50064,273.99164,244.30096,256.13913,198.13768,184.27942,239.67458,240.77267,251.85986,282.9615,275.10666,185.72679,172.28622,256.2871,274.22858,231.88264,224.48697,230.14357,239.4036,266.16678,243.08737,236.77383,215.91913,261.43835,252.9477,226.15714,202.40256,89.19888,235.73782,211.91498,249.50047,269.12997,141.0563,190.61334,282.36047,192.94583,242.23247,261.09024,271.978,263.38925,256.6124,260.7763,197.22449,221.9561,243.11603,183.77728,233.3418,236.81732,262.0053,220.97809,219.41412,228.12753,251.33932,246.5908,241.83005,181.95709,248.2024,253.0817,266.10635,265.19733,251.89206,236.74722,203.87584,249.1669,265.49396,232.12677,205.0347,237.08301,237.00412,259.76642,251.63129,241.9766,265.52176,264.92267,245.91673,282.61633,240.22562,271.40662,215.7511,241.86163,256.06326,244.07071,199.86105,246.23575,240.82272,178.6,281.57376,264.42505,249.83618,255.01175,205.3565,249.43915,272.08618,197.56467,254.55832,261.2296,197.55775,254.7855,239.96234,245.80334,138.38266,260.53552,188.47873,192.35875,186.79044,198.76283,265.1163,180.49324,169.40967,203.0586,235.68988,237.51558,226.02792,271.74164,241.44824,255.11755,260.99493,250.87648,270.63123,267.62912,112.12805,264.5863,273.07898,228.00333,256.8957,256.34094,259.34494,144.93344,234.93997,234.74004,208.87457,247.92935,255.51823,181.01344,262.15118,254.92598,240.44386,247.82593,202.06519,240.29037,257.3495,243.14151,250.03229,260.79547,150.13449,280.21033,189.21434,258.94965,254.81996,252.29706,260.03217
2242,144.33455,119.24725,206.04121,240.0477,224.84642,81.205475,215.01775,194.20856,255.4465,184.69325,118.65239,200.60411,200.73006,120.829094,204.30212,227.6708,159.28784,209.8533,131.51886,129.89423,124.08853,213.68591,173.45605,269.71655,230.31631,153.31116,185.74536,158.75415,255.21219,164.73761,129.22665,149.74957,193.20346,247.6392,225.20123,161.28397,211.90677,193.62112,111.29792,103.47615,156.3753,18.684874,174.66762,158.03513,203.19513,214.69324,168.67558,90.67825,259.25934,137.88551,162.19568,213.22679,234.42023,197.61777,165.85178,203.68977,146.22818,170.93488,238.36223,105.99852,187.05002,148.9968,199.5562,151.34079,150.1925,99.66023,230.6883,226.42273,170.70537,126.73218,147.65906,218.67151,217.18921,192.24722,161.89783,196.27145,104.30115,193.35803,210.66103,130.37392,160.64743,229.20163,220.87967,209.7056,199.7197,227.44333,190.63457,227.63304,152.87787,221.28555,208.43771,228.44104,203.89159,194.7574,180.4406,131.83218,138.32443,246.66098,263.3663,119.57287,243.58342,227.80072,135.83398,244.67911,137.67856,173.55316,259.87976,106.54117,192.3392,174.81912,96.208374,200.54477,168.86159,227.30167,158.26318,183.02644,139.84921,189.9204,116.52515,115.5307,183.29626,182.54587,172.62125,146.78079,230.98169,123.40794,165.21373,251.70871,196.59213,190.8143,137.72464,156.2836,210.34119,209.79633,85.40347,232.44315,237.5336,232.22566,199.49203,206.93257,179.95522,79.312645,223.01093,162.36496,219.83043,160.6054,204.74728,134.03183,156.28113,113.87497,180.05557,172.36949,118.56277,162.26743,170.02686,131.31232,191.1059,234.72514,159.77916,279.00464,122.497536,241.09808,154.02466,253.22583,181.11589
2244,189.19568,139.25864,182.53854,241.38684,240.12592,116.84533,247.31723,242.65494,264.55286,206.84818,130.63672,231.37167,230.23074,161.00507,229.75159,256.5041,222.8121,235.1282,165.86337,155.30768,198.0341,226.20491,221.44046,270.07956,256.61093,169.64757,164.21118,232.04674,261.8453,202.10225,189.41675,231.77573,216.78558,255.20674,252.63113,210.1006,212.48181,236.64368,214.86377,176.96194,203.96535,26.597761,220.08214,192.8146,231.55383,249.95757,133.95845,174.09778,269.48605,163.73453,205.44885,244.03926,254.68616,244.04799,225.54895,237.62254,194.64804,226.30646,235.21146,148.24612,220.45142,211.62819,242.16586,196.20142,192.5078,200.73277,240.34683,232.84018,222.26717,148.20224,211.62152,236.74185,246.33356,239.46242,239.83109,224.02316,163.76447,226.39836,245.2851,199.287,197.28065,243.90182,226.63965,239.6294,246.64163,230.1908,240.94464,247.29031,216.48929,258.77695,248.04889,258.38718,211.70335,226.27924,227.72221,213.77454,168.36153,238.20969,244.17384,140.71376,267.06577,249.15466,200.02936,243.06482,173.19734,217.37177,262.15112,158.40442,232.79257,234.52191,152.50226,238.1731,221.45206,236.56177,120.539276,238.33133,163.41006,193.31952,165.23022,181.99553,243.42627,174.65547,168.98091,186.95334,240.32831,191.69606,217.15692,259.4943,216.80823,230.13089,221.70877,220.63171,248.65231,244.04102,82.21846,247.98975,255.3281,227.93077,241.52383,255.51314,234.35376,95.61662,212.40845,230.8664,197.9819,236.79941,239.923,154.3947,239.4844,227.24084,222.29886,225.42708,162.71323,209.09128,225.26335,206.52058,230.88269,246.43329,158.39084,269.26593,152.7468,249.09917,223.18796,242.00458,232.39352
2245,151.16174,129.37646,191.01575,235.1402,226.06569,101.76795,227.48608,210.86372,251.73537,195.69824,122.87845,213.3949,210.16846,153.5464,215.0834,234.32932,179.45273,221.71301,138.71739,143.26976,163.94937,214.93414,194.8272,261.66,234.86908,154.19356,166.56148,180.82498,250.62378,182.31369,164.11069,171.88437,208.0039,235.48137,214.46646,182.50327,207.07433,212.07788,151.46779,147.2253,167.60754,49.313442,189.66145,176.2745,214.18625,225.72008,144.94019,119.39075,256.33798,141.68335,190.57907,222.18109,239.45749,211.15256,189.87347,218.06613,155.51192,181.45085,229.98865,119.07507,199.31456,174.76918,210.71571,173.37343,168.69022,129.74382,229.35805,224.53639,191.82971,135.48955,176.32457,225.46065,228.86557,213.60954,189.82306,204.21376,133.46803,209.17532,220.98225,161.71866,161.97949,210.49658,215.28323,220.81049,199.64185,206.9136,209.88803,232.66504,181.96712,236.29807,204.29655,214.10638,205.94342,203.15048,201.4906,172.43767,154.74075,225.46191,245.9819,135.0243,245.77728,234.13403,177.3577,239.6872,151.0576,197.98254,247.42245,123.68613,208.27,199.38351,123.290344,216.25867,186.58847,228.99516,130.37471,200.43936,155.86601,188.05508,134.68153,147.11902,200.78421,173.18504,168.07936,151.21252,229.37433,157.7114,179.03001,244.71335,210.69766,205.18204,177.29204,185.94656,221.9035,223.52531,87.10222,234.14622,242.31973,222.44846,214.57204,217.34593,201.82394,96.274506,203.83957,184.46214,196.41353,186.23761,213.76459,138.12782,181.82202,151.27493,194.96536,197.60942,136.06842,183.85497,199.55635,171.76208,198.7115,235.0982,167.45694,263.2111,150.23743,235.94173,180.64569,236.73361,203.00667
2246,186.7789,161.9849,203.2836,256.6521,259.67877,133.97717,265.6208,260.96045,273.3894,223.98145,145.7734,250.68517,240.44669,182.979,246.07785,272.83087,219.06136,252.78552,168.88895,168.21056,211.24286,238.68762,251.89584,281.83093,268.01572,180.91603,162.78668,229.62228,274.56244,202.5139,198.94315,228.58228,233.07175,262.65485,251.03006,219.74234,225.11052,252.2164,186.63168,178.81757,217.75328,35.0706,228.59723,205.06525,249.14984,261.3809,123.965294,173.3526,280.82684,165.79419,227.7554,255.87933,270.20853,253.69301,223.79732,251.20828,196.43333,224.4968,248.42828,151.87448,232.06764,209.34195,244.35916,211.0008,199.33679,177.35797,257.3194,244.18242,230.16116,161.82419,196.95303,249.43999,259.8577,256.63565,249.03052,235.84125,169.84378,241.04968,263.8904,201.94466,198.10965,227.78171,237.41092,248.27374,241.3399,218.06482,251.77527,263.34344,222.15877,276.03525,242.23099,242.09325,243.95796,238.97415,248.45749,227.74588,190.60541,234.76105,257.3011,149.80367,279.4405,262.78244,197.43951,254.45087,180.51138,240.22234,272.92978,166.59778,243.34506,246.04523,158.40518,257.62088,223.78406,253.93985,99.193146,234.60886,196.38208,216.5098,176.85176,188.38658,232.74597,182.28122,199.185,180.95291,263.42273,177.4972,222.83533,270.4897,230.82129,244.44421,227.17459,227.70328,260.34842,258.98242,98.15796,261.7946,269.02112,244.6735,256.1615,267.23038,232.31398,114.33508,188.40523,234.74387,185.06546,240.4748,251.18263,168.1724,228.76952,202.67946,230.58092,238.4888,141.47989,216.2491,242.81888,211.30356,237.15756,260.69824,227.89372,278.95923,170.95264,257.51733,224.80698,247.588,242.41174
2247,156.75052,149.63739,180.66174,254.85507,252.80772,127.20553,259.50043,235.9663,271.24738,221.36647,138.35663,236.21567,240.10516,191.05829,247.99435,270.72708,215.38486,252.57,148.15948,163.21542,223.72542,239.37975,246.63823,281.41364,268.1313,162.49583,149.03455,230.17865,272.8896,197.81442,200.74574,197.46962,236.42538,255.637,220.619,217.2882,207.63867,255.36484,200.80695,194.69826,180.407,70.78697,211.24231,198.77716,246.27344,263.437,112.5179,140.56296,280.4513,148.98825,234.99747,256.48553,269.30447,253.93217,228.84079,252.61035,165.96082,195.05183,239.7692,134.13876,216.54665,204.86987,247.4736,207.53864,187.60953,160.54625,250.71284,243.02608,224.97597,152.62898,206.35774,250.03423,261.41064,259.2334,235.75769,228.89064,162.98805,243.9136,261.75696,199.9194,170.15247,198.10071,234.9255,249.29373,221.5574,199.79916,256.78705,262.16608,228.37991,278.06976,213.26305,228.44363,217.72797,234.40219,249.59094,228.05632,181.8197,225.3051,247.391,146.03484,278.0725,261.95792,227.7437,254.94382,166.86597,243.56195,266.11127,148.7187,244.14398,247.48114,152.93306,250.12299,215.52408,249.1282,85.36107,237.95493,176.31474,192.25041,154.97139,175.64787,229.20517,177.71094,170.40791,153.31319,236.91376,178.93398,199.86348,269.6159,234.46878,246.98671,234.08643,230.91005,263.10205,261.8487,96.35733,263.0746,270.64777,228.08224,247.31161,242.92131,240.9036,118.38258,174.39322,214.68793,170.4396,227.11172,249.2498,151.42303,220.26874,203.56027,231.87524,237.3587,131.23067,212.01805,248.47516,223.80168,234.08296,260.2593,168.98747,275.0844,174.49225,252.63547,230.99501,242.29535,246.79988
2248,135.39883,130.34549,164.52847,239.88861,225.13019,104.43405,221.88165,185.25836,257.51694,201.25705,132.85928,200.21194,222.45322,166.33981,232.64471,254.09494,179.40936,232.72772,117.10967,149.83647,178.07724,236.82886,202.11588,274.63416,249.28445,144.42229,156.93867,186.38171,269.69196,185.63104,169.6209,132.41298,221.59402,239.00598,165.74716,181.52469,188.04501,234.44077,120.36098,157.32254,127.40406,51.372734,168.67628,176.39728,215.4198,245.98012,120.1709,85.95671,278.4242,131.15305,206.60739,244.21799,257.20898,228.03966,176.92245,231.67618,113.56117,143.01181,218.8685,109.6147,191.16751,176.58777,208.78316,180.919,164.55826,87.73543,222.82556,239.78378,189.77383,142.71858,149.26971,240.26901,241.5884,232.07594,183.66948,206.84402,131.27573,224.1187,231.42578,153.81079,133.4825,144.25928,234.49538,230.33441,171.3624,171.64911,236.71405,250.95099,195.17123,254.1189,144.21968,180.19092,162.86774,207.45227,217.98404,171.57828,153.9325,200.26237,232.31662,136.17264,265.08734,239.64407,161.26013,254.46407,130.91618,206.7459,257.36932,114.82759,218.07556,198.5629,117.2092,210.14232,191.1261,228.53284,98.163994,187.45947,144.23532,166.10072,115.29692,130.28793,181.52097,177.98631,146.39581,118.613686,191.07014,147.05688,156.62082,252.98035,228.1048,216.85881,180.63295,192.76903,244.66762,247.55798,88.936424,247.44824,257.82266,193.72089,203.17462,182.45969,194.6948,104.52502,173.73828,156.19899,157.75421,168.47882,240.01067,135.73595,158.90181,119.52894,220.6746,208.25021,116.9301,185.22017,212.40427,155.241,203.89467,242.69083,113.897156,270.81305,164.54889,248.69891,187.5784,241.0554,221.28433
2250,216.34343,170.2868,183.16702,249.63193,239.62186,160.59875,257.76822,251.7145,286.5859,225.16125,167.13177,239.09518,257.7279,188.2461,245.29927,264.71106,247.70694,247.79324,195.41278,186.72093,217.63155,246.24228,216.41573,290.88037,268.17044,198.57713,172.92358,254.51382,275.14484,214.61353,223.79997,251.0133,236.5391,273.64648,263.07507,237.0424,225.8975,247.75029,236.43193,208.37921,219.50885,62.94859,241.07263,224.90768,243.40482,269.64655,133.06155,205.98239,285.32068,197.30571,218.3076,259.94644,262.55496,257.27396,250.68965,259.3964,216.18066,247.34537,245.0452,188.07349,242.86632,236.70587,264.6722,218.10956,225.57956,226.9235,248.80164,254.23773,250.79695,183.71341,242.61253,257.78842,265.01672,247.52664,253.76785,241.11853,201.40222,246.10455,243.29977,232.68747,222.06537,246.68674,239.51074,265.37613,262.1637,238.70709,255.79617,256.0736,244.29376,270.22827,255.27875,267.5843,206.44934,240.75623,234.37125,233.506,190.13446,249.73775,247.58441,174.87975,280.64868,265.1373,233.56664,263.5879,202.66974,227.50601,279.91815,196.46344,251.65689,248.71747,187.47903,248.05077,244.29785,242.57797,116.45976,263.30463,178.04349,202.39743,197.14584,212.72734,266.8969,186.18617,173.35486,211.74158,240.50023,213.5438,235.94899,272.71515,248.20197,242.4129,244.55014,246.5197,263.4272,258.20816,115.898125,256.79547,273.91876,234.57108,255.13904,263.15286,259.03964,137.24469,208.65182,250.31662,202.2907,258.43024,257.30914,188.42468,261.33954,252.1686,241.44138,247.16129,171.51486,242.29779,242.2194,232.93582,252.48856,260.26263,121.074905,288.1858,184.63622,265.45453,247.1469,257.7854,257.39996
2251,166.73651,137.56413,197.20076,243.54803,240.90974,107.80151,241.57228,235.96646,250.35645,207.16827,126.7562,233.00636,213.64615,155.21959,222.69482,243.0442,176.46216,233.15552,142.47217,146.48532,166.2162,218.51486,213.78476,262.8127,245.43294,164.11998,165.2178,184.23466,257.20123,177.87741,166.65598,191.01257,215.57932,230.21425,227.56105,190.1906,214.65866,219.9384,125.29748,130.13585,188.90799,23.778868,200.39525,184.6912,227.4899,227.53497,142.87408,135.4728,261.6353,145.1452,197.90279,227.54517,249.0072,220.8488,182.72772,226.15993,167.95224,194.10709,237.76852,124.72417,213.06604,177.04163,206.25464,187.96286,176.05963,126.05147,237.91977,231.1029,199.23734,141.6669,150.12112,232.81894,237.1241,222.84401,213.61209,221.10962,138.34229,217.81668,236.84976,163.02228,173.68375,207.22345,223.27356,219.00525,210.06699,194.52222,214.06764,241.78438,180.72913,243.63358,211.32574,196.04172,220.41704,219.39554,212.1768,188.41055,168.10706,216.63025,250.55351,132.42899,251.9532,243.70267,148.33516,243.31084,154.24713,210.66476,244.98895,133.35817,214.15701,207.10947,125.41156,232.43353,192.91502,241.27423,116.06057,195.61526,171.83142,203.82623,145.49399,159.64874,189.55023,180.55748,182.39772,158.02306,245.77701,139.91727,196.88397,251.69614,208.68211,214.78554,180.98105,190.01184,228.83405,230.07083,87.42352,243.86755,245.3548,229.64847,228.8709,236.61885,190.22125,94.45592,184.39583,202.31932,185.70447,202.12772,216.45398,146.54141,183.21875,142.44029,193.67513,212.08032,122.6806,186.45999,210.36487,166.61722,204.67343,242.78668,192.47574,264.08954,149.1369,237.19229,179.30917,236.10971,203.5979
2254,110.2153,132.62024,197.90453,252.10287,251.97092,95.13047,235.63763,206.26642,240.4516,205.78076,125.50859,222.21509,209.83607,169.72092,233.99982,258.27753,151.40442,241.55692,106.20185,140.75366,174.91016,228.70087,240.37994,265.86914,252.69193,138.20883,137.25601,171.17639,265.50653,151.88315,153.87115,127.41253,222.97473,222.624,167.58687,180.66003,190.39716,236.31616,90.08279,125.181656,146.80893,26.894247,164.4739,167.95126,226.629,235.47372,103.75485,71.91635,269.9312,111.060486,219.60489,237.91684,262.9355,223.22237,167.48624,227.26106,113.84923,134.11278,225.72946,89.82979,183.00745,148.86748,199.01839,183.31424,147.64322,63.705273,236.79274,232.44775,177.23889,131.35104,118.94798,230.1245,238.65952,240.02185,189.23514,208.26328,116.773834,222.56294,253.45221,141.24623,121.990425,132.74965,230.3818,210.89832,160.63947,145.50546,227.19043,257.07953,177.73012,258.01276,153.59653,155.54037,218.75226,211.11934,233.72186,176.78189,166.42227,184.60945,250.4329,117.19963,259.4353,240.54045,143.72205,242.88171,122.21329,226.1486,242.49298,106.26497,208.76376,203.26091,104.45856,226.5444,163.77951,245.1943,56.624973,178.69122,169.54376,188.20844,112.34485,127.39205,152.60016,182.29459,175.06897,95.312004,228.24948,101.30301,156.7786,254.1095,211.90091,226.30453,169.9062,181.54752,239.00674,245.9852,84.35339,255.1052,251.2604,214.78433,212.90186,201.7915,179.05275,94.77722,124.863464,160.81523,128.67587,166.79091,228.25955,127.80131,138.24539,98.47442,199.47911,202.2769,64.07815,165.69241,217.07452,155.58511,197.79807,246.18903,227.58206,259.64478,155.71451,230.91501,175.85545,223.53687,205.29794
2255,118.7184,89.010666,173.11414,196.18533,159.61557,61.501102,144.76993,100.12213,250.27509,138.63336,132.85379,118.224396,192.53874,94.257095,169.67953,197.9425,159.59781,160.44092,118.295944,131.47623,89.47471,207.92795,102.633255,264.54266,191.34781,136.63245,210.70981,143.09259,234.2326,163.36871,106.747185,81.98639,153.08214,271.13593,166.40192,125.1345,177.1399,161.7505,116.76665,116.84554,72.44301,49.467182,119.035,128.8385,142.10081,205.55205,184.07811,33.429333,245.7106,147.54941,117.06444,195.24774,196.82239,165.72626,145.71603,169.71356,84.8914,120.1584,195.53967,105.887955,137.80875,138.01932,187.90591,100.36417,130.09335,76.24184,179.9797,209.99802,137.71626,130.73338,168.22076,189.2163,178.50214,152.91086,84.65596,140.99936,87.596466,155.78383,146.94894,104.343994,124.921524,200.2016,204.47037,202.92023,155.70148,252.66959,176.68817,192.21349,145.1333,185.45685,143.36382,256.2604,109.81282,137.73312,136.27502,61.148937,87.72293,260.3675,231.9097,139.1052,221.76387,180.96158,140.87122,230.66112,107.17885,111.45007,275.96298,75.0319,158.26149,122.221634,74.92166,125.59636,150.76692,161.95407,195.89642,164.97821,67.736694,120.290405,61.195564,63.993816,181.83585,162.76968,110.707504,121.68623,140.1546,140.63936,97.57355,220.54915,201.08397,149.17294,99.030106,127.04372,187.20084,186.41342,91.05672,188.17282,215.34518,177.00053,130.05432,118.93651,172.10916,81.585014,265.39563,93.72731,233.59941,99.00311,209.80655,123.51501,123.31265,94.20447,189.42326,122.40485,137.27902,148.6424,115.38574,86.563835,171.9613,193.7992,32.664234,286.35977,122.06576,239.77512,140.80148,266.77045,172.50607
2257,162.23444,158.17004,188.82225,246.14288,250.54004,135.79732,255.11261,241.92206,254.78162,217.18518,143.23383,239.05695,229.87305,192.07574,238.53516,260.6433,204.05698,246.74721,153.54453,165.68698,218.52267,227.71436,249.46922,267.57364,258.22266,166.22731,138.5445,220.08508,261.53372,185.62021,201.33722,197.51318,228.89539,237.55731,211.38159,215.16675,205.85156,246.1229,180.49142,186.26523,192.94627,62.651566,209.96967,198.59225,240.33258,251.14996,104.50424,150.9845,268.0559,150.81606,230.96338,246.0195,259.91937,243.69812,217.78154,243.92953,169.95125,192.24776,230.35341,142.64807,215.98955,199.9174,233.26031,206.81155,189.77519,154.9075,243.40247,233.88728,218.92679,158.65569,188.73805,239.16455,251.70074,252.2422,235.12927,224.38925,169.7508,235.47131,256.39767,198.44157,170.11115,179.91669,223.1807,235.99142,208.37239,177.94724,244.16125,252.87555,220.975,268.237,202.8732,200.3439,230.23505,227.53552,244.53934,228.28326,189.19582,203.76018,243.3826,149.3642,265.43457,252.01349,210.46936,241.3495,170.92313,240.88614,250.64264,158.87106,233.64557,240.48642,159.48296,248.354,207.07202,244.25317,71.44387,225.62836,193.64133,200.83733,165.47394,180.9559,211.94302,170.43533,186.18472,153.56897,244.0725,169.01012,202.57465,256.6424,226.3865,238.87791,228.67569,225.46376,250.84134,251.20047,97.27997,252.63164,258.20505,224.99088,243.39708,243.19313,225.85077,120.24277,152.01678,215.11319,151.1094,223.18623,238.31946,157.31233,208.64659,190.13551,219.28105,232.34818,120.6871,208.5812,243.52016,216.90195,223.67348,249.21675,218.87683,260.4118,176.22351,237.21535,221.51125,226.54256,236.20834
2259,118.46754,131.17108,175.89264,217.76709,210.46802,103.8907,208.8815,194.37807,215.0741,185.75717,122.61186,201.95352,181.45505,154.02289,200.8444,217.35652,136.4396,208.03156,112.23851,133.23735,149.81076,196.43108,191.1419,234.40242,214.45973,142.62274,134.87933,145.09885,233.0068,139.5497,149.48813,140.2095,202.9327,189.65488,170.72144,161.42769,177.78564,200.26205,96.578964,116.57493,147.6573,50.83423,159.94815,167.42397,198.9591,199.91489,116.26248,102.30051,236.20409,117.69095,191.93839,202.53949,228.84277,187.98245,152.02155,199.28386,134.00388,146.20953,201.32306,101.13934,176.10083,140.94116,174.20148,166.89624,146.85236,78.134285,204.50722,206.52979,168.03728,128.0142,122.78531,208.45798,210.26096,203.52618,175.41054,191.23558,118.75519,195.43161,211.02344,136.16263,133.85028,145.42578,200.88704,188.01878,150.22762,136.08432,190.22333,222.83812,155.95085,219.58253,156.8547,138.20158,187.34988,187.25333,191.32956,167.2564,151.20651,172.42216,223.7767,120.4032,222.0411,213.70862,147.61923,219.18228,131.31047,193.44107,208.08963,109.30031,183.14664,176.85205,109.11578,200.16623,151.7985,216.8809,76.158394,163.65251,152.76178,175.90149,127.18009,143.95122,146.57867,170.79443,157.72743,118.771194,205.9061,102.77033,155.96619,217.18607,189.9239,186.84314,152.36642,162.5144,199.86865,208.4229,88.88603,218.66266,220.23422,192.43109,192.03775,187.68176,165.03152,100.2522,127.713394,162.93752,138.55937,162.6543,189.23154,129.84398,133.77191,103.69601,167.85016,188.23068,75.953354,153.43985,191.93713,154.51028,165.33395,214.12839,174.84683,231.85883,147.8588,204.11212,148.50607,200.4666,175.5824
2260,177.13696,176.68628,205.89722,263.79587,265.45142,145.61539,259.61362,242.47351,263.45264,231.95135,164.26599,249.86221,237.15878,195.1742,253.13649,276.79645,194.41559,262.72574,157.86655,179.41766,208.23134,245.1885,251.03795,280.41797,274.30524,185.91766,167.2854,207.7107,280.64313,204.94336,193.25229,179.39984,241.28294,243.96667,204.38359,212.53494,222.43481,258.64172,129.42308,166.0994,187.10245,49.698414,206.23024,201.66635,247.97496,259.08054,140.69965,132.04158,288.6278,160.97888,235.17331,260.11945,277.45874,251.73065,193.26741,253.2897,156.85962,180.78728,247.83534,144.34949,227.03561,196.35637,219.88318,219.11436,194.16864,117.107956,251.65558,250.17003,213.16376,177.71187,152.00963,254.90521,262.3742,259.76532,234.88577,239.80959,165.20544,246.6405,268.71063,179.59879,169.18396,173.6098,246.5987,238.62976,203.25569,180.92236,255.99174,270.28067,211.94069,277.81177,186.33218,187.72934,224.58948,240.53021,251.2041,215.31036,203.23354,207.426,261.3363,159.09851,281.33612,263.22888,160.81598,261.4746,167.79391,244.03297,262.71634,161.6643,239.35107,228.45686,152.09596,252.1895,214.13339,262.66656,105.18031,201.03206,204.79189,218.34674,163.23001,166.78983,191.47046,200.2893,205.32169,150.48691,246.60803,160.22145,202.34299,273.49762,234.37532,246.396,208.89127,215.84756,265.45416,267.0666,119.38965,271.39474,268.85925,229.8181,241.97205,234.58563,201.89789,134.18073,177.17377,199.60875,167.2583,207.57776,253.40762,177.42464,185.88014,142.97058,230.59949,238.8115,134.5921,207.78285,244.83788,181.73935,223.8674,265.50714,209.4359,276.52988,184.42204,255.06613,206.45235,248.56035,236.5296
2261,174.09647,159.9378,143.70502,237.32056,226.00986,144.99442,235.45674,193.80759,276.76877,216.45453,160.52657,200.74774,244.90588,201.28781,247.2294,270.7281,230.59488,240.75244,165.2836,187.74065,230.39853,245.58536,228.1912,284.9497,265.36624,169.94563,175.1258,238.61005,275.80353,231.00922,212.85652,167.16956,234.6095,266.76453,185.40286,214.11435,192.78964,258.01874,215.53479,221.3677,141.20438,98.88353,198.46457,199.39241,228.9159,271.20755,130.73138,130.39346,286.34174,175.95758,232.47919,261.782,267.49298,258.59372,231.64972,251.47725,141.92752,168.82774,223.25107,163.18272,206.6278,225.67082,251.50389,205.04446,203.42734,165.92914,229.9946,246.1318,222.6345,181.59393,222.30264,250.42868,257.77252,258.95618,208.95758,217.15562,186.04895,242.78572,246.5022,205.12051,164.32967,181.99239,237.97089,258.78873,209.33853,221.49927,265.20886,260.60147,239.64325,278.45807,174.59952,242.32094,164.29807,224.2595,246.12999,212.78146,181.07927,231.17883,219.2261,181.74902,282.12198,250.5919,233.99744,256.71097,175.99748,232.10466,277.13968,168.21811,246.12524,240.61267,179.98895,224.75696,229.64659,222.02328,131.8633,236.39755,156.2484,158.49536,150.83888,162.70857,242.19598,171.68646,137.70758,159.85611,185.667,222.26744,182.42148,259.57086,245.95654,241.9739,239.44395,236.76724,267.8262,266.61536,108.14544,253.63046,272.61145,192.702,224.4671,200.3226,246.06657,142.58441,221.70636,182.2915,192.91261,204.46448,259.66537,169.51224,222.76181,202.16747,245.12958,232.49823,184.80841,223.08934,243.19058,211.78696,238.32475,247.36559,92.40881,281.6323,194.46432,263.23325,241.2906,252.76869,258.22333
2262,218.9107,178.66296,183.35266,242.5148,232.57942,174.5398,250.25226,243.15488,279.84692,221.29904,172.74585,234.1838,252.13043,196.79887,240.78822,258.2657,244.46738,243.36111,205.70438,192.9737,221.72119,240.0921,212.0408,282.52875,261.9586,203.819,188.45694,247.83905,266.79755,226.51245,226.7051,240.61678,234.11427,268.40216,254.53795,233.33374,225.70807,245.31317,247.0441,219.55116,212.46661,106.28114,236.68251,223.75983,236.60602,263.89023,165.82333,207.14684,278.2644,206.20212,221.8599,254.88377,256.47656,250.32394,247.54434,255.87975,215.68352,239.7166,241.64995,196.98698,237.89117,236.48357,258.838,217.05978,227.46436,228.2417,240.28706,247.54175,246.10121,191.19289,251.94,251.9793,258.70648,244.26846,247.29477,234.13834,208.41237,241.88489,236.66403,232.30243,221.72049,254.23384,232.61386,260.32092,253.97614,248.67986,254.00839,249.99701,243.47714,265.1639,249.35818,270.50006,201.14738,233.68805,231.06052,233.32845,191.83525,253.11707,244.96725,190.13925,273.2703,257.79102,250.8847,257.137,213.27112,226.09824,273.8913,202.07132,245.7178,242.226,199.20107,240.87395,242.10678,236.59305,159.73795,258.5362,179.89111,199.87155,203.29102,214.03406,265.48218,184.50299,173.69662,218.93329,233.31033,229.4373,228.59442,265.01523,246.11221,237.35846,243.45874,243.32222,258.85605,254.93156,131.62073,250.85355,267.40253,227.84062,247.05707,252.57437,256.9903,155.72821,240.67715,241.27768,224.09909,250.63144,252.36507,194.07664,256.55484,252.73508,239.03127,244.78192,200.98248,240.25307,241.82805,238.62062,243.67323,253.95215,116.06159,282.7489,193.74768,259.5445,243.74106,258.64917,254.64471
2263,161.0666,135.83429,202.00934,258.7182,264.81906,102.796776,259.3299,246.15918,260.22604,218.0711,123.54285,245.64087,230.68271,166.17593,243.01758,271.63568,192.41022,253.60217,131.72202,147.78354,194.57013,235.29596,252.34206,276.0448,270.36377,156.60022,145.27762,209.5447,274.98892,183.59894,174.37558,186.47736,226.90591,244.16818,221.31079,202.36528,212.72586,249.5943,129.39587,144.46204,186.53802,7.140767,201.69931,184.2566,245.2732,252.15048,110.94949,121.40089,282.11176,133.88309,218.10918,253.0585,271.19385,250.7929,190.35284,244.51413,152.34886,185.61072,244.0073,115.5018,217.19958,187.02635,220.02162,202.37688,175.12708,118.55043,251.87466,242.58466,207.61113,139.89682,143.09103,246.30655,255.70502,253.03111,234.02884,233.33496,139.13226,236.22318,269.15942,169.32411,162.41281,183.631,237.85663,231.63641,214.9078,180.82925,247.40431,262.83002,202.13106,271.357,201.1287,196.34555,231.618,237.44434,244.40916,206.29852,175.88133,206.91388,256.4257,120.00458,278.0547,259.60886,146.36053,251.96437,141.69312,234.79996,260.55698,131.36646,233.27841,229.17868,122.997665,251.11064,207.65166,256.72272,73.92728,203.13684,179.16801,206.24097,136.58562,151.26956,191.77293,180.97552,186.88687,137.08546,254.6366,138.50327,199.05627,271.97778,218.08536,241.03699,203.2869,208.21965,258.88055,256.3521,80.06975,265.41583,262.0816,233.81133,243.31136,246.38004,198.98354,86.952774,157.2001,203.19823,155.18523,210.6537,244.3263,141.16042,189.95781,147.81503,220.55528,228.74754,106.62768,194.21313,233.51541,171.35768,224.5476,260.46313,221.80666,271.6781,152.21596,246.75085,202.42697,239.3252,227.89288
2265,211.73528,177.15503,203.00015,252.03238,241.81934,155.81651,248.7442,238.12924,275.10822,223.21844,170.07816,239.58173,244.17899,184.42484,242.11588,259.25473,218.88889,247.885,192.71017,183.91534,201.20625,243.2303,213.4261,283.23547,262.40332,201.74713,192.12585,219.85089,270.79752,229.16916,202.70145,206.0777,232.79593,261.72253,233.44109,217.42305,233.45723,243.05518,174.82251,188.57645,199.0011,58.301617,223.15408,210.5808,237.01648,258.7403,173.77098,164.85687,280.50208,195.13058,215.8515,254.09479,260.16843,244.21988,211.98407,250.853,185.11942,212.12418,247.51413,174.03113,236.67856,216.46603,233.53194,212.52887,211.91443,164.72229,244.54352,249.6578,225.76472,185.2464,196.12503,252.40419,255.99295,240.7666,232.15442,234.16092,181.60005,239.14095,240.35019,196.94778,201.99106,227.27542,236.66554,250.08826,229.54333,234.78842,249.16982,253.33044,221.48788,262.7643,216.1124,239.11531,209.18326,231.70493,228.49786,208.5672,191.95505,243.61136,257.4151,179.36758,273.35068,257.48523,187.70627,261.38562,195.01106,222.56207,272.87866,179.7734,238.62878,224.15598,170.65096,239.36032,229.80603,247.37262,176.22673,221.03061,188.2455,213.43494,180.12112,180.09001,229.20148,192.79709,193.68268,197.93518,240.89497,210.69275,213.88495,268.07123,239.63576,233.5732,215.43283,221.56114,256.84134,254.43956,123.99246,256.29517,266.2421,234.6277,238.45007,238.56223,222.02524,138.24142,258.7824,213.64755,223.11975,219.61623,250.18723,189.12296,216.80252,179.35254,233.45624,234.41281,207.04433,225.24684,231.99432,192.3512,230.3115,259.06317,148.50491,283.0722,181.97394,260.417,216.50786,260.8537,241.54141
2266,176.15497,134.91154,184.68929,250.33876,252.69058,110.34439,261.07568,250.15753,268.88333,218.57101,121.30087,242.44742,238.7862,177.02158,241.1954,265.46198,224.92812,249.45612,151.22119,154.34113,216.22925,232.16747,243.40552,274.44885,264.60178,159.14464,147.4747,236.17233,265.98138,207.25607,197.99103,219.6547,227.39401,254.88797,240.25516,218.36543,215.66898,248.39366,204.6964,189.73392,198.50653,30.322332,222.73654,196.74307,245.11073,258.43216,109.74159,151.4047,273.33026,149.66177,222.06088,250.79752,262.33688,253.49402,230.01181,247.87498,177.83603,214.56702,241.22496,132.05194,226.88577,214.26306,244.97229,205.96082,192.83887,179.9071,251.1185,238.20667,227.44235,142.67165,206.10242,245.60413,257.4414,252.46777,244.47794,231.57364,158.81949,238.18864,258.74286,202.2235,182.33887,218.12706,228.69644,247.75139,238.51973,212.4136,251.40225,254.92538,226.26056,271.39697,232.05421,241.48422,226.46152,235.32619,243.33884,224.99438,176.88492,227.82149,245.25574,137.73102,273.42502,259.6437,203.43967,248.33728,165.22578,235.80478,263.01648,146.67085,244.12039,247.34723,144.35683,252.8052,224.88591,247.20276,90.36382,237.31927,176.49933,199.22772,152.03146,176.26262,239.48265,173.55296,175.34619,167.49756,248.96884,193.70096,214.60307,266.0515,227.63452,242.99588,235.9534,231.25919,258.72092,254.6518,74.13934,257.21503,263.90134,234.52121,252.59352,258.5155,236.63773,90.96034,190.5885,227.19122,178.86029,235.7278,246.16815,142.66739,236.34836,214.26381,229.38116,235.31554,151.50027,218.30402,240.32507,211.87161,236.89389,256.30493,182.39185,269.16876,162.79741,250.39903,231.50665,238.64273,244.33301
2267,120.480415,117.549194,150.36069,221.09164,201.48749,96.14252,204.59967,175.47546,243.22786,183.7202,123.38724,186.2925,203.84613,145.79166,213.08714,232.55588,163.16078,209.44957,102.76338,135.1679,154.11319,219.81319,176.43973,262.2124,229.85162,137.69312,151.55748,167.13028,255.60916,158.68585,154.3252,132.37732,208.83797,224.54196,170.40411,162.2875,169.80952,213.4772,112.57735,130.89789,120.42203,51.21807,153.89331,168.96619,198.33249,225.70317,118.48645,86.88536,263.205,119.89621,185.60983,226.53035,241.32785,206.9349,158.53922,215.2482,115.790146,144.22163,199.56937,103.013565,174.45245,159.41913,196.5337,165.2586,150.12643,81.790085,201.47256,227.133,179.69925,128.03381,139.94333,226.30078,224.04684,210.39362,174.56717,193.62067,117.6758,205.36465,209.77617,139.52621,128.97588,151.14172,218.67981,212.34497,163.1598,163.2544,213.77007,234.41623,176.07657,232.47087,146.07811,171.54675,143.46469,192.70819,193.50722,160.80249,134.62352,195.14655,218.56042,121.45787,247.42561,223.19357,156.03256,241.25899,118.949615,185.52545,242.87045,102.9863,196.8754,180.91492,104.899445,192.1702,174.78894,212.48907,95.12369,180.08447,122.717636,152.78168,111.062836,132.45569,170.53737,164.7656,127.84226,112.940315,178.33229,122.021675,146.49524,234.1752,208.93802,192.6065,158.80443,174.0559,221.88309,224.99536,83.683,228.83096,241.74908,177.95703,187.55113,173.42372,185.05786,95.70178,159.48715,154.86139,156.92033,164.88857,216.61505,127.11046,146.23242,114.475365,197.36421,196.90755,97.306725,162.00613,194.06694,151.01712,183.565,224.99673,90.5358,259.68286,147.01743,230.45706,164.76382,228.98927,197.92839
2268,158.18884,137.09668,139.46689,243.99176,234.49414,112.3314,232.12451,191.28705,265.7019,218.5859,141.31699,205.21405,242.79022,186.82803,255.00877,282.65793,203.70628,249.57306,120.0665,170.81863,209.69888,254.32983,234.37146,284.83856,277.00378,149.71606,150.65637,220.86215,288.0359,210.08481,191.7935,139.22559,238.81699,249.0592,160.99048,199.506,178.03503,266.09335,132.71405,176.843,120.619484,30.724583,175.57294,187.8215,230.66014,269.966,96.979324,85.2948,299.2094,142.60138,230.27954,270.90375,280.75458,263.01715,188.31589,255.39078,96.092255,138.64218,215.46022,125.920105,202.33955,204.14932,224.06732,207.63739,184.35214,100.68277,224.82697,255.8122,207.26971,160.90579,146.59805,256.88403,260.64935,264.0097,210.48703,226.78708,155.63007,246.37183,259.10132,170.90259,130.16815,127.67609,251.9042,245.87079,185.64168,172.38428,270.9166,273.12256,220.88739,281.52936,132.69139,186.32617,148.20636,231.71783,250.6093,196.18806,174.44525,189.96042,212.229,149.20868,291.34647,252.26761,155.42181,260.6818,126.24209,230.61221,269.22888,134.50397,241.28392,223.30682,136.69858,222.50829,221.59322,230.4089,84.1983,200.38115,148.19565,154.11807,110.93388,131.68579,193.97025,177.05124,132.44241,109.32184,179.26328,166.49214,167.03961,265.8917,241.24506,242.59912,211.94354,219.47542,277.44608,275.25006,77.73894,264.62372,273.2165,178.8318,214.68216,186.35399,204.53085,105.99696,172.3111,161.55908,143.65977,185.60623,266.94873,145.54144,181.23395,138.0033,247.42926,235.39444,133.66837,204.57712,240.75204,159.46945,230.8803,252.81636,90.63591,275.76868,181.80545,259.7087,216.88007,243.45114,249.0361
2269,177.97385,164.4473,147.13014,234.52927,223.19473,150.37103,232.37949,191.23886,272.8042,215.0458,165.10904,197.92682,241.85672,198.57596,242.06537,264.92023,230.91841,236.98907,172.12543,189.97931,224.79315,241.57057,220.99814,280.01727,259.7984,174.58247,176.3306,237.38028,270.7583,228.3157,212.80914,167.33176,230.03543,262.85492,181.76132,213.87729,195.71155,251.02202,217.12344,221.47604,144.54272,98.61282,199.22247,199.35466,225.7703,266.6826,136.02301,135.13075,280.952,181.17169,225.07367,256.43866,261.67578,253.53204,232.02328,245.93826,146.43976,170.08095,222.12558,168.91129,206.8742,226.04395,249.10251,203.0037,205.38385,170.33232,228.74655,242.16151,220.78363,185.23166,223.53513,246.32922,253.2493,252.15396,203.6352,215.01508,189.62894,238.61932,240.88571,206.45975,167.91995,179.29718,234.29808,255.92433,208.19751,219.20575,258.7751,254.83316,237.56078,272.24472,174.05887,239.15756,165.56435,220.46333,238.87465,207.94247,183.06577,228.13846,218.71397,185.09811,276.84784,247.02145,231.35619,253.19232,181.0128,226.38867,272.48114,173.26491,243.3281,236.9743,183.8624,221.96463,227.80046,219.64807,135.38899,234.53345,159.99683,161.8448,156.30986,163.90219,241.59697,176.63608,143.5365,165.16057,184.31137,223.40073,184.08623,255.16397,243.31065,237.69992,235.90231,234.34909,262.25842,260.20444,114.26729,249.1576,267.984,193.00136,222.17389,198.2622,244.7884,146.293,220.0018,181.31664,192.76115,201.2905,255.16684,174.27106,222.05792,203.21414,241.6272,227.29932,187.10046,223.92352,236.56693,209.47925,236.08289,243.3848,96.06441,276.23282,193.46033,259.88666,240.03355,248.45422,254.70276
2270,189.02853,160.7644,192.2411,237.95271,218.40163,144.35411,219.69696,186.61475,279.3249,204.17964,174.2777,196.08401,242.91484,175.29485,227.61694,245.82169,224.99106,226.66226,190.82288,186.54243,186.95438,241.24057,181.90714,285.3902,246.9364,187.19077,203.81493,221.34187,263.70633,221.69983,193.26465,168.49142,215.03029,278.04962,208.16043,206.23071,221.86786,225.95679,211.6835,204.09546,156.92696,100.7989,198.81271,193.00241,212.03506,256.15292,183.00717,131.96481,275.62268,198.61853,195.5796,244.68234,243.9071,230.66414,225.84383,234.09634,160.72784,185.84048,236.94157,172.83249,208.09352,212.20412,244.69601,182.76248,201.34798,173.40115,231.20743,244.49936,210.33041,186.48175,236.62155,238.79417,240.20187,221.60818,180.39809,205.68994,176.66351,222.6286,213.2879,195.18243,184.6721,225.22305,231.53772,252.96301,216.34512,257.87872,238.57683,238.40689,221.39099,247.3992,202.12202,271.51093,181.28864,205.25467,207.99362,168.84602,170.50038,260.97552,249.72905,190.55057,264.42816,239.60648,224.81105,258.21313,188.41287,195.88817,282.78198,166.69711,226.52502,207.83463,168.9877,206.36604,216.44844,219.11707,187.6532,232.02713,156.7105,180.87712,151.4319,151.0495,245.06099,190.23111,168.61978,187.56789,203.7898,221.40012,180.08936,258.78253,245.03087,219.6253,201.85222,212.42674,245.40239,242.33572,133.42441,239.57529,260.1067,220.12062,210.19238,199.6781,238.56494,145.26125,267.76825,178.18375,235.82486,186.99754,249.66232,179.93509,211.91205,194.89206,234.7456,202.78189,202.03998,223.33783,203.40022,186.44843,230.49513,243.28223,100.72276,290.39233,182.62224,262.1201,222.56134,268.42975,240.10867
2271,227.03662,173.14236,166.71727,230.12654,215.65431,184.80112,238.64236,229.17416,279.85767,217.0637,177.70262,219.55978,256.75653,205.03851,241.20387,259.4675,258.08975,235.90573,204.63638,201.33527,236.22418,244.2511,209.57419,282.64905,260.1311,201.54224,200.57974,261.8672,266.4147,240.5951,237.65097,237.81122,236.47217,275.89285,245.03763,233.58946,209.73038,252.89757,260.4578,237.43253,198.38147,125.96808,229.25722,229.2222,229.01291,270.99744,173.60541,213.42447,279.8004,214.03105,226.77975,261.03162,256.2063,257.7803,249.9709,258.1638,207.13785,235.7023,226.78137,213.56747,231.24103,251.17902,265.41162,220.34221,235.04028,238.3822,225.43103,249.62701,251.73549,199.48103,259.54028,252.23557,257.3799,250.70396,248.93727,230.36105,222.52753,243.06104,230.75558,239.44409,219.11906,249.90984,233.49214,264.76382,251.30591,257.79016,265.75153,250.51065,257.2935,267.89343,234.4037,279.37726,173.25908,231.44954,235.8677,240.31877,186.36926,256.8539,227.27565,201.78804,275.70792,251.06128,258.30417,255.59294,209.44107,225.33205,280.26984,211.40442,246.98701,244.74225,212.03607,229.9131,252.70432,220.781,182.24347,264.66995,164.00267,179.5794,200.92487,219.87842,273.6112,178.56728,148.41864,218.59604,207.56593,250.82004,221.88496,256.6137,251.49158,237.38776,256.0178,252.74025,263.8045,260.31424,130.75821,244.49652,267.22498,206.66162,237.81631,236.60059,263.81403,165.93388,259.2027,237.27477,233.73383,253.1865,261.85968,194.87137,264.1058,265.07788,251.05254,250.72891,225.6022,243.7414,246.87576,242.99048,248.50845,245.43887,78.83492,284.17682,205.94354,261.26343,256.1454,262.0892,265.1029
2273,119.58744,111.05115,146.06271,239.40765,229.92834,89.8645,235.00235,207.49721,254.72824,196.1124,108.30944,211.74873,218.28543,152.79308,234.44933,257.3805,180.79312,233.19785,96.81735,127.06392,184.86618,231.072,222.45383,271.62506,255.10278,127.01191,136.1011,195.49268,269.3061,169.09096,163.63737,160.07022,224.75607,232.74251,189.64368,179.63956,172.87766,239.13536,136.50323,143.08356,135.74323,34.86757,171.4914,170.48816,225.20447,244.39557,91.65413,91.91084,275.01483,108.611626,213.0687,244.16162,262.93613,235.72766,184.96902,236.35612,119.636986,159.43622,213.47859,94.41821,186.71045,174.15764,218.75443,178.41592,150.66208,104.48312,225.45782,237.55106,198.36879,117.356476,150.33105,240.50676,246.11978,241.32533,210.79187,211.9816,117.13574,226.17523,246.10687,155.14117,128.75917,158.05222,230.4815,227.43802,188.30154,166.74715,235.29926,255.63577,195.6705,260.64124,169.2567,184.20914,172.45567,216.0145,228.0116,195.81873,139.3927,197.91013,220.03868,106.576355,266.72958,245.35052,170.12015,248.54898,115.07736,219.46191,249.72363,103.408936,220.17079,217.70987,104.63219,223.70833,189.98167,232.2774,68.26155,204.00845,127.6449,155.25085,108.909225,137.71873,190.34595,159.05821,125.852875,108.43063,201.5468,131.43457,162.53894,252.9317,215.29318,222.97289,194.34042,199.18399,245.87688,247.14908,67.73952,251.46823,259.45078,193.03337,218.25848,208.00244,205.67682,85.44423,148.9009,182.10977,146.80923,196.7777,230.97673,117.98815,178.05869,146.25119,210.07806,220.6001,95.81595,173.33212,225.7138,178.81812,207.4996,244.21992,121.119965,263.13193,142.07066,240.59433,193.10974,228.11134,218.99054
2274,172.86078,146.08249,194.27248,253.9665,240.24084,115.96021,241.07947,218.16428,276.11343,213.34077,144.10065,223.32854,233.7055,160.9714,233.61987,253.53603,197.53989,238.3836,154.44073,161.64984,171.64445,238.43631,202.07095,287.15082,256.31766,175.40445,188.28506,198.60873,273.50116,198.00148,176.53424,178.9011,222.99957,262.0031,223.30905,198.57066,222.73146,226.95665,146.82944,153.45717,172.73854,43.9555,202.8407,192.98395,229.8022,247.37503,159.34189,125.85324,280.78662,162.70572,196.69188,242.93991,256.78122,230.79858,197.8204,237.7237,162.06952,191.1861,247.59727,136.82529,216.91978,190.61523,225.7995,189.79506,186.85754,132.3481,244.86787,248.17026,208.38174,156.28146,178.01299,247.20065,248.48822,225.54663,203.4249,223.75783,148.6281,227.48105,234.82889,172.91933,178.83719,214.39124,237.99895,241.45197,217.53716,224.51068,228.85318,249.67203,197.12253,253.001,205.67636,230.35094,201.41266,222.9435,213.1402,179.85052,169.60391,243.65771,259.12402,150.72623,269.0126,253.45706,170.89677,264.38998,164.42816,207.54611,274.69012,141.40045,227.21387,210.4253,136.48961,228.6927,208.06308,244.0433,144.47,210.50983,164.03246,199.13953,147.28769,154.53488,212.25992,192.09546,178.34686,165.7896,231.58995,165.0061,192.38489,269.12717,230.55981,222.08994,186.26016,199.67041,243.8991,241.93724,102.07838,253.96013,263.43878,231.7475,227.47307,224.11203,210.72961,108.582596,221.7284,192.53073,211.4415,197.46036,236.3528,159.27815,192.16696,151.82436,215.83942,213.45345,147.86145,202.4826,211.05608,171.52374,220.25128,256.2083,142.65709,289.80173,159.49402,260.97034,194.54733,263.7171,221.98088
2275,155.52034,136.95119,166.78879,246.47162,243.16397,118.22044,253.80554,242.3493,261.57568,213.48196,130.94948,233.81192,232.8847,172.5494,239.34058,263.63644,206.7127,242.82317,137.27774,150.68533,206.03897,232.64018,237.15535,275.02417,262.51752,157.77222,136.52126,226.544,267.58997,167.69965,190.0428,213.35011,229.02538,244.2541,235.53204,210.90274,194.26047,245.77434,185.53651,163.74786,187.68193,39.51345,205.1563,198.66745,241.10016,254.05428,96.18594,150.52333,273.351,141.29916,220.61304,249.48398,263.99463,247.2832,219.51118,246.9501,174.98395,208.3737,226.19434,130.48206,210.75311,194.87277,243.44995,202.26637,180.30067,163.83887,241.72801,239.87659,224.57492,141.19058,189.36258,244.24088,254.64055,251.17831,243.04434,227.88992,153.59914,235.66568,255.10402,194.66466,174.83801,201.43138,228.77136,238.75897,225.55812,185.65948,245.18292,256.4055,217.63977,269.20392,224.18196,216.08154,207.59671,231.7518,239.8213,224.67963,169.40079,214.47513,234.62823,126.36574,271.23102,256.02905,203.73877,246.70471,154.06227,232.80779,254.04765,142.7811,234.30081,241.29007,139.78244,244.6659,206.28432,241.12883,60.68882,238.35678,160.83365,185.56161,152.755,183.3469,220.65479,170.4231,157.68484,153.23145,234.49226,146.8353,203.47466,262.05594,221.69688,238.94572,222.3565,223.23465,254.60423,252.40976,86.63002,255.84915,263.80084,220.0587,244.30016,250.01471,233.68619,101.7699,140.2793,226.88153,152.64542,236.86536,239.8195,145.20462,218.02768,206.89934,217.21779,234.99893,100.26471,199.20454,238.37634,215.90201,230.26123,252.90582,151.21426,265.77606,157.05368,241.27249,222.47552,227.90935,234.10902
2276,180.7136,149.29312,204.29976,256.45377,251.35904,118.60814,251.76714,239.7672,269.62457,218.61572,139.38184,240.74037,233.72299,170.93463,238.98021,261.02133,198.37813,248.16452,155.81827,162.60744,186.18411,236.93951,221.94727,280.63934,261.17285,174.14417,172.01123,203.31383,272.5798,204.60455,183.31155,193.33542,227.06299,252.686,229.75192,204.74326,227.58777,238.70384,142.90125,160.85446,191.14777,34.70196,212.09915,194.22685,237.77873,250.19284,144.35217,138.18784,280.03198,159.45514,210.91306,247.59738,262.4216,238.67923,197.1347,243.1235,168.7421,199.03386,250.0854,135.43599,227.17007,195.15628,221.44579,200.2152,190.15677,135.32285,249.716,244.52966,212.09677,156.14471,168.69989,248.19205,252.80159,238.47858,223.03285,230.3132,152.96404,233.30765,247.37872,177.26889,180.94545,210.12799,236.85437,239.63971,219.54993,209.95612,239.37234,255.27008,202.69748,261.6778,211.05557,216.43964,221.68912,229.48341,227.40883,196.61859,179.20349,228.64078,261.6895,149.82951,271.78156,257.237,164.58377,258.9502,166.75089,220.88306,267.02914,144.83731,232.1104,218.76215,139.05524,241.79785,213.36328,252.29538,123.598755,206.19357,181.41545,211.21805,152.70993,159.97173,207.49968,188.72458,191.4837,167.30945,250.5503,169.2157,203.33844,269.4795,229.2115,229.94139,198.77104,206.85773,251.01653,250.11183,96.37865,258.18597,263.05725,239.00757,238.00104,240.85074,205.75974,105.62068,206.89577,204.11603,193.41275,207.96463,241.45828,157.18951,196.86559,153.49194,221.11307,224.36674,148.65363,208.05084,224.75749,175.10593,221.28815,259.05902,182.80621,280.54492,166.47865,256.2364,199.50706,253.39462,227.9769
2278,154.58188,155.41144,207.12428,240.14151,229.55476,123.73288,229.14372,214.63264,250.55353,204.86627,148.0769,219.14691,211.51633,165.1868,217.10367,232.32486,170.87924,224.38174,154.6229,157.82724,160.62714,217.90155,195.61885,263.35855,232.40302,176.19226,173.96733,173.92836,250.99431,169.24236,168.24515,170.08249,214.40695,234.09024,211.37183,188.28694,216.81372,208.73268,133.8132,139.95973,181.32391,57.942707,193.67369,188.16643,216.77377,222.63184,149.54443,128.73203,254.96524,157.78299,195.15399,219.28526,238.76035,205.52005,187.22232,218.50385,168.81107,182.82913,235.4303,134.70981,204.5036,167.07039,207.51949,180.2409,176.50627,120.6255,233.41039,229.2786,193.12643,156.64346,169.5421,227.10092,229.07123,210.14392,187.60945,208.99057,143.30872,211.50284,218.73267,165.01126,172.94159,201.09518,219.7255,218.95023,192.26747,197.7904,203.01953,233.53494,178.80261,233.08833,202.9668,201.2386,220.47464,204.69933,200.67944,173.7778,174.62833,223.67224,254.5115,149.3649,241.69254,234.98306,176.37344,244.17523,168.25348,201.86266,246.92212,141.09296,205.71445,195.81508,134.60602,218.86887,179.362,234.09744,120.70725,197.44331,181.42978,207.92384,155.86856,160.49927,189.25179,190.29552,195.06488,159.96887,237.10652,138.77094,184.00563,244.35101,216.4656,205.41234,170.03891,183.66805,216.9318,221.06442,108.93936,234.67096,242.0131,230.5956,215.6448,217.14717,196.37122,117.77335,183.33328,187.58853,190.33661,185.19943,210.66177,160.26355,169.84058,139.58116,189.81854,197.53369,113.722595,185.88087,199.46959,174.22647,197.40009,237.31274,195.97252,266.8686,160.36288,235.62599,175.85031,239.3701,199.552
2279,213.77953,160.21729,200.98529,253.21094,246.23627,136.90038,255.96251,249.41978,281.85095,219.82384,152.25317,242.66718,248.73816,171.99416,240.81644,261.52896,236.19376,246.85063,188.90356,173.30054,202.75168,241.82962,215.41022,287.536,267.2809,192.11504,179.06262,240.58966,272.73682,222.7634,203.39095,230.7463,228.45407,271.6142,256.88806,223.9357,234.18948,242.37082,207.67157,191.02356,213.56947,34.805725,233.30289,207.76175,240.61751,264.41623,151.1787,179.37947,282.4122,188.2026,208.7225,256.74017,260.36374,252.42036,230.42862,252.45451,200.1324,231.58917,250.72293,169.40498,238.51552,226.40994,251.27243,208.4658,212.28745,198.90538,250.9777,250.05826,234.29123,171.51646,216.5154,251.87376,259.1543,241.323,242.80399,236.50511,180.83017,238.92523,244.19748,209.6851,211.3056,245.27415,235.58563,255.94083,254.28696,244.26949,251.51605,252.83823,229.55548,265.2898,246.09137,264.71887,219.67867,236.1529,229.13898,214.52309,182.82576,250.25386,259.95923,164.47801,278.74164,261.89038,200.02802,259.99994,192.27696,220.92029,279.08038,177.255,243.90901,237.04668,168.14638,245.8684,237.37201,247.85089,144.33391,243.0621,179.86859,211.67615,178.76627,185.35553,251.77806,186.11395,188.70615,203.80975,252.70291,215.24014,226.5738,273.9095,236.06903,237.86902,227.0461,230.74739,260.45038,253.45027,100.43225,257.49908,269.1446,243.66049,249.43053,259.54196,240.15868,114.16594,241.93854,232.67776,216.28822,237.96243,253.31032,176.29387,243.13748,216.629,235.41649,235.17615,195.1557,230.04607,231.8646,205.99646,243.74905,260.77377,154.14133,286.10187,168.42323,262.17804,231.87006,259.15137,247.33075
2280,113.48506,121.19194,172.79622,250.73474,247.8773,85.81438,227.59189,192.44565,239.91452,202.6329,119.532364,214.33627,210.11465,158.61562,237.9534,266.0721,148.48108,244.41727,89.24255,133.79294,167.95728,235.0177,229.86595,266.28186,260.40033,127.636024,134.3431,166.64862,274.72937,165.24002,146.13116,109.85045,222.35703,218.23935,150.11356,168.87361,178.2825,244.2236,66.50564,117.26822,117.385254,14.914761,150.9895,159.6485,222.11008,238.74823,102.05599,49.953163,282.3554,102.50058,214.19022,246.75981,270.81244,230.04025,145.06412,229.75838,84.09933,115.92627,217.69376,79.56677,182.30005,149.3093,184.84637,182.82425,141.66235,38.08059,225.81178,237.16238,170.0328,126.100525,92.05861,237.73227,241.41,242.60677,189.22269,211.5188,106.41921,224.71396,257.53217,123.69905,105.1808,111.03604,241.50932,209.76385,151.07861,132.87312,239.53705,263.45273,173.14903,260.0288,122.486084,140.17284,175.01167,213.99414,231.66199,166.24484,152.96208,169.75102,236.8569,108.92335,268.9488,240.9729,110.13118,249.07034,101.564804,217.46384,242.68712,92.302795,211.29391,191.00615,89.857285,217.69794,173.73929,245.18292,62.103294,157.8273,146.41344,169.51501,92.88085,106.3638,139.80003,181.82593,150.54585,79.55516,201.80109,98.10568,145.45276,258.35355,210.5892,223.28204,161.12979,174.93524,250.37234,254.94226,79.59599,261.82053,252.93596,191.67926,201.67593,181.57773,161.5682,86.470825,133.74706,141.28847,119.20775,153.21176,238.36618,119.65477,125.621124,74.937164,212.15076,207.60231,73.01106,161.75323,215.31693,125.20776,192.54935,248.52155,163.44891,258.40125,150.40459,237.52692,165.61853,226.58304,206.22115
2281,184.13467,151.78085,183.62294,228.31973,211.35213,132.53444,223.30511,209.08372,266.08844,200.1446,151.54385,209.20291,230.24374,165.56311,217.17734,232.75784,211.89609,219.97778,170.87909,169.09447,178.01991,224.98972,174.66652,271.48096,236.22739,182.12398,182.23442,205.98639,251.46768,201.58078,191.51231,192.80644,211.96114,255.47852,224.66917,200.57092,216.4837,215.27686,193.13051,183.17078,177.81758,76.98616,205.47386,199.38135,210.67981,240.43054,159.54532,153.06088,262.831,177.72012,188.41646,232.1591,234.41304,218.54416,209.54048,229.27643,178.41809,205.33533,227.8075,157.0801,215.06586,202.8384,228.86313,185.50021,196.84857,168.46402,222.16306,233.63274,214.13388,165.1034,216.57274,234.14407,234.64362,211.60762,200.81554,210.04736,167.7983,216.1655,206.64218,190.79572,190.02628,228.2385,216.4382,239.57898,216.75641,231.4008,223.88657,227.8081,209.24225,236.80046,212.37247,243.41739,181.98581,205.58755,196.33212,183.07346,164.3222,241.69458,241.77838,167.311,251.99385,236.37425,211.78769,247.5875,181.5575,191.6033,263.53595,156.79547,217.64029,203.01581,156.55661,211.64706,212.03671,220.77208,153.13835,221.6273,157.86559,189.77882,164.69965,171.78458,231.67203,176.59422,167.1351,185.48544,215.84091,195.78235,193.56886,247.37549,230.54553,205.91585,196.19447,205.39096,231.14185,228.41077,109.28821,230.40741,249.1314,216.42654,215.57437,216.5296,224.86679,120.79135,232.49878,198.8823,215.92078,203.2374,229.98376,165.04004,208.59868,190.22745,215.96663,209.78293,173.35876,210.70126,204.46614,191.80386,212.99747,236.67265,108.79106,274.37363,169.57028,245.36253,203.6651,250.85927,224.62218
2282,214.20758,149.89398,154.38556,212.73148,191.60886,157.56804,215.59497,207.86322,273.6836,196.79332,168.88486,198.7132,247.70653,172.36287,221.20001,235.8194,244.79805,213.39523,187.43427,187.92152,196.89853,233.48364,168.40323,276.43243,241.81042,192.75015,195.58551,240.02203,253.59909,216.66487,216.54929,221.91872,218.67917,270.86905,240.53821,213.19574,199.5067,225.49731,238.49036,206.46541,181.42352,89.00473,211.28511,218.75722,206.39148,254.90994,162.3341,192.3414,269.55444,205.28743,192.94174,245.89676,234.99353,234.67886,227.75806,242.74944,194.55957,228.07553,212.30042,199.0069,216.33394,234.78824,251.79655,196.53067,222.42097,219.4814,205.77277,242.77917,237.74968,185.27434,249.00586,240.5429,240.0108,219.43216,222.28412,214.19986,200.89944,223.2793,200.33694,218.0501,211.84164,249.83401,219.53784,253.73257,242.18819,256.64148,241.72377,228.9631,237.71431,241.72144,227.3399,275.56052,147.89117,212.06767,201.604,204.92685,158.32907,252.62746,215.17873,188.62701,260.41498,234.56882,237.5286,248.02989,189.54312,191.98465,275.39175,186.88625,225.8497,215.54857,184.5722,204.57025,239.67102,202.32303,173.62955,251.5272,133.00266,163.96773,179.62416,200.09995,263.36862,161.62613,129.1944,209.22176,191.35153,226.83224,203.4014,243.91489,243.33168,210.75024,220.72237,228.75197,242.65836,236.67476,115.26138,224.68204,253.34201,193.24216,215.31473,218.06532,248.47589,138.88176,254.61296,220.04791,229.80734,233.45761,246.41406,182.05463,243.8846,242.1716,236.35048,230.13098,207.53226,226.33571,216.47699,214.21858,232.82285,229.99605,41.03456,280.19952,184.64325,250.46921,229.98611,258.22495,245.17838
2283,173.26425,143.34454,160.26877,245.80609,231.95401,118.39461,233.2644,193.14474,278.41614,216.20413,146.36316,205.03502,244.1026,181.8813,245.82022,268.4126,219.49739,242.49689,151.8777,174.45657,203.78334,250.9523,215.10463,289.27185,265.35678,165.22478,177.6081,222.66881,280.37695,228.32416,194.83807,156.72401,230.78873,267.6641,182.72946,204.85071,202.84863,249.44473,172.31949,195.84283,137.69641,53.7968,193.66,192.22601,227.546,267.91898,133.95853,109.0993,290.7569,164.28447,216.43652,260.9613,266.9763,251.53542,209.8178,247.75043,128.63057,163.12534,230.25198,141.2106,210.60532,214.1539,237.1788,198.4083,194.02249,135.22307,234.35112,252.07437,212.60568,165.81573,190.53033,253.10495,255.91962,247.2784,200.57413,220.74051,163.9833,239.34192,243.14255,183.94307,158.09973,171.92305,244.16298,255.10779,202.92892,216.79979,257.8551,260.20285,224.2175,270.50925,163.78632,230.77147,165.75235,223.56348,234.01079,189.1222,173.57462,227.9059,232.3323,164.766,282.4427,251.88058,186.79337,264.2542,159.90363,219.13574,280.89117,145.52396,241.19572,223.37903,150.13702,221.79414,225.108,230.75262,136.40376,216.28712,153.81891,168.44266,133.90813,143.03854,225.25732,183.0163,149.29865,151.02905,193.16232,206.77048,178.75497,265.89786,244.59915,235.3029,214.14066,220.49437,264.9677,262.3296,90.84425,256.9926,272.5699,201.21674,219.17017,196.48602,225.41559,114.13182,232.6659,172.65527,191.69733,189.49709,260.28906,155.17416,202.46677,163.6449,243.88847,223.50307,180.49423,216.22795,228.04947,176.85089,232.40985,252.85452,101.097275,286.30994,179.94214,268.05273,221.85146,259.15903,248.33524
2284,153.77856,127.71884,126.51564,225.2576,206.92868,114.3608,209.00784,153.20471,278.0951,196.79465,147.3071,165.16962,239.31328,179.0012,238.41138,269.32422,228.7832,221.48888,144.96846,180.19635,210.12506,248.41199,206.27585,288.0575,257.66235,144.72612,180.21756,234.73376,278.2848,230.11813,191.28555,132.35666,219.66615,278.7115,163.6456,192.23386,174.6664,250.9286,212.11458,212.72038,100.38153,83.67157,169.92624,174.98253,207.3107,272.47913,121.673775,87.09104,289.1439,163.78879,212.84993,261.4552,263.52472,254.3663,222.83566,237.96466,104.68634,139.43896,210.40045,147.67957,178.67677,218.65251,253.07678,176.68216,184.51605,148.46521,216.34378,243.83203,202.81194,169.835,219.38632,240.29376,244.39493,249.84308,169.63794,194.6214,165.4761,227.87875,229.82692,183.75385,138.95859,168.69638,240.9481,257.24536,196.55507,235.45145,262.0727,257.12793,231.39174,271.25226,152.76129,259.11115,134.8239,204.7652,235.01613,171.76929,151.15613,235.7753,206.39435,175.83923,283.4433,234.54703,218.28674,253.18971,146.5994,206.38342,287.5115,141.87534,234.57642,223.44394,159.47977,195.04868,220.68518,197.77081,134.24599,230.8327,114.28938,124.560036,106.401566,121.59013,243.17204,160.66016,107.150375,136.04977,154.92007,222.08772,150.54707,252.59726,242.22987,229.2366,217.96123,222.03271,263.9204,262.01404,89.055214,242.21036,269.27252,175.7338,197.19328,167.50195,244.79134,122.23808,234.18292,147.06491,193.45496,172.34546,265.68457,148.42609,208.78534,185.77586,248.92342,207.6399,183.39719,208.38669,217.76186,179.77684,238.16333,233.36874,54.562077,287.3012,184.43011,269.3474,236.63382,256.60925,253.91113
2285,125.6932,126.29726,158.41562,244.72295,237.15317,97.65936,226.9187,178.68875,257.40057,201.55008,126.95685,196.0878,218.59981,167.7984,239.04782,268.8242,180.18031,237.56433,114.16629,148.10016,191.80194,238.09572,231.27968,274.214,257.2575,136.31805,156.82007,191.92639,275.1745,196.18768,163.2255,118.59186,221.17499,242.53854,154.43314,178.41127,182.33853,248.13614,126.89752,161.90616,114.040344,49.758194,162.76495,164.20306,220.79195,252.69235,120.318085,69.04141,282.04718,125.069786,218.0485,250.0161,269.01556,240.129,181.63254,230.68129,99.71193,126.73659,220.65616,103.948715,181.85944,176.67377,213.94339,177.99857,156.40253,81.94867,229.7792,235.61148,182.34885,139.20453,146.71436,238.42178,244.31105,249.54718,179.5346,202.71445,127.32892,226.39789,252.10977,148.56123,121.178604,137.88303,239.22955,230.70695,168.77075,174.88913,247.85162,262.18134,196.87094,268.96878,136.74094,186.40115,170.5577,209.69919,238.32274,173.00986,153.7103,202.3482,230.96783,134.14136,273.51828,241.61642,159.70886,251.88034,126.54794,219.67273,260.2154,111.2967,223.99011,211.61322,118.01603,215.15628,189.41106,230.17426,100.51625,187.30667,142.42612,157.96481,106.275635,114.91062,182.9425,175.31784,143.50697,108.08925,187.99536,154.79759,149.8855,255.95065,222.04092,228.84558,190.12686,195.34859,254.5138,258.32654,86.000916,255.77887,261.8009,192.28246,205.70796,179.18935,198.84378,104.52801,178.90083,144.07185,157.39024,160.58676,246.64209,130.39026,160.69443,117.94768,225.67935,205.45914,122.70501,179.88782,219.16568,154.68784,208.14027,244.51309,138.0024,269.5562,161.67682,253.48361,195.27367,240.2136,225.74432
2286,166.15564,146.99174,175.90768,230.39621,216.88571,124.55246,224.82172,210.45415,253.0551,203.66716,144.46487,212.3512,217.62411,164.87181,220.56784,238.02353,186.485,222.84369,149.03705,161.6376,172.72044,223.38382,190.19351,263.96228,236.52837,173.02982,174.39914,186.5194,254.7528,188.61835,178.45554,178.2952,217.25629,234.74081,208.90656,188.62042,204.56732,220.10046,143.374,153.4339,168.29057,56.745983,191.91655,193.80899,215.02414,232.50136,150.48291,136.1438,262.40097,158.25027,195.73688,230.25992,243.36531,217.25934,183.83661,225.43857,162.87927,187.83322,222.5329,139.30629,207.3479,185.05699,210.32048,188.08672,182.7502,128.25696,219.61868,231.69359,202.76915,155.86215,169.27026,234.80484,233.86636,218.3421,202.09424,213.10934,151.4614,216.9294,218.546,169.33109,172.7138,199.6478,221.85446,225.84738,197.7207,197.69324,220.3255,236.67856,191.95383,239.82239,190.65207,200.47075,179.84566,210.39188,204.18237,185.06407,165.48456,219.2442,234.75012,151.78284,250.64105,235.78223,172.97592,245.83813,162.38693,199.67,248.53027,142.16899,213.41962,199.17365,139.99275,214.57324,199.24931,225.88586,132.92548,198.14453,158.28333,188.00804,153.13297,165.22989,198.2208,180.74811,164.54599,162.28484,212.02664,158.56155,185.52481,242.58755,219.5531,206.0635,182.60832,193.63211,228.64536,230.58621,103.870316,235.00037,246.10042,207.05826,213.12193,209.44788,200.58272,115.72165,198.2938,189.9797,193.88345,194.56647,222.56711,157.75143,181.79413,149.55632,205.32828,212.59361,141.6299,191.7283,207.2135,173.52026,200.36755,235.7545,124.83816,264.12756,165.22092,239.8122,183.3533,239.66168,211.10501
2288,192.35458,143.8599,208.47562,260.08414,251.53217,112.9689,255.37082,244.17603,286.56357,217.73445,138.43227,239.59125,245.55264,155.95284,237.78143,258.94586,221.68968,244.88026,165.66849,159.41309,179.89932,242.4631,208.45038,293.33887,265.31134,179.07278,179.40546,224.51346,277.27628,200.0949,184.82059,217.72113,223.80179,277.1641,262.78534,213.3919,236.85176,232.00021,181.82237,163.47424,204.52005,21.757116,225.35674,198.7045,239.76158,257.50952,144.39368,153.94144,285.38995,168.7294,196.43704,251.00543,259.3617,244.32095,220.0697,245.91641,188.62479,224.96884,259.06915,143.50113,233.31842,207.03992,244.64807,196.36841,196.88208,174.15277,257.94696,253.55331,224.43692,154.51535,201.6788,252.1992,256.45428,230.38065,226.10068,235.22594,156.64987,233.4478,242.43869,192.20032,200.53232,248.96317,240.94992,252.53821,251.69882,244.41397,238.03761,251.74567,212.00887,258.18304,248.31458,264.63904,225.85095,234.38298,218.66234,193.25302,172.17624,257.08075,270.29364,144.35953,277.71924,263.21542,183.78757,266.61847,173.6711,211.69403,285.55194,151.0107,238.30714,226.7828,141.69604,243.45898,224.5281,252.50844,126.07282,233.82297,171.48874,213.63283,157.53665,166.78319,240.19217,191.15149,190.56537,185.25385,259.05505,178.02655,217.48645,279.9806,232.82257,231.29044,204.71014,215.02847,253.05603,245.65746,90.37239,258.97232,269.08322,253.34201,246.45215,257.77173,230.03346,94.59673,220.97366,222.08038,213.42192,224.13199,246.11923,159.41708,225.69644,192.55713,226.02263,222.61343,152.17218,217.50853,217.88235,186.81354,239.43959,264.2677,164.48932,295.3291,152.58078,266.33392,214.97375,266.64917,234.86697
2289,155.16658,128.8204,174.57843,241.94475,224.31458,101.33132,225.63931,200.43509,267.69324,204.57468,133.70703,209.38385,230.27637,154.81606,231.04184,251.63855,186.36005,230.62875,124.47585,151.4607,163.952,240.11127,190.56259,284.18164,253.90663,158.19588,178.26611,189.5889,274.30084,186.58005,169.35092,156.50674,222.86856,252.86615,200.96582,184.81316,200.69226,229.1885,117.04308,138.01288,145.53546,32.962994,179.99931,187.67194,218.68875,245.66737,143.35254,101.38219,284.66913,141.24472,193.08607,246.41815,256.69452,229.65512,171.82346,236.50693,133.13882,169.52531,228.91925,117.98961,203.41908,182.99911,212.45891,186.93704,175.75784,99.35239,224.26274,248.74715,200.47005,144.08218,148.23341,247.11551,244.31082,224.30295,198.84692,219.26593,134.95195,225.07715,227.8756,155.47922,155.87643,182.96877,238.62988,233.3707,197.74998,198.75252,233.11368,249.35934,192.13086,249.2974,172.24507,202.0978,163.78865,218.14253,208.29117,172.52171,154.70715,222.76236,242.55022,135.03358,269.72952,245.3913,148.50449,262.89203,135.86038,199.12363,270.42395,120.07433,217.99501,195.32721,116.69168,213.18475,204.04568,232.56403,124.06101,193.55688,140.63297,178.20172,124.05742,142.03075,189.5622,182.58963,151.79117,136.27545,204.14098,141.34299,172.73782,261.51672,227.99884,213.52008,171.98239,190.33862,244.41714,242.61443,87.68195,249.00992,259.31873,203.34033,209.71152,199.48679,192.67537,95.26555,197.28705,174.19272,187.55414,184.99747,238.28992,143.57199,169.15575,125.56012,218.3186,215.19156,126.74806,187.14784,208.34439,151.37057,209.9787,248.35199,99.748535,285.9674,157.44382,254.3696,181.57507,258.77893,217.7519
2290,215.7617,184.07333,213.60977,234.8837,218.19385,180.70706,234.34094,235.1492,276.13782,211.89967,183.56946,230.00732,247.7379,189.12144,227.7859,239.31393,237.37466,229.76752,207.52454,192.3302,200.97342,237.55196,181.58261,278.9229,244.35132,213.37946,205.15085,229.46988,255.71692,218.9421,218.32014,233.34216,226.06903,273.6805,260.48254,221.72899,234.53297,227.56732,234.8089,211.98047,214.75415,134.33713,228.83261,225.62198,220.59584,254.38902,194.52063,205.06984,269.71652,211.84892,205.22588,245.39493,239.26526,230.5345,230.16556,245.32217,220.71951,243.15053,239.59648,198.09521,234.77289,224.50987,248.55888,207.03796,222.1213,213.93726,229.7598,245.42967,239.02946,191.58699,251.64474,245.08435,244.44138,221.37447,231.53748,225.53416,200.28279,229.6597,210.96179,220.64581,225.98431,269.4264,226.13693,253.29625,242.30746,259.58768,240.19855,234.11237,234.50143,243.94492,251.64124,276.7705,199.521,219.31966,207.0629,212.68086,182.91994,263.912,258.3724,195.33118,259.86176,245.46623,253.12396,256.29175,215.23647,204.0145,277.7525,192.98819,228.89738,216.24832,189.15045,224.37155,233.51257,231.88495,193.82172,246.44968,179.35454,212.55515,208.23225,212.51752,256.75354,192.24103,188.89432,224.39288,237.73032,221.05045,218.08539,255.88243,245.95465,217.05685,217.73758,226.02646,242.6686,239.30533,154.84216,236.64917,256.76312,233.94383,230.64523,241.90775,247.62485,163.32419,262.9432,233.4307,243.2537,236.58626,247.0708,198.39955,236.22481,236.13853,235.9039,232.1995,205.18896,230.20331,222.96518,227.38342,229.28937,246.19917,126.52336,284.67365,194.9762,253.70244,225.54373,266.14972,243.36926
2291,106.703125,104.08422,167.3394,240.20981,229.06226,72.7666,214.46463,175.2824,245.93896,185.6904,108.496864,192.73929,202.34787,137.91534,223.24443,253.32999,149.61578,223.81529,85.69245,121.22125,151.87244,227.03589,206.67711,269.17752,246.42038,121.86656,151.17477,161.27036,270.25946,161.09595,133.36821,107.269135,208.76944,229.86617,163.70529,155.37976,173.63315,227.94386,77.6615,109.798775,107.83278,23.805693,143.3612,150.24135,208.0775,231.78325,121.62131,48.557983,276.03644,100.09477,193.18582,235.71979,259.59882,219.43518,146.6283,216.42781,90.47141,121.45024,215.21635,76.66815,168.21585,146.0885,191.01007,160.44359,132.97263,45.96933,218.83907,230.47717,164.22964,113.56973,106.479416,228.92532,230.0998,226.86017,167.62167,195.37419,94.871544,209.20778,237.61049,117.52525,110.14949,142.33212,233.49843,208.9982,159.22827,161.98383,223.92227,251.97476,164.55066,248.18733,136.56952,166.17989,163.84592,199.47284,213.33989,147.20172,129.12427,197.51727,238.07684,101.96131,261.6881,231.67896,117.73009,247.31616,97.86231,197.3354,250.44339,81.67079,200.76924,183.20407,81.74504,201.19914,166.62314,227.43317,91.2807,164.05504,119.679146,153.41098,83.94893,99.81646,151.52478,166.48103,131.41846,89.36044,191.95541,102.94412,136.35779,251.57486,202.58432,208.06918,149.22862,164.73074,235.68007,239.58229,76.74244,247.98488,248.5813,190.93301,190.95993,173.87708,168.21704,78.76126,158.28427,134.58662,153.15057,145.81668,226.66383,111.929825,128.68219,79.68211,200.56894,190.09573,82.3517,151.26709,195.31364,122.31984,187.7544,237.94096,132.47614,268.03546,134.56541,240.42813,159.26765,237.36209,196.27649
2292,209.6818,173.99484,194.16925,253.05527,247.07556,151.57605,255.25043,235.69704,280.73157,225.46773,164.04463,234.43443,250.09813,196.43677,246.36632,265.5969,235.18584,251.73964,198.46016,187.56546,220.424,243.14209,228.16739,285.5038,267.50076,192.67302,181.25494,241.65872,271.8693,232.79718,213.51305,210.64682,233.68158,268.74292,235.36276,230.44884,232.811,250.26968,214.84377,211.82631,201.50992,62.513844,230.96631,207.25941,242.3782,266.5457,155.29312,169.09653,280.98907,195.15858,226.22963,257.38138,263.2553,254.5733,242.2299,253.88896,189.76643,214.17679,251.0636,176.28,234.54729,229.73106,253.94005,212.73688,216.87103,197.85487,252.77809,248.05325,232.06917,185.48587,227.42201,251.74127,261.10333,251.2006,229.43256,231.47803,192.41849,243.72205,248.39606,216.83064,203.29549,232.76387,235.46832,259.59235,243.02122,243.41057,256.1894,257.1757,235.95801,272.83582,231.41882,260.48688,220.87846,233.75708,240.90204,216.65216,197.18405,249.77444,253.87852,182.42033,277.74738,261.4414,218.96983,259.31287,202.13313,233.81555,275.8568,186.53789,248.69318,243.49544,184.26183,245.64603,234.02306,243.83131,150.13512,244.46675,192.07814,205.41884,177.83792,178.6428,251.91415,187.13818,189.29758,200.21034,240.8898,228.60663,218.04402,271.1785,244.39836,246.29602,238.00476,237.72064,263.19092,260.43323,112.63565,258.85806,271.5379,238.8941,247.6755,245.68932,244.71857,136.2223,241.22177,216.77155,216.77538,226.2732,254.49155,184.03242,241.34549,215.19632,238.61073,233.64557,201.52536,238.43408,239.96494,213.0256,245.78139,259.9818,149.04462,283.6153,188.73553,262.37488,241.2926,257.56976,254.21735
2294,192.8873,151.63272,174.6641,236.10107,224.73492,135.12341,239.42221,230.32722,272.06665,207.62546,149.02585,223.83246,238.74045,171.60907,230.00644,250.59662,229.45883,231.76752,175.27881,170.63248,200.48447,231.54996,199.54018,276.94315,253.50392,182.7315,175.17941,231.61807,261.6726,210.36842,202.3768,221.58737,221.85669,261.69748,245.40466,213.11693,213.7091,234.85992,224.80322,194.40665,192.85773,67.23967,218.73727,206.11465,225.97543,255.00848,150.2439,173.96417,272.49097,179.50067,204.54135,247.29727,249.95868,240.20131,227.16687,243.65274,193.3341,223.84912,230.8697,163.3006,222.74257,217.95535,247.16418,199.28683,203.51257,197.432,231.08907,238.88344,229.43155,164.40944,229.36917,242.47266,247.94995,233.41208,232.56529,222.54599,177.07095,228.61081,228.98703,206.5954,200.24669,243.67188,224.22845,248.24643,240.04004,237.19934,244.14644,242.4903,225.71678,255.65652,235.95514,261.79657,189.99554,222.27878,218.48853,211.26016,169.17194,244.00075,239.8533,163.5805,267.54788,248.46335,226.19708,249.5295,185.54968,210.33499,268.23737,166.93497,232.55545,227.60947,166.37381,228.74179,227.46832,230.2143,143.99596,243.1402,157.84586,188.96666,174.01392,188.76953,250.65115,173.15318,160.87184,194.15215,226.42433,207.2507,210.88753,258.48172,230.8241,224.11093,221.59958,224.1702,249.68445,244.33224,101.7325,243.74878,259.815,219.64653,233.76978,240.66153,243.4235,118.3992,230.44815,223.83084,211.97873,232.669,243.28058,167.55083,236.88757,227.75781,228.48738,229.42479,181.47876,217.99504,225.57042,215.2037,229.81296,246.57707,112.84715,275.7979,169.99512,251.25717,225.44156,249.91853,239.61264
2297,140.6539,143.88809,134.00806,226.27264,208.07486,124.93259,202.93344,140.89133,269.82782,197.02011,160.16959,159.2734,230.72366,193.37714,237.76534,270.36273,212.16055,222.60237,144.39655,189.41336,210.49078,247.69693,211.4506,283.1195,251.88272,144.79895,185.5279,217.6409,276.25247,233.88298,188.70836,109.61147,218.43105,270.78558,137.01114,186.38474,173.21896,251.10056,191.56268,219.15234,88.028656,105.16844,159.36443,169.26459,202.2527,268.16107,132.8206,72.07564,286.31714,162.27657,220.32095,256.85156,263.59515,246.2821,212.19183,231.0766,89.738174,118.43406,208.68567,142.5459,171.23343,206.69592,238.85208,175.20447,179.13388,123.42883,215.09451,236.98695,190.31575,181.10751,205.4523,234.36063,238.94983,251.04002,155.78775,186.31326,165.8807,226.13963,230.47516,174.2638,123.2398,143.0638,242.66022,249.38673,171.31677,217.70876,259.7427,258.67734,223.48569,271.2956,127.15044,234.68811,133.19865,195.51813,237.76035,165.88277,162.22942,225.24742,210.08597,188.55716,278.44666,228.6388,216.56865,250.97853,148.47449,209.09518,282.70782,140.41742,228.94261,214.0476,163.34831,189.53175,206.59433,197.30515,142.56032,212.3836,127.93438,125.11241,104.3788,113.49333,221.8092,173.79614,116.787125,121.819534,145.51633,217.59988,135.55856,247.06677,241.76788,227.9819,209.27956,212.8414,260.109,264.13327,105.06673,241.53069,266.04886,169.73819,187.19002,149.8579,231.35919,141.77142,232.02582,129.35786,185.332,154.32773,265.5204,153.00668,185.55678,160.57726,247.80792,199.4328,182.526,203.00777,216.21303,173.76569,225.53336,229.89804,68.123764,283.10284,198.22424,269.37402,226.99579,253.84943,248.62032
2298,208.11392,169.05887,189.64676,229.41183,212.02881,160.71149,229.05377,225.90283,270.98233,207.08386,172.18979,220.51773,240.00172,174.48541,223.93082,236.80444,224.55452,224.58588,193.2936,182.9409,188.65958,232.34767,178.82541,274.6777,241.65274,203.9688,197.54855,218.87299,253.53972,212.81488,204.3203,221.55962,221.37415,263.03006,248.66763,211.41245,222.69025,223.62405,206.37683,187.53888,200.41577,86.7852,218.70671,217.13142,217.19148,247.7948,180.53566,187.9416,266.31555,200.91101,197.11226,240.65126,238.14462,227.0509,216.59802,239.52496,206.30728,231.66339,230.51602,185.16885,226.45134,215.85129,239.25749,200.24176,213.72649,193.90356,223.22844,241.44228,229.86006,182.50848,226.60944,241.5509,240.98618,218.29059,223.72864,221.09508,186.05737,224.44559,209.57523,204.9756,215.50696,256.12576,222.01527,246.26439,235.44821,249.25563,233.52083,232.30038,220.97586,241.1876,236.58398,260.10596,184.69243,216.44482,203.53494,202.17178,173.26228,254.44727,241.88554,181.46458,256.62042,241.59949,219.81432,251.84064,199.16711,199.11087,268.95386,181.13382,224.35278,211.16118,173.99338,218.60815,226.33368,224.39616,184.35016,235.12457,163.24315,197.79791,190.61966,199.2917,244.12057,181.42725,170.29102,212.2074,223.40723,206.24849,211.16609,250.61636,237.03152,212.68811,206.43445,216.37001,238.15701,235.35469,132.98726,233.70578,253.30151,220.98595,224.58363,232.07936,233.97198,145.0591,254.91167,222.6919,235.89468,227.21625,238.798,188.82297,225.53458,211.96333,225.43503,226.37744,196.36824,219.68202,215.36827,206.20862,223.00998,241.08916,100.239685,278.14618,180.67465,249.7073,212.52762,257.96234,233.12006
2300,153.77542,147.92249,185.96707,254.12218,251.99352,122.16488,253.74695,237.25429,257.18542,218.32211,138.03627,238.9066,228.755,179.1828,241.3274,261.40143,187.57364,249.76187,137.36581,156.19333,197.08145,233.56866,236.72705,273.4344,261.57727,161.74986,144.9353,203.77293,269.0095,174.6948,184.85785,184.71674,232.6207,233.39388,209.6163,205.33762,205.30426,243.1506,140.25986,155.41986,180.33109,42.13514,199.2106,194.83301,241.12894,247.68523,111.54532,131.19864,274.63263,141.52623,223.58398,246.34314,264.80414,239.44882,199.29825,244.56377,158.78961,184.78397,235.24265,125.49867,212.62865,185.02838,222.96101,202.44978,179.52263,125.93176,245.19328,241.99539,211.46461,148.47275,160.25854,245.86761,254.34708,246.83714,227.48972,228.13564,149.22647,236.212,255.14133,179.05632,163.46149,174.27155,232.09238,232.51926,203.20576,170.41354,239.02913,257.86365,204.74464,265.7752,195.74036,184.49747,217.60167,229.74556,236.97507,211.63748,177.82993,202.35925,246.36783,136.56142,267.5899,256.58835,175.93689,251.59149,153.74611,234.27591,249.08154,139.09944,230.13724,227.49673,135.51917,244.7326,198.54327,250.73686,73.50386,211.32709,176.64052,198.36621,147.70592,168.4368,193.72794,182.72612,177.36197,143.23782,240.25711,140.62027,194.11935,263.1883,225.41803,236.37198,205.54962,211.25323,250.0832,251.95381,95.57901,259.405,261.8449,224.76486,238.59024,236.09973,208.56165,110.451546,146.14775,205.49052,152.01212,212.391,235.469,150.20807,188.60715,156.59198,212.62509,229.63611,103.391716,197.10254,234.94745,191.90366,218.61288,256.26822,180.97519,265.92834,166.97089,241.36606,203.125,231.13702,225.87993
2301,202.96783,153.61246,163.16824,236.16295,224.57361,140.90881,240.7746,229.27435,273.4217,212.17032,153.31142,222.1326,242.16101,178.32571,237.77173,261.50885,229.69461,235.72827,176.61557,176.45938,210.88278,237.30367,214.55222,280.19614,261.2223,186.10709,184.52295,235.11627,267.9508,225.78906,205.27728,218.69397,228.26959,263.10342,240.67104,213.82773,207.95557,248.0834,203.68289,193.0027,188.5115,53.273464,217.04837,208.8918,230.35117,261.40033,156.18729,174.10614,278.14542,184.41515,215.34967,255.00331,259.87466,251.07918,221.04114,249.44112,186.70694,219.12938,228.75214,170.98036,223.19089,224.13739,245.4863,207.72443,208.88338,188.80905,229.87134,243.02197,231.46646,172.3205,211.10379,247.36037,253.41862,247.28499,239.11746,226.75845,181.28725,235.06929,239.32047,204.21017,200.62941,237.37259,230.25154,250.525,240.59183,239.4883,256.0556,251.98442,228.76007,267.0078,224.4223,254.69662,181.03564,228.97568,232.44656,218.79752,172.95386,244.0391,229.53998,167.94423,275.51645,250.96625,204.46432,251.61072,182.25864,219.81639,270.97083,173.70149,238.50171,233.83148,169.91254,230.749,234.62755,227.25674,162.25064,237.6467,153.83313,180.61526,171.96411,188.51205,244.25839,170.13199,149.6422,193.61057,216.9101,212.77327,211.29355,260.13486,233.18741,231.8379,228.00238,228.74179,259.6698,255.31696,101.4003,248.67368,264.80948,211.51485,234.74974,236.46037,235.79233,123.46484,244.83939,220.95355,219.70007,234.18109,250.75348,173.99518,235.75087,212.5579,234.81024,238.36559,197.81487,219.42105,234.97003,206.46446,234.7565,247.82904,96.76513,278.2569,176.37845,256.29825,227.71916,252.89453,245.61342
2303,169.56277,132.40709,172.47934,207.88171,180.06,119.7975,185.0438,156.2834,261.20825,175.3135,159.28416,165.54144,223.59628,144.58604,198.83443,213.18372,202.45648,193.8446,162.5835,166.99246,148.58728,221.83643,137.32784,268.10568,216.89313,171.74416,201.10785,190.38779,240.74759,193.22217,169.80547,146.03738,192.36345,264.25922,196.7905,176.1672,197.63687,195.248,183.47842,171.39406,130.66075,84.34128,169.72888,180.27908,179.64807,229.9884,178.48177,110.93596,255.16277,182.40387,162.39633,221.37497,215.11328,199.17053,191.81805,209.78314,141.58093,171.77753,208.30115,156.37627,183.87015,189.19286,219.30371,155.89877,182.84067,146.11496,196.8747,228.9148,190.13551,166.06725,217.06659,218.73228,212.75168,187.07094,150.87567,181.65472,152.6013,194.84116,174.50562,166.83176,169.97977,222.38574,209.46008,230.86172,193.9963,251.07214,210.04395,209.73145,195.75072,213.10182,182.45712,258.30658,140.38759,177.17542,169.56586,135.5152,135.68604,253.78587,226.13956,172.48602,238.08488,211.52628,202.80502,241.25963,160.74341,158.52998,269.32837,137.66782,194.92664,170.54819,139.10072,170.5899,195.65215,188.56393,192.93436,209.09833,117.01979,153.3466,127.65632,133.82767,222.8367,166.23505,134.19183,170.31067,172.49075,192.54726,152.49373,231.96178,229.41565,183.30562,163.96246,181.96494,215.09021,212.35211,110.72301,208.92606,235.17992,191.79407,176.47754,168.46774,213.17847,118.34586,265.93994,154.61218,234.71275,162.25775,226.05203,158.99184,181.67024,166.06628,213.80339,179.44284,183.67177,195.63062,170.77032,155.72763,201.78012,215.55957,47.59434,278.38882,162.83037,240.81064,187.89426,258.84702,212.31754
2304,137.26392,132.7825,174.13593,244.13123,238.02591,104.04497,230.66472,200.44977,247.84436,202.87216,130.49982,212.07892,212.46387,161.12509,231.03738,256.4781,165.88994,235.50398,118.44554,145.71289,173.8347,228.43073,222.12318,266.92447,252.10648,148.48148,155.5307,177.55714,267.73477,176.22699,159.55424,139.02682,219.99176,226.1913,177.46773,177.81763,190.67047,235.54741,101.228836,133.01797,140.83176,35.369354,169.84761,172.47858,222.21075,236.70789,127.618286,89.55704,273.6701,128.70969,208.27658,239.452,261.9583,228.28163,166.8866,227.56136,122.596436,147.58182,223.59296,108.462585,190.85251,167.29181,199.80696,182.71883,160.01126,80.776215,228.3376,234.16307,183.956,139.34381,126.43996,236.47516,240.07565,237.1496,192.52158,210.98993,127.20982,221.53506,246.51816,144.8977,137.83928,152.61809,232.39069,217.98355,175.7511,164.35004,230.60193,254.36807,181.34525,255.8587,156.38446,168.00827,184.47324,213.41501,224.65912,175.96274,157.95114,195.62439,237.82462,128.51642,262.62686,241.4606,136.17068,247.95819,130.6779,214.69844,245.42328,116.28185,214.45297,201.61656,114.99136,219.91985,184.11424,236.5307,95.657875,178.84935,151.67062,177.08035,119.91418,131.3768,167.33798,179.62683,157.67368,119.8566,209.00928,127.127914,164.18863,253.33203,212.66132,219.87637,174.60916,185.01904,241.44722,244.97557,92.66606,252.0827,252.08775,202.17087,210.66339,197.04428,181.00844,101.96929,160.18533,162.13094,156.42227,171.19208,228.85281,138.56729,153.53134,107.77625,205.96036,208.38673,106.517136,174.0631,213.9322,148.04584,198.75113,243.74178,151.89236,263.20303,155.38031,239.67944,176.52298,233.20946,208.66806
2305,162.37936,155.20009,198.79575,244.87012,243.5344,122.63931,241.97829,225.22559,255.00896,210.84729,143.22568,228.10107,218.6523,177.26703,231.47293,255.0336,184.56812,237.5734,155.19089,162.81009,188.81175,225.31679,231.95547,267.26062,250.06317,172.48941,173.16971,192.15485,260.54718,196.2042,176.12173,173.90952,221.56534,241.82986,211.85837,194.6868,214.15576,234.61972,143.51465,157.19455,181.03983,47.89742,197.98157,185.93188,229.00882,239.98026,148.35208,127.09137,266.05444,155.45993,216.13425,236.88159,255.96793,228.59052,193.44955,231.33307,161.81369,180.6679,237.32257,135.37721,207.59308,182.50961,216.92035,192.68704,179.96255,127.40889,239.5733,230.53436,199.55457,158.14941,167.6431,233.63766,240.89114,237.35477,207.7617,214.99998,149.7388,223.5101,244.8357,170.54114,169.7871,202.23499,225.59204,226.78656,202.06737,205.23569,229.18152,249.54517,194.61673,257.2883,201.73727,210.49261,226.11673,217.00644,230.29529,193.77124,180.50215,223.62978,249.60367,151.92108,259.4359,243.66809,174.0622,243.9431,166.34607,223.73909,255.17761,145.71901,220.11026,216.1933,143.44083,233.04465,195.34041,239.85512,130.23326,201.64648,185.15997,203.67117,152.86479,156.00513,197.76028,179.51483,191.78732,157.26984,240.36319,162.15254,188.5669,253.55948,217.67516,224.91669,192.86212,198.82455,239.56638,242.85355,99.0161,248.19733,252.44043,227.44476,227.34546,226.96805,202.41934,116.45491,200.12,189.6253,192.3358,195.30774,230.12651,158.6958,185.04987,149.07465,207.63376,212.9729,142.58032,191.43393,221.13493,180.60402,210.024,245.36084,214.3446,268.03525,168.5458,242.88924,193.56152,241.21701,217.31586
2306,192.95937,177.02135,201.65497,257.3421,262.65955,167.48077,272.46637,266.84738,273.74408,228.88226,155.64375,254.38573,249.09494,206.9419,251.64984,277.78442,239.47258,259.37073,182.75412,179.34326,245.27606,240.29196,268.1828,282.53345,272.76794,179.79471,147.20099,257.0304,274.44543,203.72581,225.90874,244.13133,239.82887,262.4328,251.65468,239.3013,219.11876,264.74463,238.18181,218.42407,227.74544,76.79263,238.45578,216.62273,255.35587,270.47546,108.86279,201.47757,281.69412,173.34186,246.57664,262.4093,274.19177,264.8364,253.20033,260.02917,209.0199,232.90244,243.7098,171.93292,236.68398,228.44284,261.85822,223.87964,212.39491,217.52554,259.65836,245.28214,244.9212,171.18039,231.95804,252.08334,266.64172,271.09253,264.48654,239.40448,200.28871,249.45752,272.33218,233.73846,203.8315,222.67834,235.32143,256.80334,247.313,211.02454,266.59473,267.0938,248.75348,285.9298,248.99713,248.07855,247.53058,243.46567,263.0553,255.9544,205.22668,231.2694,256.0221,159.957,282.39667,266.7527,244.48691,252.0821,197.1301,256.04184,270.5768,195.12247,253.98045,266.71722,191.03998,265.98944,232.69516,254.7696,79.526855,259.9785,209.88284,211.91785,198.10522,212.07281,252.34892,181.82672,195.89047,187.27518,262.1607,201.76364,233.56685,271.9688,240.25606,256.24777,263.6659,252.71323,269.6469,267.87207,115.88182,264.8753,273.14185,244.68124,265.91077,275.355,258.13293,140.11252,168.8851,250.65881,169.82828,259.4438,258.95392,175.18605,255.04674,252.4194,241.8655,252.05255,142.78854,235.30898,262.21167,248.91667,248.83273,262.35196,223.39285,276.1987,188.16687,253.35893,255.24422,240.05109,260.65936
2307,165.85655,130.78247,158.24924,235.68787,226.46979,111.19028,232.16013,203.28717,263.98996,203.51035,130.60593,205.98965,227.30675,163.06519,228.74393,251.52127,206.78102,230.45834,145.86174,154.96422,189.17444,229.08133,208.77457,271.5681,250.35268,156.7276,163.08316,211.49626,263.1958,204.39502,181.5421,174.13147,215.93857,247.60849,203.41803,195.17242,200.05824,232.603,173.95761,174.96185,155.80972,47.581696,194.23257,182.81284,222.19972,246.76895,128.78041,124.42139,270.82584,153.43358,201.32718,240.9686,252.6599,236.76111,206.98555,231.82661,148.57393,180.39136,225.10753,134.79642,205.75117,200.96024,227.95999,185.12982,182.00497,146.69571,229.99242,235.4905,205.19913,147.69258,188.65535,238.74368,243.56252,233.80609,199.90735,212.72534,149.71857,223.48749,234.65607,177.67706,164.1189,194.4676,226.19188,239.40149,209.58197,210.15521,235.58786,244.75883,207.2199,254.85262,188.14832,223.99799,179.52542,214.98737,219.76904,185.70389,159.25926,223.21815,227.61862,145.70137,263.97296,243.5133,181.17679,247.69138,154.22406,209.00395,258.48242,137.98062,228.17894,219.43573,138.4953,221.04968,210.42117,224.39755,120.966286,214.57236,148.03183,171.34239,135.08514,147.03311,221.47961,169.22278,149.52911,155.63754,205.57933,187.01074,184.57936,253.05894,224.51196,222.05537,206.48444,209.25986,244.77069,242.205,86.43445,243.87732,256.08557,206.55933,220.90945,211.16011,218.9422,102.71945,206.29916,183.59387,188.568,194.20164,235.0373,145.03378,205.0723,171.8617,218.8859,212.6687,157.93062,203.15565,214.96143,175.70578,219.45215,241.27988,115.26479,268.65067,160.26764,249.12717,208.92542,240.8176,228.9401
2308,220.31343,176.847,202.02261,229.38501,208.00229,179.00691,224.94925,222.60301,277.6263,208.06136,190.89091,219.96379,252.38197,183.62573,225.27711,233.799,240.03183,224.97916,205.89474,193.13779,192.28363,239.44348,169.73752,281.19394,242.55156,212.89851,211.05374,229.49939,254.10056,216.38414,218.19229,225.65656,225.00583,277.21417,255.67053,220.41223,226.70493,222.8908,235.46121,209.4949,202.86996,135.09323,221.81079,228.49863,214.0598,253.71405,198.38615,199.00133,269.8081,218.84225,198.21594,245.10008,235.17436,226.25851,228.40591,245.62402,212.26775,239.89888,231.40833,205.34415,230.56924,225.87067,248.42068,204.43372,225.50568,216.47849,220.71791,249.80789,239.24365,195.28844,258.01334,245.26013,242.32101,214.48193,222.92325,222.79428,201.61623,227.35886,202.29733,220.29836,225.18504,270.133,224.58328,254.48335,240.6193,268.06934,237.82324,230.1845,235.44623,237.67502,244.41267,283.57166,180.32628,215.12325,199.03003,202.75403,177.13115,268.11557,247.63455,197.88708,257.2005,241.32108,250.6779,257.6367,208.64389,196.19089,280.24646,192.00433,224.78326,208.6995,185.56573,214.29819,234.1922,223.3229,209.90697,248.31839,165.7237,198.93915,197.83144,208.85406,259.52417,188.75452,171.14761,224.54842,221.32043,225.65915,210.65753,253.34122,251.50247,212.51657,211.82613,224.07085,240.6413,236.50748,154.80893,232.8053,255.26834,222.58713,221.9277,229.59572,246.76468,161.1073,278.16663,226.85704,250.2321,231.19934,247.58597,198.10571,234.53198,235.2338,236.42877,229.67337,215.31659,232.86307,215.84677,219.47491,229.96695,242.86969,87.08775,287.57672,194.31482,252.19672,224.00131,269.59775,243.36966
2309,156.41965,152.20789,198.40396,254.7847,256.44592,129.0669,261.63434,250.00977,265.28232,219.33568,139.30273,244.52534,240.39124,185.12798,242.68472,263.34558,217.8443,250.31442,152.73306,155.87215,215.27895,233.94064,243.59653,277.97723,265.3556,160.50958,128.70589,239.58002,266.91107,163.97821,201.87193,218.03766,230.84625,252.79327,240.54869,226.58188,208.85068,245.2142,220.99901,185.7691,206.95251,58.87165,218.1788,202.6999,246.4534,258.68677,90.03561,159.87302,272.88074,146.68198,227.42754,251.33636,262.34863,247.59409,242.22287,250.74945,186.98792,213.51181,236.72844,137.42445,217.8039,198.8073,254.96425,206.67416,186.51923,188.11432,254.13744,241.979,229.98038,146.23015,221.50226,242.84872,256.7487,250.39706,239.7131,228.53201,166.27681,238.73523,257.17456,214.81038,181.72076,209.23892,227.06526,244.77429,231.93425,194.10309,246.70605,255.29965,229.96347,270.2229,241.31442,237.02223,244.50652,231.83078,242.6921,228.04755,186.41321,220.4578,252.70312,131.45941,272.1316,258.9876,241.38754,246.60484,169.95636,239.51431,260.34833,157.15709,238.33655,249.15164,153.25412,253.42175,206.22406,250.79086,49.985115,254.23615,190.8366,205.9523,164.90707,188.98322,235.45607,176.10309,189.58191,159.96436,258.5683,158.69446,211.77979,268.09607,229.73961,244.92856,234.41296,233.68282,256.82327,252.69765,94.57049,258.55365,266.19562,242.98108,252.97781,262.40106,251.04916,109.94405,138.25613,233.41464,150.17188,239.53241,244.4584,152.43587,229.467,233.66727,222.35178,232.2734,94.79869,213.86087,242.14632,236.27612,239.98175,258.0468,216.6656,268.58365,162.56633,240.05841,239.44255,228.49371,243.3979
2310,151.88596,123.3875,207.63074,212.73236,181.42679,94.30115,176.42386,154.83209,253.72086,161.27057,144.24115,164.85176,201.9426,108.81749,178.92715,193.93991,166.32693,180.39932,151.85767,137.38632,100.166756,205.73047,113.93221,263.13205,199.16165,168.88135,205.51364,150.6995,230.59329,160.35614,128.6192,135.14607,170.7926,259.6521,213.28699,152.31715,211.39395,162.37326,129.10663,117.478195,138.93982,49.28962,161.13104,158.32109,167.0125,202.88379,189.96494,91.696396,240.47705,167.11285,129.89761,194.37051,197.67114,168.04749,163.66129,185.58331,145.79376,170.55107,218.69765,128.43925,175.56958,148.7121,193.78586,127.83292,155.99036,112.46335,201.44516,218.5823,163.4256,141.31801,182.48149,201.7516,193.47078,154.38748,124.89329,169.4046,110.64018,171.00189,157.23256,132.21513,169.1613,239.1039,201.03128,208.61255,185.2922,252.37448,171.9657,193.23352,152.71971,187.1061,196.97914,253.90305,162.72836,160.16895,139.98257,96.149185,119.31921,263.7355,254.48154,143.56375,218.3915,200.89401,155.9628,237.26573,148.16302,131.67627,264.4455,109.394714,170.75006,140.38791,97.11821,160.01056,162.71814,192.67523,191.33684,181.78786,117.29434,173.88522,115.96783,110.43939,193.74063,177.88876,161.11752,164.79337,195.41986,142.70865,143.67882,229.81337,207.15448,159.63652,117.16188,143.58792,186.79068,185.02007,106.77771,198.82126,219.79549,215.64227,165.12997,170.31915,180.96822,94.007996,255.82845,143.93622,242.05324,138.72006,199.0331,148.61426,148.42967,121.18245,180.20752,146.25032,138.62201,168.81158,135.74445,119.18799,179.36777,211.00226,87.17651,281.653,126.461716,233.66013,147.17099,262.60684,175.48352
2313,183.58383,153.14929,198.20796,231.04417,210.37387,129.88696,217.90546,205.91226,265.65784,196.71523,157.58382,207.1759,224.81898,152.1434,211.51743,224.42766,198.53387,214.32797,175.81825,164.43976,155.92789,222.6436,162.56638,271.8056,230.43619,189.34071,196.18468,190.88054,249.07533,191.32628,175.86803,188.45428,207.61404,256.329,236.6043,191.91357,223.53458,202.12085,174.28784,157.70316,181.63597,67.940414,201.64145,195.87646,206.31934,229.91747,179.47592,148.10748,258.4721,183.55655,176.5342,223.17267,228.4748,206.30641,199.97226,221.69943,184.14587,207.74458,233.6293,158.01372,211.49112,187.99988,222.65808,176.04599,191.36858,160.17882,223.48502,235.26173,205.36647,164.34134,207.65501,230.4414,227.65271,197.33713,187.06332,207.32068,156.11266,207.96942,198.02496,178.20181,196.43378,247.69571,217.84213,232.72495,218.29535,244.51828,207.64082,222.8432,192.18619,224.65268,225.75693,250.19437,189.70605,201.11328,183.56897,164.6972,159.40164,254.45035,250.89314,163.96936,244.13,232.5476,195.37819,249.43236,181.15839,180.94893,263.33807,152.863,208.0008,190.17407,145.59836,205.10448,200.50394,221.31863,177.49869,215.8916,154.90009,197.03517,162.39763,165.73813,223.77115,184.70346,175.88074,191.47043,223.00389,178.18936,190.40533,247.49799,225.40823,197.38857,174.0629,189.99313,219.71042,217.59698,115.6602,227.40207,243.97508,227.00943,209.7952,215.87369,214.75851,120.390366,247.0776,195.00262,234.97502,194.36285,219.9766,171.19499,196.59305,174.24579,203.40343,198.27844,167.00305,201.36514,188.97577,176.45807,207.64561,235.55911,112.95837,278.8877,158.90736,245.25525,187.15878,257.28116,209.86531
2314,162.0444,136.79555,183.99796,245.27455,245.65514,114.009636,254.48169,242.81622,260.94913,212.91046,124.38393,236.0353,230.60205,174.96338,235.73853,257.62683,209.76904,242.71661,143.97629,151.98111,207.93768,227.18661,234.60532,269.4726,257.59528,157.31375,147.33969,224.20998,261.2707,185.46188,191.87177,209.63737,225.43552,244.37009,233.10709,211.1374,208.22864,241.34592,194.21762,174.84415,191.42456,43.516373,211.25223,194.20184,239.24602,249.96689,115.69528,145.90631,268.00333,143.5455,219.43442,244.54086,257.29852,243.8938,222.29697,242.68736,174.12755,206.38919,235.23465,129.29373,215.5411,201.46616,240.0404,200.02417,184.35434,167.88828,244.60895,234.14844,221.2184,140.56035,198.76099,240.4163,251.44186,246.24463,236.02039,224.90564,153.8091,233.02803,250.6988,195.06076,175.39359,211.60358,223.92091,238.83426,226.98656,199.53369,241.31902,250.18533,217.32185,264.42108,227.6962,223.87155,223.07788,228.37053,236.07149,221.19492,171.49841,221.48618,244.00565,134.93823,265.85925,253.9046,208.95813,244.12408,160.15985,231.67865,253.77902,142.41757,234.11087,239.67575,141.45547,245.7858,210.3274,242.41556,84.192154,234.22748,171.0585,195.02081,151.31581,175.81416,225.988,170.69698,172.52634,158.95529,244.15495,168.77908,204.62791,258.89932,222.017,236.17957,223.88757,222.77576,249.47217,247.5975,82.301956,251.48906,258.87906,229.3865,244.96431,250.6889,232.3888,99.27071,166.35522,221.33821,171.24142,229.8202,235.7073,142.93678,221.37413,205.78958,217.13623,230.18701,126.47785,204.6594,236.1755,214.52988,227.58347,250.36368,181.2266,264.34546,161.10645,241.53397,221.46547,232.56763,233.4279
2316,184.4578,139.29773,203.07054,221.43579,195.11029,125.20447,199.49625,185.38428,267.79352,182.88356,164.87561,189.60295,227.78345,135.6419,203.233,217.24323,205.95325,200.91258,173.90173,162.09073,141.92487,225.35776,139.5838,275.49023,225.08423,188.50668,206.327,193.53677,247.32516,188.43874,166.08408,176.20862,197.2143,270.8273,238.59888,181.74228,216.9003,194.6012,179.76743,153.90944,165.83028,72.499596,186.30466,189.20372,190.51872,232.07913,193.77184,133.9362,260.40335,191.18224,158.56163,225.03662,220.24039,201.90392,192.07047,215.99147,173.78091,204.0296,223.4935,163.28958,199.27591,187.47708,224.98804,162.94006,185.1417,159.83731,209.80783,237.55542,199.0846,162.8282,213.9507,225.72992,218.68422,185.35475,170.69307,196.47232,147.84833,198.32925,182.04584,169.3033,195.32379,260.2096,215.84032,232.45647,217.58296,262.72485,208.39432,214.28067,193.15262,214.08516,223.77138,274.618,168.35551,190.0022,169.24866,142.20392,139.6643,265.41418,249.79068,163.36252,244.06311,221.92183,190.66962,248.42479,168.33116,160.12918,275.23187,142.86197,198.86649,174.38445,132.88705,185.10197,201.47774,207.80576,203.95227,216.5321,129.06519,182.8008,145.3063,149.15878,228.82463,180.08325,160.84436,192.47638,208.90204,181.151,174.67488,245.16022,225.53625,186.24597,159.91568,181.78835,217.8352,211.90399,130.6055,218.37802,239.79068,219.08014,191.94559,199.5142,215.12033,120.49135,271.18323,180.76845,247.30237,181.2091,227.16559,171.26453,191.16934,174.91547,211.50842,186.90115,178.63098,195.63443,171.9992,159.11389,207.71182,228.18524,81.772934,284.89902,151.53235,244.66617,184.89233,265.3028,209.3677
2318,132.29332,132.52377,173.6159,217.47226,192.36221,103.10169,179.59288,132.71077,250.07062,175.21283,148.19887,152.60078,201.832,153.11684,201.57167,227.29132,165.27945,197.98067,141.98038,160.04686,143.62758,220.76622,159.91505,262.46252,213.5444,150.81836,196.96646,158.79211,246.8379,197.31677,143.80771,98.83244,187.80374,250.45433,153.44806,156.12177,190.99333,201.25496,135.87772,159.68666,96.694786,81.04683,146.5682,150.8622,176.76367,222.30627,173.43407,61.569283,255.01698,155.64009,174.71107,214.03027,226.85239,192.44637,173.01303,194.38342,101.247955,123.60983,212.2392,119.870514,163.68744,158.32849,196.75345,142.17361,153.69539,90.48964,204.72177,216.48364,157.71121,157.5877,176.58366,209.16096,205.55331,197.53705,120.041565,166.34134,124.129135,189.24915,188.81418,134.05304,130.43102,177.12283,220.81735,216.37259,155.3208,225.16284,205.29872,223.29773,168.89792,221.58405,140.83025,222.10327,145.18782,165.72913,184.40779,113.72554,140.62802,239.09935,232.25403,164.90964,236.14737,205.31604,173.19977,238.6539,143.28891,165.11942,260.0633,111.77945,188.6732,161.15889,120.29472,164.6189,164.9006,190.28665,180.58441,174.431,124.62349,145.66884,99.529205,95.111824,185.6614,181.70691,142.11913,132.49539,159.98181,170.37555,123.929436,229.37225,217.87689,185.97945,145.08676,160.35052,212.1767,220.35812,106.94324,215.54851,233.45169,188.11978,162.91101,141.26431,187.33823,117.12331,251.43307,114.75876,215.86263,122.87401,223.33899,143.72083,142.7446,110.29695,204.31973,157.75282,158.1125,174.78448,163.77792,127.567764,184.78087,213.9812,83.120926,273.86703,166.4495,247.86417,167.8884,253.23343,197.14098
2320,205.99176,162.15411,184.99588,232.15079,212.92207,149.4819,228.7272,221.1412,275.99463,206.79465,168.34158,217.32063,242.14055,166.16187,225.1308,239.63382,223.53401,224.90298,185.82964,179.15262,180.9743,235.64154,176.5963,280.77405,245.1458,200.67804,199.9804,217.3528,258.98953,212.73074,198.12431,212.88846,220.55283,268.66864,245.7009,208.03857,222.0931,222.91609,192.594,179.15535,191.62103,69.45561,215.32634,213.64804,217.50114,250.05719,176.94249,173.43546,271.59308,197.10005,191.29291,242.85794,240.77863,228.8191,211.02615,240.27475,195.18694,225.3374,232.44289,178.16177,225.3806,213.94275,238.18448,197.07614,210.96672,181.58383,224.7595,245.27838,227.38809,178.73045,216.9049,244.30583,242.8125,216.99797,219.00983,221.77481,178.25487,224.39622,210.73096,197.66873,210.38998,251.46866,225.64664,248.23419,235.51163,251.23499,233.70636,234.41893,217.41284,242.478,229.27655,260.97708,179.20149,217.4751,201.65451,193.50194,168.39203,256.60825,241.84306,175.72133,261.3639,243.76361,204.39238,256.4934,190.02412,195.9196,275.49384,172.99225,225.158,208.64932,164.2361,217.26695,227.37604,224.9198,181.13037,230.96848,155.56667,194.29437,178.64497,187.50507,241.31448,181.27002,165.30583,204.63142,220.07535,200.93991,206.85193,255.32301,237.61525,212.68875,200.1391,212.6426,240.58669,236.09036,122.56277,236.47096,256.6767,219.74179,223.04036,227.9815,229.26001,133.7639,257.04123,215.23727,236.76428,221.20256,240.93555,184.97955,220.55719,198.82404,226.69551,223.73445,193.41766,217.8649,211.45427,193.7594,224.78189,244.01572,91.09631,284.31897,173.81738,254.79625,209.17027,263.28946,232.76028
2321,123.00457,108.25886,195.46367,212.23492,179.20361,73.98796,162.93854,122.56297,252.09476,152.70947,139.39407,140.12582,193.54312,108.49886,179.85986,206.97528,156.38051,175.16919,131.96088,136.10054,100.41794,210.94547,121.17179,266.2531,199.4713,147.35362,208.81674,143.69083,239.45172,167.61247,112.40715,96.263596,164.54001,265.076,179.84637,135.91116,194.34723,170.69504,120.27631,120.56612,96.95729,54.78965,134.83734,135.4523,158.00056,207.75818,191.63351,47.47275,248.12851,150.89938,132.63348,198.56923,207.05075,171.00174,156.11224,176.72693,105.4081,132.5177,212.46802,106.048386,150.73601,136.97963,191.51404,112.72594,134.09549,84.088005,197.90291,212.97632,143.62506,135.35696,170.04794,195.6979,187.5998,163.84848,98.420364,152.84457,92.15985,165.61627,162.4847,112.28995,136.47992,211.16385,211.15364,205.14436,163.28384,248.75284,179.75626,203.1532,145.8621,195.34955,164.02463,251.14043,144.09366,149.40916,149.40576,76.07125,106.65422,261.23654,249.72775,141.88106,225.70999,193.01062,149.12802,235.84747,124.64113,128.69215,270.96713,84.983284,167.02243,134.38943,84.22441,144.65619,150.1001,181.68048,197.42764,169.96565,95.31227,146.69507,80.06487,76.89415,182.23067,178.9638,141.3104,133.3337,168.30014,140.33041,113.692154,229.55927,202.2125,161.34389,107.60762,133.25633,192.18597,194.18735,103.2106,201.10823,222.01678,199.98969,147.31323,140.64769,176.57745,93.97073,261.39615,109.114914,236.24704,110.42923,209.58643,133.84497,129.43869,99.71362,187.82663,130.94765,135.2847,153.73114,128.1417,101.40987,175.66672,206.41586,75.44799,285.03674,128.74004,242.69601,145.21173,264.59302,174.56754
2322,169.16449,161.81293,178.01157,244.35144,247.38315,145.54393,256.69513,254.89005,249.32089,217.53403,143.87526,242.76302,228.62946,193.27835,237.02176,260.41068,206.92609,246.13672,156.21945,162.15875,222.30672,225.09792,248.88217,263.92987,257.507,164.57053,120.78614,229.96945,259.07556,171.06479,206.67966,227.88203,227.11734,229.13872,228.59511,222.76794,197.12558,246.80316,193.88733,185.56706,210.93198,52.4262,217.41019,204.44238,241.79456,249.23581,83.18742,183.03587,264.25717,149.35846,231.71722,244.31256,259.7097,244.51518,227.29523,244.64594,190.48387,213.79553,222.66904,148.46356,219.82306,200.20155,237.18927,212.00487,190.91562,181.85626,242.39362,231.58719,226.79358,155.71458,193.0881,236.88635,251.1347,254.42293,252.06943,227.24051,176.45938,234.91708,256.40714,211.5286,181.81815,186.60403,220.66245,233.50986,217.95143,168.48376,245.35764,252.95294,224.13422,268.1833,220.26257,197.99481,226.65842,229.41342,245.59885,241.43323,192.76407,196.97113,233.94516,138.48877,262.81595,251.44217,214.79074,235.39093,173.82835,241.57535,240.12129,171.38489,234.39238,246.14221,164.3114,250.86292,205.49054,242.07178,47.053616,236.48846,194.59991,197.756,180.04028,202.0588,216.79211,170.81366,178.9743,162.9602,244.71727,160.54701,216.54205,254.85593,222.33533,240.88219,238.89392,231.84468,250.82848,251.95743,98.43053,251.37164,256.78363,224.24637,249.03925,257.63422,232.29477,121.434814,126.38483,238.25668,135.62958,244.42998,237.12866,159.06335,223.4117,218.18858,216.36227,238.10623,101.8257,213.10141,246.02393,229.09198,227.71182,247.9515,193.9554,252.71866,174.06845,230.7985,229.7801,213.08907,236.41693
2323,179.66257,146.77516,154.12411,231.59747,217.01294,128.04488,227.55151,194.73193,275.18536,207.20677,147.9862,199.00948,242.75348,186.02977,234.73528,254.2793,227.47449,231.53226,164.89386,177.12582,209.10184,238.18445,202.2056,280.88837,254.40631,169.63309,179.49025,230.3812,265.19232,222.57724,204.51813,175.47574,223.67404,266.53473,201.28629,210.49237,201.6521,240.14255,216.0902,210.48175,152.17076,79.907745,200.82437,196.48724,219.21164,260.513,142.97661,135.96274,277.10278,173.51779,213.34854,250.54224,252.00192,243.26697,228.75766,243.60495,153.54147,182.58789,225.14624,154.32852,208.26437,219.76944,246.70425,194.57158,201.11789,174.21445,225.39354,241.92596,219.82947,168.95575,229.56046,243.0657,248.45096,238.51385,201.83934,211.59973,176.3235,231.78363,226.84982,201.56422,173.99734,206.84961,228.26529,254.02304,217.2041,235.86172,249.84189,245.72644,230.25186,260.95746,191.94005,254.1701,166.68509,214.87878,224.68224,197.0099,170.13512,241.72623,224.82295,172.15779,270.15414,243.96515,231.61476,252.8401,175.13837,213.51288,274.35327,157.32878,235.02971,225.2634,164.40204,215.90086,224.15707,216.46526,145.89838,235.92929,150.87076,164.0828,148.37973,160.98514,244.93686,167.95267,142.23315,170.44962,192.57668,219.46431,184.06091,255.6277,242.59448,228.74728,224.08406,226.41878,254.17526,251.96384,93.27803,242.93942,263.68796,200.10468,218.93958,204.02089,241.42421,121.552704,236.66014,186.11154,209.11014,202.97128,249.77914,158.91608,222.70903,204.85254,235.52832,221.24265,186.27827,221.90944,225.70117,203.28857,232.6548,242.18484,81.509445,281.0531,184.23242,257.35046,231.15135,254.86937,247.77081
2324,135.33008,129.92679,212.23898,256.73413,251.10611,89.486755,232.09314,201.8262,257.10718,203.24686,126.15701,215.2417,213.01001,151.24722,228.06708,255.48398,159.69412,236.4732,124.0244,142.72876,154.24704,230.93378,215.86581,275.99518,250.91711,149.42986,171.20226,168.93951,271.27112,173.34802,142.41599,132.2555,211.3299,245.36029,192.85776,175.1528,212.5924,224.20459,90.940414,119.968155,150.3508,23.008112,172.6752,160.96898,221.66463,234.17648,143.89906,72.10173,275.70355,129.78897,195.46646,234.02725,258.22244,220.43811,167.27605,220.58325,123.10286,147.6092,245.91138,99.520584,192.49088,154.76941,200.04227,171.0798,152.90591,72.808685,245.11823,236.30649,173.5293,135.89813,128.11528,232.34712,235.80295,224.9524,174.05188,207.86827,112.4843,215.00797,241.97864,134.59207,140.62292,175.60184,238.08478,218.33989,182.44629,191.22375,219.17029,251.87776,168.85873,249.55371,174.83792,192.48488,218.28554,209.60078,216.45813,150.20032,160.66177,220.13351,268.5386,125.97336,262.45667,242.2805,127.81937,254.01852,131.43121,204.94151,262.21558,109.09365,209.99814,192.00754,101.741745,219.87494,173.89111,244.15604,109.88034,175.50276,163.74054,195.68324,111.19599,109.968094,167.37216,191.03862,182.4448,121.13795,235.24998,119.47896,162.88771,264.2965,212.6221,217.71634,156.38501,172.31741,235.7399,239.01105,90.71255,253.61977,252.6334,231.99841,210.85097,204.88301,176.93105,91.37816,180.24406,154.90707,177.20715,157.62286,229.16835,135.47777,146.06921,94.90148,201.32484,188.64182,97.56142,172.68222,196.31387,132.54128,202.26987,249.9129,205.22653,280.3888,146.94171,250.08936,169.45935,251.28448,201.53462
2326,174.35239,167.61357,199.0669,254.663,251.61281,139.8639,253.55319,239.36542,264.31393,223.87576,156.1304,242.68813,234.94327,191.96945,246.33405,269.32858,200.30952,252.4339,158.48145,175.87503,210.07703,240.29686,236.92548,278.8171,266.03815,183.56305,169.48376,210.32672,274.46246,207.58234,196.38028,189.39496,236.914,246.43881,213.95642,210.4158,218.79437,253.87825,150.35498,175.70581,187.83078,59.642624,208.15814,203.8978,241.47003,257.96008,145.02309,143.0602,283.0921,161.69843,230.05263,256.39404,270.187,247.25632,198.5185,249.96552,167.48889,191.353,241.75145,145.24065,223.82736,199.8047,225.74599,213.14189,194.33372,131.88875,243.80609,243.89029,217.15524,170.7322,169.14915,250.68579,257.55524,254.48465,235.78369,232.27393,166.22693,241.3735,256.92633,185.08127,175.69202,190.56406,237.97281,239.76309,208.83563,191.67648,254.58124,262.996,215.61462,273.28497,196.97365,200.78986,214.3331,234.18109,243.60744,218.60367,191.58072,216.40366,256.43073,160.05333,276.91016,258.03616,182.66609,257.03375,172.63855,235.85886,262.8337,158.73343,235.9737,227.87897,154.99033,245.05249,215.57693,253.13289,116.50065,209.82645,190.22102,210.34679,167.27963,176.30588,202.95874,190.7143,191.77867,160.15999,241.36642,171.3647,201.38074,267.26074,232.27875,238.56126,212.48256,217.15063,259.91806,261.5127,112.395935,262.33908,266.23163,226.63196,238.59248,235.01294,211.66225,129.25945,190.10301,206.0273,179.87953,215.19254,249.28796,170.4866,195.34756,160.28885,229.70728,237.40356,146.42162,207.2576,241.91934,194.89186,221.14258,259.4635,181.82266,275.00067,183.82034,252.4451,208.59451,247.58441,236.56787
2327,164.59311,124.33305,186.5282,233.3982,238.89227,96.89206,243.18323,235.84064,252.91008,198.22766,113.02088,224.1849,218.97769,152.78012,222.69135,253.361,209.27591,227.89209,141.72171,138.92738,195.59315,216.48828,236.23294,260.1907,249.56209,151.99649,146.98067,222.76645,253.7035,180.0878,174.79608,213.18588,208.37927,246.80399,241.9978,198.16385,201.24855,234.26509,191.76132,157.65274,194.51218,9.854918,205.36151,179.06036,226.5539,242.43771,111.5905,149.46011,261.0085,139.52428,203.63095,237.70044,250.8136,240.38025,212.33553,227.76923,178.46838,209.4739,226.68472,124.72388,205.81216,196.5437,233.09143,186.42918,174.53058,176.01085,235.63696,222.9834,209.97208,129.29782,188.427,227.00362,237.64182,240.07742,228.2227,214.77368,144.96277,218.16339,249.17667,184.21814,179.46732,226.08647,216.909,227.508,232.57681,210.07025,236.06769,242.78314,206.88823,256.3483,237.35706,241.58153,220.53561,219.69316,230.17911,206.50847,159.02417,226.0083,239.38202,116.64714,260.93365,240.737,182.18663,231.85062,151.60446,217.45691,254.33432,137.09964,223.41858,231.25992,132.32983,234.93181,207.1861,230.24911,84.084465,226.13031,161.02034,189.44365,145.57352,164.02974,224.73053,161.93872,169.44185,161.24557,240.01039,161.2581,203.58154,249.75674,203.65813,225.50156,213.7149,211.03098,242.02454,238.01025,67.35124,241.0473,246.36107,224.46759,235.50494,249.1154,221.73434,76.792046,170.99762,216.32422,173.75583,222.82126,232.50879,135.35342,222.1247,206.72935,212.86539,216.2724,123.095955,190.77434,221.29303,193.78479,222.19035,237.086,202.68579,259.41327,138.9836,235.643,213.98843,229.1502,223.46664
2328,137.68723,128.57391,183.90697,245.88605,234.9347,94.97866,226.08264,189.39844,257.80795,200.0752,126.12481,201.79462,212.25972,158.65753,224.78346,248.47147,168.84915,229.75665,127.98537,143.43513,163.62875,226.86018,208.60132,271.79395,243.32019,147.00658,172.89932,174.49615,264.06015,184.94897,154.9588,136.6702,212.36935,242.52261,185.19589,178.12163,202.80147,222.13568,121.58653,141.19583,140.97372,42.55725,175.36992,166.1481,217.01297,232.5758,145.40175,87.039795,268.54578,133.94264,199.11206,229.10669,252.3156,217.99951,183.9576,218.72946,128.50642,150.69159,235.43205,106.7009,189.631,166.56664,207.78665,170.74026,160.15335,97.29458,236.81633,231.63629,180.03322,137.20076,155.01929,230.625,234.07687,224.1526,169.45189,202.15924,123.9622,214.63425,232.91483,147.80801,144.04031,180.28528,231.05322,223.56909,183.46492,201.00722,216.60352,246.63412,176.28403,247.47928,173.10002,202.42534,196.77722,203.96672,213.47021,157.42953,155.18243,226.41171,248.4667,132.6222,255.41046,238.32037,156.71916,250.71603,138.64322,205.15201,256.6949,113.4353,212.28079,198.17366,114.556885,213.54787,178.14297,230.718,127.18921,188.08878,151.62631,177.71265,115.91637,122.242874,184.82684,182.91196,161.54059,131.71812,211.18814,144.6847,162.27798,253.44806,216.51083,215.30957,169.5722,180.68922,230.87196,235.96619,88.87795,245.55103,251.4119,216.56726,208.14226,194.81615,191.933,99.17324,197.01147,156.20175,190.7716,162.16563,223.27654,135.31303,161.89896,117.96263,200.52829,190.45471,122.170746,179.76309,199.25012,150.16583,202.1152,241.61885,152.42703,274.93988,154.2179,249.16013,178.66159,247.00116,205.35135
2329,155.93335,146.30826,196.51952,255.341,257.7391,114.99861,249.70259,225.33105,256.22418,217.02869,136.64178,233.64072,225.94536,177.35493,242.82272,268.87656,184.98068,251.41888,138.1993,159.34909,196.83998,235.23532,246.45825,272.07794,264.4864,160.72223,156.88577,198.3352,272.49078,194.40091,176.3855,160.33018,228.36472,237.71005,192.61502,197.70074,210.4577,249.12332,123.09224,155.93256,167.73367,34.69575,192.05402,182.26433,238.15433,250.21017,128.15414,107.68865,279.39966,142.37682,223.57843,250.41751,269.74603,243.64636,186.32318,240.37839,139.09177,164.66125,239.36371,121.82832,209.91953,185.2908,213.16476,198.6803,175.81131,103.52814,245.46054,239.47498,198.42737,151.3865,144.21722,243.87402,252.00264,252.29333,214.13747,224.00905,144.58687,234.55789,262.71133,164.65648,152.43353,165.73369,236.52438,230.30307,193.52625,176.10776,246.03352,262.28455,200.23035,270.203,175.91983,184.33066,218.60379,227.52693,243.4566,196.59082,179.1193,202.66809,252.60709,141.25948,273.01923,253.61407,151.06342,251.74727,149.09117,233.49997,255.58249,134.63672,230.30124,221.37517,132.18042,241.01985,201.01445,251.2367,94.86467,192.96768,179.90547,199.60057,136.8006,142.49957,184.54095,184.66339,185.01105,134.93082,236.92352,150.6727,184.8031,264.41742,223.05576,237.3887,198.6863,204.20883,255.53238,257.26642,95.9874,262.2111,260.63077,223.13052,231.07605,222.27289,195.2121,108.011505,169.37494,181.34105,160.30063,189.83435,243.17596,148.75429,175.72491,130.75375,221.1311,221.52374,123.50757,194.259,231.34842,166.19113,215.22896,255.29735,206.18816,267.87164,167.162,246.97821,197.65334,239.04855,226.40799
2330,123.378456,118.969765,180.10048,222.88419,206.46164,92.12541,207.43181,193.08188,234.31966,183.07526,117.98599,198.78566,194.04257,139.77332,202.28873,218.85895,148.09122,206.48276,108.6518,126.69057,137.55418,207.28406,170.34811,252.16591,218.84338,142.03807,152.14401,151.7298,242.64381,143.12831,144.68814,147.28165,201.47845,214.57297,194.54301,161.41484,185.01166,197.33557,99.66908,109.908356,145.28806,40.65983,161.75223,167.43182,197.54207,208.4099,130.06706,97.01127,247.89883,118.23456,176.84062,209.33885,229.20804,190.58104,154.40106,204.7782,133.45032,160.20786,210.40057,97.5616,179.50069,145.76038,186.0633,161.44025,147.25604,85.23857,207.92876,218.47545,174.56711,121.21469,133.94046,216.6784,214.65152,195.85783,173.47693,193.25134,110.496254,195.96426,201.64539,135.54428,138.87764,177.76451,208.97198,200.07747,169.45303,167.30746,193.03018,223.20886,158.55951,218.40945,175.24774,169.59323,176.87292,189.12273,181.52643,154.20773,137.19571,201.87007,236.55595,113.11309,231.35857,219.57753,145.51239,233.81357,124.50943,179.82863,230.62177,100.966995,186.11206,171.50531,97.44319,195.6775,161.00677,217.68193,96.64952,173.58052,135.16797,171.06454,117.82763,136.73553,161.64984,170.06389,147.74387,122.44292,207.98557,104.281105,156.40335,229.96017,198.39444,184.76714,144.30948,161.51935,204.64821,209.96193,86.394714,221.77866,229.67297,200.77786,191.84045,191.86365,172.63083,88.71571,153.57019,166.29175,166.60626,166.50812,198.51942,126.27459,141.80151,109.11383,175.97075,186.8144,82.46565,157.72552,182.32632,146.46268,175.10645,222.54387,133.01712,253.79546,139.55136,219.67676,150.03543,223.59064,180.1485
2332,172.95389,141.32626,202.28464,265.75305,268.02155,108.02345,262.12894,238.53415,273.015,225.77356,130.87973,243.00867,242.84338,178.2308,251.8898,278.87817,209.83762,261.15973,145.07532,160.99979,207.62099,246.16318,249.47192,285.3744,277.83575,161.42741,157.80501,224.48816,282.68253,208.97885,187.02954,181.27812,233.63072,257.62894,213.58316,213.19247,223.04468,257.42963,151.2673,171.94662,181.58365,16.512619,209.07367,187.85167,249.6697,265.131,123.20506,118.399414,290.8101,147.58882,224.91875,262.17407,276.66962,260.8546,207.41805,251.86905,148.33698,182.17847,253.79199,124.47647,224.35184,205.50906,232.44652,207.87476,187.76154,131.66278,259.76904,250.85931,213.35393,151.0517,163.8573,254.5492,264.31793,259.43478,228.71506,237.2179,152.50638,245.20857,270.42587,181.44225,165.69362,184.1406,246.40654,247.00537,221.66934,198.47012,258.69473,268.7642,217.6255,279.71796,197.2507,214.04602,227.71843,241.57872,250.19429,205.74063,183.651,218.93576,262.07062,139.6358,287.0628,266.81854,161.07028,262.25842,153.68887,238.93497,272.80737,139.93196,246.31053,237.18295,136.42526,252.96373,220.6882,259.33572,96.62956,212.86075,182.7865,205.96146,137.59018,146.64633,209.55261,189.66177,188.86287,146.24936,248.93726,172.06467,202.1691,280.65784,232.99826,250.30753,217.54712,221.07317,270.00946,265.94043,82.121475,272.1082,272.17865,237.9063,246.51892,241.15399,213.02863,94.62572,187.25552,197.52173,171.67126,207.48808,257.52975,147.54727,203.79466,159.18733,236.87021,231.46039,139.82245,212.373,239.19818,176.13382,237.3005,267.3883,195.73615,281.2967,166.22891,261.52914,219.95163,251.4414,243.86382
2333,198.73422,163.12833,170.0542,246.4019,247.33319,154.00348,257.9771,240.81583,270.81226,220.42842,150.59906,234.48358,242.41592,195.66199,244.42068,268.48886,236.02075,249.54633,185.85574,174.92845,234.75076,232.83783,250.98352,275.32288,267.6335,177.56142,158.85773,248.22266,266.52234,222.26352,215.16928,223.6124,231.59567,258.69275,239.08456,228.41934,210.33655,256.63132,239.29282,215.92455,198.03488,88.15694,228.70085,203.72266,244.06114,262.37894,125.33681,179.94052,274.21082,181.48897,235.97665,254.0204,265.69977,258.18292,247.29617,252.69766,190.90495,216.45105,236.8436,171.89479,226.762,228.42947,254.06427,212.96008,209.67429,213.32903,246.62546,238.56781,233.80162,171.55644,235.51257,245.9346,259.42493,261.4619,245.33017,229.78383,191.85341,241.92926,262.0232,221.82776,197.16681,228.54803,228.78285,252.55118,244.00002,229.72255,260.15668,258.35413,238.34334,277.5047,234.92232,260.1549,213.86154,235.27336,252.14343,236.83249,191.0745,237.79224,236.50781,167.33405,274.7591,258.27365,235.96747,247.61926,194.4057,243.58588,264.39264,185.22241,248.34,255.99863,185.27995,249.96916,232.05258,239.98804,117.13206,251.19193,181.08249,188.07831,178.01591,189.5162,255.46378,172.0049,164.91248,192.37907,233.58308,224.50943,219.9501,264.6968,233.7774,248.40646,254.3228,243.19116,264.08743,261.0968,110.763985,257.5379,265.90967,225.02916,251.6926,252.45868,250.34944,138.03267,215.15985,227.981,194.54672,240.19937,248.72797,171.48254,253.07559,242.18936,233.98206,240.69362,184.29095,231.38843,251.0673,232.24464,242.38098,253.97421,152.20093,272.24228,180.13982,251.2571,246.48622,243.34634,253.09917
2334,181.15277,139.8699,149.51357,222.24648,206.39336,124.87691,226.87077,218.69966,265.1084,202.16437,141.26122,208.35587,232.96826,166.09482,224.27779,244.18512,217.07289,220.39404,152.95502,165.60013,189.41478,229.57455,188.73529,272.6794,244.44876,172.30264,170.13344,220.31366,258.93097,193.41272,196.29646,213.98947,219.285,253.17244,232.69054,202.45558,194.83319,229.11185,189.07811,173.20114,178.84521,47.290245,204.52432,205.03046,216.47743,247.98845,128.75131,163.1528,269.7774,164.27588,197.27063,242.12936,245.14825,234.24008,208.2301,237.81464,179.61993,214.54007,214.39023,151.33963,213.00523,210.2593,235.75781,195.72845,196.74252,175.0639,215.375,237.21477,225.32584,157.10872,200.80089,240.30856,241.95076,226.94183,226.82318,218.53555,167.06271,224.00446,217.57004,194.47836,188.50864,220.98224,222.46033,241.38046,227.3825,217.04755,236.263,238.28983,216.34444,248.6832,214.24068,234.50427,161.42583,217.77481,210.52776,206.36993,159.47064,229.69643,218.68295,152.51624,262.09262,240.0398,199.29008,246.70927,165.71689,201.4833,262.82693,153.311,224.64825,217.29025,151.33408,216.49112,220.93692,214.73508,117.72696,229.36166,140.6439,171.47214,160.64966,185.87213,232.15503,165.14923,137.86786,175.48782,201.81357,178.47986,201.12592,246.01175,227.38162,213.57243,208.91328,215.9621,241.5769,238.70863,87.51462,233.58624,254.66632,196.6818,222.15231,224.4683,227.32129,107.96998,196.64299,216.60973,193.15564,227.5781,237.1326,156.76805,221.04335,203.41238,221.13081,228.19838,151.07898,205.47348,219.0462,198.88815,221.79248,235.21603,75.75595,271.99207,168.1546,246.29048,211.49084,242.99673,230.74269
2335,195.2764,159.95541,192.62628,241.91592,240.6485,136.42152,250.1516,248.19397,263.79712,212.49423,144.17003,238.89343,231.53798,178.66046,231.13455,251.06747,220.18173,238.12222,182.15497,168.46678,202.65576,225.51648,221.15216,268.52863,252.29158,181.53677,167.20813,224.0861,257.20853,208.94006,201.016,229.63492,221.92249,252.9004,247.00406,216.15195,222.04272,233.00424,215.06123,190.537,213.60445,53.190495,228.0786,202.01343,233.52197,247.55237,141.06778,182.69617,264.41736,177.46167,213.71533,240.37186,250.16287,236.18456,229.33588,240.24281,202.2638,225.92177,238.78229,162.47978,227.63123,211.99977,240.18149,201.89137,202.3985,199.57869,242.74931,232.79681,225.99695,163.59668,221.49628,236.83496,246.53165,235.92696,237.41336,224.15158,177.52397,228.61186,239.24185,207.3425,202.28815,240.36523,221.81036,241.6156,238.25664,230.78058,235.4285,243.84724,218.80391,256.32013,244.60759,253.19308,228.58142,223.88646,226.59322,219.23943,183.75577,236.23085,246.92426,163.05022,261.29315,249.0729,219.61752,242.45074,193.43541,222.85107,260.1827,171.92426,232.38689,234.0007,169.39056,242.07236,220.03827,239.84515,132.15115,237.36548,188.72107,207.48026,182.08249,192.07063,243.29352,174.51483,190.27022,197.40459,250.48166,204.40038,219.93137,255.9615,225.12598,228.85272,224.0091,223.37753,243.74081,241.78427,95.767494,245.21472,255.46089,234.93175,244.02434,256.49603,237.0227,117.13683,222.60767,231.82526,202.45453,235.4399,235.70624,167.6164,235.52298,221.61996,219.09271,227.61201,177.16736,217.60925,229.99005,219.42928,227.18729,246.80554,193.66391,267.2561,169.71088,246.18811,221.86081,241.23154,233.52142
2336,227.15646,185.45517,196.54684,244.44363,229.42899,181.12904,248.45316,246.70605,286.06726,222.76231,182.93121,239.30989,257.98517,194.77922,241.93024,255.348,246.03859,243.65012,209.46893,194.69958,214.102,247.57056,203.63394,290.02417,261.4492,213.74503,203.91364,243.57727,268.48218,232.33572,224.3331,242.8295,236.99112,280.94363,262.32913,232.23628,232.28763,243.49698,229.42868,211.78185,217.14516,91.35971,237.85953,230.55914,235.68614,267.72134,183.5409,209.55177,281.86993,213.81581,218.51654,258.9785,254.82852,248.43243,237.59042,259.56433,218.34377,245.5402,244.1019,201.34929,242.95929,236.49405,258.0012,220.28665,229.97427,217.68668,239.7359,254.94662,249.03075,196.10907,243.41309,256.34158,259.5379,239.50055,250.8745,237.61618,205.5869,243.61328,230.69601,226.4321,228.1239,265.25052,234.64319,263.47327,254.0899,263.2743,256.23178,249.08966,243.73338,262.20255,250.9049,280.445,199.67188,234.35956,225.8328,229.36412,192.1527,266.27347,251.94516,193.25793,275.11237,258.79785,238.85977,264.24994,214.4263,222.07178,285.9378,201.6637,243.8638,234.3656,193.31836,239.00485,245.50748,240.12473,191.36406,254.2302,182.49191,207.82436,207.28448,216.52753,263.3999,190.37769,179.76614,225.45285,237.60938,230.42697,227.95047,267.69675,252.15234,234.53278,234.1365,239.24243,259.28424,255.44116,142.16525,250.6802,270.71924,232.91971,244.70334,252.24263,252.12701,160.27658,272.43524,243.26253,243.05559,251.4093,258.66913,201.91678,249.71738,237.18146,245.55563,247.19672,220.3396,239.08871,239.9505,230.15257,243.59137,257.78802,113.1209,292.12592,195.44778,263.65268,237.46948,270.3211,255.51562
2337,137.28085,128.05705,179.1625,242.27419,235.74725,102.99544,237.77509,223.54097,247.49933,203.41054,121.132195,225.748,215.09018,160.25961,228.7075,248.34192,173.30157,234.8313,116.26051,137.27155,176.90674,225.15163,214.09712,264.85843,248.0763,146.06854,141.19191,185.94868,261.5551,163.09453,167.84308,172.09,222.03531,223.52376,203.36998,186.20926,192.91159,230.2836,122.6045,136.46497,162.14993,34.12514,182.55368,180.8917,225.85193,235.11151,111.09616,112.10791,267.08392,123.066574,207.81964,236.25473,254.88553,225.39107,179.26196,231.56194,142.51385,174.43896,222.96979,106.50895,199.25723,170.96321,208.32965,186.28314,161.97604,106.53618,229.8244,233.93314,197.7511,129.69475,143.49712,236.89421,241.51797,231.89642,213.51895,216.17749,126.946335,222.76712,238.7325,159.34431,147.24564,169.99805,224.9971,220.19003,189.44398,161.9872,226.40514,247.95123,188.66435,250.77881,184.74226,172.86862,197.99234,216.08423,219.0664,193.63803,154.61253,195.5292,240.07932,118.64025,257.22128,244.06445,159.5092,244.98167,133.12137,215.34186,240.54524,116.75122,214.9684,208.48775,112.85043,227.76813,186.39581,239.7608,73.32894,195.56871,152.12947,181.73108,129.22084,151.95782,179.98402,173.70474,156.99255,128.37451,227.7605,124.83748,177.61243,251.11122,213.37665,218.15726,184.94637,193.83871,236.41928,239.1847,83.235275,247.27025,251.36066,212.09991,221.77698,221.09218,194.46317,93.03626,143.51608,191.84692,149.21385,197.66508,224.12473,132.85419,171.10953,137.43628,201.74844,217.62988,93.961105,178.9407,218.92654,173.76106,201.82637,244.57553,161.55399,258.7166,152.14908,233.03741,183.56628,225.08728,210.32121
2338,106.64023,101.0002,114.74269,213.28575,196.16281,80.272675,194.11673,148.8729,238.35722,180.81015,110.65291,168.7587,204.20493,147.1397,223.85635,249.30717,165.41531,212.54294,78.37866,132.21272,169.64769,228.45567,192.94675,258.91855,238.78058,113.4754,138.12646,172.16086,264.6516,180.36752,152.39609,96.17197,213.8316,220.74811,125.56157,153.14627,146.27689,235.43083,98.23466,141.61195,77.13678,41.74785,134.40143,155.36398,193.70691,237.53233,90.67749,49.04834,274.53845,101.89604,201.99742,241.86357,255.55566,223.32806,145.95789,219.75345,67.15882,103.582954,181.92029,85.89903,163.31622,165.39848,189.42368,164.63034,139.52539,51.9843,188.25592,229.05139,171.50034,122.288086,116.67925,230.2037,227.48746,230.39215,166.23358,190.16315,107.958626,212.06458,222.98528,126.75444,96.32088,102.62216,227.93848,214.50397,139.71875,145.33858,236.84808,248.41084,183.61292,246.9332,95.05921,154.20894,105.99499,192.37744,212.58905,158.68672,125.24957,169.90805,189.85376,115.937965,260.17892,218.69342,134.46057,239.71918,93.208405,192.89441,243.945,85.462395,203.07236,182.92314,93.8275,182.9972,182.56255,202.4963,83.070755,163.48402,105.090775,122.81696,80.1243,104.60695,160.7929,152.45361,98.82168,80.57303,140.85168,134.38936,124.83814,229.26773,211.86682,198.73691,167.37395,178.51627,239.30011,243.39272,63.285236,232.97792,246.25615,144.01892,173.6199,140.88818,175.77432,86.63618,162.92618,122.48717,130.27094,144.1207,235.28519,108.54875,135.1289,91.65492,217.8761,203.07272,108.43292,157.52353,205.99498,129.6547,184.15671,219.74214,60.97634,252.10455,146.55905,235.78857,170.06532,222.82149,210.55283
2339,181.56134,173.34369,205.90796,262.44974,266.2693,153.65953,273.6969,262.30344,278.3297,232.09677,155.45334,254.75699,251.4289,203.5211,254.59341,277.69574,237.3931,261.7475,176.89508,177.51169,236.61292,244.2406,260.15625,286.1985,276.23877,181.07971,152.2439,254.43344,277.71878,197.35654,220.58273,234.60648,243.21323,267.11008,252.74754,238.46655,224.33151,262.05154,240.94319,210.53217,221.49506,74.21711,236.17145,216.16959,257.62555,272.0271,115.92726,183.37332,284.8388,169.61395,243.8169,264.298,274.99567,264.19308,254.39272,262.1228,205.13614,228.34276,250.43213,160.9975,234.55959,222.35184,265.38232,222.30124,207.85149,209.29851,263.81418,250.276,243.74426,168.18227,236.87418,255.71964,269.0488,267.07645,256.16205,241.52972,190.19449,251.69165,271.40424,229.6192,201.12518,229.15294,239.70726,259.16333,248.76376,216.7701,264.1772,267.91928,245.61804,284.78534,253.76884,257.04382,250.51538,245.50296,258.82593,247.11276,203.62091,237.24536,261.66748,156.54553,285.04626,270.4513,253.00693,257.9557,193.78123,254.09877,274.36487,181.45221,254.35223,264.2743,180.18893,266.00235,229.44925,259.78094,82.80719,262.82587,206.5286,217.06361,188.19838,205.03525,254.04416,187.57683,200.8838,183.13368,265.18518,191.20134,229.25977,277.1839,241.99171,257.0537,254.03133,249.08311,270.81433,267.1662,111.257706,268.87555,276.7875,250.06827,265.81348,273.36578,262.2098,132.37628,171.85605,245.11218,176.21982,253.56033,259.00958,173.67691,249.89792,249.26413,241.0199,249.08943,134.25359,230.60881,259.01352,248.78683,250.8762,267.2812,218.9278,280.22202,183.54037,256.76584,253.00749,245.43454,259.2809
2340,188.61377,159.0123,166.33037,240.9887,233.65431,140.69893,244.98007,224.2366,270.45444,215.4816,152.85754,222.67123,237.84143,185.39105,237.04764,257.14957,222.85193,239.96368,176.2926,175.31273,210.61414,232.61096,219.23993,275.83563,258.53186,180.87875,173.50787,227.59937,264.25397,218.74513,204.52312,204.18979,227.09845,255.14844,225.83398,215.8149,212.01854,241.69818,214.61711,199.43343,182.04213,78.943054,216.52437,202.8309,233.06703,254.85916,145.54106,160.94012,273.10303,179.12436,217.8956,247.54355,256.62927,243.95123,230.25806,245.36087,180.2409,206.14635,233.69681,162.79468,221.09338,216.6766,244.0658,203.88712,203.35236,185.6117,237.29547,239.06444,225.42964,170.71461,223.46346,244.60817,252.4469,243.16241,225.27148,223.6547,179.25583,234.35364,241.71161,205.38962,190.25467,223.8473,227.42854,248.74362,229.98317,228.88927,245.5474,249.41577,224.35992,263.934,218.45638,247.73529,194.97601,226.19756,231.0119,214.31512,180.48656,237.43376,233.74197,169.75525,268.7157,252.06685,224.25262,250.24478,187.06287,224.6654,263.16864,169.2619,238.3939,235.34348,171.63669,235.06787,224.25987,233.22672,141.89859,237.74713,168.96024,186.3298,169.57893,180.07507,243.57175,175.23508,163.3668,186.2063,220.72102,211.48785,205.92987,259.71512,233.49258,233.77641,228.0722,227.29031,253.02786,250.61087,106.79138,250.33409,262.57257,216.99585,237.0699,233.01398,239.79236,129.8396,227.59119,211.54422,206.94777,222.73552,241.27625,169.65654,231.23386,213.11234,225.97495,230.09766,184.07318,220.8234,233.45071,214.43811,230.8584,249.44556,122.52745,273.0193,178.19672,252.03152,226.76897,246.61249,241.1661
2341,138.26291,134.30042,177.16696,249.37909,248.16907,110.46222,249.42119,228.77191,254.16254,209.88165,126.1813,231.30496,225.65948,171.89764,239.70413,263.14062,188.72247,245.16644,121.89541,145.11873,200.95863,231.74374,240.43536,270.98538,261.3455,147.25883,137.08171,207.45526,267.30286,171.08832,178.41397,176.05981,228.68565,233.83183,202.48776,198.31584,192.69612,246.67456,147.57596,156.47778,166.13528,41.016747,188.75249,185.66783,237.19182,250.2163,104.092155,117.44121,273.74762,126.92609,223.27368,248.57578,265.09576,242.45943,197.38617,242.89789,145.89532,175.4185,226.58798,112.67966,200.81177,182.16992,225.75754,195.12784,168.09445,120.81584,239.1037,237.16202,207.08421,135.2153,160.12668,241.83243,252.00064,250.80112,226.30502,220.40317,138.10674,233.21713,257.6074,172.9104,150.03273,167.78658,228.68521,230.45543,198.55621,165.66982,245.10956,257.71478,207.0993,268.41376,188.62173,186.04926,208.17284,225.14471,240.48418,210.761,164.09937,198.5723,240.29956,124.59318,269.3955,252.75044,181.56647,246.64499,139.55273,233.03622,248.75064,125.81689,227.83069,229.17624,125.01193,239.83406,195.50592,245.5455,64.34659,213.29388,160.73917,184.38417,133.82382,158.63217,193.81187,172.1124,161.57991,129.10109,231.58716,138.12404,182.85806,260.47577,220.03465,235.90202,207.55621,210.31244,252.82777,253.45149,87.330475,257.8897,260.90808,215.74162,233.32558,229.89517,212.35056,101.214264,139.48251,198.83443,144.05197,209.67316,237.71004,136.69269,187.21503,160.76709,216.1998,226.98117,97.61139,187.91031,235.46576,193.93681,216.74557,252.76633,175.26321,261.27792,158.53862,237.50052,205.95969,226.69383,227.51303
2342,127.20914,142.86417,203.14125,259.61572,257.3859,105.96247,244.53267,218.65233,250.8771,214.73355,134.13884,232.7235,219.40549,176.90105,240.9883,263.1079,162.557,249.20651,119.86388,150.20795,181.62779,235.7916,238.50606,273.99036,259.5508,150.98123,148.27048,179.53548,272.13855,165.40509,165.26126,144.40497,230.76442,231.32986,183.50812,190.65363,202.77399,241.30045,101.72604,136.06818,159.66878,35.1034,178.7269,179.99135,234.73691,242.52365,116.33291,89.61726,277.1474,124.56442,223.65399,244.23987,267.62476,229.62071,176.39491,236.32016,129.1517,151.03491,236.50873,102.3591,197.52142,160.44522,206.48695,193.3049,160.82246,78.956314,244.40195,240.44714,189.30963,141.30058,131.64615,239.94763,247.33864,243.37485,202.3825,218.95059,128.31671,230.77866,256.2532,152.88858,137.76189,150.07506,237.42145,220.87885,175.27544,158.76987,233.65115,261.68466,186.53746,262.96082,167.9873,167.53842,222.23035,220.71147,236.2169,187.35133,175.3764,196.28802,258.7816,128.07971,266.12634,249.927,154.05045,252.7312,136.4037,230.55841,250.9465,118.34697,218.18745,209.87813,115.61821,235.18082,177.13669,254.14651,72.038956,187.35587,177.69916,198.75763,126.448395,141.02687,165.0988,190.80536,183.18004,113.17026,237.27242,115.6373,170.59766,263.27084,220.94278,231.66943,178.86337,190.71033,245.87311,251.73953,92.344604,261.84827,258.8235,224.17755,223.05418,213.81425,187.52881,103.81871,142.36157,174.74756,144.0827,180.45222,234.57892,139.26967,151.80402,111.4787,207.5664,213.21193,80.85527,178.6704,224.44136,166.13817,205.59253,255.56213,215.03284,268.938,164.22397,240.86781,182.89365,234.84814,213.45222
2343,195.34409,152.5182,159.59778,230.41968,222.64478,147.82144,239.71176,229.55728,267.75305,206.64828,149.90642,218.88104,238.51485,180.4541,231.40836,255.51991,234.95343,232.15158,176.73259,173.76535,216.99973,228.5546,211.62006,271.70755,254.82938,177.51689,159.4054,243.22131,260.23712,209.30237,211.64441,228.30441,222.24435,256.19983,241.51755,217.5881,201.75299,243.15683,240.70868,208.63895,192.39142,81.420685,219.46652,205.50037,226.35628,257.10638,125.87239,185.58322,270.60425,179.59314,214.1411,248.51529,252.64766,247.49806,236.61584,244.624,193.90033,223.62794,223.20074,172.53702,220.36325,225.56921,249.98328,203.09055,207.3883,213.40535,227.50702,234.29898,232.55402,167.73328,235.89563,240.4455,249.16394,243.78159,239.19147,221.19034,188.2392,230.755,235.04364,216.87617,199.30862,232.43297,222.9841,248.5701,242.06366,225.79637,251.39923,245.3168,234.31204,262.12634,233.85825,257.33984,182.65569,223.21413,229.23878,224.66895,172.15105,233.6575,227.87741,165.27795,268.24194,246.9058,234.18115,243.59302,185.82884,218.061,262.30487,178.64056,236.65816,237.78705,178.25407,230.07086,230.6647,223.19086,113.88174,248.45569,155.76169,176.60178,178.13046,194.49582,255.00711,166.07278,147.24051,192.61691,216.22311,213.23183,213.45505,254.27197,230.09393,229.04152,239.13937,234.41626,253.97774,249.37122,106.898346,242.5072,258.1644,209.30316,235.89207,241.01828,247.86246,129.84912,204.2678,227.57578,190.76242,239.78021,245.5617,168.3205,248.88068,246.65865,231.07935,234.87772,173.00583,223.33856,234.83847,224.8328,234.09674,241.78738,102.17648,269.79364,176.0888,248.29037,237.62216,240.68076,246.63518
2344,168.10681,110.971634,148.5127,222.71596,204.52853,94.902405,203.80814,165.40039,270.91342,183.92807,133.71555,172.12766,228.07254,140.70642,219.76709,249.58301,212.74931,209.28464,144.19449,157.8542,169.9591,234.27342,179.9371,281.37958,248.54248,151.99655,190.64722,214.47224,267.32825,211.73349,162.62027,146.58932,201.39783,273.38922,203.38573,177.34865,187.30057,226.37067,176.61867,163.98764,120.99359,36.51458,169.54843,165.79858,199.13972,251.60098,155.54373,91.355804,278.42422,161.97626,179.43405,245.0304,247.45819,235.4892,196.90417,223.37207,122.50877,162.4376,216.09875,139.16266,181.06815,199.53696,235.08105,163.29366,173.14032,142.73009,212.37607,238.26132,191.51581,151.35326,191.82916,230.64626,230.93503,221.83232,169.24806,194.66826,140.71611,208.95836,215.44823,161.04633,157.63638,216.26082,229.83429,239.02234,214.00233,253.36952,237.99736,239.24658,202.75394,246.68774,184.50165,267.98047,144.77975,200.68167,205.86755,148.64767,131.6224,250.1705,220.70242,150.69121,269.97775,228.08032,170.03825,246.53387,136.2214,180.8772,280.53967,128.8003,215.73337,199.8617,130.76851,188.92842,210.6763,199.32835,172.37067,215.86745,102.14893,140.20868,101.05553,113.39551,229.21458,157.61246,117.645996,152.5522,177.6705,194.8134,158.62267,253.61844,219.75381,209.71721,184.36533,195.61072,245.75394,238.74261,79.5273,233.84369,253.47638,192.01328,193.38629,183.17284,218.36067,94.501884,259.21106,154.18045,224.51865,170.81953,245.67368,143.93912,198.6796,166.09306,226.0083,193.23126,183.87756,191.32751,190.88533,148.00789,225.1742,230.15825,55.822342,285.5485,151.03598,257.06006,205.99629,259.33698,226.65248
2345,210.5889,163.75928,189.903,241.351,224.51416,147.6528,237.96884,228.12332,281.17566,212.90137,167.59204,225.00346,246.8284,168.06186,230.91727,245.36774,228.09637,232.90921,190.7301,179.78702,185.22842,239.30171,185.79636,286.29645,253.66771,201.73834,199.30945,224.31493,265.26825,216.17574,201.15167,216.24072,224.42116,271.59564,248.73975,215.29332,228.4524,226.6406,198.54692,181.83095,196.82799,62.126923,221.98782,214.4339,226.03029,254.16942,175.22777,173.98842,276.70505,199.29749,195.2715,246.89403,246.97327,235.42365,219.92319,245.48087,196.75665,226.58936,241.09149,179.71844,230.97592,218.88205,244.29395,201.13937,214.4461,187.8735,235.22673,250.48517,231.01929,180.07477,221.05952,248.97995,249.54927,222.18338,223.7697,228.39136,181.55588,230.14304,220.63425,203.30739,212.60394,250.5758,230.58185,252.90878,243.15973,253.71225,236.27852,240.0611,221.15057,248.35532,234.39612,264.5554,191.04143,224.79895,207.52533,198.13794,174.66302,259.0688,249.08148,176.18466,267.09436,251.53665,206.46112,261.1375,193.7091,203.28943,278.70795,177.64032,232.14305,217.73117,168.02469,226.53333,231.21095,233.50012,177.83473,237.93921,163.40546,200.08249,179.37752,188.09375,246.8825,185.37154,173.1276,206.76451,229.412,206.69174,213.53159,264.1922,240.35175,221.06665,207.5681,218.9861,246.1119,240.20476,118.1089,244.53421,262.34424,228.84517,232.01767,236.63673,234.99442,130.1308,259.08868,220.32523,236.41168,225.85408,242.89636,186.37488,228.03809,204.22,227.7745,227.15222,197.18091,224.13078,216.746,198.98692,232.77138,251.55319,104.03282,288.89746,172.59258,259.5224,216.17221,266.30103,236.79103
2346,143.26474,144.56,199.46657,261.958,262.53677,114.50346,262.00748,241.42197,266.753,222.48611,132.87073,243.27478,237.82162,185.61642,247.47348,268.2763,200.26726,255.20972,137.41432,154.97324,208.82916,239.4538,249.82327,282.43213,267.5991,156.92215,139.89499,219.78732,273.22675,169.99695,190.30037,189.9786,235.9295,251.10974,219.65044,216.01215,210.02637,248.28307,172.98804,169.55634,187.74118,43.992126,206.19937,196.79755,248.531,258.02615,100.59,129.13054,278.44836,137.37944,230.87817,252.71843,268.21497,246.41866,221.8996,250.1974,163.93613,190.72977,242.50174,119.91879,212.74889,187.3093,243.36066,204.38452,178.53564,143.25143,257.1379,245.89804,219.04495,143.63315,188.69704,247.28355,259.2998,252.97461,228.42468,228.79156,150.48474,241.1815,262.61823,192.42685,164.75343,187.71152,234.91473,242.23282,213.54434,184.79129,245.73413,261.9929,217.40195,273.61694,214.68024,213.6339,240.75743,232.97629,246.64153,217.81113,182.95714,217.46771,257.16586,131.38461,274.60364,261.948,211.21936,254.46814,156.71176,243.42142,262.60522,137.20549,237.01715,241.73221,136.98654,252.92178,199.04327,256.34787,58.88155,233.70648,185.611,203.92184,146.2063,171.08945,212.37729,182.95483,186.32353,141.05603,253.49384,145.03133,196.4646,271.62158,232.03207,246.87862,218.02582,222.05145,256.8808,256.96442,87.73601,264.87207,269.69873,240.11395,247.77556,247.48146,232.01526,103.49306,142.53787,213.44794,152.64899,220.91217,244.41342,144.08456,202.46385,184.08435,220.47552,229.45398,91.112686,203.6073,240.7196,214.39308,232.2782,262.97845,216.05847,274.0282,166.20699,246.34634,221.67883,236.06596,237.08977
2347,157.57996,133.19167,189.87259,261.64972,260.78687,104.209404,261.9986,247.04807,268.25995,221.57309,122.54104,246.2575,236.91576,169.49832,246.74524,269.78604,200.08731,254.85489,129.34021,146.20099,196.4332,241.27684,241.15057,282.7639,270.65796,154.13417,147.67082,214.9923,278.10028,182.72375,183.16043,196.19531,233.79407,249.03268,223.57224,208.38269,211.12885,247.34787,146.13187,153.28131,183.69131,18.585619,206.56084,193.95724,248.315,256.53543,108.33542,126.7838,284.26492,133.86601,218.96584,254.6737,271.13538,250.21906,203.17714,250.11974,157.58261,194.25374,243.70784,114.82749,220.56369,192.33008,230.70436,204.597,179.19385,131.1287,254.13605,249.47525,218.0699,136.1055,160.91243,252.96509,261.13538,250.28954,238.26854,236.68939,140.87852,241.48349,263.45776,179.98315,164.88797,186.1847,240.84984,240.81403,218.86981,184.80902,245.9354,263.22946,209.59583,271.40857,205.49197,203.5913,222.18958,239.17848,240.33267,213.6818,170.73302,213.11533,253.31923,123.308235,278.9771,264.82397,168.5775,259.4936,144.92522,234.96863,264.2387,129.56058,238.81778,234.49962,123.63203,252.71634,211.00085,258.65988,75.40192,216.74773,170.00871,200.01688,137.91705,164.17218,204.75359,183.33844,174.06586,142.70924,249.32193,144.13126,201.31013,274.15402,226.8988,242.11371,209.81412,216.03268,259.09198,256.67126,78.93358,266.96313,269.15887,232.64691,247.29372,248.08575,214.36523,88.29979,160.99768,213.67322,159.76874,221.17303,244.90268,139.64978,200.03246,163.79153,222.3381,234.5223,109.157425,200.58096,236.92987,189.19003,229.12863,264.73624,190.32599,275.68484,155.06978,252.77359,209.60526,242.10106,232.78555
2348,143.43906,144.70432,206.1965,255.35098,249.88971,108.44373,240.46167,214.63454,258.61465,211.02415,136.30269,224.98314,218.91013,170.96823,233.335,255.70613,170.8511,241.71983,137.14372,153.87427,174.36255,231.2613,224.05164,274.97296,251.03525,159.55235,166.41187,179.64136,267.95352,180.75116,164.53741,152.67102,221.99551,242.34422,198.31525,189.41641,214.19781,230.8796,118.50335,144.00632,165.27493,43.207573,187.86111,178.23257,228.85422,238.73045,137.57936,101.16291,272.5799,140.77777,211.42624,236.48566,258.9831,223.55438,185.35938,229.211,143.04956,163.94986,243.35666,114.65315,202.88226,167.18704,210.29074,184.66042,167.78671,98.61413,245.83803,236.6265,189.63782,146.68301,152.74295,236.78294,242.07419,232.56247,190.95026,213.48111,133.21585,223.46846,243.88205,156.96147,153.34897,180.99518,233.61972,225.92325,187.60663,189.86316,224.98134,253.34221,184.14471,255.32059,185.4569,195.39325,223.87064,214.33414,224.6394,175.53506,173.38301,219.59201,261.9319,139.93573,261.03925,246.67038,161.88542,253.48169,151.0268,218.52994,258.02786,125.85566,217.52328,206.31575,123.67413,229.6774,182.46414,246.71814,105.59354,191.76236,176.98593,200.96533,133.53612,138.3873,182.48573,190.3013,186.65512,137.31389,238.60211,137.95123,175.48074,260.73663,221.89578,223.54929,177.72319,188.6402,238.03902,243.18558,97.47263,253.73601,256.28848,232.3121,221.79132,215.74539,193.74535,107.54467,177.93018,174.63768,176.51218,178.00578,229.77496,146.03166,164.315,122.40277,205.281,203.34564,109.29524,186.82846,212.61139,163.57004,206.34369,251.6435,205.22568,275.6941,163.18654,247.62033,183.06409,245.52594,211.91652
2350,152.43008,135.44905,130.71875,231.32967,217.81656,115.10579,223.69867,182.87698,262.40393,208.05313,138.92488,194.66135,230.08939,177.23187,242.33914,265.30994,203.34567,232.81715,128.18622,164.8789,200.80093,242.9729,215.92207,276.64764,259.08905,152.13815,161.86087,209.46489,276.2099,212.1756,188.43724,143.22995,231.79057,245.77856,161.86638,189.3674,175.97545,249.57288,150.51328,178.60237,119.45543,53.602806,176.10724,188.32324,220.21666,258.87244,111.785774,99.15752,285.7326,145.99913,218.03322,257.14728,267.16455,247.07175,188.93747,242.60016,113.00346,145.92245,207.53763,130.44498,195.97327,202.05333,222.94846,195.48207,181.40973,111.56934,215.3172,245.04318,205.54439,155.84877,163.47058,248.73227,249.83907,247.85529,199.79022,215.50214,152.71356,234.93631,241.78401,169.96396,139.95097,142.79358,238.79596,241.82253,182.38356,183.63737,253.30035,259.70612,214.71646,267.46573,139.05077,196.9483,140.24576,219.11392,232.99985,193.84593,162.62695,199.4953,205.92773,152.04883,277.4309,242.3637,173.0252,254.32684,140.79263,218.00452,264.18262,132.90373,232.115,218.32239,140.05722,213.4321,216.0281,220.49677,111.489105,201.69775,138.82742,150.36389,126.028366,143.22644,204.45758,170.62799,126.24533,128.38089,170.95377,180.54256,165.39487,249.96951,232.83444,225.39584,206.52222,212.84052,258.64386,258.0851,83.67985,249.80742,265.209,172.98868,208.2667,180.51874,211.89032,113.56847,197.39091,163.13599,163.76926,184.41797,250.39275,145.79181,184.68297,145.624,234.68372,227.20047,154.89359,195.14691,230.46222,172.17389,216.79602,240.32893,83.769905,269.2932,174.41002,254.6604,206.99997,240.3948,237.99515
2351,155.86661,157.31284,198.55977,251.83182,250.5637,127.11107,245.60236,220.01556,256.57773,216.83147,146.00912,228.18182,223.66406,187.5633,237.73215,259.36523,184.91992,246.09262,152.44804,166.95987,197.74483,231.32257,237.20126,270.85272,254.26071,168.3671,161.20563,195.14917,265.73993,192.49812,183.67278,163.14726,226.96188,238.90746,193.64801,201.57985,214.06047,240.05972,142.85703,170.80263,172.31815,61.081333,197.02115,187.34457,233.49295,245.17001,133.38536,119.82663,271.0343,153.36398,224.76086,241.4168,260.94833,232.70157,200.5485,235.46822,151.09573,169.23732,239.36342,132.58319,209.66086,183.69382,217.86838,195.69849,180.64304,118.96765,245.46515,235.57816,199.96567,160.51036,169.52069,238.71353,246.76274,243.70276,203.3443,217.25945,154.19293,230.37642,250.29486,175.49362,159.50195,174.98882,230.67496,231.77003,189.86606,185.518,235.4969,254.87073,201.34293,262.80502,183.41772,193.74098,225.29036,218.48674,236.07559,195.52295,186.53735,212.2616,253.30113,155.52731,262.89124,248.6692,183.27211,249.37915,166.6319,230.79727,253.83005,145.2234,226.54541,220.48264,145.94055,236.7367,193.60187,245.03625,102.97478,202.2539,190.14929,201.65608,149.63663,153.34262,193.94923,186.05042,191.67429,147.53708,235.6431,161.52481,184.97157,257.66443,227.64133,231.82033,201.27731,205.58644,245.04388,249.41544,104.10219,254.09735,257.92474,227.47238,228.9161,219.82928,206.88701,122.3759,176.21373,183.95349,170.85864,189.43515,235.34698,156.61151,180.0038,144.98872,213.96526,214.51813,127.07562,200.44025,227.17268,183.77132,212.90237,250.33086,208.83481,268.47208,176.9158,245.08609,200.95676,238.87296,224.68748
2354,169.04794,139.47118,183.8492,219.3158,188.93365,119.54019,191.06848,161.53171,269.2426,181.71104,166.3967,173.76025,225.55664,138.8574,204.02089,219.23468,197.17755,199.11255,159.79617,164.7248,138.88652,229.38031,140.17729,279.01404,222.6771,181.44144,215.15137,181.9721,250.69946,193.46455,161.676,143.86203,196.89557,274.5277,201.23843,173.05782,204.84882,195.17606,155.53214,154.01743,130.4498,70.68689,170.95102,183.41742,185.27432,232.53482,190.14249,101.9176,263.95343,184.28854,159.78474,224.68579,222.49805,199.3913,180.35785,212.99554,139.53783,171.94626,217.76952,152.65802,189.0723,181.62357,215.52078,158.33913,180.49796,125.912926,205.4913,237.13033,190.07428,166.97318,197.61362,226.14326,217.30612,186.0523,153.80826,189.76346,142.78058,198.2267,181.233,156.96826,172.1305,222.39352,218.88373,232.34576,192.79736,255.31152,208.5929,216.69368,188.47128,215.97389,179.25626,258.32788,143.85663,183.59433,169.67358,131.51439,137.83534,263.05542,238.96768,168.57205,244.79753,218.41179,179.94334,252.75362,157.84146,159.57031,281.21393,132.58234,196.77994,167.47734,128.28883,176.05652,195.74928,201.22552,206.05963,200.23221,120.80124,164.33551,127.80028,132.0952,214.4292,180.13223,144.02744,168.54257,180.12106,178.29886,153.71313,241.99428,229.8373,184.56198,152.70248,175.40456,217.68704,214.61002,119.24588,217.65881,242.02759,199.86972,179.67023,170.91669,204.98889,120.69586,277.25012,154.76022,244.33327,160.96027,228.27145,167.09256,171.30795,144.06104,213.07321,180.86552,180.45248,189.75597,169.95053,145.95323,201.19983,225.91382,61.317677,291.1267,155.40155,250.3418,177.61545,272.33362,208.5229
2356,139.16278,122.51787,194.82663,250.74306,246.12346,91.55449,242.5954,220.51532,259.41803,204.39685,114.06488,225.30319,218.91481,156.98213,230.74998,253.54301,181.46072,237.3603,122.46326,135.39084,176.27109,228.12833,222.3209,273.015,251.75623,144.12073,160.00143,189.7852,265.87067,180.03448,163.52063,167.81238,219.26129,243.6156,210.90724,187.38513,205.9622,230.10461,137.14432,143.609,163.00983,34.711063,188.70496,175.27957,229.39322,239.95592,132.16649,103.754814,270.92715,125.98329,205.66968,237.75002,257.33856,228.3289,190.76126,230.4389,142.52795,174.78313,238.32173,102.91367,200.94788,174.7178,217.66718,180.93307,162.24158,113.4867,243.07803,234.9444,195.84656,126.0082,160.89627,236.83382,242.70462,232.83293,202.37076,214.08545,123.217514,222.5748,244.71457,159.36417,150.01459,194.81116,229.27415,227.74,200.36612,196.328,226.6208,250.35356,189.1709,254.84207,197.55807,206.61447,217.09012,216.33366,222.61128,183.63321,153.31894,222.47345,255.06772,120.127464,262.40375,247.71097,167.90044,250.15802,136.8072,216.5682,257.53183,112.1971,219.81396,213.66437,110.81168,231.47124,190.06947,244.38184,105.38414,202.30713,154.55197,186.76051,121.81769,140.5258,195.16544,175.51291,165.17413,133.27591,238.35988,143.62265,178.06842,259.65134,215.88693,223.02527,185.43733,193.68484,239.10002,240.35477,80.112114,251.81862,256.00555,228.24286,225.99435,225.2688,203.83994,87.09036,183.11043,186.02411,181.18103,191.25076,228.1475,128.94064,179.18076,142.07935,206.57976,208.58551,115.47496,183.15477,214.94025,172.88828,209.30423,249.80362,193.40897,271.6509,147.60788,245.23242,189.09875,242.53691,213.73402
2358,187.54083,167.43515,193.07803,246.27371,249.97806,154.7836,257.67392,252.64247,263.91873,216.6383,149.53343,241.89926,235.62418,190.73982,238.32608,263.12357,227.30731,245.78683,181.10294,171.0155,221.51738,228.47748,243.7832,269.40527,260.13876,177.68768,156.05687,239.76184,262.4856,198.70389,210.53328,236.6088,227.42407,253.646,249.43416,224.1871,215.41248,246.67676,238.1879,204.93436,216.22282,84.52289,229.45847,204.3373,240.9866,254.77924,126.66793,193.72484,269.60287,172.34515,229.25713,247.55783,259.9088,247.65865,242.24213,246.13467,205.94968,228.0019,238.17618,166.03027,226.111,216.17783,247.95447,208.88846,202.39291,216.1434,247.65652,233.74792,231.59131,163.8508,232.07573,239.95874,252.66858,251.89761,248.0268,227.54472,186.73593,235.48596,255.31754,219.60852,201.10223,235.33746,227.2002,244.83066,243.12378,219.49158,247.81062,253.43987,230.74423,268.4522,249.4642,253.5145,232.48932,229.97153,243.33635,235.71071,191.10129,231.67651,249.06181,158.91876,268.25595,254.0864,239.44797,243.1847,193.67844,237.36661,260.80182,181.6973,239.77629,248.38403,179.53488,250.36957,221.78574,244.20891,103.189995,247.83112,193.44781,204.25925,189.612,200.70998,248.22758,178.13968,187.42429,191.68301,250.5661,197.05682,223.7909,260.4723,227.80833,240.15118,241.83679,235.0603,254.13326,252.18112,114.33249,252.83026,259.5466,234.10263,251.50247,263.08945,246.97318,134.67854,188.94348,239.1733,182.8251,245.98344,243.85114,169.62582,246.40771,247.52325,227.30215,235.96356,150.66385,221.24747,243.54382,236.06366,234.8072,250.60269,202.1763,267.66287,176.06482,246.93246,237.93112,238.0907,243.50479
2362,197.62025,142.9776,136.3638,210.1908,187.43008,146.05804,211.68375,191.47284,275.46808,195.91757,162.6936,188.48355,247.59448,173.2445,225.64809,242.33841,246.40762,211.7374,171.10112,186.33488,202.08365,237.68439,174.28284,280.86725,246.83566,181.10844,190.79727,242.09937,259.17288,220.8147,214.6706,197.75143,221.95517,275.14087,216.72292,206.8836,185.40894,232.10516,235.44743,208.38995,154.10178,84.31023,198.97575,213.82217,205.32336,261.91138,147.80518,162.96896,275.60568,194.18848,197.22449,252.83435,241.49396,241.07635,223.11557,245.77841,167.98198,203.45232,204.35033,186.84222,205.60666,234.96536,254.52917,195.5288,215.42097,200.45967,200.89627,245.31161,234.69641,180.51283,241.89539,242.77652,241.9046,226.14313,213.58305,211.57309,194.54874,225.86978,204.99883,211.50108,192.36609,224.76646,220.75809,256.0376,229.25487,252.74028,249.82867,234.4698,240.95123,249.32355,201.54852,274.61185,132.67963,211.6656,207.98404,201.95865,152.44807,246.432,202.59741,184.83589,268.43872,233.63248,236.58142,248.61172,175.98346,194.87671,280.97186,174.06787,227.36655,218.43253,180.26855,200.07788,241.00357,197.67664,169.24248,248.61176,120.65651,148.31396,161.35294,185.68457,261.64566,153.4502,112.885376,188.0828,174.16563,229.2796,188.01094,243.6641,243.37646,212.844,221.99548,229.9182,249.89789,242.47519,102.0787,227.09604,258.92493,179.47969,208.93224,201.05688,250.51387,132.55731,257.9287,201.8695,222.8186,221.87968,251.78314,173.9631,237.07457,230.48814,240.98216,230.97691,212.38188,218.59082,221.1802,211.22054,234.20804,229.42053,29.365065,281.90842,182.74063,251.19516,232.99814,256.7427,250.08853
2363,135.78755,114.83697,161.52292,234.8941,216.95837,87.2856,210.32455,171.67181,259.376,193.89853,122.526855,188.79434,219.70581,150.41095,225.19667,248.03058,177.2425,224.30513,109.39862,140.84053,158.8551,235.62906,186.36868,275.26358,244.15912,137.05727,166.49524,177.83388,269.05267,191.48883,158.00055,121.560104,212.42358,246.05902,163.71646,170.61783,187.37971,224.62515,107.95882,145.5194,112.98479,38.554207,161.77773,167.54037,205.32703,240.54187,127.81153,70.22078,278.89304,127.405754,189.79605,239.63693,251.47168,221.6575,163.89304,223.74808,99.50604,135.85378,217.23537,101.25185,188.1106,174.28067,199.72363,170.99982,159.46706,76.76038,216.32965,239.49121,181.1308,134.23093,140.21808,237.26575,234.2949,220.03375,169.79391,202.40894,119.69997,216.13669,221.60843,140.04787,128.69965,148.65585,235.2808,227.54153,170.17798,186.32532,228.96439,244.76724,184.46179,243.89069,135.61856,190.35138,146.17711,201.41243,204.29115,150.54575,141.59248,208.57402,231.07355,128.95383,262.42227,233.09717,138.40823,255.55768,119.574036,190.29655,264.57712,102.0029,211.60529,183.94147,102.94862,197.63312,192.19965,220.92798,118.43509,175.70868,129.73721,157.47905,99.58895,111.89069,179.17772,175.13876,136.75928,114.799194,179.7605,148.84143,148.82446,250.9289,224.5579,205.83307,164.95343,180.67697,238.92401,239.79623,79.167854,241.4721,252.58682,187.60242,191.38571,169.82599,183.04657,88.2708,200.75336,141.82388,171.49426,154.01167,237.60794,125.952805,151.72176,103.76122,219.21025,197.67201,128.19417,180.31128,197.14508,130.21211,198.92966,237.39972,94.78572,276.80692,153.54518,253.1041,175.31703,250.80627,213.59961
2364,203.19778,161.71655,156.92584,234.25194,219.64294,161.02231,233.43219,206.97336,280.29163,214.57516,173.09138,208.70634,253.65071,198.22458,245.12059,264.55896,247.23398,236.5243,187.97624,197.199,226.22012,247.61243,212.21259,287.64032,266.908,184.26558,192.01611,252.99823,273.23358,235.13095,221.23166,200.11407,235.908,274.78986,223.52866,222.87386,201.86752,254.46838,246.63757,223.91522,167.65985,108.32173,211.37917,211.61674,226.95059,273.2979,161.29697,163.4398,286.16415,199.87973,226.29913,265.29523,263.21814,258.10522,242.75607,257.49734,172.83685,202.22696,225.6742,191.30695,215.06378,238.10814,263.56732,209.6557,217.7636,211.1654,226.23914,252.38667,235.79488,193.22969,248.79468,251.51624,256.9386,251.737,222.8075,222.93768,202.93567,241.65834,236.49759,220.68321,193.52344,231.31837,235.80702,262.3471,238.2887,256.00888,266.32373,256.20163,248.30212,271.80164,217.2468,279.708,169.41986,227.23166,237.72404,216.04706,179.65067,251.22156,223.11218,194.80188,281.77917,249.97049,247.45978,256.276,189.35567,223.45528,280.48593,187.96466,243.78369,239.55759,195.40994,222.66312,241.41542,220.87535,177.48822,257.41248,152.1727,167.21371,164.79977,182.9098,265.08206,173.37283,141.32024,192.91238,199.27487,240.90308,199.29364,262.26016,248.79788,238.58005,241.20386,242.84396,268.0899,263.48053,118.032166,250.01717,271.65262,203.85321,228.0039,219.0953,259.13196,154.92679,262.97675,206.89139,225.99796,225.53372,262.59393,183.21008,246.42911,238.86061,248.26259,239.13004,221.91818,231.6622,241.1307,223.00522,248.37476,247.63219,74.979065,285.8507,198.56052,260.1734,249.61472,259.3096,261.02924
2365,207.05948,158.00226,180.44696,229.9385,218.69724,152.71744,234.37158,233.38864,267.7881,203.92685,157.41557,222.9142,239.64546,173.69908,225.38123,244.2621,235.20184,227.95401,188.73631,176.1613,201.1096,228.69904,190.69699,271.37,248.44041,188.32693,175.59058,237.69351,255.56158,209.803,209.3941,236.37741,218.66785,259.63385,251.75407,217.55373,213.69864,230.37318,238.83292,202.6265,205.1358,70.79661,222.90431,209.4338,220.34305,252.05443,151.98608,198.48416,267.56808,190.4527,201.79756,243.95493,242.74881,236.84921,231.75934,241.78253,206.66028,234.78502,228.04382,181.08199,224.8536,224.62532,246.93567,200.45023,211.64287,221.37569,225.77759,236.00879,232.89674,172.78192,239.54367,238.30214,243.92169,227.99858,237.71373,220.92584,190.63498,226.16577,220.26526,216.48332,211.10822,249.64764,221.16756,246.82806,246.161,239.45596,242.03017,236.5835,230.6333,249.0151,245.84132,266.00595,187.68011,218.67703,213.03467,215.4046,171.66086,243.00476,239.59744,172.10948,261.69305,243.39523,232.12338,245.22263,194.28717,205.47467,265.06528,183.51044,229.7738,224.77623,178.19739,224.64682,230.29117,224.80612,144.77536,247.495,161.08742,188.84868,187.60342,201.50583,255.9701,175.03738,161.79291,207.37447,225.28494,216.08508,216.8897,253.12541,232.02722,220.56357,225.74101,227.78247,245.39185,240.46414,112.30959,236.88907,253.87054,218.09915,231.68158,243.70953,244.68399,130.43253,232.21808,233.96997,209.94818,241.1565,243.14214,176.05026,246.02527,246.2814,229.88084,229.98715,188.6243,224.1477,223.44516,220.83792,230.88177,240.64325,105.290375,272.3916,175.26892,248.03316,229.99991,248.10251,240.75684
2366,163.25848,113.718735,170.72247,222.68384,200.73982,88.63899,203.51947,179.23973,265.8836,182.52373,124.943985,183.92296,221.11588,126.978836,207.26807,230.04562,193.65897,205.0039,133.79527,144.85103,142.77563,224.81497,157.21228,276.01892,233.712,155.87093,190.4178,187.36797,257.20667,189.77863,154.50082,154.86554,196.13611,262.36096,214.40837,170.80957,200.44577,204.96335,137.93277,137.103,139.1633,30.554537,174.05011,173.06833,195.19034,233.85757,163.38835,101.60414,268.7973,150.34814,161.04796,229.45828,232.74757,213.1565,172.76414,215.78053,137.53595,176.42389,220.22519,123.93348,192.42702,182.83574,212.64493,160.75652,170.6068,118.966156,210.29819,234.789,188.93175,137.37341,169.2862,228.85031,223.64969,198.3048,171.33615,197.65666,128.94446,200.8185,198.87886,149.23483,163.87233,220.97623,220.84364,228.33469,206.78636,237.10413,215.43552,224.37704,183.55515,226.65297,186.81096,240.32506,150.86017,196.09407,180.59167,141.60231,130.51547,246.16547,236.28888,136.28448,254.36371,226.2185,148.36758,248.94736,137.87816,166.90111,272.91794,117.4624,203.13708,178.43976,113.05495,188.77695,200.68825,207.05505,164.94504,195.00774,113.674095,163.94455,116.94805,124.54329,206.89241,166.48776,137.71477,152.38504,193.20953,162.64426,165.02618,248.43127,216.06326,191.50995,159.12424,177.02731,226.40549,220.30746,82.29283,226.01439,243.53625,201.47855,192.01001,189.36224,195.1097,81.797775,242.36884,162.11295,222.9548,169.85031,227.46173,137.09369,177.09042,137.31288,209.51846,188.73178,154.80179,183.78177,177.56563,135.17963,204.22253,229.55423,70.175674,283.89203,139.66765,249.15057,176.58301,261.0647,207.21335
2367,143.12311,121.341606,170.12497,242.74387,241.80347,100.2982,249.04205,240.12308,250.17279,207.20529,112.406975,233.88493,223.75955,164.16782,233.50105,256.49182,192.34511,239.94312,116.566376,135.09555,196.99178,225.909,233.22179,265.3361,256.2098,140.87595,128.62344,212.36499,261.2925,163.69356,179.76251,200.25523,223.88826,228.97952,220.21135,200.18501,190.09167,240.31253,155.75655,151.21127,175.86087,22.546644,195.4249,187.01572,235.72589,244.41902,90.52379,129.35272,267.04315,120.7108,215.86739,242.7417,258.55792,240.3414,200.46332,240.01651,153.90921,193.61276,221.55548,108.57808,205.62132,185.88583,225.57114,195.2478,168.35373,138.56929,235.74376,233.59969,213.0579,124.285614,161.98021,238.49747,248.61526,245.49469,238.91895,222.99419,134.41406,230.00574,251.31012,178.12549,155.20383,179.16977,223.54001,227.68304,210.3912,165.187,238.67882,251.08855,206.45508,261.70712,204.90619,187.71643,206.17593,225.83698,233.63818,217.78705,157.26236,196.82857,232.97284,112.279915,263.4511,250.22495,178.29501,240.68845,134.61565,228.07738,242.43777,123.00372,226.07932,230.5727,118.01703,240.46677,198.50453,240.1467,52.933037,218.72629,153.99118,181.62994,134.0665,165.55492,199.34898,166.05368,153.8211,133.36137,233.8739,134.65689,191.22333,254.9689,214.5737,231.52185,211.33334,212.50264,246.87842,246.21544,70.52391,250.79752,255.31367,214.69656,237.04791,242.39746,213.38803,82.65671,131.25421,216.33931,139.71588,225.55576,231.5899,127.29315,200.28677,179.08374,210.33139,229.95433,92.382484,189.05481,233.16571,198.23518,217.77722,247.47574,164.00311,255.80286,150.18497,232.79086,207.07635,219.5555,224.15945
2368,125.197754,131.11246,190.23338,259.52112,256.08286,91.76196,233.61784,201.83482,247.17926,209.43903,127.857666,222.77573,214.80734,162.1795,238.9784,265.78583,147.8042,250.02783,102.945885,141.07324,161.6158,237.07333,228.6376,272.80847,261.8393,139.99168,146.34497,164.4364,277.34348,166.25061,147.20358,118.80592,223.46063,226.10165,165.03952,175.14435,194.60172,239.70059,64.99394,115.76196,132.35321,14.922501,162.05933,164.4942,227.02333,237.39597,115.66906,58.47962,284.1858,114.375946,212.40591,244.31537,270.31302,226.81525,150.23428,231.51874,96.48326,126.86494,231.97298,86.76884,192.90356,148.25919,185.70166,186.3327,149.23923,45.199543,236.50696,241.28906,172.59555,134.76433,99.09683,240.26817,243.49667,238.23575,189.7062,216.95772,110.5894,226.30956,256.92487,127.31387,117.9681,127.92752,245.42245,212.94995,160.59543,147.44086,234.04922,263.55667,169.964,258.32748,137.44168,150.323,192.18893,217.62836,228.71335,163.36447,164.19373,183.76064,251.93172,117.189606,268.5621,246.06691,112.237404,255.45517,113.34029,217.98796,249.69775,101.56204,212.52547,189.78111,93.29999,223.40103,173.82764,252.56352,74.37872,160.43524,161.79391,185.43176,101.80085,109.876205,143.14314,193.98431,168.64447,92.36638,217.11102,99.065834,154.29294,265.90283,215.95578,224.86859,158.0911,173.60435,248.39568,253.22595,86.480606,265.07422,254.97592,208.24722,207.97919,192.24173,161.22849,90.60728,145.68701,148.50668,134.4085,156.53952,236.67151,129.54237,128.71213,75.545006,208.8972,205.53412,74.228195,170.13516,212.43524,125.44002,196.06618,255.2561,178.74284,269.3595,154.5081,243.77109,164.08923,237.85727,204.9342
2369,167.94716,129.69061,169.56447,225.77914,210.83965,108.54196,221.07692,206.17099,258.1204,195.13858,129.87021,204.3427,219.25824,151.5122,213.67923,231.34866,196.70584,215.46497,147.68433,151.70688,166.37639,218.83456,178.42091,265.11777,235.23727,162.99908,177.14221,195.37251,250.25641,190.92972,174.17532,185.93433,208.48186,243.6642,224.46405,188.13696,204.26326,211.85938,169.63246,154.44138,168.28403,46.58885,194.03055,186.80249,210.09756,230.8209,153.884,134.87979,258.96213,155.50227,183.19598,226.43689,235.51318,216.15231,196.60849,222.35217,165.53181,196.13441,223.47894,135.37027,203.76677,190.9917,220.6029,178.66754,181.2871,152.1406,219.27853,229.85796,203.75027,143.85217,190.62344,230.00974,230.34889,210.2883,196.20242,208.13335,146.254,210.72034,210.61496,172.9472,175.59564,227.55727,215.67387,228.80664,215.3258,224.53687,214.84491,228.58902,192.79257,233.87521,211.71555,231.69705,178.09198,206.34099,195.1029,176.32051,152.28938,235.98514,231.62778,143.12177,248.35715,233.47888,182.15918,242.34052,157.23169,190.1742,253.1055,135.40945,212.00961,200.17235,133.92581,209.35364,202.19939,217.41995,149.54655,212.36284,142.76163,178.5401,142.37033,158.52698,217.99841,169.95189,153.0079,165.66002,210.82126,173.22073,186.34863,243.53903,216.10217,203.42944,184.1019,194.32413,225.27411,223.41339,87.58517,229.74213,243.74283,209.77844,212.78394,214.64594,211.22394,98.95841,222.03543,192.5073,212.90701,197.74051,219.02582,146.48651,199.52231,172.76468,202.5207,205.30264,156.00284,193.03268,198.6697,175.19177,207.2192,231.99823,101.250656,267.4195,153.07962,240.06064,189.99655,242.9494,210.79828
2370,124.81276,130.76376,197.55571,262.10214,257.74835,93.60763,243.71408,216.21043,253.5112,212.90443,124.72339,230.87653,221.56366,166.86038,241.28961,263.24448,160.37643,250.47972,108.18762,138.88919,172.43219,238.18123,231.12428,277.26138,262.09982,141.01595,144.40625,178.49925,275.80682,159.77338,159.30823,140.94,229.36343,231.99194,182.23598,187.88269,199.74841,238.9219,91.55922,125.81451,152.39177,21.215933,175.23769,175.8802,234.49786,242.36569,109.63182,80.57626,280.99817,115.602585,216.8619,245.35759,268.4423,230.12247,171.77695,237.2005,120.734695,147.87225,236.61234,90.99075,197.19081,157.48651,204.04623,189.93341,156.29178,70.57874,244.79437,244.8048,187.79007,130.90488,122.94038,242.82918,248.93158,240.02956,200.39116,220.44402,118.598434,230.94675,255.33315,147.07982,132.66718,144.78333,240.89996,221.53308,176.03102,155.44333,232.80328,262.32858,182.5972,261.24115,163.53253,164.74706,212.98647,221.79895,231.34128,180.24796,164.79071,194.39085,257.3512,115.44553,268.5467,252.15848,141.00124,256.7975,124.077644,225.70552,252.49701,106.02533,218.63095,205.60443,101.77791,233.4097,177.33795,255.26387,65.837296,184.05475,164.88,190.33652,112.75027,132.71895,161.37717,189.59451,171.36905,106.17328,233.14111,105.65979,167.3049,267.5547,221.22658,231.05783,173.12079,187.51007,247.18599,251.48961,83.632,264.3824,260.56717,222.18057,221.58923,211.30768,182.62195,89.7825,138.67343,171.68445,139.30002,177.61859,235.24231,129.58975,147.86829,103.76459,207.76642,212.22398,71.44671,177.63522,220.1864,154.41483,206.69717,258.44,193.95624,271.3982,154.78708,243.41908,179.19019,236.19402,212.0323
2371,131.64568,127.35388,141.6084,228.71066,213.81326,101.991516,201.49304,139.86058,262.86182,189.11212,139.42331,157.77432,218.06604,172.10376,228.24158,265.4985,195.90219,218.6175,136.08682,167.6655,191.93391,237.42293,211.14767,275.563,245.57892,135.17627,178.63965,202.60262,269.87018,221.5073,164.30577,103.318115,204.20209,263.48505,140.69049,174.67694,176.78552,240.79947,172.72859,194.40622,87.306435,75.71937,153.52045,150.60793,199.32947,255.69373,135.39941,59.405533,277.30804,147.54237,206.81259,244.58508,258.09155,236.23383,202.94632,217.35861,87.06391,114.38867,212.9758,122.37839,164.5076,188.37636,227.88431,159.91644,160.70757,110.928955,219.51657,226.32883,173.80145,158.22078,189.40253,224.05453,230.23119,242.70293,144.8258,178.66968,140.81027,213.91243,230.62823,155.72148,118.74147,149.00279,237.12805,237.46732,169.40613,216.85333,246.44183,252.90031,202.77939,263.27942,132.77386,232.17435,145.68219,188.58002,230.82904,147.20413,150.11934,226.22522,217.89671,164.45801,269.7511,224.32315,190.29427,243.82361,137.28333,200.18234,273.44696,122.51191,220.06152,205.21259,139.54587,187.24042,190.07317,197.99844,139.52486,200.06728,122.82933,127.54349,92.15721,94.52166,209.85745,172.19843,123.253586,117.927505,154.09164,199.01404,131.646,246.33664,225.9775,222.46265,192.23465,195.57098,250.46371,254.70784,90.20166,239.42136,257.4384,178.8442,184.27979,152.3499,217.20535,116.86543,227.66586,121.44503,185.36566,141.82373,253.9069,137.90517,174.77689,143.5602,233.27676,182.1405,165.66263,189.5761,200.02936,152.96465,216.47897,227.52979,87.48554,277.06647,175.20856,263.76215,212.0116,248.49344,232.12253
2372,175.48312,135.21838,125.8114,219.34932,202.49574,123.21071,222.1768,195.13866,270.00818,203.27048,141.44382,192.93495,238.66202,171.74265,233.00746,255.12138,227.88538,221.12527,146.68793,171.27934,203.80627,237.87332,196.96829,277.98737,252.85678,165.45499,171.39236,231.68053,267.931,212.07216,201.86392,184.20549,225.55484,259.1225,199.72183,200.46013,180.61267,241.29749,196.06511,190.35422,146.0318,57.862217,192.84695,202.05377,216.04442,260.44516,120.424614,140.10078,279.45743,163.97055,204.62352,253.96667,254.44133,247.87218,210.46384,243.6661,150.12033,186.4734,205.7602,153.49655,204.31985,220.84299,242.85121,196.48254,197.9349,162.7592,209.75597,243.7165,224.3844,160.79253,202.49695,246.57309,247.74648,238.8302,214.61241,216.38116,170.23294,230.35698,224.56796,193.76828,170.9758,189.8407,228.73753,250.41132,215.40045,215.30673,250.61134,246.58957,228.75851,260.0883,179.29155,234.34323,138.84729,219.43407,221.76599,204.42368,156.44656,222.58055,201.41835,160.17596,273.78204,240.39246,202.38489,250.089,157.75952,206.82372,270.63412,151.32819,233.25235,225.54608,156.05272,211.2976,230.93253,207.27603,122.906815,230.46652,127.27081,149.37624,146.61581,169.91545,237.64415,156.7627,116.188675,160.74898,176.0643,199.30078,185.96152,246.6485,234.95743,220.37764,220.29141,225.43362,254.2666,249.10529,83.563644,237.63098,262.46912,177.29237,215.26991,200.49255,235.33539,112.6069,208.81483,192.7847,189.14238,213.20465,248.82095,154.6329,219.9862,197.0054,234.84851,231.98933,169.82678,208.17842,226.3721,195.57928,228.78346,234.52814,54.030296,274.0504,173.80772,253.67377,223.63733,245.19318,244.59401
2373,156.73627,160.46533,163.49838,252.92657,243.54265,138.08286,245.38818,206.09853,273.76813,222.9029,158.91382,216.93199,242.77463,195.67012,253.9898,278.20444,211.40004,251.59976,147.608,180.42995,219.72475,251.4154,237.70874,288.6853,271.81665,169.90982,163.73785,224.07645,284.06134,209.5409,199.99619,159.75941,240.63269,257.609,182.99614,209.82962,197.91559,261.61993,170.07285,194.71307,146.8823,79.98207,192.62474,198.79938,238.58664,271.43164,123.1398,116.13124,292.86884,159.09038,234.25896,265.70648,277.10245,257.42197,212.29034,254.20102,136.85031,163.54642,230.20078,144.25568,208.44157,205.5303,240.90749,207.05222,190.12097,128.27643,240.13327,251.74142,216.41837,172.41672,185.38904,256.3647,263.02203,262.07755,214.35292,225.23325,168.22244,246.66862,258.922,188.84476,154.61128,160.67865,246.18407,252.45483,196.81227,188.97612,265.6758,269.935,228.43912,282.62656,167.01099,208.39569,181.20154,230.78375,250.25742,209.36282,184.00984,214.19402,236.0003,165.52322,286.83438,258.64578,203.50507,263.7041,161.80042,236.98633,272.64792,153.39468,244.55862,235.8184,158.94974,234.78278,216.93896,241.49275,101.99626,221.45793,167.20071,177.36945,146.70923,159.32297,214.50165,186.91452,158.66573,140.76395,204.45712,181.15092,180.93976,269.1223,243.77261,245.45294,222.69473,226.40875,271.02502,271.08435,111.45445,265.8382,277.1801,204.79433,229.16302,207.07047,230.01407,136.53217,182.35187,182.82324,166.97937,200.47626,261.4411,164.98553,196.99042,167.69144,242.50627,234.06761,141.84435,210.89325,243.43729,197.81964,232.0766,259.14813,129.3258,280.70343,188.05028,262.11908,225.87944,248.78085,250.95912
2374,177.17323,157.73323,171.1987,240.65123,231.39911,136.58646,233.15839,196.28421,271.2044,210.29907,156.3034,202.97783,235.7268,186.45949,234.40381,257.6223,219.86015,236.19351,176.12395,178.88748,206.83119,235.01358,214.41513,277.27264,254.2059,171.9993,176.14915,224.89832,264.92194,221.20758,197.12556,169.2533,219.1412,261.46735,195.98343,209.83295,211.11041,239.25543,212.01802,208.7651,157.08485,87.7143,201.84819,187.38493,223.62334,256.53503,146.99413,132.2692,273.7334,177.99329,214.05145,245.75958,254.33664,241.12065,231.467,236.45195,155.12927,176.78966,233.9668,157.88264,207.44275,212.41077,243.22882,190.71043,195.88399,171.439,237.3566,236.31932,209.91931,174.71263,225.27448,238.13019,246.4142,240.53696,193.29715,209.23059,174.95099,228.96025,235.87195,197.62329,172.4001,200.27823,229.69763,249.30519,212.4916,229.851,244.94675,248.20349,222.36209,262.45792,193.52795,249.12766,190.49857,213.27487,229.18143,189.32745,178.7366,238.0184,237.8444,176.28535,267.97852,245.04376,223.69443,250.33391,181.73897,217.20152,268.81378,163.76651,235.11563,226.8561,169.9805,221.67966,214.42772,224.39453,141.24158,230.05817,166.65688,176.45128,151.10245,151.65405,238.90985,181.46187,164.75755,171.65585,205.28532,216.66614,185.42787,257.90527,236.45923,232.63,220.36691,220.91092,252.13031,251.01741,110.79874,247.43866,261.80475,213.69124,222.43478,207.86789,237.71262,133.3526,227.9523,180.33829,202.70758,192.79405,245.98239,166.86209,217.37741,197.28827,229.94037,210.84729,182.30672,220.61491,220.90468,197.10692,230.88142,244.84084,124.52382,276.4256,182.28442,256.62073,229.46423,249.55914,242.55124
2376,190.11389,156.45505,194.91858,241.45163,234.99545,133.73422,247.28552,243.84045,269.05392,211.15031,145.7393,235.06906,236.32428,175.01135,230.6516,249.61588,225.21365,235.85944,177.30228,168.20831,200.2476,228.8619,207.37126,273.21548,252.491,182.1185,168.9437,228.93698,259.1557,200.86162,201.75748,229.17032,222.38069,258.45956,252.20029,217.19489,223.24112,231.95428,223.07504,190.69405,210.38219,59.716187,226.22545,205.06216,230.94557,251.3169,144.04272,178.51004,268.27844,175.80139,207.76598,243.55817,248.65298,237.35095,231.79749,242.36032,202.85669,229.3357,239.66501,158.9733,226.79756,212.9741,246.13971,200.31065,201.83185,200.80827,241.02101,236.79813,229.31766,161.18481,229.14262,240.0535,247.75722,232.56335,234.98453,224.69598,175.76651,229.24664,232.21333,209.42407,203.62097,246.95935,223.0812,245.80988,242.53726,233.56804,238.15677,242.27127,222.90025,254.7197,250.13124,259.30334,219.42972,223.71808,220.57523,214.9137,177.66907,241.64163,250.87076,159.38171,264.17538,250.47742,228.1872,247.31168,189.8219,216.05075,264.99176,167.14043,232.82831,230.92514,165.54364,237.78383,221.91815,238.77391,129.03253,243.431,178.46939,206.29997,179.00925,192.16551,248.20319,177.82018,185.08688,195.23685,247.61307,197.4134,217.58614,258.91586,228.73291,226.67834,221.56989,224.27155,245.5715,241.642,98.19117,244.57202,258.17532,236.04533,241.76723,254.58078,243.06158,114.99869,215.04044,232.02048,204.57196,236.40147,239.31644,166.3754,236.69098,229.1001,223.68927,227.6565,165.13083,217.79988,227.16272,221.48401,230.11646,248.48685,164.06888,272.17664,168.38786,248.51593,224.97379,245.60432,236.41498
2377,148.50182,125.84767,172.07286,257.13925,250.07901,95.104706,243.96448,211.97183,267.766,215.11977,122.88684,223.20798,233.01453,167.65002,246.32706,270.9638,187.1915,251.21321,118.02131,145.35036,185.87363,244.93323,229.70782,283.73615,269.16953,144.81471,160.32034,197.93607,282.59705,197.85165,172.50836,153.2136,231.26364,248.05089,189.8804,193.0726,201.19272,248.14328,117.90314,151.3134,145.60226,24.977007,185.91779,180.50392,235.68448,253.88518,119.754654,92.45734,290.31522,129.34415,216.91553,254.63593,272.97528,245.65784,183.9971,244.77046,121.48261,158.51428,237.6572,104.92868,208.18872,185.64656,214.48785,194.76639,170.92316,97.02463,242.23073,250.36218,200.21376,137.82973,142.91962,252.66426,256.5277,247.61191,208.81717,226.39154,129.87576,237.27264,257.4217,159.03865,143.58371,162.76451,247.86124,237.90057,195.91199,185.38556,246.9816,265.80542,198.2736,269.0334,164.4657,192.54828,185.91812,228.94258,235.78473,186.91624,160.96396,210.20601,242.61029,126.31582,279.3597,257.0973,145.54462,264.14905,130.28574,225.32697,266.66605,115.46019,232.9187,215.73074,112.825226,233.15674,205.65695,247.62115,99.34439,193.07878,152.94485,179.45886,113.611496,132.72702,188.35678,183.44034,155.5448,124.65259,214.6611,149.15894,176.31693,271.4816,230.42032,235.11337,192.69762,202.19281,259.65424,259.8615,77.231064,265.9599,267.75568,210.65756,225.14557,209.19403,194.59805,89.82955,184.48238,173.74446,166.79968,186.53484,247.41913,133.42453,175.40576,125.29276,226.18909,223.15674,123.44685,194.49362,227.01671,155.41162,219.0712,259.71606,139.05405,280.82138,159.96973,259.7249,194.94147,251.54153,228.60887
2378,147.44778,164.19766,213.78734,251.94582,236.67276,131.62286,230.263,203.14279,265.16705,209.69667,162.68048,214.68298,224.80113,173.8071,229.153,248.13635,179.94666,233.40665,155.1489,167.97435,170.27527,235.25584,198.61316,281.6277,245.0389,179.3363,182.07253,185.03049,266.7677,176.81229,171.47089,154.36217,219.63176,254.1045,203.01868,193.77277,220.124,222.43668,140.97699,156.42654,165.86725,80.27023,187.5892,188.75223,220.02296,241.6696,158.36456,111.46863,272.8036,160.24277,201.35123,235.66327,250.86444,217.09712,194.36302,228.75189,155.3147,171.83267,242.0334,133.74846,201.81412,169.65039,220.81573,181.47656,175.2728,112.517715,240.4573,240.38976,194.5628,166.00049,180.32751,236.34116,238.61835,220.68295,182.22237,208.37674,144.77992,220.08835,225.75446,168.38646,164.88492,193.97,233.60773,232.05646,188.66003,203.884,223.2402,245.62364,191.95174,247.25656,192.28671,212.56244,212.87735,206.69867,211.20917,168.06058,177.27722,233.68295,267.8301,158.4191,259.03958,242.43121,192.11563,257.78088,167.39536,204.55727,266.15802,140.00809,214.50023,199.05127,136.29404,217.70612,182.87317,239.62457,123.208786,204.84125,178.31342,205.01648,148.6657,150.51529,195.01831,201.1489,195.68475,151.88025,231.35675,145.70201,173.48999,260.1969,230.93457,216.47502,174.20395,190.2609,235.00821,238.1288,126.03468,247.21753,257.59918,234.22919,213.65945,207.94531,208.90173,131.8838,188.9323,176.76692,192.41046,178.61153,232.90393,168.08525,167.03012,140.19263,209.58302,198.25742,112.12168,194.20761,202.9332,176.48364,209.22147,249.92278,176.24258,283.74536,172.04625,250.67253,189.2537,254.8369,215.51506
2381,170.03633,138.92986,204.45326,240.52429,222.2884,106.21272,220.76094,203.04663,266.97278,195.77374,140.47064,207.49625,219.23544,139.83086,213.84906,233.07613,183.34491,218.28534,155.55357,151.54651,143.91563,225.0506,172.14877,277.12546,236.83043,174.59204,195.39299,179.29095,258.5583,185.78752,155.3429,169.47214,204.04498,258.44244,232.1875,180.53806,223.03691,204.41531,137.05096,133.20859,169.87753,37.967422,191.16515,179.59973,209.11601,229.37358,176.64427,118.45845,266.05756,163.36435,172.56662,224.98178,237.39572,208.62,183.23083,218.24661,163.40033,190.61832,241.33624,133.59335,205.05067,173.27756,213.42831,168.43327,174.83128,126.79747,231.58606,236.47166,191.31076,150.35138,174.19733,230.9168,228.54904,200.31317,178.56165,206.6513,132.67807,206.10168,209.44705,155.88904,180.31882,237.60287,225.19762,227.13394,212.04428,238.49052,207.1394,230.86307,176.97102,229.41214,214.74359,239.8828,196.43646,202.9873,187.47089,149.58011,152.5928,253.58395,261.13834,145.14359,251.13217,235.68951,158.83258,253.34872,160.43091,180.39606,268.35965,132.2521,206.16678,185.44385,122.02514,206.86021,191.00371,228.51279,169.29889,199.03845,150.17633,196.67119,139.29483,138.77461,204.70413,187.53043,178.09674,170.52078,229.32942,154.15343,180.64606,256.26562,216.71994,199.33304,159.34973,177.22223,222.87411,221.13538,101.40799,235.62222,247.0513,232.85982,208.22955,213.29912,197.40063,100.46071,238.49155,178.96486,229.70932,178.66629,220.70178,155.05832,178.02228,139.99579,199.16014,189.70361,147.45705,187.9155,183.27773,150.18411,204.8684,241.29443,132.12558,285.33582,145.22159,250.35973,174.35971,261.7002,202.04509
2382,221.3872,176.99966,201.8301,256.01932,254.87215,166.74713,266.12762,263.9843,279.5221,227.22263,159.93465,252.87663,250.45789,195.55498,248.2407,270.69257,245.95103,255.21284,207.41238,184.67166,229.50784,242.26263,239.36615,284.68655,271.47583,196.1055,175.22174,255.20949,274.1875,229.75545,222.26172,253.87737,237.57129,268.7213,263.74866,237.63943,232.1008,255.73067,247.32588,217.65431,231.08817,61.746475,245.9863,217.07753,249.4132,269.05255,146.88708,214.1085,282.62408,196.22488,231.47797,260.91727,268.46753,260.33694,252.8757,258.87488,221.49878,245.18602,250.95538,188.85806,243.55261,238.08751,262.1263,221.0611,222.13712,235.29387,256.38034,247.46967,245.54117,181.78409,243.02737,253.08029,264.7802,258.10516,262.1862,240.3417,203.091,247.08095,258.07758,232.33261,221.2344,252.59628,238.30167,259.76822,260.51944,242.79906,261.47784,261.99738,244.57545,277.10745,261.35007,271.0899,234.4935,241.99806,247.93604,243.29547,200.0524,249.23058,259.65625,177.29913,280.97516,265.70853,236.70526,257.24396,212.37077,240.90698,275.4667,202.93874,252.4655,256.08328,195.38211,258.2602,242.2395,253.16286,135.19762,260.3638,199.96463,215.35428,204.08897,211.32722,266.38074,190.89113,195.29005,218.46823,259.45984,233.03873,239.95245,272.8205,240.51947,249.88411,253.39697,247.99548,266.31848,263.51343,119.77588,262.51343,272.17285,245.59,261.63956,273.85974,258.22284,142.1505,232.12103,252.82379,209.95306,259.1684,258.0807,186.73434,264.8451,256.78793,241.59125,247.94121,199.11539,240.70963,250.88347,240.2054,249.61722,262.49347,181.52689,282.31512,186.52667,262.17572,250.4879,254.2406,257.3667
2383,157.15016,119.647064,198.25578,247.2215,236.68808,88.17934,232.10324,212.62177,266.41992,199.02011,118.29521,217.0329,221.79175,139.02213,223.53412,248.24051,185.64616,229.05164,129.7951,139.79303,156.45464,229.90793,194.3233,279.02725,250.98993,153.06837,177.51534,187.95052,268.60034,189.01295,155.77348,166.61237,209.73116,254.75795,223.0964,181.02046,214.2055,220.5236,125.49115,132.18895,162.06828,20.600365,187.43228,173.34375,220.04655,239.07918,153.41185,103.78015,276.33807,138.16653,182.46298,237.44855,251.28671,226.00308,176.97163,226.54538,144.28952,179.76382,241.83435,111.42801,204.70644,178.58224,212.788,175.31522,167.7127,110.67842,236.85898,239.3481,192.35608,131.4337,152.41728,237.52693,238.31664,218.1589,194.96198,214.69653,124.72283,215.5395,230.61603,150.72836,160.85605,211.82193,232.12524,228.41618,211.66104,217.07126,223.06566,243.00381,183.07156,244.71597,199.47523,221.28137,197.5285,215.01392,204.62442,162.87311,148.6507,235.31947,260.8307,125.98511,265.10947,244.64421,141.7738,255.20584,137.71419,194.17108,269.18372,115.04204,215.51775,197.29617,110.07019,219.18565,198.90599,238.22198,137.87727,193.60754,145.31177,189.85513,121.06062,130.43623,196.62616,179.43015,166.27838,144.72162,232.99776,148.92963,179.88553,264.67456,214.0839,211.67955,169.64948,184.01653,237.9721,233.75952,82.17909,247.66904,253.3893,227.9888,216.86188,219.1424,192.91653,80.89069,216.44864,178.53903,203.51959,182.93726,230.53888,135.15588,177.3457,130.84512,208.57489,201.69006,136.83029,184.2206,198.01697,146.47447,209.98232,248.55124,149.65215,283.12628,140.0588,252.97435,179.81534,257.41403,209.9141
2385,119.79819,107.82371,204.06815,205.655,174.99121,70.920296,168.17847,150.31937,230.83066,153.22964,117.1727,162.15974,173.88452,96.008026,167.97882,184.68924,125.85901,170.40097,114.89114,116.35672,79.99696,189.70421,112.236084,246.65544,185.44673,145.86972,187.88591,113.77327,223.97084,134.86462,103.90175,112.94194,167.21819,226.62775,196.07219,125.78722,193.70856,153.70766,72.90231,76.04732,124.87848,30.919447,139.66995,144.66083,159.31815,179.9204,177.18073,66.30663,230.1601,129.05635,126.39132,179.1292,196.39026,150.68497,124.53374,169.87222,126.29409,146.32782,207.8096,93.31598,160.30438,116.680046,161.60355,118.262794,130.05547,58.96678,189.57382,203.99084,141.14468,116.956924,126.14292,191.95154,180.18085,146.96259,115.04712,162.40985,80.56906,158.5568,154.92886,97.34944,142.68182,212.41954,194.28146,181.64522,155.84744,210.60315,153.26202,191.386,120.51346,176.57196,172.6158,199.312,157.57854,152.20772,131.05466,86.99383,109.42075,237.3866,249.64365,114.77217,204.7735,190.09903,115.47461,226.8218,121.39957,126.59093,239.31104,80.54076,151.47206,121.89131,69.08416,152.30553,136.00139,191.79965,170.77975,146.3112,111.41737,170.39873,101.08934,97.98814,149.23206,174.65887,153.55853,131.39873,191.20946,93.86439,127.690834,214.16687,182.64217,142.77649,89.472244,116.65213,168.51682,172.79135,90.201096,192.00327,205.22816,203.67473,152.30624,157.45416,145.68814,73.55415,220.66132,126.809494,220.17418,120.072105,174.78287,122.960976,109.93071,71.0466,153.9358,138.09586,95.77351,134.0159,127.60523,95.14003,148.54305,199.7783,107.13909,264.84167,111.20766,216.51213,110.32952,243.60776,146.54436
2386,163.1736,127.96045,165.65598,243.57143,241.03056,107.721535,253.1571,238.30754,265.77472,212.3406,118.10797,230.49586,234.41068,172.60072,235.0211,254.64212,217.52368,240.9921,142.45326,146.96585,206.63441,227.16765,228.03308,271.3334,257.73016,150.8728,146.8338,230.57487,261.07343,187.3177,195.44798,215.5687,225.41794,248.84149,235.32184,214.56635,203.5361,237.02733,215.69362,181.047,186.38962,41.89126,214.60963,195.0186,238.47263,249.05627,105.8706,146.039,267.74506,143.19003,216.38046,242.17035,254.75616,243.29376,233.80844,243.63182,171.58609,209.98732,233.5581,128.1452,216.60281,207.21971,245.7479,199.27719,186.51175,181.15132,243.99498,236.48697,225.95828,135.25871,216.50275,241.74043,252.50673,242.1348,235.12039,226.16406,153.50876,233.6807,247.10242,201.24162,174.9983,217.91681,224.59605,243.72508,235.91464,211.26175,236.827,247.94312,220.16869,261.72052,232.56995,240.7078,210.50212,229.11519,231.3873,222.38124,166.564,228.29738,234.13953,130.87299,264.40707,254.78604,221.46274,246.13007,157.95343,229.72238,256.49802,141.07707,237.1564,242.9191,140.35254,244.03003,214.75851,238.05716,86.10535,244.18521,161.80377,184.13312,146.36899,175.76544,240.31708,168.20502,157.67635,159.09428,232.29218,179.14091,205.67416,259.69043,225.17226,236.28271,229.88077,227.29088,247.85793,244.79895,70.77687,250.46239,259.51645,223.11804,246.05392,249.76562,240.9019,90.99255,177.57784,224.79236,176.15417,234.78912,233.03343,137.05208,234.77573,224.98624,216.37543,230.80405,133.86377,210.00534,235.60178,221.16525,232.298,249.59943,146.33539,267.30704,156.69235,245.15962,227.56572,235.2677,235.23135
2387,134.92368,127.646515,164.95851,246.97086,239.06476,102.661575,237.39565,200.9939,263.09976,204.19345,124.141556,210.62155,224.40205,168.41113,237.9804,261.84906,188.60135,239.62866,121.499596,144.79144,194.24873,234.75099,226.41833,276.58057,257.30307,141.18388,155.57504,199.61377,271.03802,191.51254,172.51978,151.47235,224.63565,245.23828,185.94606,188.94241,191.2023,242.54813,153.0254,166.36856,139.7153,57.26387,180.22707,175.1209,227.49594,250.5952,121.0411,97.09836,277.75934,129.2243,218.30359,246.51746,263.60806,237.93428,198.13467,236.87108,127.27933,156.72708,228.31453,109.59135,193.34676,182.45653,224.67444,183.11792,164.15807,113.33714,235.80042,237.54135,197.2673,136.0017,172.50812,241.12878,248.21582,244.49591,198.13367,210.0492,132.21826,228.92757,248.33086,164.24281,140.2625,170.15564,233.8959,235.62674,191.0303,189.2533,241.651,256.92743,202.58945,265.5066,172.06499,203.59694,186.7992,215.48688,233.19919,189.54456,154.49504,215.82428,236.80771,131.81636,269.68848,248.00603,188.22263,253.09442,136.6326,222.89915,259.89536,118.15646,226.5862,220.17128,122.78184,225.5554,194.71053,235.82237,101.07015,207.54636,146.31998,168.30267,118.99373,137.42227,200.9862,171.44412,147.16016,126.17672,207.64587,160.22714,166.74191,259.7929,225.0812,229.67871,200.29741,203.73776,250.40697,252.53514,85.00861,255.15018,262.77612,207.02887,219.97977,204.91907,213.57298,103.91539,182.50758,173.2084,170.85257,186.59042,238.9638,132.39824,182.43951,149.55722,219.75421,214.32779,123.59961,188.18207,225.08922,181.10938,213.68997,249.03943,138.7537,272.46472,159.82321,250.82986,202.04376,242.33893,227.20978
2390,180.36821,167.49942,180.55576,222.66833,223.63617,148.50742,233.88812,232.91055,232.82355,203.22919,148.3734,223.54553,204.38405,176.0025,210.82164,226.91653,185.7916,221.2865,174.57785,161.5343,186.99113,201.2558,216.24478,239.46915,226.66605,179.92514,148.25928,194.2403,233.9896,177.16544,188.8201,209.25995,210.4816,212.09508,217.84431,199.10857,204.51395,212.89612,173.7184,163.13898,204.62772,63.029953,210.3739,193.17206,218.86139,216.48419,126.4104,180.03848,237.65512,167.58011,206.93121,212.58316,232.25134,212.91882,205.6899,216.52524,194.53711,203.08199,219.02074,161.12964,212.14902,189.78662,209.50232,191.92514,191.0273,171.32115,224.94966,212.83105,204.8421,163.57468,184.31317,218.13461,225.78238,220.54337,215.86296,211.76208,171.18996,211.14401,225.17961,189.05887,188.76506,200.301,204.14572,213.79494,205.62988,184.06729,205.13971,226.26627,192.25226,233.98836,214.43884,194.54645,219.30466,208.27243,210.75711,209.97852,186.07635,202.19624,225.84096,155.69655,231.11456,229.54625,190.48637,222.06355,186.86926,215.47794,222.28476,172.44241,210.53485,216.61209,165.24974,228.05212,191.98587,222.60764,101.63443,209.2872,193.74695,201.04533,185.11826,190.24603,204.95578,172.4478,187.16486,181.91159,230.38821,165.89165,208.31319,226.78322,204.996,209.62424,205.57846,202.99689,214.70294,218.06839,109.64374,224.45065,229.31627,214.91031,227.45926,234.22432,205.8107,130.34567,165.15067,214.7442,170.4803,213.96768,202.68246,169.78769,205.05544,187.05197,186.88629,212.70287,133.82758,197.04205,216.79147,200.21933,200.25415,222.27304,198.51018,239.40355,165.82132,218.56088,195.06866,211.60526,205.17879
2391,183.66042,167.98401,176.24883,219.5025,197.0862,159.51517,207.45145,178.35329,270.65594,197.63469,182.61986,186.30551,238.33907,182.1457,218.54382,231.53754,221.91447,214.57782,183.09943,190.43054,187.47847,233.50278,168.45247,274.5562,231.97731,191.39053,207.34532,212.24792,250.7038,215.0778,201.7084,166.85739,214.15918,272.31503,199.87051,200.54956,207.49994,218.42839,211.31656,208.01625,148.20166,137.71573,191.95068,202.58652,200.1088,247.13516,182.29788,140.13223,265.63782,199.70172,194.40079,236.10739,230.76184,219.62445,214.46832,229.50037,159.55606,184.5662,219.88876,179.20312,203.29306,210.85432,235.20992,184.68906,205.67459,169.43854,210.87953,237.71248,213.11787,191.60992,239.4719,234.40898,231.73853,211.27686,180.82164,200.16492,184.73318,217.72128,197.0734,196.63266,182.60242,221.58047,221.54982,246.89066,204.6911,250.95706,231.31604,226.05016,221.5184,235.44855,189.72961,261.7093,154.37582,197.90375,196.85738,176.60703,166.88623,256.4389,231.3508,196.82631,251.86746,228.52261,241.14378,251.94122,189.05267,189.72256,277.41602,168.64072,217.4017,197.6199,175.15665,195.35278,216.22638,205.67921,186.68698,224.53094,148.91286,169.53802,161.40146,164.78595,238.6753,180.5149,149.44202,183.64502,182.93762,214.60495,172.9723,241.52904,245.51193,205.7938,198.47095,209.14859,233.70453,232.81091,143.84944,224.84198,249.34781,197.47751,199.50424,185.50723,232.08688,159.91382,258.38818,176.50612,234.21872,188.24364,241.69641,183.49268,204.70149,195.74149,231.20364,206.50948,193.60869,217.86075,203.49716,194.6813,216.85266,229.94489,73.49436,283.2359,192.6842,252.38501,212.92545,265.73248,235.22961
2393,98.83717,93.50421,185.14713,234.12868,221.88992,60.976753,208.83594,180.84088,239.66257,171.77158,93.79379,191.01459,186.5914,116.33373,201.94263,228.36806,135.91711,206.58516,85.63754,102.70621,122.52313,207.5538,183.0163,260.0681,225.66489,116.46282,147.91037,142.84232,252.63469,136.87051,115.82501,120.59016,191.12605,226.0784,190.79587,144.84969,176.03119,196.6236,80.99048,86.92224,122.25718,21.29584,145.88278,139.56357,197.41614,208.4877,123.92645,57.89833,255.10645,93.80528,167.5307,209.77533,237.16006,193.40721,146.4683,196.73181,105.412155,136.86691,218.38593,68.23223,162.50084,127.94834,185.06601,140.81438,121.31253,58.436584,219.42772,216.93887,154.87558,95.6525,114.8186,211.73424,212.44504,197.72763,153.07124,183.71362,79.95911,189.01373,215.3624,110.39765,114.870056,176.80852,215.95871,195.64342,167.00296,177.15605,188.96112,230.3388,141.9123,223.05249,170.70587,182.42308,186.5172,184.99274,185.4606,128.60356,115.07407,213.1912,251.39307,87.18358,239.45963,220.96811,120.334404,236.01703,97.05052,176.76086,242.81648,72.29228,182.92804,169.6687,69.458084,194.41019,147.06837,221.90393,95.50148,164.68274,114.42809,156.11136,83.205414,98.99214,152.93286,157.8062,136.3883,95.71355,213.16673,86.53051,137.32162,241.80966,185.62437,187.78055,128.50798,146.06966,206.69748,210.1688,73.35681,230.73204,232.59578,207.89777,188.19495,187.9349,164.7561,66.237404,159.47218,142.88564,168.38278,144.143,198.35289,102.60206,127.802925,84.44418,170.96912,167.50577,66.69565,138.73344,170.71973,121.49962,175.28938,227.0817,164.09175,264.4154,113.039474,227.86545,141.37265,232.51776,171.78572
2394,207.86293,183.78232,208.44203,259.66284,259.36023,173.85669,270.35492,268.06717,281.0844,230.84026,167.05696,255.84567,254.37,201.34093,250.90817,272.76447,246.10403,258.427,200.02234,186.80725,231.78049,244.47711,240.74225,286.89264,272.7602,196.08241,161.41669,258.1839,276.7576,208.92284,227.31772,255.1085,241.04745,269.1357,266.38992,242.43797,232.6617,256.2346,252.62152,219.37134,236.3689,89.121056,246.72949,222.57367,253.03162,271.03204,129.28047,214.11414,284.79022,190.41484,234.56738,262.11917,269.84866,261.05322,259.4058,261.4298,225.32716,247.39325,252.9312,185.69043,244.8837,232.62909,266.75128,222.85146,220.91365,234.41776,261.08594,250.8023,249.8851,181.78447,249.83005,256.0912,267.6969,258.9308,261.60883,243.41031,205.11395,249.76993,259.38205,238.87457,220.02197,245.57245,240.60161,262.49088,259.71198,227.8313,260.985,263.6526,248.41963,278.58624,266.41803,265.7116,243.36386,244.28903,249.00925,246.19106,204.79935,242.75728,263.9044,173.38686,282.85794,269.23346,254.24832,259.8377,211.2525,243.61531,275.95334,202.44725,254.52982,259.39218,195.37154,262.3542,238.43604,257.4356,100.65117,266.84274,207.69223,222.06601,208.60547,217.65541,265.62396,193.98463,203.82034,209.65671,266.3672,210.78963,241.00688,276.07117,245.67581,251.43655,255.13101,251.62811,267.2411,263.88208,130.17035,264.36487,274.97205,251.6087,265.69043,278.7932,265.25388,149.729,189.80566,257.0757,188.31793,262.7099,259.60757,188.61119,262.78027,265.0354,242.71837,250.00189,156.75858,242.1243,253.22382,249.89357,252.73729,265.57297,197.2929,282.71936,190.142,261.11856,254.84036,250.11455,260.1615
2395,210.91159,175.06967,203.3251,256.28506,260.19754,158.99498,269.0636,265.02338,275.40695,226.93993,153.78734,253.60185,245.28503,195.12903,249.14258,275.679,236.83081,256.36945,196.28539,180.11783,230.48291,239.63336,257.01144,281.26425,271.5867,191.00665,168.94336,246.14836,274.07275,227.3989,214.98088,241.20892,236.18283,265.0672,254.07834,230.70792,229.97856,259.45944,219.51596,208.23695,227.12915,56.941994,240.80563,210.83565,251.91254,267.62,137.3908,198.12245,281.00073,186.82494,235.92236,260.3489,271.91995,261.8676,240.68887,256.20065,210.05402,233.37415,250.00351,177.4283,240.03973,229.86328,253.38641,218.63019,214.83835,208.03412,258.49573,243.93701,238.67584,176.08766,219.80754,250.99391,263.79016,264.56036,259.15326,238.23553,193.20917,245.84065,267.1032,219.89716,211.26083,236.68295,236.52757,255.2429,250.52692,230.78667,261.84662,265.0538,237.59294,281.8429,247.76927,255.49118,244.0391,241.82047,256.15485,241.88757,200.14517,239.78625,257.61188,170.2065,281.97812,265.0219,216.31758,253.48795,203.40019,247.36862,273.5138,192.5541,251.57074,257.32248,186.34561,261.88855,237.45923,253.92429,122.93132,246.6511,205.32303,217.38086,196.07863,200.99094,251.46774,183.66808,201.15028,204.19896,262.9881,219.28577,234.66823,270.92923,235.68213,251.35567,249.0734,242.52252,266.78827,264.81738,116.56099,263.36774,271.25,245.10486,261.9408,272.09238,246.08115,137.21375,218.22794,243.62068,199.18033,250.83923,256.98602,181.55096,250.50204,229.5368,239.54109,245.79355,186.16763,232.49252,252.5791,228.23195,244.5626,261.46472,217.18005,278.0547,182.67981,259.68063,242.55034,249.39595,254.1384
2397,211.6984,165.55865,155.65945,237.40372,228.18492,160.44162,248.47043,235.10373,276.78564,220.2291,161.87682,224.82326,250.05952,195.62605,244.48595,267.15106,243.66803,242.02765,187.81824,187.98395,230.1419,240.80515,226.35187,281.5501,265.6374,190.57832,176.75739,252.0505,270.43665,230.51407,224.88446,231.4063,235.11703,264.74152,237.76645,229.1397,206.94897,254.74736,229.03537,216.40643,195.40723,73.449356,228.46957,218.82413,237.32208,268.07758,138.5939,193.09846,280.32004,193.52463,227.20703,258.88507,263.398,259.97327,241.36844,256.68945,195.47137,225.71622,229.48221,186.92117,230.88354,238.76392,256.94696,218.0339,222.84865,212.60118,234.46693,245.90625,244.29166,184.57407,230.82428,252.28241,260.82977,256.4215,249.8317,232.7202,202.3411,243.95709,245.59631,226.19122,206.56416,227.86525,234.02203,259.80997,245.93399,233.10446,262.02722,256.54745,244.47723,274.97485,225.46909,255.08513,183.37291,235.85571,243.27689,238.15929,186.24664,239.14603,224.51306,180.4916,278.83093,256.49335,228.58151,253.87454,195.92764,232.48334,272.0342,193.55574,249.6673,249.9558,191.49527,239.77054,244.51993,228.32768,136.70468,252.63678,165.70636,180.09142,187.18474,204.83887,257.97836,171.69771,149.54019,200.45389,214.60045,226.61615,222.27673,261.0705,242.67322,242.28018,250.72069,246.67093,265.40234,261.6699,111.09383,251.73233,269.61658,209.31615,244.87,242.34897,251.30855,141.49548,224.17407,232.938,205.47928,248.59659,255.78384,183.30324,254.20349,239.72525,241.73892,248.19691,194.93658,235.75868,248.0964,229.45322,245.60257,250.2373,98.893906,278.05374,189.75885,259.83847,246.75305,250.9784,258.2618
2398,179.36493,139.854,169.73572,223.65363,210.57233,123.77899,226.48468,217.97292,259.7373,198.8652,136.5918,212.3896,227.3884,167.12032,217.5444,233.83267,211.8151,220.50954,158.98978,161.76698,187.67297,220.28711,183.09773,264.70062,237.70358,169.63916,168.85072,211.40393,248.50664,199.74634,193.72697,205.15924,213.29283,245.14001,230.65294,201.55219,207.1577,220.27881,199.7587,182.95601,181.5045,65.10554,206.38068,197.6579,213.45947,239.1588,144.60239,155.52971,259.51035,164.39343,194.94785,232.55606,235.59958,223.76965,211.80466,231.27211,178.69888,209.63559,222.00314,147.84705,213.84001,206.14992,229.61182,189.5343,194.03946,175.0197,219.02802,229.19469,217.35283,153.50563,213.56589,232.80206,235.87091,218.59055,215.10724,212.22922,163.67078,218.06732,212.16667,192.69087,185.59998,229.21332,212.93431,236.44139,222.35999,221.78699,227.4649,228.7579,212.03241,240.29965,219.40323,235.70822,179.3682,209.75171,202.88498,198.60931,161.48041,232.2289,230.98982,155.47227,251.31479,236.57034,213.61737,240.82794,171.38794,198.5221,253.63527,150.22386,219.52534,211.15744,150.50294,216.06662,213.86794,218.38391,136.38171,225.63571,153.02145,182.34267,158.61569,177.207,232.17902,166.23703,155.45769,177.18451,214.65073,194.40726,197.16519,243.71292,225.0678,209.26797,206.86606,211.09682,232.72517,230.45374,91.53839,229.67368,246.72177,210.03377,220.66364,224.91226,225.79153,108.91633,217.3409,209.40182,203.89996,216.23215,227.50848,152.90659,217.57196,202.54414,214.02493,218.5926,166.76576,207.90096,213.6421,200.61882,213.81107,233.32787,100.13609,265.3941,167.83078,239.36806,207.54973,240.28735,225.28403
2399,209.06345,179.58978,204.36389,259.26813,255.23227,156.96814,264.3282,252.40927,283.9966,228.79764,165.21143,247.97617,252.03555,194.51096,246.79791,264.9902,238.78802,254.84087,202.04797,185.4887,218.3726,243.07114,229.7463,288.02374,267.9594,197.67017,173.54088,243.4798,273.20224,220.39264,217.35683,230.03653,236.02982,272.23285,250.51566,235.0461,239.55511,246.84961,228.40646,212.81613,219.41669,68.90228,242.32669,214.65561,248.08594,266.6173,143.15034,186.18808,281.43683,196.05653,225.20447,256.33237,263.2342,252.79489,250.06453,256.11743,207.80864,230.80827,256.5738,178.71231,243.06525,227.93018,258.4629,214.35493,218.99994,210.2214,260.8084,250.14607,239.28851,182.66019,240.24707,253.80183,263.68863,248.29555,240.15387,237.43515,194.86525,245.09076,250.91364,224.82112,213.18411,240.7002,236.78326,261.88626,249.69421,241.14726,252.26193,256.85608,237.60971,271.55457,248.3414,267.07248,238.73987,237.26222,238.76413,224.85095,201.00758,249.95325,263.23358,179.04224,277.95767,266.42023,235.49168,261.72064,210.5875,235.22592,278.68628,190.38048,250.39784,248.18404,186.03825,255.06104,234.47586,254.34766,127.74684,252.92798,204.08322,220.67174,192.9088,194.58577,259.54153,191.6242,203.96553,208.18271,259.31503,220.12042,229.72021,275.17047,245.8844,245.56497,240.45206,240.33823,261.2216,257.39148,117.36785,261.2282,273.3354,251.24318,257.4157,262.98572,254.06277,137.65944,222.73383,234.94363,208.14137,239.65323,253.29182,186.97,248.6246,231.57527,237.18031,237.25018,182.07687,240.71925,242.22736,228.39058,247.07639,264.74396,185.5664,285.79434,185.17657,263.20898,242.8508,257.2641,253.86069
2400,211.34756,162.7135,144.83899,230.1584,218.41602,164.39978,240.04639,225.50806,274.94238,216.01523,162.55252,217.70401,249.59714,198.54471,241.90271,261.65057,247.46713,236.37799,187.99173,189.77919,230.7337,240.36197,216.78302,280.49652,262.86722,185.77225,175.97423,253.55826,267.826,232.326,229.36496,226.98157,234.91457,265.8455,229.59772,227.44797,196.92188,251.08734,247.88019,225.63034,183.96329,83.69757,223.03928,220.05872,230.59567,267.52258,135.12617,194.07077,279.3275,195.99774,226.74408,258.39307,259.12424,256.34827,243.5705,257.09656,189.212,219.35394,220.30911,192.42178,224.74268,241.67282,259.22437,217.2136,224.19814,222.27121,224.77335,246.26253,245.26166,186.55103,244.48315,250.06451,257.38782,251.13116,246.44406,229.09856,208.97333,242.16037,237.64963,230.67375,201.95316,223.44077,231.11946,259.51816,241.20578,238.50836,260.72534,252.44165,248.22357,270.19656,217.60825,263.86926,168.19354,231.31615,237.9771,238.54602,182.47755,237.77283,215.13663,186.39207,276.42313,250.82605,247.30157,250.95065,196.46405,228.00812,273.0682,196.26959,245.7868,246.5162,198.91452,231.44386,245.10379,221.20682,144.53358,256.58295,157.57152,168.56754,186.22891,208.50363,264.76862,166.2767,136.62697,199.96834,201.57567,240.06052,215.6583,256.31772,243.76308,237.70743,252.37173,248.19986,263.4273,259.3122,104.595566,246.95337,267.68005,197.69054,237.2862,232.1883,257.41986,144.66711,240.2641,229.23769,206.83037,246.8922,255.26208,181.53363,257.1685,251.02321,241.41586,248.32013,211.85835,234.8182,247.73985,238.10785,244.26129,245.35547,79.92572,277.2345,192.97443,256.4159,249.26247,249.65668,259.01868
2402,224.39319,168.15607,168.91762,235.92188,222.55939,171.46341,244.11485,235.06163,283.79346,217.98991,171.61447,224.63885,257.615,194.83951,242.95207,261.69882,255.74948,239.01001,201.4934,194.8103,226.49469,245.12973,209.6878,287.0929,264.74255,198.0923,189.86899,260.00836,270.46652,233.23788,230.36505,241.5607,236.15129,276.51505,253.81812,233.32217,214.65385,250.58388,253.61844,224.09636,203.26036,87.29568,232.93073,224.76642,232.6583,271.53638,155.74875,207.56573,283.36267,207.77112,221.82474,261.9165,259.11108,257.92105,249.9975,259.8443,208.01477,238.55199,233.54797,203.10394,233.64261,247.34544,266.16635,217.54285,231.05463,238.05544,232.4525,251.51877,250.66093,192.6462,254.42744,254.29735,260.2625,248.33203,249.0383,233.14337,212.91275,243.85544,234.63617,235.40952,220.15324,253.67932,234.8786,265.65402,259.24515,256.3553,262.75732,252.91893,252.30167,269.14722,246.19742,281.65906,182.29024,234.05356,234.1297,234.40561,183.94829,256.44495,233.23752,191.07462,279.24564,255.79674,245.9114,258.41818,204.61496,224.0943,281.4308,204.28839,248.29779,245.47812,201.3587,234.46722,251.09402,227.3692,157.71695,265.22125,163.09416,183.81142,194.40901,211.64987,274.5359,176.87827,152.6651,217.0315,218.39674,240.26877,225.19739,263.57947,249.64912,238.38231,249.98642,249.86516,264.8294,259.78802,121.35457,248.84604,270.77286,215.98672,242.86008,246.00912,262.0985,152.1015,247.33557,239.93387,224.67647,254.2117,260.8159,191.13315,265.88165,261.61133,247.90932,249.01828,211.6334,242.40468,244.43854,236.54236,251.28445,250.65363,84.892296,287.1405,194.9993,263.1129,252.57779,261.67532,262.50714
2403,113.33154,149.42648,182.97742,243.44736,240.95206,117.3268,227.70135,188.3948,241.73782,202.66794,144.1696,204.4137,207.00671,179.77151,230.82071,258.05072,159.75124,234.5765,122.71548,157.41397,186.77884,225.63445,238.0484,263.7991,246.89594,149.048,146.84952,176.53781,262.6209,165.44542,162.41356,122.497826,219.03403,225.40176,157.8819,180.8318,185.81366,237.67683,121.02164,150.64767,135.9783,65.24205,163.15683,168.60135,219.64413,237.90189,116.36827,81.03269,267.60406,126.32393,221.45712,236.32535,260.73578,223.28152,179.93138,222.31786,118.19063,130.47714,218.8465,107.499054,176.8646,157.48875,206.65448,180.08777,153.81464,81.76239,229.99004,224.97609,176.6301,150.39381,145.26651,225.8334,234.9131,242.38907,177.84702,197.54813,132.86516,219.52582,249.36894,150.99365,125.6673,136.33002,227.2587,214.81906,158.32541,154.75882,230.9503,255.01128,185.31566,260.23724,149.49194,167.8652,201.68748,203.51875,235.18027,177.14719,173.925,191.89374,240.71344,139.51828,258.2442,234.61072,173.96991,239.3565,138.97855,223.81346,243.2109,123.21355,210.65405,206.69577,127.78107,217.59319,166.42569,233.01086,74.71931,186.17433,171.12341,178.29474,124.74836,131.05382,166.45174,183.98497,172.53778,107.70337,207.47696,125.91872,151.78656,246.89685,213.39517,224.4266,180.05595,186.49683,238.50105,247.04726,105.87295,249.50674,250.39386,203.66902,206.25916,188.2109,192.96835,122.1416,138.05481,152.4752,140.14365,162.00421,229.57912,144.90715,147.30103,116.86815,204.21747,197.46704,85.48143,171.97652,216.19307,168.80684,196.84814,238.64145,195.23927,257.82187,168.97025,233.3129,184.57816,223.22049,210.17851
2405,213.34021,182.22464,193.48958,241.10294,225.76648,178.7464,237.4406,215.25136,283.22827,219.43237,186.37474,219.01337,256.5134,203.33363,241.31183,256.17657,245.99509,241.03842,207.72566,201.73238,223.05252,247.9574,203.30388,287.9386,259.9541,202.96172,203.86499,245.9254,268.05682,237.61026,225.57385,201.50311,234.06891,279.16367,226.57515,228.67398,225.35059,246.90468,239.55496,232.81827,183.41714,134.11768,220.10446,218.82697,228.3193,269.94766,187.01248,172.17114,281.97336,213.29552,222.0524,259.84543,254.591,250.1669,241.96375,254.6716,186.08418,210.67216,239.37515,198.37152,227.98259,237.88297,258.0392,212.78503,225.16783,203.84183,235.17392,252.71445,236.65117,202.42978,252.1171,252.2508,255.71864,242.79149,220.74556,225.55493,208.80957,241.39027,228.7919,223.98207,204.4891,237.80383,234.57043,263.94543,234.20126,258.66888,260.8681,248.48697,248.38054,263.77686,218.36322,274.25378,188.62303,224.96063,228.61574,213.33524,191.67456,261.80945,248.60574,204.5806,274.84155,252.57077,252.66602,262.06586,209.56128,221.01517,284.39453,197.14154,242.8043,231.40988,200.40363,226.95837,240.02803,230.30756,193.71869,250.05377,177.05057,193.1661,184.0109,189.91226,260.82477,190.32582,173.15707,206.61975,215.96432,245.87042,205.1288,264.13986,255.40582,236.22806,237.3585,239.73564,261.89987,258.11203,147.42578,249.16306,269.0727,222.30585,230.87595,222.71135,254.55035,168.25172,271.99524,209.62091,239.18265,221.83878,261.37228,196.71768,239.2112,228.91516,249.2272,235.43799,227.04193,241.93692,235.91168,222.25156,243.55978,252.49516,103.78519,290.35065,204.64688,263.0031,245.6435,268.60944,260.73676
2407,141.72491,140.98166,169.53728,234.21841,228.64343,117.81142,233.57199,211.92516,247.09787,200.7219,132.88464,213.91904,211.89627,170.68497,225.13687,248.55145,180.73657,228.13089,134.62186,151.84543,190.33838,219.10797,221.30078,261.349,244.37254,156.1026,153.90393,192.47354,255.31712,176.10107,174.35468,171.17877,218.29913,228.86139,201.90671,188.15587,190.24234,232.39835,157.177,156.47523,161.13187,60.071686,184.58556,182.49246,222.2216,235.46152,129.01527,125.18848,261.55713,138.5312,212.53128,233.35931,252.0651,225.99698,193.6315,227.66257,154.10345,174.94562,219.17064,123.863365,192.86916,177.61617,218.2636,186.20265,168.67532,129.71939,225.68568,223.92065,198.46283,142.71065,171.12256,229.4965,236.82599,236.2129,207.68175,207.66461,143.78485,219.5525,238.9555,169.06085,157.13885,187.44795,218.4791,221.15103,194.2207,182.04973,228.42137,245.17761,194.14124,254.03561,192.04996,196.5397,194.5548,211.514,224.7037,198.67645,163.5809,210.03435,232.22281,136.96611,254.99881,238.47307,191.50131,237.42667,151.5589,218.88054,242.27461,133.32225,215.10281,215.78592,136.22253,223.54024,187.9464,229.19586,99.0969,207.3392,157.64603,178.75488,143.10391,159.91826,195.58105,170.79659,158.50648,142.54807,215.48299,147.94768,177.42053,245.05653,210.30685,219.86136,195.29276,198.02997,235.68088,238.86554,95.48602,242.63463,248.35362,205.77164,219.60754,215.48111,208.40555,113.02432,163.37057,188.54158,169.92526,198.41089,221.76999,144.85153,184.49245,162.04163,201.9302,213.48119,117.61079,181.22803,221.25919,191.90671,203.16522,237.62689,150.96419,257.01166,161.1153,231.5379,193.31364,226.0909,213.19688
2408,130.22061,136.22354,192.2572,259.628,254.61423,99.61127,240.55562,212.24252,252.20093,213.12991,130.2651,228.51096,219.68277,168.86232,240.51454,262.4026,159.01454,249.626,113.049416,144.09473,171.47903,237.50064,228.80902,275.0495,260.0074,145.90588,149.32956,174.21338,274.93387,168.10515,160.28342,137.5169,228.88132,230.08018,176.81055,185.49466,199.51608,238.5917,87.676636,128.82407,148.13177,26.844831,174.8117,176.28848,231.9783,240.63666,116.24976,81.3773,280.64328,121.55122,216.76265,244.01915,267.7603,227.92941,167.02457,235.64774,118.13259,144.6371,234.47128,96.69196,198.82549,158.45773,198.4248,190.6541,158.98474,67.805115,240.88812,243.2761,185.69345,137.32867,120.61448,242.76562,247.37311,238.63385,198.51874,219.82016,122.1936,230.10504,253.58812,144.72913,132.5835,142.04163,241.33229,220.53008,171.47823,155.82147,232.65456,261.65042,180.66113,259.57062,155.55351,161.97327,204.19983,220.29918,229.68788,178.34145,167.58295,192.67409,253.49582,123.05519,266.88766,249.97473,136.99156,256.8612,128.22939,223.58609,251.45078,110.43454,217.86781,201.5323,106.33402,230.52255,179.4363,253.64125,76.898056,177.46341,166.6641,190.3213,116.54808,131.26987,159.33487,192.0296,171.49704,109.39462,226.09645,111.820175,166.03462,264.57123,221.63037,227.73004,171.37305,185.27803,246.24022,251.33553,88.59384,262.89954,258.6881,216.09344,217.98036,204.94775,177.88307,96.764725,148.70969,166.74832,143.16309,173.2445,234.89737,134.79688,145.31061,98.40686,208.76126,212.07027,82.60716,178.87553,219.20306,149.40723,202.39377,256.41803,185.82103,270.3435,159.037,244.54785,175.11081,237.84067,210.95569
2409,168.97119,134.93356,196.21841,253.33478,247.32637,102.30626,247.44235,225.96579,270.93018,213.17902,125.6069,228.51384,230.92537,166.92421,235.2579,256.75684,201.34169,242.70517,149.98679,152.92145,184.826,233.43176,219.3277,279.2022,257.99957,161.2071,178.19621,206.08035,268.4103,206.98505,178.21118,184.08505,222.15092,257.3582,225.5502,202.25719,223.4201,233.62007,162.3735,164.21375,179.70404,30.99589,207.85577,185.42099,234.19633,247.81625,152.82526,125.661896,274.98627,151.08875,207.22269,242.82085,257.68002,236.60214,209.23283,237.35678,162.13734,191.93805,249.53265,124.69786,216.94473,195.92055,229.07721,191.38925,184.13013,145.82767,250.13196,240.62625,207.59659,143.9634,184.72214,242.49713,249.0979,235.00258,208.13828,222.03458,144.84299,228.91766,243.86276,177.47824,173.59485,221.60222,232.51166,240.4599,222.60376,228.74619,233.32318,251.0492,201.49422,258.82294,215.43149,236.33124,221.13017,223.51392,224.8417,188.22665,169.6595,242.11145,257.10706,141.01584,267.82867,253.73679,177.39134,255.51468,159.64923,218.91168,268.0645,133.91632,230.74161,221.70981,132.02612,236.48267,208.23001,244.7149,142.80688,215.17853,169.49387,199.1524,137.98691,149.7349,218.89793,183.25276,178.62576,161.35954,241.4142,180.25188,195.97919,266.54547,225.77802,230.18622,199.66248,206.32947,246.4407,245.31976,81.8474,254.49469,261.5946,237.17966,234.69838,234.06067,215.11603,93.3796,226.8822,195.36412,211.29984,201.19388,236.4151,144.60954,203.97565,164.50232,216.42143,214.02365,159.32594,204.66553,218.90462,178.99449,224.02737,254.86136,169.80121,280.16748,159.354,256.0198,204.79317,254.41638,226.01387
2410,187.1848,149.03943,184.56224,254.01393,242.94968,123.76678,249.30893,229.52228,279.93146,220.58585,145.57042,230.87708,245.26703,174.43535,243.1862,263.2481,214.38843,247.3113,159.65535,169.82117,193.42651,245.03839,214.0831,289.25772,266.70465,177.3175,181.23282,218.60304,277.43085,213.85333,194.14511,194.2617,231.83488,263.40787,227.08853,211.92926,222.90858,242.11589,161.6336,173.90921,181.01779,43.505714,213.00784,202.02695,237.91762,259.66287,147.74866,140.59332,286.89496,167.83572,210.31587,254.96072,263.65027,247.17035,209.24585,250.65042,166.57542,200.62286,247.51324,145.71936,227.63377,210.2666,235.0872,204.47256,200.11024,150.61864,246.31926,253.38016,222.39221,162.82542,185.32304,255.62067,259.04785,240.61307,223.90457,233.83186,163.68127,239.44452,243.92728,188.9414,184.99199,211.09103,241.49835,251.4216,228.92844,222.16577,246.4939,256.56366,216.08128,265.3646,208.07883,230.10513,197.79855,233.65788,227.57118,200.46265,177.25453,237.31358,251.45409,157.67221,278.32477,261.03726,177.62473,266.44208,169.03877,220.53148,276.22696,151.96387,239.77426,224.99107,148.3838,238.27219,225.60223,245.18317,135.73035,220.7319,167.9266,197.69804,153.44997,165.42654,223.46011,186.70087,173.32518,171.36865,230.99469,185.7665,204.0683,273.49603,239.56912,234.66156,208.55203,218.05592,258.3568,254.55136,97.23854,259.68723,270.1845,227.69843,237.81029,233.52051,219.43204,111.781906,220.25183,204.99075,203.60416,214.19029,249.25919,162.59232,210.84814,170.47783,230.54105,230.87991,164.56958,216.87558,228.64001,183.69696,233.02649,260.8321,126.73261,289.2329,171.82758,264.43927,213.30875,262.3736,239.35062
2411,114.550705,110.121254,192.23141,256.50098,252.12262,78.77464,242.73418,221.55612,251.88708,201.42374,105.92844,229.81339,218.14618,148.25334,235.06076,259.3708,165.02917,241.66756,91.10074,119.29889,168.185,233.16615,227.32352,275.78262,260.1012,127.027954,134.09978,183.73264,272.59674,146.84393,150.88034,154.40926,222.78827,233.35596,200.6802,180.94724,189.18805,235.27579,101.58783,115.391205,150.25822,13.873783,171.2139,169.0662,231.46497,241.28073,99.71091,81.82474,277.573,98.80734,206.78088,244.30093,265.2926,230.55164,170.81274,235.25002,122.25664,159.66235,229.4187,78.15578,189.64963,154.9939,210.24207,179.92348,143.98154,78.40997,239.65218,240.62947,190.14215,109.29724,124.66307,239.1666,245.58148,236.77898,209.94589,216.26291,103.18084,224.73254,253.67549,144.38266,129.05779,159.994,234.43118,218.72006,186.07137,157.33089,231.62111,257.70966,182.66125,258.02737,179.38391,174.0008,209.14044,219.44464,226.42888,182.99408,144.09842,196.57045,253.95917,93.13206,268.20508,249.7751,143.30042,251.04189,108.22194,218.84775,251.30933,90.90036,214.39429,207.86768,85.64187,231.43149,176.9566,251.06444,52.33397,192.8967,143.0511,178.00552,102.1584,132.64648,167.47954,172.77113,153.77592,102.01276,237.53476,95.93182,165.35944,265.95087,210.7731,226.30289,172.42915,186.12546,245.18481,245.8285,74.318825,260.41138,258.22693,220.64679,222.18542,221.84206,189.15326,72.66762,129.68341,182.50291,137.34471,189.23758,231.34132,113.76228,155.22607,118.32035,204.46286,212.21068,60.560715,166.62308,216.56691,161.37909,206.22389,255.48125,190.71625,267.3973,135.08371,236.53348,179.94208,230.87607,209.02924
2412,132.60216,120.10517,138.2912,233.51503,232.1867,99.000885,235.76791,202.2861,248.25554,200.18329,111.857315,208.00899,217.0217,166.75333,234.02438,257.80292,189.68854,235.91547,113.85295,137.6383,204.3425,224.08057,240.61299,259.90912,252.8101,129.97943,135.24536,203.47595,259.46033,193.26053,174.57858,155.06136,221.0851,227.60672,171.28384,187.24792,175.09258,244.1441,155.6608,169.7326,136.42113,43.52365,178.53793,170.69034,225.42851,244.24037,93.32289,98.89435,266.02194,120.71245,223.26602,240.86911,258.8114,239.98718,196.21861,233.36052,120.69462,151.58282,210.99063,106.43065,190.42244,187.76952,217.14842,184.34737,160.89944,118.548386,225.1956,227.59674,196.95404,128.70044,163.26881,234.50587,244.48216,249.40036,207.68881,208.56674,132.65295,227.07343,252.37656,165.21599,131.93462,148.13768,221.89711,228.43,185.00522,170.27255,241.12657,251.73787,204.56198,264.87704,156.7323,187.02365,176.5878,214.41632,239.2177,202.99521,152.01138,192.37448,210.1325,123.20735,261.82907,241.53958,178.18524,238.2699,129.55249,229.30602,242.90472,118.135254,226.0293,226.71771,123.52307,226.6665,196.9621,226.57053,81.96228,202.19788,142.1254,155.50665,115.513535,138.26286,197.90437,156.69382,132.6535,118.45644,193.9858,167.0026,167.5577,245.19911,216.22235,229.41159,213.3916,208.4227,247.66931,249.82423,67.67616,247.63599,253.7894,187.24522,220.0424,202.0393,207.56787,94.19498,168.7178,174.66255,148.62848,191.17346,231.7795,122.96563,189.01402,155.45375,215.26572,219.50154,128.79822,185.75327,232.79544,182.99591,209.2742,237.94846,135.97343,251.85886,154.02411,236.6896,204.9143,221.11777,226.54462
2413,182.52298,137.64062,202.05647,247.4809,234.85895,110.59749,242.99341,236.76422,276.80884,208.55865,134.11374,232.00616,237.35037,153.05646,229.33795,249.96925,212.64218,233.98578,154.65692,157.17496,175.1743,235.88058,194.2533,285.2259,254.42206,174.06894,180.07385,212.78227,268.93475,196.77347,182.33777,210.90381,219.41727,266.53653,252.41486,202.88556,226.39282,226.85364,168.55136,158.91908,194.72037,31.801233,213.55618,198.54053,228.35196,251.04053,151.80069,148.99272,278.5614,161.12234,191.09235,245.77583,251.63547,234.8317,203.07791,240.31625,181.45338,218.34543,245.34796,138.16211,225.1357,201.30774,233.66345,191.82864,191.51413,157.86093,241.58037,245.69241,219.62894,149.30325,189.88734,246.17267,247.83188,224.02968,224.23282,226.85971,152.07874,226.18315,228.97687,183.2334,191.28247,239.11981,231.73186,243.98737,236.49974,231.53207,234.5764,243.78549,207.4506,250.55754,233.11264,245.49722,206.16516,224.51968,209.49182,191.36646,162.20819,246.77301,261.9861,144.57297,269.94754,252.94583,179.69873,259.5615,165.55826,201.94836,276.8094,142.05563,227.75351,214.164,135.8757,231.17162,219.15689,242.15918,134.2092,222.40396,159.72188,204.83215,153.91666,169.75793,227.02039,182.63924,178.61884,176.00629,246.07254,172.2534,206.65918,267.69617,228.14699,218.82042,195.09184,206.87405,245.45132,239.61005,90.485596,248.04126,261.433,238.2215,233.65506,244.80983,220.28694,93.97043,219.76096,216.37202,210.64752,219.72598,240.80206,153.64587,211.37106,180.0301,222.53163,221.20763,152.04399,206.59439,213.18927,183.1424,224.98691,253.92603,145.27545,287.26743,154.69972,257.3553,203.18097,260.7567,227.80801
2414,123.91916,128.39581,169.93683,238.38199,243.01163,106.31038,245.06837,235.14227,235.55533,205.5756,114.85508,234.17268,218.02917,179.10834,233.92607,258.7793,185.76028,240.59593,106.52906,139.34001,214.57639,221.95387,250.58517,256.19574,254.88367,134.15796,105.2899,211.11734,254.67441,156.78006,183.95157,184.73445,223.18561,217.5566,192.10445,199.79907,174.33229,247.48233,155.73853,165.30304,170.71167,35.999847,185.42114,185.89264,233.45364,245.27003,66.54784,125.73973,262.27075,108.294815,229.5329,243.6307,257.94046,239.07498,193.58624,239.03586,142.81036,173.1825,206.05966,102.30537,195.97212,177.8373,218.74197,200.1463,161.23329,122.80774,226.30225,225.0891,207.24786,125.612495,153.63547,230.22832,244.0752,253.07352,241.97034,216.17303,139.85956,229.32304,257.5431,178.08499,138.41212,143.51823,215.77808,218.7415,185.7395,135.80167,248.24554,250.74188,212.36765,265.64697,176.54405,166.26808,206.18555,221.47943,244.96826,228.95506,168.14946,172.01889,225.36069,109.49628,260.7122,242.23349,191.97871,228.44336,131.3694,237.4437,233.43076,122.86575,221.91357,231.13881,124.3186,239.04092,190.23584,238.95181,24.820557,210.81912,167.8341,179.31583,135.37338,171.10852,183.41782,161.78369,157.58609,111.38432,227.14328,129.18758,181.62793,248.13414,210.79623,233.80461,218.88847,214.20947,249.97887,251.09793,69.220276,249.51468,249.93211,202.00143,230.71451,230.68912,209.20895,89.05954,106.794106,208.28563,108.876724,220.45905,235.64824,123.22271,186.33968,174.55417,215.07602,231.1242,73.72078,183.67053,242.0318,207.94714,209.91342,242.46439,195.71896,241.87302,158.27841,219.08557,209.4884,203.79472,226.81044
2415,150.84357,136.31277,154.24957,231.61984,233.6978,122.14523,243.98978,235.72043,241.67719,205.22638,125.5833,226.3386,220.49165,178.1557,229.01328,253.50467,201.21371,235.52896,134.44118,148.18243,215.55867,217.61514,239.85205,254.31763,249.12701,147.92197,112.85714,222.19934,250.97073,166.82571,193.85648,207.41748,218.40555,222.04729,210.97424,206.89934,180.34953,240.67905,191.49446,180.32295,181.22037,50.15303,199.85548,190.75546,230.84732,243.01193,74.78026,153.16997,257.25116,134.80743,222.13654,237.71552,251.86737,238.80612,215.22507,236.18921,165.43503,195.2792,207.97528,129.2544,205.16666,193.46942,228.2073,198.62846,176.61667,162.79926,227.1709,222.86868,216.29008,139.19807,186.20834,229.98361,243.23184,247.95241,240.63243,216.50029,157.7205,227.02531,248.76688,194.99771,161.23358,171.56342,212.89902,226.75922,204.76808,158.38069,241.13968,244.73805,217.78563,261.21564,198.62466,189.83232,198.1041,220.02002,237.90504,229.83542,170.24295,186.9506,217.59705,127.60689,256.2178,241.86957,210.49318,228.02536,153.43097,230.85669,233.17946,144.70528,227.09105,237.43933,144.49246,237.4854,200.09332,229.14867,41.836716,226.07652,165.17773,174.8068,153.0939,181.73611,209.94984,157.83507,150.60373,144.6522,221.00748,155.25368,196.72995,244.14084,214.32181,230.83156,231.35599,223.10515,245.13536,245.24878,80.52605,242.41016,248.94196,202.5379,235.1756,237.8315,225.58902,102.24882,123.54404,219.91481,126.47139,230.45467,231.12982,138.06685,213.19,209.0767,212.45386,230.15828,98.63255,199.2453,238.14531,217.85907,216.80002,237.71327,159.35724,243.1043,160.6158,224.24127,221.1764,206.74156,230.31549
2417,160.35571,161.03857,206.1266,258.3754,258.1947,128.71564,253.51611,240.6713,252.81175,223.00145,149.45636,244.80504,224.21957,181.47003,240.06616,260.40704,174.31735,251.724,146.96014,161.60117,185.94736,231.90225,240.31186,271.68817,260.4014,174.95224,152.94308,190.55322,269.0861,173.22781,178.36574,178.50473,232.4568,229.10817,211.39642,203.33698,216.39993,239.5636,115.12906,140.79434,190.60283,37.021805,200.48708,194.5838,241.49704,240.57663,125.58771,129.71062,273.2868,148.2554,223.14236,242.06882,265.35303,233.07506,187.62885,240.68205,161.9448,181.66846,242.55731,130.29993,216.72726,175.03046,211.0468,204.55164,180.52145,110.71748,248.57288,241.94832,203.64528,160.22925,143.62064,243.51364,250.69904,243.04648,220.83371,230.51627,148.0854,233.42535,256.53552,170.32947,167.30052,176.99954,234.70097,225.01419,197.6404,170.81123,231.48026,258.7777,192.27222,261.6969,196.02603,175.65207,234.40814,229.67601,235.2847,202.17725,191.88379,202.18542,256.96198,140.57722,263.90784,254.75569,155.51128,251.70645,159.43573,234.06758,246.40323,146.40872,224.00266,218.37245,134.98611,245.49742,191.07422,255.5817,83.70878,198.12015,196.60439,215.25845,155.01952,165.1614,179.22917,194.1426,200.5675,145.8147,251.96999,130.31494,196.55403,263.29245,222.76321,233.73792,191.4815,200.8244,245.10764,248.8951,106.19336,260.30737,257.6629,234.41101,236.89502,236.45224,192.68036,117.281,150.5542,200.47012,157.78719,202.525,230.76721,161.66217,174.23592,134.31046,205.04684,223.88434,98.9572,194.37836,229.22623,176.06325,213.13153,256.64508,214.53824,267.46338,169.53629,239.79355,190.53549,234.22815,216.75084
2418,195.0053,171.99472,198.1202,263.4453,264.82428,147.10043,273.1665,262.2126,276.30823,235.29474,156.58812,256.08197,249.5044,200.29018,255.08313,277.4474,224.28607,263.91943,176.89249,179.79941,228.47726,244.88065,256.24942,285.5832,276.69208,188.2095,161.39331,238.35391,278.95535,211.34538,214.90192,223.97073,243.61171,257.15427,239.16777,233.39923,229.34622,261.3919,186.98724,194.45511,214.97845,51.97861,233.60028,215.01248,257.98898,267.79395,126.19693,173.14545,286.0036,174.41116,239.43956,262.45605,275.68835,262.70554,232.12967,261.54752,192.28555,219.25691,253.55658,161.04471,240.81674,221.18576,247.64175,224.69624,211.43033,177.56879,262.35333,251.62596,238.01169,174.79272,198.00043,258.89017,270.49695,265.90402,255.85822,245.73817,184.99863,252.75504,269.81152,214.0682,197.7325,209.94498,241.61655,255.30852,239.61212,206.47685,261.04288,268.6662,234.04846,284.1975,229.15968,224.33249,238.43489,248.38708,256.70898,240.54858,203.43166,227.39993,258.01675,162.00043,284.02243,272.0827,202.94058,261.58945,188.99089,252.11137,269.2143,177.67351,253.96149,254.95702,172.74535,265.6895,231.5256,260.31808,97.984985,238.30554,203.75938,217.91034,182.26831,194.858,231.77194,188.50706,198.1484,181.06982,259.15173,189.70555,228.05986,277.43433,241.87555,255.66669,242.26183,240.89049,269.38937,267.9451,107.217926,270.02686,275.79208,243.7091,263.26465,265.00647,235.728,127.98623,183.01364,235.2904,179.93015,243.47916,255.4337,176.63376,232.36101,203.10562,236.45476,250.08176,149.75851,230.1275,256.40945,220.21637,244.28188,268.68384,192.9384,280.42612,185.60861,259.7511,236.16472,249.05873,252.78212
2419,155.2045,166.83163,204.81723,260.83344,265.73788,135.74399,257.14423,240.09769,253.87917,225.94304,155.12291,248.21559,230.64117,193.23279,250.57852,275.45178,183.73625,260.04227,138.90636,169.35513,208.46796,240.06561,259.36636,274.92026,272.45148,171.85028,150.10495,203.10486,276.54022,186.45808,185.99738,170.44994,239.2752,233.91615,199.17586,207.04611,209.98706,259.62683,122.15245,156.96664,181.75592,48.735985,195.0183,195.40652,246.27414,255.25879,122.7191,120.01294,283.86923,141.69604,238.61758,257.9262,277.0932,248.90186,187.07306,250.58896,147.87303,171.0145,239.18369,128.09723,214.09364,184.1998,217.05151,214.14117,180.81853,105.02375,247.04295,244.4602,206.61433,165.15817,142.281,248.59732,258.50903,262.08713,233.26883,232.96315,153.69763,242.71574,272.3164,172.61432,155.36368,161.85452,240.45314,229.78062,193.72731,163.39583,255.58093,269.8801,207.82758,277.8109,181.83797,173.75153,228.86348,236.43755,254.60887,215.73898,196.7203,195.23871,257.1278,144.23761,277.69266,258.60175,161.82156,253.07852,153.05347,246.5495,253.1101,147.46483,232.01315,227.84988,140.00438,250.00058,200.94821,260.20856,77.781555,199.65228,199.13632,211.68863,151.35428,163.00127,179.71576,191.578,198.87933,131.31242,247.30124,141.32326,191.58023,269.40778,227.2362,245.83125,205.26651,211.23547,262.76263,266.01483,112.35422,269.60815,264.69586,226.20044,238.14355,232.74554,197.82533,126.51042,148.7405,196.11491,147.18872,205.0492,248.93658,164.36252,175.58383,137.59799,224.17429,235.42017,107.34496,195.65501,244.76842,183.00877,218.6838,261.78653,222.72733,267.98578,180.33914,243.13876,202.36911,236.12268,231.2005
2420,151.94797,132.06508,161.3698,235.51619,217.36772,103.15181,212.98785,165.04077,272.69852,196.74704,139.59521,178.23715,228.4458,166.3259,228.45203,256.33765,204.31143,221.99307,146.54443,166.43816,181.86034,239.30856,195.93555,283.14337,248.502,154.84955,190.26128,206.22952,269.66925,215.77324,171.57983,133.46423,210.88539,270.5177,176.95087,186.04822,197.06747,231.69702,175.53345,182.80371,119.73798,60.429287,173.93886,170.38925,207.91707,254.23901,154.77234,86.91139,278.549,157.28,197.70058,244.4498,253.00743,233.00941,206.90302,225.82144,120.85787,148.76996,226.42453,130.82965,184.48726,194.44815,234.46478,170.2048,174.81891,130.18677,226.76764,237.33813,190.84143,156.48532,198.18616,233.40216,236.5097,230.60635,163.31601,194.93372,146.44778,217.98512,223.90302,166.89397,148.99586,187.57709,235.12708,243.30359,194.6696,235.51569,238.6725,247.4188,204.79767,255.65692,168.18568,248.56291,162.84274,199.9343,217.51196,155.63074,154.42026,244.14532,232.79825,160.21606,269.1191,234.52898,192.26712,253.24202,151.05493,197.59256,279.25354,130.98404,222.39438,205.93301,139.75879,198.62146,200.86536,211.34802,159.2439,212.70807,133.4254,153.81674,114.68712,119.20076,221.5477,178.41824,141.88165,144.1242,180.67691,195.42104,155.31046,255.34395,231.0776,220.26932,189.24756,198.95677,246.86115,246.72438,89.681,241.93991,260.65637,199.20312,198.76016,178.15802,222.37988,109.40822,242.9343,149.0415,211.12778,164.37314,247.80075,145.57564,188.16089,156.7987,228.62259,192.6169,171.28569,197.43872,200.58244,163.36224,221.99292,237.6636,91.17517,285.88834,169.59108,263.75336,209.47166,259.3845,230.68211
2422,154.09491,112.6848,166.30246,182.13838,156.29192,95.66981,172.56148,177.2989,224.94568,154.99579,120.17525,171.63812,185.76324,110.52754,162.53502,169.99335,164.92604,165.30103,133.10558,129.45297,107.54258,180.16624,103.90085,230.96877,180.12906,155.01291,171.16805,149.99417,205.138,141.4234,148.2197,179.6268,170.87448,217.34473,218.39844,153.4039,184.94746,152.2028,147.54718,115.87474,160.48526,49.73083,169.84474,175.33575,160.71771,182.2492,152.75647,136.50914,215.69574,146.29114,130.75996,178.55002,180.70781,158.33932,157.9875,180.16418,165.31557,194.53603,187.48004,126.88945,180.91756,159.17587,180.88498,141.09668,164.8308,140.03395,174.20993,199.65369,178.12422,127.03361,179.45465,192.14569,183.69664,147.53699,160.5448,175.06805,127.85589,165.72217,143.66507,146.78603,170.38657,227.8443,175.24399,191.55603,186.67068,210.3399,158.24385,175.17181,154.62859,171.46696,202.21371,213.91605,139.8237,160.58633,127.7883,135.4553,119.014435,223.10695,213.59552,129.681,195.97633,189.27165,168.32487,212.45506,144.97617,132.18117,225.11855,116.88075,161.40622,143.78519,110.95862,160.80927,167.67285,178.17699,147.84439,182.86641,115.331985,163.35852,137.95407,158.86436,190.65851,153.04976,134.09009,161.03064,181.95576,136.12292,165.06516,197.76352,190.51431,144.074,132.18597,150.65215,167.48752,166.54616,81.865555,176.54915,198.26192,182.47253,168.51404,182.9669,177.94319,80.15477,207.501,180.4621,206.082,174.20415,172.5,131.78946,164.58101,153.30994,161.56635,167.48149,126.381256,161.64891,147.96246,148.30048,161.3495,187.12115,61.66479,244.12775,125.90079,201.71623,141.6578,223.8999,164.39697
2424,172.88658,146.25848,223.14285,228.24219,198.87497,121.10664,193.80013,171.70374,269.82214,182.67926,175.82265,183.81519,224.46811,138.16586,203.14287,219.03311,192.30664,202.6006,172.29845,162.65993,132.36005,229.67734,140.08206,279.47705,220.70354,189.15869,220.42827,176.8977,249.83224,190.55191,153.90442,151.38902,193.71716,278.4475,223.98615,173.5089,224.36163,192.34258,154.50099,149.51959,151.61781,86.936325,176.70523,179.26917,185.97482,229.92749,209.82785,108.127,261.74377,190.88957,158.71321,221.68898,221.55002,193.80222,181.96848,209.65451,156.03754,185.02231,231.48697,151.03255,194.35791,172.91415,214.46547,154.57935,175.61418,131.59348,215.39601,237.00302,185.23224,167.45953,202.46005,223.42389,214.30266,182.29617,149.6594,188.80054,134.7516,194.69116,180.50153,154.84256,182.7271,250.26768,221.56357,229.88612,198.75851,267.47446,204.76404,216.7236,182.36806,212.26314,205.60391,271.11633,173.27106,181.0628,168.37094,122.04512,142.20921,276.07718,265.01923,168.87456,241.56409,218.64107,178.80267,253.97198,164.74673,156.37347,282.38223,130.28314,193.28925,161.68968,120.91098,178.43686,188.21988,209.97383,219.89801,199.54672,136.59482,187.26572,131.87743,128.81157,213.83914,194.44016,175.01418,181.00076,207.18723,173.54704,158.66217,247.05391,228.61162,183.42363,144.58316,169.1326,214.77884,213.35298,151.62518,219.52548,240.08975,226.52419,182.03139,183.74477,202.67596,129.48389,284.00244,159.53894,256.20615,157.91333,229.11945,172.30551,169.05261,144.21284,210.83765,172.81746,175.05672,191.54477,162.58151,140.85518,200.8634,230.675,100.54857,294.54272,156.04678,251.31046,174.0058,276.98102,204.2218
2426,175.16003,139.15704,181.92715,245.17685,234.17203,112.66641,239.88403,218.25476,272.12665,210.73785,135.94795,219.8446,234.90459,168.06155,235.56644,258.24976,207.23872,237.63338,151.3806,161.75386,190.5282,236.85815,210.18025,281.25134,258.64362,168.15274,180.87527,211.92389,269.8505,211.02072,183.52037,183.62476,223.76393,258.3661,223.8896,201.0895,215.50092,239.00256,161.79974,168.42421,171.777,40.9756,202.28702,191.12917,229.07747,253.57613,155.07239,129.34027,279.18857,158.347,206.13235,249.02673,258.48962,241.44345,203.28273,241.19586,160.60849,192.7713,240.24281,135.49107,214.59448,202.20316,231.19461,194.33514,188.44257,144.52583,238.13727,242.84311,212.06648,152.93774,182.63718,245.90424,249.80917,237.65317,212.22682,221.71837,152.85873,230.09901,238.33368,178.94478,176.96532,218.45737,233.02777,243.18155,222.67255,225.53294,243.18964,251.11687,208.92249,261.0332,207.69016,232.37057,194.05362,223.91406,224.26854,191.35323,166.7746,239.27655,246.35898,149.74304,272.27548,251.4822,176.36447,256.63568,160.81686,213.91364,269.685,140.83488,231.33383,219.03961,139.98154,228.3078,216.1051,235.51364,146.03136,215.66885,156.84512,189.13846,143.14618,154.48718,219.33228,178.82117,165.9746,164.59113,224.6714,182.7941,192.85068,264.6921,228.90729,227.69229,201.89102,209.6146,252.23444,249.65002,91.378654,251.83423,262.95453,222.89122,228.21107,224.93939,215.83626,104.72045,224.75986,193.66273,210.42557,203.9155,243.30962,152.672,204.46486,166.32266,224.67691,221.23315,163.9666,205.15948,221.19482,177.84766,224.9638,251.75494,122.72044,281.465,165.88033,256.7384,207.40176,255.69397,231.9124
2429,135.5632,127.30806,171.48083,222.53406,218.47195,107.26875,224.69635,212.76959,233.47595,187.812,117.72496,209.57736,200.00665,154.87488,206.7709,225.24861,172.80023,214.23218,127.26125,135.17189,170.3151,200.8143,200.59122,244.85887,226.78929,143.35757,137.26547,184.74884,236.28598,149.2977,165.96393,179.56625,203.01456,214.86618,210.2955,181.65402,185.63304,207.61884,168.97844,145.23099,166.58112,57.149807,182.5976,173.48853,210.55757,215.41898,114.40001,127.64515,241.29282,127.73092,194.02533,212.42578,230.501,206.44557,194.59604,212.90027,156.00888,180.35791,211.63365,115.26607,186.88892,167.2858,210.00992,172.14496,160.0502,141.87428,218.99521,211.42941,191.61978,126.51914,179.49626,213.84647,221.75558,213.01367,199.10062,198.03777,133.13141,203.9785,219.26602,167.00595,154.30466,194.50232,201.39688,208.38968,194.44945,175.76755,202.91797,223.9963,181.97159,230.7842,206.71634,196.35638,201.46158,197.94247,201.23288,188.49564,150.72946,201.42682,227.45195,122.407425,233.55069,226.16618,198.3487,222.09335,143.96689,202.24026,225.34097,123.87745,200.48892,204.97899,123.92558,215.19601,174.11008,219.43419,79.42524,208.33693,151.07713,175.79459,137.68333,157.2762,195.32985,160.35063,155.49893,140.34973,220.85658,133.83006,176.20816,230.79614,198.23438,203.30219,185.24596,188.31503,213.73749,215.10641,83.46035,224.73575,230.82121,207.4519,213.95938,220.61774,205.44362,97.05837,142.99373,193.91345,157.3128,198.21295,200.31812,131.0166,185.43347,176.96335,181.60541,199.16788,96.98633,173.94023,204.5573,191.89352,193.6766,223.03705,166.69505,242.40292,145.22548,214.16678,185.14885,210.33702,197.07568
2431,155.45099,132.2579,142.71748,227.58395,210.56003,112.211945,206.96094,153.65112,270.4371,194.79596,145.77197,167.66376,230.68494,173.59027,230.91064,261.75085,214.68958,221.14462,149.59775,174.71362,196.90564,241.58357,200.92557,280.87823,249.91136,149.34476,181.09856,218.44186,271.0875,226.89822,180.70071,126.34088,210.80138,269.4665,160.00781,187.0458,183.89348,241.2963,189.37534,203.1082,104.17634,72.730125,168.29239,168.62149,204.15714,261.52283,137.19882,84.7036,280.96097,163.19923,204.38776,250.78427,256.17804,242.15257,211.31403,227.76187,105.56969,137.42099,214.12668,141.43405,180.68124,206.2262,237.36969,171.9502,178.75171,134.51479,218.3028,236.1099,191.6846,166.33945,203.55086,233.50809,237.37515,240.31357,162.57945,190.96722,157.41351,220.26112,225.70961,172.90807,138.81377,166.8937,235.76962,247.34656,186.72949,227.24773,251.4701,250.19218,217.21126,261.94226,147.61642,244.4364,143.56848,197.87558,226.06165,160.12375,154.15942,232.69498,217.61104,171.65286,273.30157,230.67581,198.23016,249.50327,149.7663,200.0611,278.5586,138.89282,226.75186,211.12512,151.41776,193.28455,208.77716,200.99536,145.4116,213.89362,125.49625,135.24692,109.15598,114.53149,227.16699,169.5639,123.50859,139.2131,161.35321,214.71536,149.12494,250.10889,235.17908,223.25479,204.44049,208.88629,254.75723,254.39413,91.86394,239.64612,261.45477,182.30956,193.23645,165.23416,228.19125,118.196106,238.14935,140.604,195.52109,161.10533,257.27072,148.40923,194.20702,165.18695,239.72432,196.56699,183.41913,205.06512,206.39128,163.91565,226.06946,232.29326,71.24212,281.51978,179.0722,264.18347,222.45876,253.50706,242.36255
2432,194.78351,161.45813,197.01906,250.44275,255.70816,138.00085,264.35568,256.45282,270.10504,222.01343,142.63855,246.3674,240.87688,189.38193,244.07513,270.02847,232.11427,251.41933,179.96411,171.17975,227.0018,233.61752,256.13895,275.25113,265.9759,178.71071,155.6781,242.92415,267.5655,214.47855,208.87442,230.17133,230.90544,259.66196,246.88663,225.94633,222.70291,255.06519,217.12076,201.98492,216.6761,45.644203,232.97296,203.85742,247.34631,262.499,120.50229,179.63083,274.8356,172.48956,232.13667,254.98154,266.46793,257.45752,238.38168,250.5775,198.47804,224.64517,243.34158,160.65953,232.51138,222.91577,250.44833,212.26628,205.67526,199.61781,253.87866,238.57031,232.83609,164.2417,217.29031,246.00235,258.88635,260.41867,249.13498,232.50278,182.0344,240.80148,263.97467,214.579,199.86983,229.25574,229.46767,250.65761,243.91483,221.45831,257.2614,259.34686,233.68665,276.9621,242.79604,250.85577,241.46753,236.56241,252.13281,234.264,192.72174,233.83707,250.36905,157.51279,276.16162,260.01654,214.97302,247.72006,190.32364,243.39212,267.17215,175.89273,246.943,254.1842,172.30829,257.20142,230.26706,248.31969,101.02927,243.90778,197.43246,210.03264,179.70067,189.19095,246.90135,175.48589,193.15652,189.55411,257.06104,205.99721,225.83273,265.162,231.27032,246.9101,245.32092,238.2659,261.69092,259.21854,95.47741,257.87204,265.86942,240.56902,257.0289,265.4682,243.4678,116.217285,197.17197,234.66574,186.48734,242.03595,251.13382,167.15686,244.92863,226.03363,234.7642,239.53352,164.74283,226.38998,247.70111,222.47153,240.58951,255.8981,216.30557,271.2052,175.36124,251.76155,239.43694,241.22606,249.9501
2433,112.90825,122.91382,194.34267,256.39423,256.11914,84.46534,233.5635,195.77548,246.88205,202.66634,119.371826,214.18866,210.76712,160.3513,236.41632,267.2749,151.66817,244.17311,101.16842,135.4534,171.51607,233.15182,241.4293,270.56662,258.42987,131.07312,146.81339,169.8503,273.63727,167.52197,143.20677,113.899704,218.31636,230.54056,164.58284,173.0415,191.82437,242.00047,79.74991,122.553696,130.37878,20.684973,158.02069,155.06824,225.3989,239.69678,116.08501,52.524574,278.99548,108.26495,215.42395,242.73848,269.58337,229.97539,160.51437,225.81677,97.68686,123.70215,232.5459,82.15486,180.7656,149.9401,195.65181,176.1796,141.6962,51.245316,239.79803,233.81488,168.83978,126.9657,109.19646,233.27545,240.47353,244.51753,179.7577,206.0619,106.58409,221.97565,259.94202,128.6542,114.72196,135.70941,239.6342,213.79227,162.97514,156.2956,234.85666,263.19775,173.5015,263.38275,145.89352,162.37201,206.03513,211.80124,236.7513,161.93335,155.9728,192.93689,254.32632,113.85093,267.89697,242.90155,123.078026,249.18333,111.84278,221.55814,250.96008,96.32605,212.60654,199.07693,94.593475,222.60016,168.31317,245.16527,72.99951,168.45021,154.70303,178.64798,95.59721,103.02783,150.79236,182.75978,164.49475,90.26245,220.08328,106.50903,149.24469,262.25092,211.31696,228.5642,164.7038,176.21762,246.90018,253.19093,84.24812,261.2621,254.64642,213.4743,208.63705,193.22159,171.32452,89.44635,143.95131,143.99713,139.82059,152.91827,236.64014,121.95331,134.28365,83.844696,208.43129,197.04639,76.16847,164.89459,211.7508,132.59299,199.41083,249.99979,200.16232,267.74896,150.72385,242.59259,172.7529,235.1373,207.00797
2436,176.66759,165.7783,186.05502,262.46216,253.4721,137.94168,255.93637,226.91196,281.9145,231.05296,159.63844,235.20288,250.33829,198.22354,257.01984,278.31848,215.21849,259.96933,160.89598,183.02681,216.20506,255.26013,236.60391,294.61722,275.79453,181.5106,174.48523,223.27261,286.68103,219.23636,204.31377,180.2031,244.82172,265.73218,205.9827,218.60175,219.41986,260.40857,163.84793,192.8316,171.21402,62.730324,210.92915,207.04596,246.17056,272.25208,135.95248,131.1912,296.4333,169.33344,234.16122,267.32364,277.66132,257.5136,213.84552,260.22418,154.8496,184.21042,247.68867,147.41164,227.20444,210.51491,239.50519,215.58958,201.31017,137.69287,251.70222,257.85202,224.4354,175.67038,185.9949,262.7432,268.17178,259.36255,227.77086,236.7975,171.98932,251.59056,260.15698,193.77188,173.32318,184.31755,250.36891,257.2124,213.36874,205.65512,264.87683,271.13156,227.72084,282.02487,188.69846,219.93665,200.40129,239.18073,248.34853,214.00476,193.3929,228.12833,253.50769,168.27051,288.7176,267.0836,194.26413,271.89014,173.69617,239.37198,280.665,158.99953,249.01328,235.1234,159.51605,245.75322,225.9771,254.4114,117.391396,221.03253,183.84686,199.29297,158.13489,167.34125,219.00072,195.90582,179.55876,158.51462,227.23904,186.57303,197.89633,278.84546,249.49203,247.96973,221.76501,227.60823,272.0293,271.98346,109.189606,270.9718,280.16052,224.75732,240.69238,226.50409,225.96463,130.6745,203.37207,198.61029,184.99477,212.04427,263.6228,170.54291,204.77829,167.77495,245.11682,240.08984,155.36032,221.48346,246.27847,196.27954,235.97061,268.65118,145.55347,290.76526,190.25731,269.27448,223.38667,261.75763,251.9497
2437,195.17526,157.59177,169.9372,250.89415,243.67464,138.64218,257.6785,237.41602,281.9649,225.97122,151.16972,233.10384,252.55069,190.76555,248.91159,269.80475,237.01184,251.53545,172.91971,178.8093,222.39424,244.94116,230.1759,287.5881,270.74103,182.16092,168.93007,246.22005,276.00452,219.54297,215.45993,215.23485,237.43616,266.2865,229.68985,228.85843,217.62158,253.29126,212.96272,205.94113,191.58965,55.69088,226.0864,212.54498,245.30588,269.68146,130.11993,165.50269,285.02063,177.4966,225.49283,260.49332,267.08594,259.68332,239.62218,258.2952,182.27972,214.11697,241.50589,161.61835,232.54822,229.0744,256.20447,215.09181,212.61737,189.33737,248.1192,251.47812,238.89883,171.5987,221.32382,257.1761,266.12628,254.9787,241.15219,236.71323,184.5062,247.48663,252.26227,216.51595,194.24718,213.59177,238.08354,261.86148,240.27821,222.9926,259.00162,260.1481,239.4331,276.67383,219.64255,246.30785,201.31113,239.37637,243.01172,227.71994,187.5801,236.68713,240.11002,166.7873,282.1208,264.92203,219.71217,261.56137,185.07484,235.62009,275.09195,171.09467,252.48,249.52063,170.5075,248.12064,237.22726,242.53876,116.8582,248.00876,175.98631,192.97372,170.30457,187.20258,250.11269,180.16814,167.59515,183.9125,228.68541,209.58916,216.71051,271.21826,245.11874,247.11732,242.77585,242.2961,266.87964,262.4629,97.69185,260.8064,275.10938,223.65872,250.25711,244.66287,248.43985,121.77699,206.87741,224.13385,194.16376,237.11658,255.81277,169.17853,242.0549,220.34589,239.68391,243.16124,171.59088,233.20782,245.49533,219.98839,246.55954,260.71545,127.786804,282.41595,181.60593,263.14923,242.59148,252.9353,256.73825
2440,140.36578,133.14053,187.63535,252.86197,254.96,103.25929,250.13109,237.33362,246.39453,213.13065,121.97417,241.53926,221.63464,169.7558,240.40668,263.6872,172.10811,250.35953,113.5903,141.15485,188.63571,231.49594,241.15094,267.1491,262.87445,144.74968,130.45195,191.94006,268.83804,164.97504,171.3536,171.55057,229.66803,222.61111,196.98575,194.2087,195.86133,245.5245,107.93965,134.79816,170.47885,16.11884,186.3334,183.38474,238.30212,243.3198,97.216156,110.56408,275.52844,119.30371,222.30368,247.22289,267.21548,237.98083,175.34462,241.82652,138.33856,169.20969,228.43631,102.15776,206.01616,171.55028,205.9631,199.6962,164.8548,94.992096,238.65623,238.55283,200.15027,132.04082,126.012314,242.2502,250.72218,247.9979,229.89847,226.62292,130.19144,233.543,260.11606,159.88113,144.5339,151.95276,232.35687,220.63452,189.14832,148.06357,240.66228,259.98645,193.49765,264.90784,176.54788,161.45259,212.98178,228.55173,238.33157,206.15097,167.50128,182.29443,244.66151,115.80887,268.30838,252.50464,144.32477,246.5704,130.09738,232.6212,242.68729,118.28363,223.0169,217.09604,112.676636,242.0897,191.42758,253.34364,54.104332,190.1818,168.20633,192.93008,127.7493,152.64111,169.54013,178.60292,170.21753,118.52894,239.74457,116.17108,183.5082,261.42285,215.91641,233.35138,192.15054,199.69354,251.03714,252.98938,80.212296,260.8358,256.56693,216.4935,231.66492,230.02107,186.70905,90.17648,128.66716,194.74152,129.06122,202.36464,235.55945,132.66673,167.68771,128.67403,211.01897,228.31927,82.83297,182.68326,233.49493,170.27983,208.76147,254.40681,198.8378,258.0414,156.00842,234.26918,188.41415,223.33197,218.17606
2441,161.44261,127.40414,183.0,235.15677,233.07956,100.83072,238.4148,227.6225,250.90747,201.20135,116.004135,223.43848,214.7695,158.71277,222.19351,245.26022,191.0103,228.80112,139.9083,143.68105,183.01056,216.49838,216.45502,259.37143,244.81671,153.41183,163.16704,198.1437,252.02539,193.47644,172.2901,190.52283,212.3277,235.08846,223.18024,191.53778,206.74393,226.18353,157.1733,152.10129,179.1318,27.737091,198.93388,180.10458,224.05206,233.96371,142.14615,130.1578,258.33167,140.7352,201.3847,230.89372,246.71393,227.37996,196.33316,226.54463,161.82736,192.73108,230.36832,121.563484,206.48364,188.51035,217.72772,186.07559,174.9252,144.85443,232.76495,224.22083,202.18155,133.99611,171.45924,228.88074,236.30249,229.6512,214.35439,213.3718,139.28723,217.48709,236.05576,171.0088,167.85953,215.17819,216.06396,224.0846,214.68745,208.37915,223.82755,239.48953,193.16817,249.15068,213.75716,216.20409,211.40521,215.23103,218.86954,194.53183,159.37236,222.16046,238.85797,131.10944,253.72708,240.21396,168.73335,236.00436,150.91791,212.77753,246.3599,129.99916,218.46985,216.12086,127.87219,229.13702,200.17068,231.49701,129.44019,206.74037,159.68939,189.5232,138.59705,155.73976,207.32535,166.95206,167.34995,155.00018,234.51843,166.9974,191.93628,247.4841,207.62926,218.6702,196.2031,199.38034,234.08258,233.807,76.06586,240.08487,245.67758,221.14668,227.56015,233.12039,204.95148,88.927765,203.08737,199.12444,194.20818,204.94736,221.89221,137.08823,199.67961,166.36577,202.2709,212.65858,148.01974,189.21979,215.51276,179.82758,209.61319,238.20773,172.70381,258.27637,150.4082,236.21375,194.79623,232.2413,213.38754
2442,114.24436,116.756805,168.6824,250.73009,241.90749,84.48753,230.14911,202.82822,246.05205,201.94003,117.553635,218.16125,213.2776,151.41994,236.25887,261.42914,149.4062,240.42755,86.0018,127.35907,159.52563,235.52301,220.20718,273.65918,260.5644,130.24469,136.9034,168.0036,276.5181,149.12823,146.18439,129.93112,224.9328,223.48114,176.13904,170.74637,176.1836,238.09006,71.01415,103.55867,128.32872,11.62754,155.85458,168.64233,224.21353,236.88347,99.55116,66.58566,283.02695,101.74014,207.88268,244.89145,269.19077,227.0999,147.6937,234.11493,102.19303,136.71121,218.1023,80.671585,183.78497,146.65408,192.35065,183.08945,143.00317,50.42618,225.18459,242.42996,180.51741,119.81755,98.67946,241.27713,243.34744,236.07016,200.42998,215.78442,104.12836,224.4048,251.14923,129.50363,118.83777,134.2995,240.66574,211.5954,166.435,142.5697,232.40958,261.65146,171.18555,256.41382,144.7966,151.15112,172.91122,217.77371,223.96611,172.83276,146.65839,182.14384,236.89317,100.28818,268.52374,244.49434,118.15871,253.28226,101.26137,214.28036,246.43872,91.35405,208.94713,192.30615,86.283875,219.08667,173.56769,244.52878,58.558064,170.15845,137.68668,169.32974,97.8352,124.05793,146.78282,178.31844,143.69406,88.49194,207.64412,84.40361,153.11726,261.57437,209.83075,220.46545,158.02328,175.14279,246.5604,249.8259,77.27624,261.11633,255.81061,195.54474,206.92857,194.37283,167.61957,81.738914,128.8354,160.09848,128.59378,171.07162,231.53937,120.15086,133.83823,87.97745,202.76907,213.01999,59.43015,158.8617,214.19687,137.32979,195.6543,251.53305,139.07889,266.6884,142.2954,236.99442,163.71375,230.75485,202.43005
2444,209.89854,171.38101,203.97595,254.26886,254.41696,150.77678,262.07785,255.21613,273.88425,224.57324,154.834,247.95258,242.39313,186.03545,245.23795,268.43515,227.70258,251.82162,193.01265,179.12207,215.95047,238.44083,240.10849,279.93018,268.2283,193.4194,178.46245,235.12857,271.53366,228.24554,205.68674,226.10464,232.77565,261.31747,249.11108,223.47998,233.1402,251.33054,197.70233,193.16315,217.6619,51.04647,233.46251,206.49686,246.6355,261.97226,154.71864,179.6262,278.99463,187.19945,224.96228,256.23428,266.61975,255.33301,228.27893,252.05363,200.11284,224.69133,250.72507,172.73605,237.33942,223.62921,245.7832,214.09247,210.90465,189.36661,254.44516,244.37462,231.11217,176.28375,206.11374,249.95389,259.8399,254.13986,245.875,236.056,183.65802,241.44334,257.63464,207.64857,207.44693,238.22128,234.89914,251.33405,245.83641,234.7381,254.07626,259.33554,227.72845,273.64352,241.3245,249.08694,236.64879,238.43805,244.37244,225.10304,194.13138,241.24835,256.66754,170.6756,277.99268,261.88104,197.9788,254.1363,196.6898,236.34966,270.56415,183.36215,245.90756,245.02267,175.96033,253.86954,233.48935,251.1434,147.50914,235.91588,196.62302,217.4566,184.83815,186.24484,241.66681,184.17178,201.20383,200.97847,259.22263,212.52386,226.92307,269.4616,233.0705,244.19005,232.87643,232.06783,261.52893,258.36176,114.140274,260.08777,267.89642,244.35168,253.93321,262.07986,234.54388,132.33626,233.95064,230.06778,211.57248,236.61726,250.97708,182.10664,237.2607,206.58752,233.50195,239.0062,193.57068,226.07452,242.20032,209.53857,239.67242,259.56247,199.21077,277.2956,177.74892,258.319,230.59128,251.33633,246.33003
2445,193.59897,138.20216,145.66733,228.64122,215.12468,119.626305,232.1361,209.46835,275.47418,207.25667,139.54837,205.31122,244.58176,176.33897,235.61801,256.7055,236.32283,229.52545,164.88474,172.62149,208.43,237.36818,204.96935,280.24292,258.95645,170.37158,177.13234,241.59561,265.8224,223.27211,205.23587,202.17865,225.09325,266.70032,224.79248,213.34958,198.8202,242.55766,219.26944,199.10486,169.19872,42.16861,209.87108,200.8811,223.09457,261.7362,135.38257,154.35736,277.34332,173.31447,209.8886,253.29341,254.46567,250.13683,231.28223,247.09525,169.51515,204.496,222.9184,156.77362,214.01514,228.29948,252.2508,199.84726,206.07727,195.47589,224.22421,243.74133,228.88762,163.39218,225.36064,245.09384,251.02823,241.31238,219.88435,219.67743,176.70924,232.90643,230.4046,206.6654,188.69693,227.60767,228.22511,254.52713,238.63051,245.30162,251.72021,247.74643,232.06258,263.03864,215.1352,265.7817,167.40561,223.16037,227.2015,206.50763,165.5091,243.72691,216.3482,163.16086,273.36096,246.38474,212.4378,250.26678,172.43912,214.06332,273.0982,159.56726,238.07639,233.45888,162.13802,221.21526,234.40747,215.80988,144.1243,244.46753,141.7806,163.44693,151.95761,170.83966,254.94455,161.1889,133.58398,181.97798,198.94843,220.58624,200.08705,255.9289,236.09183,230.69366,229.62222,231.68501,256.958,251.95468,76.768745,243.1814,263.7871,200.33206,227.41055,221.5278,243.133,105.37482,239.14917,205.11981,213.31345,222.28445,249.7569,156.58704,241.32988,220.98622,234.38863,230.18146,193.27953,221.96902,229.09256,203.60313,240.55437,241.9481,72.185165,278.4591,174.13588,256.09143,235.45096,251.40146,248.5492
2446,213.866,175.70776,192.45164,248.94084,248.37785,164.91168,260.0722,251.05484,273.72183,223.69492,160.43088,242.34744,245.39243,196.20465,244.5705,266.80377,240.6066,250.62547,203.49046,184.72624,230.04567,235.93109,238.59496,276.63623,266.8706,194.3465,174.00052,249.45132,267.3222,227.48883,218.92358,236.44044,233.52692,261.16403,252.21375,232.2904,227.52957,253.6732,241.88156,216.01396,218.0711,80.88717,238.09871,211.51584,244.7528,263.9806,152.26909,197.37735,275.8499,195.59355,230.97,255.90707,264.1485,256.84222,249.15186,253.96628,211.23006,232.59955,245.56024,185.59451,236.70468,233.32544,256.96222,216.65999,218.32664,224.21152,249.9896,241.54813,238.82846,181.4986,240.6372,248.68953,260.17584,256.67343,248.74832,234.00912,200.04208,242.86128,255.23393,226.73097,214.3776,248.50117,231.28677,255.60715,252.80136,240.15884,258.46747,257.2648,240.3836,274.4289,252.47263,266.12354,226.26666,236.8088,246.28384,235.81104,197.13202,245.10382,249.77841,178.55206,275.53632,260.36127,235.7963,250.99802,209.2033,238.8046,266.9796,197.15154,249.14995,252.70308,194.05878,251.93741,237.58273,245.20828,141.00916,254.23381,193.48781,207.4345,195.8302,199.51208,260.9463,183.56194,188.08089,212.11377,248.37407,228.76598,230.18091,266.17303,236.63776,246.33359,250.16278,243.90887,262.98273,259.7353,123.54914,257.43204,267.0454,237.68292,254.89072,261.8346,253.35847,145.78424,228.12,237.54807,210.7979,246.05206,251.77023,185.7156,257.0548,246.81638,236.90546,242.45316,195.6719,236.0572,247.82234,233.51666,244.20486,256.44727,166.76993,273.6703,185.5126,255.2717,246.65106,248.07242,253.88274
2447,148.07578,159.72023,206.16763,232.63724,216.79942,128.56433,215.4896,196.77333,245.85562,198.20848,154.1276,205.95059,205.33945,166.87863,209.85074,223.53586,163.66792,216.05905,155.40799,160.39615,155.21094,214.60394,178.9698,258.987,221.31845,176.83957,175.15625,162.52255,244.55319,169.3818,165.67508,153.47621,208.06746,230.40906,195.87697,180.10405,213.21567,201.31079,130.96881,146.82465,166.09601,80.22427,183.60846,183.76607,204.22629,216.84717,155.47725,119.95749,249.85738,159.4096,189.55411,212.27942,229.90692,194.30338,179.9625,210.34799,158.78787,169.55997,228.82678,134.0896,197.69685,159.9174,198.06497,172.16559,171.81558,109.189674,223.34502,223.27979,183.94348,160.51627,171.05957,221.09251,220.22238,200.13557,170.47609,198.12216,142.28119,204.09276,203.92923,158.89786,164.50919,190.51077,215.31247,214.39594,174.65665,192.74332,197.77411,225.3764,173.98589,223.91513,185.1599,193.23492,203.6997,191.51736,189.73557,160.70395,170.94705,221.3164,253.30353,157.40668,233.31607,225.18436,183.8599,241.63206,169.92815,190.0388,243.36713,138.46817,197.21364,181.68657,135.7949,204.41484,171.19078,224.87585,128.57893,186.42111,176.62366,201.09396,154.1026,152.77948,182.05954,191.72517,190.72147,156.04633,221.41167,141.49673,170.30457,236.04994,216.62027,194.01218,161.33221,175.41641,209.28268,215.28314,117.70273,225.73288,235.88638,222.0752,200.92303,197.54047,191.06683,127.06845,188.86594,171.31487,190.76859,168.79268,207.23688,161.83014,156.80392,129.29794,187.72571,187.6713,115.755554,183.08514,190.00453,168.01555,186.23224,229.64732,173.66248,265.02997,166.06006,232.69911,168.12363,239.27617,194.87982
2448,166.02798,142.97726,170.07639,218.94308,194.87213,129.85382,193.5426,151.8639,267.4001,187.45969,170.5618,166.16046,232.15964,172.18597,217.38232,238.47351,211.85666,209.52574,167.40804,184.57584,178.50584,236.91154,167.80469,276.2024,233.15346,166.37805,203.7966,207.33574,255.7583,216.95108,182.00296,134.762,204.9313,272.3061,177.36386,186.83742,195.94559,221.63611,197.9226,200.75015,119.40864,107.416855,169.3994,178.36096,190.95631,249.35341,178.42705,99.90553,269.12848,184.8085,190.16951,239.15433,235.72075,220.70937,208.23401,221.2195,126.01033,155.15121,214.5904,158.89447,182.50874,200.71092,232.46509,167.75711,185.79224,147.90921,208.39404,234.88641,193.11014,182.51773,224.26279,226.6236,225.13892,215.75626,153.96954,185.1843,164.1372,210.17949,197.17838,176.18466,156.68077,202.5687,225.92714,242.3202,189.94125,250.76846,235.42963,231.1737,212.883,238.23355,168.12314,260.6821,145.91208,185.97542,200.3672,148.57747,152.63826,252.36972,226.97733,190.32056,255.69394,220.23608,218.48352,247.36711,163.03073,181.42032,277.74677,145.32686,211.10944,189.3515,155.65994,179.65724,202.70493,194.11624,195.12167,216.38002,129.14856,148.07439,120.26189,128.01138,228.91655,175.91905,136.67175,159.45279,166.6647,214.21536,148.81175,241.71527,240.21982,206.19556,186.1955,198.60695,237.04266,237.64784,124.57296,224.49182,249.50056,190.90189,182.75844,163.58139,225.71516,140.87451,270.422,146.85889,228.81952,160.85326,248.36151,163.25977,188.80292,172.80322,233.94504,188.70952,200.05737,206.65352,190.39783,166.47354,217.25885,224.9452,59.520016,283.27887,186.94305,255.12733,211.16823,261.8956,232.607
2450,129.10786,125.2795,164.3245,260.60974,261.24457,98.230316,260.3588,234.74289,257.45706,221.53174,116.33508,240.89256,238.0831,180.57071,256.01398,277.95892,192.70236,261.3576,104.121735,138.33664,215.09425,244.99881,262.88303,279.71613,278.66177,132.34576,117.69078,221.19098,278.39966,164.72333,185.45587,173.13326,242.07315,234.6228,189.5614,209.74146,183.68982,262.08212,140.13232,157.79947,161.25357,17.09094,189.09888,189.89261,250.9849,262.90118,68.12362,104.11008,284.7317,110.85785,240.56891,262.39813,279.1327,257.23914,204.02893,258.4449,130.14291,166.50537,224.54628,95.548515,204.31985,184.39536,233.06708,207.2125,166.3939,112.11215,246.97986,250.55939,215.75526,126.31758,149.79657,252.8396,265.8758,266.61633,240.10648,232.63113,132.73456,248.41739,276.22403,179.54935,137.28503,139.53174,238.70209,237.71735,196.15201,148.28308,260.04544,271.73175,218.73602,283.92065,173.44363,174.45859,208.4596,238.69125,259.13474,225.12125,169.54944,185.20312,230.29007,108.09033,282.04083,263.854,178.53572,253.10715,124.34407,251.94519,251.28455,116.52527,240.08273,243.19125,114.29907,252.06958,199.65002,255.4065,30.008137,219.66809,162.82759,179.61868,118.6199,157.84865,189.42401,174.30923,154.09244,107.297844,228.29904,125.96785,183.6019,271.9833,229.77168,254.58607,221.62549,223.46973,270.11346,269.69852,65.87674,273.15057,273.5755,212.04733,242.87202,231.93011,216.13388,84.62529,115.552895,202.95163,118.45431,218.10284,250.9598,123.88459,188.57294,160.57883,226.13617,241.37778,74.47348,194.59088,252.4953,199.62585,230.74146,264.9756,170.28229,262.25745,158.95584,240.20119,220.12581,221.05652,240.84552
2453,161.53426,182.96382,194.28085,252.45044,257.1888,157.00632,249.82004,237.86649,238.38129,227.5603,167.90887,246.89394,223.26971,203.2587,246.92114,268.19516,175.15009,257.55963,141.12263,177.71452,209.47185,233.92165,254.34981,261.36462,265.17255,176.27573,139.25143,196.28827,268.51703,183.29924,192.23747,169.60635,239.78838,212.10995,182.06097,206.68074,200.61707,256.65668,110.59254,158.70355,180.93123,56.681984,191.90936,199.64044,240.72656,245.88574,116.21596,130.11621,275.22485,144.73108,242.5401,252.07672,271.97058,241.67236,179.16559,246.72156,144.95642,165.1448,225.64224,136.36316,215.75967,182.13464,203.02628,221.29057,184.30865,100.277374,235.16515,240.17596,203.67053,177.11081,130.16919,244.40851,252.5781,259.13898,235.186,233.56992,163.6926,240.66316,265.96805,172.96759,149.9252,138.32425,235.73843,220.67014,177.81895,139.30234,250.61748,265.16913,204.77019,270.16956,163.83083,145.55734,215.99016,232.49396,251.13927,221.04742,209.68674,171.55545,241.83392,151.65393,267.2583,250.75572,153.42236,244.66917,155.38406,246.76863,233.83673,159.638,227.18146,220.44815,147.81494,245.06451,197.90648,255.33408,71.86728,188.45963,212.0647,210.77672,162.06769,171.8902,166.22217,195.61536,200.05179,128.47113,235.03488,139.28568,191.80786,256.57043,224.85046,240.44379,205.26474,209.9491,256.39334,261.69366,123.83533,263.11798,255.42938,211.46448,231.45589,222.89749,186.76178,142.1582,134.82281,195.08813,129.0664,202.32668,242.04745,173.82277,167.13911,130.79538,219.47108,238.66754,105.67737,197.17117,246.5809,180.00693,208.50613,253.16934,214.23694,251.01488,189.44049,231.32013,196.80527,220.49649,225.7503
2454,125.434135,119.28762,53.717876,181.50304,165.13327,125.88698,186.33347,140.18634,240.32443,183.62509,136.1727,145.31453,218.74193,193.8252,234.89685,265.1977,226.50345,197.11491,95.0087,185.45174,238.09386,234.38821,209.18573,257.1974,244.55978,118.19032,123.53241,238.23184,265.55197,213.84055,212.8411,124.02574,229.20506,235.04715,117.870186,175.3443,107.80856,262.62958,206.33261,219.55377,73.69979,88.16875,143.3858,187.71153,188.91296,268.88428,41.819267,91.75164,277.44302,133.73888,228.62839,266.93018,261.87128,259.71408,193.04279,238.17595,76.21084,113.43881,147.35637,149.08974,155.81366,223.4692,237.82361,190.65341,180.12892,127.26051,165.40382,230.54106,209.82309,164.95819,180.84387,231.85693,233.38245,261.67078,188.47037,188.12842,180.39279,225.72443,220.32977,184.51486,103.2922,93.55534,221.19876,238.6207,155.7168,157.07138,272.3162,254.31868,245.49265,271.45386,96.02828,191.44727,74.7676,198.71246,243.37772,209.25595,140.40305,158.76059,134.25479,171.7912,279.56592,209.67276,219.1597,221.78094,114.520744,208.43375,255.25313,141.1026,223.94492,228.3245,173.12802,177.80733,227.76639,166.10655,58.473602,216.91599,88.93838,80.63739,107.53902,148.14279,220.34132,116.776,49.284355,91.57834,105.40291,206.35971,133.80344,210.45276,225.40057,210.67746,236.33188,234.63174,260.79074,259.30853,52.86891,217.58209,255.92395,107.28522,177.07047,139.04507,239.43274,127.86406,157.99838,144.37036,113.53833,183.30286,262.27777,134.73422,195.61316,184.8392,249.948,234.76443,159.462,181.38556,241.88794,199.79933,217.39209,200.15335,9.895525,240.62025,195.29187,233.95798,235.68887,202.93124,256.4726
2455,160.60068,142.87082,155.23358,227.19742,208.54372,123.322525,205.60309,157.45526,267.1629,195.75684,157.40775,172.42622,228.70386,176.68945,226.93088,253.25441,209.05739,219.73639,160.21451,178.89282,190.22879,238.15598,192.92088,277.4431,244.35698,160.09988,192.57709,209.24745,264.4939,224.8843,180.59853,131.1792,210.61821,266.00247,166.8883,188.04956,191.76025,233.88899,189.06026,199.66226,114.02582,85.80575,171.78052,173.79698,202.41669,254.28186,160.83093,92.45839,275.00806,172.6507,202.18695,244.56888,249.87347,231.97829,209.36052,225.53145,117.869286,145.37112,217.07535,147.7075,183.81522,200.6195,232.43158,173.8263,181.59236,137.84334,217.35112,234.17003,191.94225,174.19774,209.0747,231.01755,233.40318,231.68681,162.04999,191.21353,160.16602,217.63123,218.78523,173.82695,148.19885,183.06256,231.3183,242.98294,187.02379,236.04839,243.27805,244.16425,211.88821,253.9469,157.16937,246.99507,150.5542,195.44962,217.85477,159.0625,159.86578,239.9653,222.03796,179.41333,265.4061,228.38472,205.60678,248.08278,160.55359,197.20203,274.02023,143.66382,221.05074,203.65448,155.38608,192.31696,203.9933,203.24866,175.35742,212.17578,134.77957,146.54732,119.32233,123.404236,224.62067,176.33514,135.50122,150.87392,167.65678,214.14139,151.8748,247.44716,234.64493,218.32114,196.47728,203.44449,247.17805,248.1379,106.348404,236.56699,256.8311,188.55034,192.33997,167.72226,224.99896,129.37213,258.22186,145.3066,214.04442,162.05243,250.08939,157.99583,190.25989,164.79361,233.11842,194.89243,194.91217,204.31503,202.80566,168.2017,219.83197,231.68207,76.306244,279.39813,182.01373,258.8142,214.65277,254.82462,235.23955
2456,158.15302,139.60403,199.37828,251.3247,256.75574,106.65146,249.27191,240.77206,244.77808,214.69287,127.08536,242.53912,218.56458,166.19092,235.45723,260.07797,171.17168,247.95026,128.9628,146.86653,181.16055,226.81319,241.96233,264.4053,260.7489,157.80275,144.33682,189.83682,266.47626,170.44844,167.58026,176.1594,223.87048,223.96446,207.91888,194.37436,206.42334,239.50204,102.95681,127.335655,183.57503,7.162797,191.82686,182.55386,236.78363,237.35861,117.505844,119.82897,272.18094,131.34209,215.00055,241.89784,263.49518,235.68954,173.24194,236.85403,148.09831,175.14857,235.02744,114.86392,211.16858,173.0209,202.17227,200.26959,170.44211,100.86078,240.31873,236.07712,197.2118,142.01097,124.3587,238.37292,246.15497,242.41719,226.36604,228.34633,135.42014,228.86917,258.7752,158.59024,156.06824,169.20044,231.67804,216.65704,196.61292,162.61989,233.32373,255.80974,186.94379,259.32602,186.67468,167.9101,224.82678,229.32137,234.32677,199.57928,177.82477,191.377,250.34564,120.661705,264.52054,249.74345,131.78003,244.16731,138.9541,229.23297,242.97562,130.46387,219.46039,213.3949,118.73443,242.14792,192.63837,251.42964,73.899704,186.8471,181.97679,205.97237,137.45238,151.98883,169.81665,182.48933,187.77927,131.52823,247.2511,122.00053,191.74991,259.7883,210.47047,230.91089,186.88423,195.2992,246.10611,247.23845,83.05205,257.70135,251.03406,223.46194,232.23889,234.24408,180.37161,90.75649,144.92221,195.29176,146.71948,199.74908,230.54828,142.6318,169.53087,126.05307,203.8461,222.87921,94.79591,183.97983,226.1575,161.32762,209.1971,251.43353,220.79053,260.70074,153.53015,233.9545,184.5849,229.14534,212.24799
2457,160.99316,134.97534,135.76662,237.86206,235.0517,121.467575,248.9426,223.99817,261.76965,214.24332,129.44339,220.02774,237.61931,182.90128,243.31198,266.45087,221.63698,242.99063,138.53894,157.41727,225.07938,233.28343,243.64777,271.16998,264.10577,150.39648,129.80237,239.20766,266.25488,194.74933,203.21045,197.47646,231.02786,242.42683,202.01627,214.1395,181.79422,252.64932,204.37546,194.75179,165.5754,50.710808,203.93622,196.5178,238.68365,260.01898,78.67047,141.46039,273.69476,145.54352,228.39468,252.67459,264.24673,256.08032,228.21362,250.20575,153.60297,187.99895,214.55215,136.54205,210.07964,212.59485,245.2699,205.01544,188.66542,167.89462,233.40451,239.3696,226.39566,146.8226,200.99615,246.0755,257.78085,258.13245,236.66286,225.25806,163.69754,240.27919,256.7497,202.19604,162.15192,170.57448,226.58801,247.14261,216.07294,183.22107,254.99535,256.57468,232.43414,274.84973,189.72827,214.16003,182.7434,231.1294,247.31561,229.73282,171.07498,202.04956,209.0852,140.18756,273.23743,253.46524,213.80972,244.02419,154.57431,238.00076,253.17279,148.32895,243.80759,250.2028,151.15582,240.7995,220.49478,230.10489,65.12456,238.50533,156.15845,164.03087,145.13362,173.9875,231.67642,159.19672,136.60043,147.48172,205.8338,184.26575,196.63603,256.08148,230.84991,242.84624,243.45987,236.47446,261.33887,257.99695,76.92706,253.26895,265.2536,197.4272,240.04642,229.37314,240.1619,106.41989,158.43681,211.35687,147.34831,229.02086,245.11072,142.72534,228.07997,213.42961,229.14307,239.49649,133.51962,212.17668,247.21924,217.69272,234.78445,247.53043,121.53104,259.35086,167.0175,243.44223,236.8497,224.01758,248.33917
2458,194.5185,168.15305,188.16257,248.00502,245.0202,144.81503,251.93434,235.50876,265.7154,222.07025,155.81534,235.6218,234.47284,189.871,239.20955,258.3148,214.58905,246.89868,182.09338,177.85223,210.13773,232.60649,229.61632,272.49548,258.22992,187.28462,171.73566,218.79579,264.37512,221.02414,203.87076,201.6428,229.61873,248.01086,219.85959,217.06067,223.78606,242.26978,188.4002,194.60143,193.80753,64.56837,221.47198,203.55028,238.70544,251.92787,147.52628,161.27415,271.52698,181.40256,222.40462,246.11119,258.84695,242.52002,221.5941,243.95764,181.35434,203.03873,241.39322,163.3698,229.3504,213.76524,233.19023,208.87875,205.13885,169.8432,245.3244,238.89853,221.57504,175.28246,202.09666,245.21286,253.16275,245.22351,227.39651,228.63739,180.103,236.40448,247.65686,200.79921,190.41652,209.85587,228.9595,244.84192,221.36452,215.91232,242.73582,251.9414,219.4573,264.57327,210.14197,226.93478,217.06746,228.8412,234.96841,215.46748,192.78294,228.42581,246.1079,172.75372,266.81088,254.52487,201.91434,250.92276,192.53934,231.24896,259.093,173.00978,238.99533,234.21056,172.39522,243.79036,221.55627,244.14499,139.13495,223.35388,192.13657,205.72867,176.18153,179.16724,228.97588,183.80551,189.08766,187.0206,237.14398,207.84918,211.82048,259.68268,232.52151,235.68768,225.3603,224.46425,251.19885,250.8548,109.969406,253.54468,261.2527,228.65321,241.82361,237.85767,227.172,130.73383,223.35553,210.8233,199.63876,217.53233,239.70944,174.3925,220.05838,189.43747,223.81764,230.30005,184.57076,222.24464,235.65973,204.46329,226.11002,252.47862,172.53442,269.37787,180.36237,251.21117,219.86096,244.26762,237.89676
2461,123.794014,134.80473,205.71959,254.5156,250.97046,95.034546,232.6412,207.33208,243.44131,204.82182,129.08627,223.1687,205.49112,156.33676,228.79031,254.0773,144.05252,238.47934,111.933014,140.39647,153.81285,226.89214,224.2687,267.84457,250.18526,148.48618,155.1484,157.15668,268.4119,156.57526,142.61041,129.3516,218.15253,224.53665,181.31882,171.29364,200.50647,227.23665,70.85008,107.096085,148.83731,21.45975,166.03233,166.54022,223.26773,227.36716,128.44472,72.84335,272.53687,119.44975,204.30365,232.65732,261.58246,215.89972,151.97998,221.81857,118.95443,140.67017,233.9517,92.99042,189.58405,143.35143,186.64688,179.02045,148.1177,54.790432,236.86986,233.79993,171.64758,134.35718,106.220375,231.92648,235.03003,228.6094,185.05557,211.26965,109.59578,216.77605,247.95222,127.83854,131.68344,151.60156,234.85155,206.72809,165.73053,158.05328,217.78497,254.729,162.34909,249.05052,159.42422,159.03589,212.73917,211.48553,219.60509,161.85513,164.22226,195.435,259.5357,117.92122,257.80853,240.41553,118.88316,248.83282,124.11572,212.54471,245.90073,105.87456,203.81075,188.79202,96.7731,222.29752,165.46182,248.80833,84.72809,164.72455,167.08047,195.63701,114.805275,121.3421,146.61703,191.7583,180.17386,107.425766,232.1294,95.58718,160.0409,257.2884,206.5032,215.64857,151.90451,167.63031,232.88617,239.17188,93.108215,254.84311,247.91989,219.88963,209.08223,201.82736,164.18472,94.21622,148.32596,157.51837,150.236,160.23154,221.66835,135.04565,130.80345,81.04411,193.39006,197.2762,73.85516,161.51477,204.2955,134.01624,189.84903,247.9523,213.58952,267.28796,148.27989,236.40024,157.51639,235.55014,193.496
2463,188.3992,164.13892,201.23386,259.6867,261.44952,137.16351,268.27637,257.3163,272.16785,231.01216,147.98744,252.73277,244.85977,197.9707,250.65167,271.9002,219.28645,259.37976,170.13118,176.28006,223.61484,241.18109,250.8594,281.7679,270.90088,182.19202,160.60115,231.85196,274.60583,209.1634,210.84088,216.16766,239.84317,254.85094,232.99054,228.18604,227.90176,255.93196,182.18936,192.98804,210.50517,45.192345,228.95212,210.37662,252.86783,263.54657,127.14572,164.88837,281.55457,168.50972,236.0687,258.04486,270.3895,256.5,227.29913,256.62708,186.6213,212.762,250.83261,151.76427,236.24165,215.89087,243.03299,219.32845,206.29662,169.43724,258.69604,247.43423,232.40244,168.69408,195.43092,254.05643,265.1419,259.99142,248.18063,240.0311,179.01779,247.91913,263.6786,208.45334,191.3024,206.58508,237.38634,251.1803,231.65073,204.54028,255.83333,263.6823,229.80524,278.61395,223.62183,221.58539,240.8234,242.13461,251.35248,234.4749,199.82617,225.17725,258.03345,160.15912,279.0656,266.77576,203.22528,257.61362,184.96758,247.66078,267.03247,167.69424,248.39655,248.98312,165.38818,260.906,226.24974,257.0913,99.10347,233.06976,203.66809,217.17978,174.33864,188.71161,227.08163,185.27205,199.79964,175.99017,258.4621,188.02621,221.19757,272.37192,239.0632,250.12834,236.08643,235.50708,263.6068,262.68787,96.13223,264.84518,271.3951,242.64255,257.70856,259.4012,232.16272,117.992325,184.48813,228.55878,179.51758,235.92075,251.52647,167.35432,224.8599,195.42703,232.91092,244.13971,149.07846,225.52908,251.3846,216.69139,238.52219,264.11218,207.39542,277.25693,184.08441,255.93185,230.74478,246.81451,248.33255
2464,136.23074,148.78969,184.65027,248.84476,251.65283,125.79944,254.97992,250.29526,243.90985,216.60904,136.46738,246.61604,226.74232,187.99686,239.05913,259.17664,187.89796,247.66843,126.8784,150.52069,209.02724,228.31972,249.04611,266.08997,259.5816,151.99236,107.66081,215.7096,260.4552,143.3367,193.7602,201.77637,231.1572,223.27538,211.0242,215.08984,187.86371,243.67044,161.8399,161.15045,196.26926,38.300365,199.11282,201.5777,242.57309,247.76404,67.86626,148.69608,265.23944,125.2949,231.7838,245.34103,260.94052,237.60847,209.93686,246.26047,167.37303,192.17833,217.11258,122.432434,206.65106,177.72437,230.94614,209.08386,173.74164,140.77306,240.3339,236.38132,218.7487,142.10577,168.5072,236.53157,250.65102,250.56741,245.21465,225.94861,155.09256,234.98581,256.94055,194.88422,158.65027,158.20975,220.39337,225.88948,197.54054,143.49017,240.40842,254.1239,215.0388,266.0197,201.09302,174.87054,232.19913,227.57881,243.59329,232.81711,186.66818,181.01964,236.67235,119.7165,262.44757,250.80588,205.00352,235.5058,149.87688,242.0822,237.2907,144.87074,225.4857,237.36118,139.44208,248.91595,187.52191,247.6924,20.574492,227.92523,190.92285,198.57874,158.2468,191.44696,193.00912,169.87216,181.1579,129.92195,248.80164,122.7599,198.03311,256.4743,220.14594,239.97345,219.85956,220.98926,249.28589,250.4556,84.95377,254.79343,257.87436,222.51562,242.62231,248.72372,221.88376,104.24228,97.28251,226.77092,111.226555,232.7891,235.12881,144.53108,194.3352,187.29494,208.81789,234.60431,63.818207,195.02289,243.07552,221.6594,221.07144,251.11897,220.7147,249.78442,165.09412,222.79808,216.87396,205.68845,228.95746
2465,185.7256,151.0055,163.98764,241.86841,230.61374,132.75041,242.86002,221.30884,272.87247,218.14328,146.59604,223.57172,243.61908,183.73929,239.6037,256.183,226.94489,241.80667,162.88446,173.42546,208.509,240.19514,210.13013,280.90842,259.2198,174.11105,162.70111,229.4925,269.21857,216.06207,209.05801,197.46805,231.68712,256.78757,208.07907,216.84866,207.94931,241.15213,200.7088,201.83713,173.37683,60.264305,214.0037,207.96625,232.3641,260.1564,123.77077,152.0733,279.4964,170.54848,214.76761,252.93918,257.35422,245.8245,223.07275,249.64325,166.06226,197.0466,228.27148,153.65121,225.2982,221.04704,240.92918,207.64503,205.25293,170.11497,234.24884,247.1995,228.92493,165.64058,211.14853,251.353,256.00662,240.51555,227.46222,228.99858,176.08098,239.44278,237.71234,204.42499,180.36044,189.85068,231.44032,253.18555,218.01166,210.29582,249.17244,250.14828,230.43344,262.5323,192.3856,230.29309,180.58047,228.01096,226.25575,214.8917,179.9083,222.89081,231.94856,164.37929,272.4402,253.92416,213.67696,257.09027,176.57516,221.43422,268.4069,160.0252,241.2567,231.50208,161.30164,233.54562,229.89941,235.85907,120.08766,231.92413,168.3472,184.32397,161.36337,179.67998,237.44641,178.69376,159.15547,173.10364,212.28589,209.23172,203.06305,260.49393,241.63629,231.50546,228.54483,230.26674,255.8449,252.21292,92.766754,251.07146,266.7201,209.52414,233.73972,223.31807,237.18921,116.52553,216.08966,208.74896,185.21532,220.54169,247.77621,161.35945,223.47076,200.31381,234.5875,235.20703,176.63815,224.11893,235.0613,208.37497,230.71909,251.41003,115.60354,275.37134,177.68991,255.16658,226.87161,247.07123,246.20049
2466,218.69669,181.1384,178.22891,249.78519,244.08995,175.3582,260.24097,246.05258,282.16162,228.90689,169.7766,239.0492,254.68088,207.91362,251.07362,271.61456,248.04875,253.44778,205.79088,194.1767,240.47852,244.06769,238.69312,286.04803,272.95374,199.55449,184.80743,256.33188,273.65714,238.84036,230.50595,234.42203,241.24097,270.23013,248.30063,238.5568,223.64273,260.462,244.69293,228.46199,208.60498,101.21435,238.96786,221.71118,247.31174,272.31354,158.05669,198.43536,283.3262,203.8327,238.55396,263.07523,268.6117,263.79855,253.33813,262.78546,206.48102,230.604,245.31784,194.70158,238.81528,242.20645,263.4997,224.89844,227.81819,223.6469,248.7696,249.86255,247.43199,192.19756,246.00375,256.4826,266.95605,262.48975,253.46616,238.67827,210.88016,250.50912,255.874,234.45776,215.50925,244.26709,236.92383,264.3454,254.2068,247.09305,267.4897,261.60492,250.0506,281.05316,242.78311,269.32913,209.88095,242.01157,251.1571,244.6377,200.57687,251.95514,243.08385,189.91956,282.42432,264.876,246.68713,258.6474,213.16785,244.03935,275.9988,204.69394,255.79004,257.54593,204.78857,251.64558,246.39235,242.59206,156.88245,259.86972,187.224,198.27612,198.53365,208.14787,265.76358,182.6261,173.24457,212.73628,235.51395,239.98631,229.47604,271.2563,247.01862,251.95932,258.9105,252.3819,270.96356,267.45502,126.81991,261.0863,274.8488,229.82768,255.49585,255.3656,259.48837,158.19934,243.15005,237.96576,221.18103,251.1344,259.03113,193.18782,260.94592,248.73972,245.10837,251.87068,211.05356,243.83432,256.52896,241.89772,251.074,260.4358,129.26898,283.75183,197.32022,262.88345,254.24548,257.725,263.4779
2467,172.24753,144.28922,166.55524,226.18889,206.7732,124.75818,209.53601,173.27634,268.28345,195.36655,154.97543,182.5675,230.77127,168.71062,220.47192,240.53522,211.24712,217.19547,167.35977,174.46722,180.47069,232.14679,178.33493,275.20807,239.13641,170.0008,191.27917,208.36972,257.05978,214.48341,183.47157,153.13731,208.45389,263.67963,192.03964,193.14502,203.72256,221.77315,194.97354,191.51776,138.1163,82.580956,184.59222,182.92178,203.25467,246.63934,164.46765,116.208084,268.36163,177.56647,191.35986,237.11725,239.3555,224.01309,212.0333,225.13956,143.3555,169.78816,222.39209,153.7545,195.05933,202.08638,232.9064,174.9884,188.70668,154.89693,218.33415,234.6726,199.61319,170.38246,218.42232,231.04327,232.09567,218.21492,170.87924,196.3392,162.70694,214.54956,208.41875,180.97545,168.0075,208.72641,223.89651,242.42944,202.42885,242.2695,231.53859,233.54451,209.68192,242.48305,183.41573,252.9075,161.80362,197.27783,203.70921,161.94426,158.7309,246.38312,229.5871,174.78972,257.2604,230.0965,210.34497,248.16388,169.53212,190.25275,270.39044,149.38345,218.11658,200.57104,154.97546,196.24954,206.71603,206.87112,171.81183,218.89609,139.95377,161.93631,135.80261,139.10132,231.0408,175.25162,146.61096,168.31763,184.98795,208.29684,167.20102,247.23557,234.35617,211.33696,193.11736,202.68153,237.78024,236.54549,106.569595,231.53113,252.02643,200.69699,199.26395,184.91917,226.05688,123.95021,253.1914,163.52783,221.9761,175.35501,239.5769,161.27362,199.05206,177.29176,224.61658,196.53848,187.28769,208.66818,197.83722,174.2623,218.68826,232.29929,79.005745,278.8747,175.4338,253.23967,210.17789,255.75089,229.68796
2468,197.15613,167.89835,191.0964,244.87717,246.0366,153.32817,256.45142,253.54811,266.6101,217.53214,150.54245,241.46783,236.29198,189.57275,239.54518,265.30923,227.8765,244.98471,185.63019,175.04495,221.42789,231.14795,240.00217,271.34924,260.3575,184.36046,165.12437,237.47043,263.85663,211.69186,208.09537,239.1394,227.86269,256.57745,252.23792,222.14705,219.70755,250.1422,222.32474,199.94736,218.56537,63.89826,231.08499,205.0734,240.07251,258.21585,137.66193,195.6467,271.55634,177.9596,228.00313,250.79495,261.52014,250.49104,236.70752,246.85631,209.44104,232.2319,239.36053,168.68579,229.63785,218.65103,248.08948,210.16354,204.89636,209.2002,246.52716,234.60004,232.04881,168.79501,222.93167,241.99338,253.5081,254.02339,249.74234,228.53268,184.94438,236.4401,253.25166,214.38895,206.61462,242.03603,228.6634,246.85101,244.27345,227.02899,252.9285,255.06604,229.40627,271.05212,250.61865,255.4773,227.37244,231.07422,244.33713,233.36066,189.87796,237.08566,247.5189,163.57181,271.43466,254.47343,222.92163,244.7928,195.92274,234.77664,263.177,182.13524,241.38329,246.30545,177.77853,248.80267,226.45914,242.33003,118.606895,243.93506,190.4045,205.77725,190.8308,198.86365,247.59485,178.00009,187.10767,199.42366,249.39102,202.0649,225.6377,260.30115,228.08743,239.89377,238.67444,233.5409,256.85614,255.70206,113.66296,252.4116,261.79327,234.48444,250.52611,262.3485,243.58821,134.00475,202.76248,238.92743,194.8068,245.28214,248.30551,174.16624,244.66734,234.34662,231.33249,237.74986,165.87585,221.60367,243.0419,226.51797,235.38998,250.7128,187.0095,268.7934,178.86218,251.0269,234.64998,240.9693,244.72531
2469,223.40009,171.14609,199.58606,221.12317,200.49725,177.41638,219.29822,217.26562,274.42386,200.73877,186.6152,212.76488,252.73642,176.99576,218.65501,226.20491,245.27312,218.33249,207.15361,189.63353,190.76656,233.80356,162.20921,276.873,237.76346,209.28146,207.38734,236.11102,246.14915,211.61952,218.10138,222.80058,217.38425,277.7473,249.58151,221.613,222.38373,215.82726,238.6236,210.41684,201.89738,119.18628,219.2593,224.35214,207.84898,251.93542,193.84894,199.3552,263.46222,219.48595,189.28735,240.76456,225.16757,224.22656,230.3761,242.06128,209.10828,237.01913,225.29022,210.01102,225.74223,230.5357,250.22493,199.02988,226.90216,223.28133,214.46603,245.0091,238.44644,192.75778,260.0506,238.41788,237.68152,207.81949,218.6496,216.37317,205.12634,222.53679,193.48302,223.24622,223.65244,264.8531,214.82503,253.04825,241.73773,266.89618,234.41812,220.9721,238.83401,232.48283,240.83925,285.21606,175.87442,209.36258,193.08365,198.64047,172.05992,266.13943,242.78319,195.64374,252.46529,235.82083,246.83775,251.33984,205.9274,190.01328,279.2259,195.56754,221.36588,207.3185,186.54507,208.80197,234.27634,214.3573,201.77611,250.9645,161.8351,193.04326,194.05713,204.44716,262.04272,179.70523,165.8489,223.06555,215.17725,229.75269,207.46542,247.6051,249.55566,209.81233,213.64694,225.50633,236.41678,230.54791,150.20306,224.84436,250.47603,216.87686,218.09698,225.60135,246.86293,155.44748,272.0706,224.25754,245.79314,229.93713,245.57664,195.2391,238.18188,241.19382,235.00085,223.94275,215.40218,234.74911,210.57916,216.71426,231.69197,235.73557,77.36937,283.94794,188.62926,245.92073,228.66724,266.114,243.83427
2471,145.91309,142.52344,174.0004,234.3648,214.77577,113.33237,205.54585,157.01018,267.81522,192.13388,151.18832,172.44942,220.87778,170.05914,221.49182,249.59805,191.23767,217.75464,155.31482,169.93228,173.10709,233.64828,189.27945,278.52368,237.8414,157.07431,194.59889,190.96326,263.0804,210.8768,165.46487,124.51422,203.8435,267.0813,171.73424,180.86603,201.61246,222.74866,171.98856,184.10776,118.19249,83.91084,170.072,163.97145,199.92697,244.7635,164.28865,83.81533,271.0916,163.58128,195.13683,233.70584,245.52298,218.7687,204.8598,216.07947,120.869675,142.70128,228.31366,132.10745,179.6489,181.08763,225.19519,160.88673,170.23141,125.21855,226.16216,229.65193,180.21478,164.6666,203.49756,224.45605,227.40552,221.88419,147.62985,184.15387,143.96658,209.68814,214.62256,162.00964,146.37515,188.88531,231.91284,236.60538,182.98337,236.43327,227.78859,241.53278,194.107,247.35101,166.96951,246.86682,169.12138,187.59744,210.60315,143.345,157.35678,247.44138,240.28232,170.68405,258.5449,226.74846,201.18143,249.66077,158.30545,191.04721,274.97034,131.24574,212.92908,193.8311,141.06879,190.75798,186.19824,207.59277,164.92049,204.37064,141.66306,157.35547,116.178696,113.85852,213.64984,185.37868,152.7315,145.54723,180.62076,190.96617,146.78217,249.82455,230.43506,212.54047,177.69922,188.02621,235.91907,240.26743,106.41234,235.5716,253.6979,204.05017,190.34717,170.36618,215.8536,123.9671,244.08917,140.15526,214.32626,151.78223,241.03331,152.59564,176.02074,149.0393,221.00119,179.02191,165.01349,195.58208,190.03775,159.89847,211.712,232.66586,102.78349,285.0827,175.24557,261.08258,199.61317,259.9463,221.57268
2473,201.94022,150.33629,173.57524,233.42188,218.97516,134.15446,235.51567,229.15155,274.55383,206.24426,151.85109,220.6734,240.83984,164.27228,228.13556,248.63953,227.37201,228.51231,175.47552,171.52841,190.35501,233.85167,191.14555,279.8218,252.09314,187.45465,183.32721,227.63214,262.52438,212.92683,198.49199,223.19824,219.74808,265.24606,250.22916,209.79846,215.25027,231.7016,200.0731,181.9719,194.10321,50.943832,217.76634,207.41765,222.91052,254.46931,154.54199,174.90445,274.0136,183.32736,196.47485,247.10696,247.81073,238.90634,216.4712,242.69788,192.74301,227.42953,230.47519,166.27092,225.275,218.07141,242.3832,198.6417,206.20992,189.46896,228.07846,241.81378,229.13658,167.79655,213.64632,243.959,246.75632,228.26408,231.35971,223.82825,174.57631,226.98984,223.07904,200.30753,204.76642,246.07983,226.12546,248.40855,243.0471,241.42142,241.9828,240.34694,221.24753,252.08636,234.28201,258.74985,181.53807,222.1682,212.53015,203.87115,165.54076,247.31856,237.26572,163.9788,267.8434,247.21416,200.97864,252.32933,181.34245,202.90671,272.48108,167.32687,230.56094,220.51553,160.56566,224.50476,230.50673,226.01797,152.14844,235.8707,151.60065,187.67792,172.0865,185.97278,244.85742,173.0731,157.01328,196.65993,222.6124,201.56311,211.7597,258.15417,231.9739,219.5788,212.3294,219.22496,248.46405,242.23132,101.76543,240.96616,259.0605,217.81465,230.53436,238.50482,232.85541,115.76961,236.79219,223.00829,218.36792,231.09702,244.35587,170.7424,231.87106,210.91846,228.83286,228.61177,184.00494,217.6554,219.37451,198.51218,230.23894,245.03488,95.775604,280.11566,168.70322,254.59924,217.99681,255.01355,237.58986
2475,147.34306,164.52946,153.94064,235.43338,234.31387,143.70993,231.36444,193.37323,244.35587,209.94379,156.14485,206.98325,217.8326,195.95389,237.63538,263.1471,189.99985,239.57071,143.94058,175.06613,218.15413,228.29005,242.45453,260.2964,253.76053,159.91812,144.24911,203.11961,262.09494,204.64346,191.30203,140.24638,225.05203,226.9006,154.72292,195.13684,181.22472,251.65662,156.44305,193.73065,134.82965,91.05608,178.648,182.9853,223.8451,249.97986,115.076675,108.576065,270.18857,149.74881,232.50348,246.84119,262.58994,241.04367,194.00928,234.0174,121.20369,140.19714,209.62625,138.39612,194.45006,191.35849,213.95862,198.94228,178.09222,112.09143,222.23508,227.00116,195.09967,170.28842,164.67719,234.55711,243.65836,255.0318,202.80786,208.69872,165.33551,230.86954,254.00226,174.79301,135.51454,132.19957,225.57088,227.70078,168.18858,158.79272,252.37709,255.38664,212.76285,269.10205,139.44641,175.91075,174.64154,213.68448,244.95,204.96826,184.52509,184.73654,219.40463,164.25113,265.33173,238.52673,191.18182,238.28265,158.8859,232.7998,244.22241,152.21439,227.65732,223.09872,160.89383,223.60234,198.85925,229.0695,97.1351,195.60515,173.44269,168.17882,144.55089,148.62674,189.0798,175.77686,156.50699,128.10558,190.24205,179.20789,167.20937,245.12827,221.89188,231.74606,216.64902,211.99461,253.64633,256.9366,113.67172,249.94223,254.17587,185.09373,213.53445,188.97931,207.13092,141.34607,170.67038,163.9267,143.82437,180.6557,241.9701,160.42598,177.03992,148.88736,225.53531,220.30025,145.61926,196.36574,236.65128,186.48773,206.70413,238.50525,150.58289,251.1613,184.47095,236.79497,208.906,222.04707,233.03644
2478,122.39966,106.08957,167.32385,239.85568,239.20241,82.71563,239.6311,217.45549,250.47008,191.92386,97.17943,218.09839,211.99458,145.24289,224.99768,248.4054,180.89838,231.34155,104.86059,118.13544,180.50737,218.31242,228.17937,261.96942,248.19415,124.573204,137.96811,194.07678,256.90344,169.58746,157.37196,169.41708,213.45763,232.00009,206.47699,179.14758,183.27823,228.67778,150.91376,140.59871,146.94125,30.182405,177.15108,162.251,225.2532,234.29846,104.31288,95.89453,261.92798,108.04747,205.29044,232.2221,252.32562,229.20839,191.7897,226.56558,128.26465,168.81155,223.10469,91.67325,187.76198,173.42667,217.55081,171.91983,147.5109,117.975006,233.43332,226.26872,193.54784,108.6263,161.46672,230.0355,238.95944,233.9871,208.45178,207.73102,112.27547,218.07172,246.52301,154.37093,133.94589,185.0345,219.45312,221.7886,199.51703,183.59169,223.4636,244.86636,189.35706,252.7002,194.20256,201.55228,201.29652,212.35406,223.27756,191.42577,137.3418,210.3233,234.03934,100.59997,256.21274,242.64645,171.97906,239.08664,120.10995,217.60535,245.16972,102.47794,216.41017,218.82803,101.58237,228.75522,186.12102,234.68652,79.425575,206.10953,134.66377,162.9974,109.43352,132.7232,197.53113,155.54745,137.92712,116.330124,223.96434,138.82692,167.0293,250.59308,205.58484,221.13284,194.10928,195.16415,235.453,235.60132,67.07196,246.08002,249.21767,210.7066,224.04205,223.93471,205.83188,76.74724,161.2171,187.21123,161.71146,196.90164,219.66019,112.45949,186.89664,157.76001,200.13547,209.99251,103.12138,173.14072,218.03069,178.6626,205.77193,240.9078,171.40668,257.90894,132.72464,234.32318,191.61334,226.648,211.14603
2480,204.19629,165.06262,188.54387,251.83943,252.34863,143.73741,259.71268,247.68323,270.00827,222.11407,149.06207,243.58582,239.86115,188.00336,243.97308,267.1231,227.33371,251.73447,188.27156,172.81264,222.15088,234.5333,244.48343,276.92468,267.8786,184.64473,169.18164,236.40918,267.62317,227.38037,205.64944,219.30664,230.48186,257.25385,238.95987,223.64209,222.9501,252.77032,208.08621,200.35132,205.3634,51.780983,229.02649,202.50897,245.2438,261.1088,146.88766,173.07904,275.15338,182.13826,228.63513,254.46431,265.27518,254.36406,231.75381,251.38075,191.10913,216.27625,243.26047,166.3884,232.03561,221.96526,245.43518,213.18019,206.61806,191.62451,250.24408,239.9192,228.45836,170.17314,212.345,246.32846,258.41925,256.34027,244.6478,232.01169,182.24377,240.39319,259.76984,208.86295,199.13583,229.77544,229.0246,248.80185,239.02045,230.55247,256.89886,257.79672,229.16077,274.8186,230.8329,250.21709,225.71262,235.3126,247.06143,227.34029,192.5693,237.93086,248.29692,165.42621,275.40314,259.45328,207.44197,249.37065,194.00552,239.25806,265.05893,179.07399,244.85654,246.78925,174.86752,251.6495,229.47496,247.77771,144.81683,237.2651,190.74457,205.01114,177.72188,182.9523,242.60938,178.32732,185.67665,195.4679,247.2229,220.77881,220.72742,267.3916,230.13919,245.98152,239.3713,233.47998,262.6291,259.45453,104.36391,259.94263,266.36298,235.1536,251.06067,254.65619,237.3739,124.60709,237.41103,224.78891,207.08237,233.2608,248.87173,173.6901,238.47517,212.60931,231.47168,237.48723,200.12767,226.45123,244.69957,214.49103,237.11212,257.93356,175.05603,272.5891,174.3842,252.0294,234.04999,245.36255,246.99496
2481,184.8323,156.71558,204.93585,253.46674,245.68813,127.723404,247.72812,228.03168,274.31277,217.94412,149.4187,230.8794,237.96513,177.09937,238.09888,258.441,211.00806,244.25319,170.77773,172.56982,193.56526,238.29886,215.50854,282.41522,259.16583,181.56754,182.64569,214.32715,270.07654,213.83916,190.64291,188.68681,225.70827,261.41534,224.18361,210.67061,231.11395,237.01418,171.35277,179.53026,188.53824,52.457024,213.91306,195.91832,234.56337,254.85742,157.47977,139.97644,277.94177,172.97263,210.19199,248.02443,258.31964,239.84877,213.85394,242.21921,172.58122,197.84799,250.5094,149.08856,223.97743,205.57257,234.70123,197.84503,196.90515,153.17894,249.7528,244.50587,214.65384,167.00699,194.90933,246.05554,252.02249,237.21252,212.39154,224.62741,164.55386,232.84521,240.79669,188.85881,185.86258,216.98532,233.92142,246.93475,223.14398,227.29198,240.27461,251.50589,213.19196,261.33383,214.09967,236.30699,221.7417,224.94879,226.30653,193.47437,182.48709,240.30185,261.10306,164.66068,271.16608,255.15814,188.5172,258.44763,179.58992,219.01709,272.27222,156.51147,235.07288,223.45253,154.30951,237.03549,216.48067,245.34224,144.14737,220.11295,182.8728,209.1236,159.61386,161.00967,224.58966,189.14969,194.3445,177.38004,244.24942,192.20734,202.25943,267.78802,234.9079,231.71178,206.84132,214.38223,251.10855,249.06776,105.12866,254.40604,264.72968,239.80362,235.798,234.63602,222.38129,117.96982,226.6087,199.98036,209.22215,205.04272,244.22504,165.9789,207.96918,172.14651,225.79134,219.02365,170.18027,215.75111,222.7529,186.94772,228.56268,256.41547,174.60188,282.4561,173.31749,258.9117,213.23083,256.87234,234.94144
2482,161.90651,131.30147,201.07385,255.81152,249.32672,100.05519,249.85783,234.81308,270.10205,212.52844,123.24753,234.61542,230.6622,158.35388,234.5987,255.97107,194.51718,242.43619,138.59583,145.795,176.3335,234.05505,215.8757,281.2668,258.68646,159.25635,170.43538,201.90521,270.79282,186.59053,172.66705,189.92427,222.80518,254.5679,234.82895,199.58466,220.71901,230.73013,144.28726,145.19586,183.12308,25.433046,204.57568,187.27481,235.7284,245.92134,141.61497,124.35838,277.049,142.28952,201.84177,242.74625,258.30957,234.9049,199.2595,238.65329,162.08707,196.90419,249.57906,118.24115,216.51228,186.83109,226.09683,190.67104,178.0787,134.46188,250.23022,244.02505,208.98083,137.08218,169.52045,244.86267,249.8245,231.50218,215.43248,226.16243,137.08133,228.5374,243.4425,172.29828,171.15134,217.48883,234.83713,236.91238,223.21405,213.64722,230.05577,251.22406,196.35274,256.4016,219.87665,223.09714,221.98923,226.85068,220.72888,189.26477,164.01027,235.42786,262.06073,129.59853,268.64386,256.00537,165.82422,258.14206,150.17978,215.71483,266.99118,127.49216,227.67398,217.94681,121.78836,238.64159,204.17384,249.25223,115.44862,212.29666,164.61578,201.03651,136.17682,153.98517,208.35829,183.7229,176.8754,153.32596,249.41199,151.44067,196.40451,269.4608,222.92078,227.47734,191.02542,201.89836,244.94139,242.99045,83.8683,255.88583,261.526,239.8962,236.53654,241.33856,209.13605,89.28765,195.22208,203.18478,195.09558,206.87726,234.34296,142.10252,195.90887,156.7232,211.73306,217.02258,126.87755,197.05597,216.94734,175.89246,222.00961,257.39883,174.91907,281.88693,151.22899,253.84106,197.048,253.12268,220.9365
2483,146.82092,137.40231,161.35902,256.09747,251.77287,111.07214,252.7081,223.29643,263.86932,221.20328,131.01053,230.63446,235.92334,182.42851,252.33203,274.27533,192.49872,255.6405,122.163315,152.45996,206.32678,244.82335,246.45364,281.08954,272.5476,148.80287,145.30978,210.08817,280.0567,188.52019,186.17603,167.08174,240.19458,240.51797,189.08444,204.3122,193.12772,256.44397,135.22081,162.15956,155.81046,34.39965,191.29332,191.47414,243.81009,258.7577,99.851944,109.43915,287.0075,131.66795,233.30551,258.08102,276.21338,251.80246,198.07895,252.92065,133.26349,165.79071,230.60791,114.15702,208.54309,190.35889,225.56262,205.49222,176.73264,112.75925,242.95117,250.43297,211.99463,143.91953,153.39142,254.54501,262.5963,258.71817,225.92833,230.68066,142.69038,244.96397,265.26013,175.3908,147.39388,153.36908,243.4073,240.42603,197.17323,169.35382,253.19601,269.3946,211.39015,277.73175,170.10942,184.37987,193.11975,234.91101,249.05453,212.66144,171.78055,198.83597,232.24844,131.12079,279.79355,260.9817,169.69061,259.66516,138.68336,241.59134,258.37433,128.35263,238.84857,232.69373,127.66143,243.37509,206.29146,249.18611,73.31441,208.82005,162.91081,180.12271,128.73444,154.89697,193.73026,179.69699,156.55017,125.62811,217.0186,146.77362,183.98856,268.70074,233.0073,245.01218,212.13432,216.80315,264.05927,265.5379,81.1709,268.21393,271.4112,207.36453,235.54382,219.80762,208.77971,103.40979,154.51474,191.19165,147.45813,205.81116,248.22397,140.53647,187.08206,148.16893,226.26276,236.14111,110.25186,198.06668,244.01706,185.27151,224.80016,260.67377,145.53098,271.7054,168.50793,251.71216,209.45032,237.34647,236.5621
2484,152.7345,118.38235,143.06854,225.9084,209.7539,102.31299,226.679,208.64603,264.5058,197.06152,120.09677,204.80205,226.62955,155.48938,224.19217,244.07333,206.7013,219.63123,126.79627,144.2178,182.12575,228.21912,190.98474,273.79578,245.64525,148.99666,161.95688,210.99005,261.6463,187.12712,182.0525,191.5653,218.92361,250.50601,219.01852,190.9188,185.44514,226.37158,184.16653,163.03558,156.3628,45.670143,191.0611,190.21368,216.95374,244.54578,119.96485,128.64569,270.77603,139.6848,195.29582,240.10794,247.80911,231.57433,202.49063,234.96365,152.97435,192.98853,213.27243,125.59044,200.63412,197.52121,233.06917,185.2551,176.6521,151.85426,217.15764,237.05399,214.75359,133.82883,193.5328,239.50433,241.21991,225.58264,216.20741,214.13722,141.87682,221.90329,222.22949,178.57195,162.20453,206.72275,223.23747,237.50464,215.56358,210.52966,230.74648,240.15659,207.45706,248.00269,200.83693,230.56895,159.23569,214.98712,208.69992,198.09763,145.40967,226.41782,217.62125,130.888,262.31903,240.51825,199.53122,247.77115,142.45512,201.68834,261.9677,126.9263,221.58473,216.1615,128.04674,215.29901,210.42798,218.1052,112.229065,225.37616,128.80585,161.38904,133.92175,163.6347,225.41583,160.33769,128.18027,147.40202,197.37732,168.34344,183.85034,247.86977,221.73497,212.30835,201.3483,208.01038,239.14435,235.73375,72.589294,236.80013,255.38156,193.66365,218.37296,215.64346,225.67357,91.491425,195.69214,201.70708,187.67712,215.1133,230.3786,135.12375,208.90565,190.50842,215.02023,222.00732,138.90883,191.19724,216.6074,194.92783,215.60925,236.71393,81.55836,271.44345,153.117,245.4538,203.74731,241.62643,224.07773
2485,129.80334,140.8069,195.3247,249.30472,249.49182,105.78108,235.00342,203.28293,245.56465,205.89932,133.13998,218.12479,211.03098,173.49591,234.72847,262.94485,161.50894,241.92258,123.17362,151.7482,184.74112,228.30046,241.72757,265.67645,253.57687,149.74185,155.61896,175.54279,266.78302,182.01773,158.87012,129.90204,221.04031,228.34778,172.37045,180.22256,198.03629,243.00061,101.250824,142.33943,145.24356,41.90903,170.45384,167.56377,225.35959,239.71494,130.65234,79.802444,272.9234,127.7746,221.47871,241.09213,265.37073,229.14844,169.41818,227.61623,118.94592,138.95609,230.34749,104.42369,189.49915,162.23236,199.63834,184.14966,156.8602,74.08845,235.48555,228.97592,178.23285,143.56552,128.68561,232.44958,239.79692,245.76823,189.72345,206.85948,126.827484,223.01755,255.59598,143.79752,131.76657,151.56061,231.68132,216.48898,168.35797,165.26007,236.78464,258.78998,183.05807,263.28116,156.45322,169.36092,209.82227,211.78813,237.83484,177.3713,169.588,197.44693,250.32475,134.94785,263.53308,240.97914,144.81244,244.67413,135.78761,225.56229,247.58653,117.85247,214.47176,204.86932,118.14676,225.24838,177.64629,242.1416,93.55796,176.07184,170.20593,188.05864,120.48886,123.67493,163.40543,182.59854,176.68633,114.11256,222.8503,131.42375,159.98483,254.7143,213.88399,226.84973,177.81833,185.12134,244.53787,251.62222,96.65426,255.34634,252.2327,213.32759,212.69876,199.53128,180.37392,108.111046,160.94873,156.03708,155.0861,165.01657,234.1964,139.04619,148.48416,103.28517,209.44241,204.33124,104.757675,174.73923,219.11607,152.01108,198.22122,246.09425,204.98985,263.19537,164.70825,239.03146,179.41562,233.57101,211.7691
2486,157.24161,139.31049,162.47809,189.93451,164.67722,118.989426,175.79349,165.94196,226.55666,170.17636,145.46344,172.13397,189.43013,140.19531,179.6756,187.22278,160.26642,180.12189,145.02997,151.0729,127.474,194.31451,126.42369,234.40038,188.60368,170.93167,179.60785,143.98941,216.66168,168.41516,157.9917,147.77449,187.04996,215.07715,184.0412,154.6041,184.70712,173.8351,124.90502,135.28363,138.22845,72.37869,163.15619,181.40962,168.09369,193.10455,161.65053,124.14177,227.15256,161.53735,157.2941,191.12772,198.02454,167.7011,149.35464,188.48233,147.5859,167.34332,189.1742,139.23688,184.172,160.53384,172.68098,155.72844,171.0502,107.10954,175.90723,206.61131,174.67554,153.26474,163.09485,204.08606,193.16791,166.89272,154.71425,179.62637,139.18668,179.15921,159.76396,142.3293,162.16129,194.58511,189.73503,197.17659,160.6909,197.49957,176.89981,193.37209,161.06415,187.85596,160.28084,189.70865,130.97406,166.58527,149.21193,140.44028,139.90228,215.28299,210.34569,155.81409,205.51944,194.43484,162.66592,222.57858,156.99825,150.55116,227.44235,129.71957,171.1453,146.84947,126.41487,165.03848,171.39487,185.69868,165.12823,164.83963,131.63693,163.19554,145.7675,150.82968,176.24825,166.15298,138.37201,160.23627,168.27509,150.74011,153.84003,200.38632,203.36052,155.01218,139.96295,156.00095,181.72137,187.14513,102.949745,189.5256,208.01868,173.20349,165.89542,161.15495,169.78198,111.438614,223.60168,155.62491,205.71999,155.26334,187.8982,151.03734,147.49954,120.85182,176.68848,177.07034,149.00188,168.79672,163.3201,140.34576,158.38387,195.4927,66.73827,246.31464,154.74777,212.1772,142.30849,229.42102,175.88243
2487,176.6658,154.27216,186.49506,242.34178,229.8136,127.69099,225.47241,190.04181,270.77332,206.39052,157.2114,199.71109,232.31207,181.2434,232.68945,256.99463,207.46674,234.07507,176.32344,177.80806,193.2283,237.70952,208.0412,278.68222,251.16545,172.73476,191.33292,210.14255,265.74188,224.96281,181.75839,157.84546,215.92918,264.53674,200.65408,199.91473,217.25224,237.03934,185.03308,192.687,153.36887,68.65875,194.07457,179.02103,217.8539,253.19162,171.23868,115.33853,274.45523,179.01328,210.03464,244.71062,254.32486,234.67746,217.62297,231.70258,148.62418,172.16919,238.58325,149.86133,203.20216,199.85956,234.38301,183.16225,187.93823,152.24728,236.86536,237.0528,198.8122,174.65659,209.02081,235.87573,241.01251,236.32797,180.31836,203.94121,161.45099,223.79172,231.0426,180.68854,170.60913,215.75974,233.18051,244.47885,207.42728,244.17639,242.19035,248.97499,209.5417,258.21555,195.35852,252.57556,193.31807,207.2173,225.44046,170.42383,174.22911,250.0658,245.73807,176.38022,266.00043,240.59665,200.52742,251.99965,176.38956,209.44176,271.57324,152.93944,227.35555,212.57336,156.68146,213.05734,205.43318,223.06151,175.98425,217.45221,163.20999,179.08435,137.84048,134.75674,227.2431,184.93974,170.67117,171.79001,208.26746,209.31664,175.14761,258.80173,234.65172,227.67273,201.61476,207.04106,248.90549,251.08722,108.449844,246.41223,259.98123,220.98111,212.91174,201.33603,224.0291,127.0476,256.4733,168.63748,224.43597,178.80054,247.5979,165.77644,201.05693,171.05978,229.04562,201.28146,191.15,212.86157,210.24591,174.27031,224.92233,244.6301,121.64728,281.0986,181.14847,259.57175,215.44067,257.49655,234.51294
2488,173.72379,147.852,187.16406,244.76443,247.85501,123.6078,252.50424,238.93979,256.7746,214.75052,133.75568,236.3541,227.16624,181.80402,236.0029,259.07278,204.10115,244.77866,154.90005,161.85262,209.70958,225.715,242.08002,265.70132,256.56464,166.18033,154.8392,213.41403,260.82758,204.65479,193.3276,195.93921,225.09962,238.92145,215.58229,208.61108,212.9751,243.44315,170.92334,180.81299,189.34639,47.302303,211.31804,192.75201,237.51346,247.90472,125.9523,145.33676,267.58023,155.02364,223.31465,243.62112,258.87488,242.00418,210.10394,240.26733,168.66882,194.34282,235.42633,138.09099,219.19952,203.17833,225.9837,201.84167,190.20654,152.42584,242.59962,231.5675,214.26665,153.4069,182.70612,239.12823,249.67242,248.62863,230.07065,223.30241,161.64136,232.28423,253.92451,188.98831,174.59906,195.58246,223.22858,235.63849,214.23721,195.09929,242.21777,251.67676,213.31158,265.70483,204.9978,208.8153,223.04916,226.40622,239.34311,216.94775,181.08655,213.4114,243.36914,150.39645,264.77283,251.1298,187.8109,242.7201,168.70657,233.68506,252.01855,150.20993,233.52449,233.8522,149.85878,244.8692,212.4874,242.90573,104.596176,215.2731,183.5328,199.72992,156.34064,169.08868,213.57518,171.81952,182.2353,163.2724,241.62767,183.54102,202.58441,255.76102,223.15588,234.55748,221.32611,218.69199,249.02087,249.53323,90.374115,251.45404,256.27454,225.14833,240.62248,240.44687,216.3628,109.577484,187.6733,208.13373,175.4485,215.78976,236.33167,151.89252,209.20544,177.92358,219.22025,228.00726,151.43323,208.26746,236.53047,198.55841,219.68103,248.12442,198.49374,261.6329,170.0582,242.12973,213.01506,233.69116,231.94025
2489,202.36084,166.8039,179.88931,240.71973,239.34953,152.20528,250.66405,241.28116,262.95157,215.57564,150.90927,234.78082,235.31071,191.57706,235.83865,255.72926,226.03012,242.8083,191.72441,174.82501,219.8635,226.581,229.02466,267.4853,258.24615,183.20836,167.19354,234.66536,257.4306,219.8602,210.64258,224.23041,225.76768,248.96037,240.13046,223.40656,216.92502,243.12509,230.51495,206.91928,205.19061,76.90192,227.75302,203.39409,236.13788,252.0032,149.40332,184.37982,265.73523,184.19382,224.73016,245.20578,254.24167,244.45457,238.281,245.84792,198.02158,219.9578,235.76645,172.52121,226.9843,221.03665,244.37451,209.88327,208.23254,210.43068,240.32138,233.04791,228.83235,171.68704,230.69714,239.24263,250.9258,246.13663,240.16296,225.41046,189.19998,234.23564,245.61009,216.44556,201.67303,238.86182,221.5441,244.32916,239.7993,232.24823,246.51865,247.32742,228.31451,263.80847,238.6926,253.72849,215.26883,227.41609,236.31891,228.5638,190.3028,236.09955,239.1893,170.49872,264.24634,251.11612,231.57526,241.58914,199.23352,231.85794,255.38498,184.46222,238.19342,241.60318,183.0928,242.83447,225.26302,237.03076,145.76447,242.84882,186.29338,196.6129,184.15,192.35495,248.09581,173.362,176.70007,200.53674,237.307,222.15002,219.08115,257.43353,228.0761,237.43298,239.23718,233.10626,252.36658,250.06837,108.96095,249.19821,257.4552,226.45312,244.90324,250.3478,241.57858,133.7549,233.26172,227.65787,207.20438,236.07898,239.30899,173.74207,244.13531,233.29146,223.78098,234.2634,196.12329,226.11365,240.13486,227.19412,232.5027,248.10559,151.7367,264.60043,179.11542,244.34912,233.99072,239.4283,242.0612
2490,137.15211,137.78995,169.0068,226.56969,203.61458,112.90456,200.79822,156.75267,262.7637,185.64265,149.42416,169.93985,214.69702,160.58174,215.14864,242.53122,187.21768,207.60083,144.33276,163.39525,167.11868,227.32056,178.99884,275.3807,231.9949,156.75714,192.25745,186.54561,259.7414,194.19308,162.01445,128.4436,203.49408,261.0932,180.25124,173.11096,191.90906,218.14978,174.53905,171.43817,117.51292,91.18357,164.55034,167.48738,195.35707,239.21642,167.64432,87.43916,268.42712,156.34145,188.23576,230.99977,242.58469,213.46434,195.60564,213.32938,127.08558,148.13318,218.41205,128.88171,173.57227,174.78589,223.90677,158.418,164.48994,123.37387,215.21704,226.157,180.92813,155.5209,200.97923,222.28946,222.46243,215.88028,151.22223,182.24423,138.54767,204.46893,207.97409,157.78448,147.9349,199.9356,225.62991,229.87402,183.7721,231.48721,223.03445,237.24142,189.71805,241.47902,173.67911,245.15074,159.37527,186.19739,201.6428,145.92273,145.9573,245.98856,234.89642,159.84819,255.90198,222.47583,208.02359,245.7615,151.68175,184.448,270.1988,124.74942,205.77591,189.143,135.48479,185.60263,183.6113,204.47812,165.18243,205.51482,127.15195,154.51767,118.9339,122.14377,210.32137,179.00423,141.9101,142.78543,178.19533,173.09543,145.16644,243.8068,221.65472,202.68944,170.2121,182.13058,229.76866,232.32283,110.4406,230.3274,249.08853,197.37885,186.2976,170.61195,215.96857,123.84569,232.50642,144.01024,216.51227,156.5615,232.11835,150.72469,172.16766,153.39217,214.56407,180.82687,149.13332,182.80768,187.62804,165.26953,203.07666,227.40094,93.20449,280.0744,165.95752,251.44489,190.83572,254.62302,213.39359
2491,138.1153,133.72406,187.77539,231.64278,206.68918,100.51407,194.04184,148.50629,266.10193,181.85501,150.91623,165.82436,213.99841,150.51541,211.48215,239.67325,180.15067,206.79138,148.33621,161.69873,149.68146,230.55199,169.09134,279.10742,228.73729,156.81291,205.23822,175.45137,260.3694,199.53912,146.86746,115.79718,194.84622,270.05865,177.7045,166.27965,202.61925,209.51852,154.17209,161.16827,112.35531,73.406586,158.91739,156.47292,189.05106,236.12338,182.6835,69.19461,268.7688,160.48872,177.22937,226.75787,238.1851,205.56143,187.48727,206.51219,116.45732,140.38364,226.85059,122.34944,171.5928,166.21336,216.3241,146.98376,157.93141,108.2445,219.73091,227.79431,169.20679,157.21223,191.71985,218.8444,217.26843,205.84872,134.07162,176.51782,125.39107,197.96967,201.19452,143.94974,143.80482,201.48605,229.43564,228.33354,178.16086,244.83987,216.22028,234.00098,179.12524,233.88187,169.16327,251.30768,164.16025,178.2717,193.22198,121.76471,142.0533,256.65054,249.03429,163.0758,252.48526,218.89581,184.872,249.51462,148.14334,172.55307,277.82648,114.909836,199.6433,174.91469,121.87338,177.70058,175.7941,204.40138,187.34059,193.94318,127.23131,158.26971,103.89946,102.22374,203.69655,188.55759,153.36597,142.0319,181.31357,173.71509,136.24826,247.61533,223.05586,197.8659,153.41428,169.9633,225.11386,229.17017,107.89217,228.74353,247.52347,207.27301,177.79172,162.90184,204.42154,115.04213,259.55795,131.13458,228.95956,139.48999,234.66891,149.16026,159.5492,130.97397,213.86581,165.94531,159.24503,181.00377,171.84212,141.17242,200.93922,228.75829,98.746346,289.17828,161.5416,258.64697,181.1177,266.0019,207.33226
2492,207.38225,192.37018,210.57878,257.11133,258.6677,178.95831,267.11847,258.9664,273.4531,232.46483,171.32748,252.70752,246.07034,208.65366,249.60541,269.20337,226.86311,256.5001,200.87524,192.11948,230.4686,240.61012,253.62868,280.88428,267.15656,201.61125,180.76978,236.30052,271.7652,222.71606,221.52347,226.31729,241.76335,259.7617,241.89868,233.01402,233.90038,254.0254,203.10577,207.85532,223.29272,98.99974,237.29657,218.76837,251.89664,262.13873,152.87619,190.50754,277.48282,194.5399,240.88461,255.18185,267.73187,254.33104,238.11688,256.08887,205.07404,223.09729,252.68695,186.98405,240.1202,224.98985,249.2962,222.37642,220.05045,191.61072,258.2213,247.84189,237.62634,190.95078,217.12955,252.69539,262.84882,258.67798,248.44382,239.54701,201.29196,246.98921,260.37247,221.19281,208.07906,224.76547,237.91705,254.22685,238.12515,224.84369,251.43326,261.48175,235.56775,276.00006,235.74991,237.59052,248.60158,240.60313,252.24252,240.68683,211.4523,238.31767,260.44995,186.73247,274.74072,264.08075,223.54538,257.09613,210.34747,250.09616,269.76752,200.93762,248.40337,252.6965,195.73059,260.47592,231.25677,253.87653,134.93309,242.55829,218.93108,223.73853,202.60652,204.96634,240.22421,189.0367,211.54388,199.26404,261.3485,211.25748,229.38306,268.11496,243.61464,249.01163,243.09402,240.95508,259.6776,259.2373,137.59865,261.07388,269.16272,246.10272,258.90814,262.40857,241.59198,162.54492,212.47186,236.03604,202.55042,241.72795,249.48518,195.20639,236.22012,213.15997,232.0387,245.31726,176.62442,233.6709,252.89142,231.18364,241.31189,260.5627,231.72375,280.40338,196.60654,258.16068,237.35489,253.52708,250.64325
2493,139.58778,118.041245,182.492,219.70604,190.36594,89.37349,177.44418,133.21666,261.84348,167.64102,143.93347,149.7904,208.15894,127.82332,195.74449,223.08655,175.2262,190.8372,142.50995,151.36974,125.7737,222.71655,141.82767,274.03555,215.33673,152.7908,206.14429,165.44965,250.64404,188.30563,134.09352,107.467865,178.38809,270.55884,176.94867,153.5867,197.74747,189.79146,138.4534,145.91559,101.871956,62.42176,148.39526,148.24579,172.98502,224.47333,179.30986,61.446285,259.76215,160.11722,151.55022,213.9938,221.39362,191.16708,173.80882,192.91019,108.05557,137.80475,217.87947,121.94017,164.37337,159.27325,205.2958,130.77023,152.24062,99.97563,207.20062,222.95813,159.63797,149.65579,182.69862,209.40756,204.15001,184.10269,116.964096,166.15411,115.16659,182.5805,179.94849,132.10567,142.09991,201.27133,221.1755,220.90816,173.42616,247.85117,199.78735,216.69719,167.10265,214.13692,160.46176,251.72812,145.02878,164.73093,169.72665,98.81693,123.431274,257.61133,243.69339,155.9556,240.3227,206.4525,162.04614,243.86502,136.97382,148.08063,276.95447,106.05507,186.34738,156.10709,107.442924,160.20056,169.69897,189.18138,184.41988,183.44366,106.97284,146.81042,91.91151,89.26311,197.74094,179.6955,139.91402,140.7482,168.34698,165.29648,127.27322,238.8956,216.49054,179.69711,135.13568,156.00174,210.99243,212.02406,102.648895,213.67615,235.36777,198.63521,162.54056,149.41711,191.99568,102.11479,259.84207,120.252594,229.4521,125.973114,225.06557,141.93695,149.71979,117.59297,204.45901,150.12146,153.82346,174.51436,149.15877,118.18736,192.62497,216.70894,72.247406,288.81793,146.33537,253.73488,167.67107,267.1182,195.58371
2494,121.64387,132.91122,170.11275,211.19252,202.70079,112.25703,207.09796,202.55804,215.96558,181.94261,126.899284,201.35056,182.95242,153.9076,196.77014,216.72266,148.26788,200.68332,118.13519,136.56467,155.6393,195.09756,185.74565,235.40474,213.5816,148.7203,133.23763,159.43503,231.13275,130.63339,156.32124,170.98796,199.33134,196.45705,197.90857,166.01813,172.91289,201.03506,134.3292,123.65102,161.84149,58.97161,166.56717,175.09418,197.62912,202.52124,113.19035,131.16068,235.07309,122.074234,188.71158,204.78064,226.79079,191.31631,164.76836,200.72574,157.27287,172.16937,194.24236,112.970535,175.9378,147.25351,189.01303,170.025,149.98239,113.828224,199.34668,203.29602,179.28021,130.6193,147.1676,205.1755,207.78748,204.65234,193.24557,191.30698,127.64167,193.2956,207.73732,150.27385,148.97049,173.99097,198.13275,189.41394,169.25697,148.61806,194.27057,220.25809,164.3461,219.47833,185.77449,162.64014,181.47159,188.3858,190.7424,181.15016,150.86273,183.23073,220.88225,119.19899,223.79779,211.49277,178.72449,213.74353,139.5206,190.06824,210.9854,120.800415,182.11028,183.36398,119.36833,198.41824,156.7486,210.45477,69.04889,184.95935,148.9952,174.88058,143.36862,166.22726,164.78479,166.37628,154.50122,131.8624,206.42569,103.80808,166.177,216.44115,185.70236,186.32285,161.59657,169.11835,201.37906,207.05588,92.12438,215.01999,219.42264,190.97162,195.03954,202.01347,183.30843,103.24684,119.97313,186.23419,141.07446,187.30933,190.20578,135.1215,155.37589,146.21298,169.78717,193.25493,71.38329,153.88681,193.75266,178.7244,171.5995,211.25604,155.0469,231.97806,147.5972,201.0792,159.48947,198.38551,178.77267
2495,164.81537,139.89694,144.6297,225.45609,211.07388,127.148415,211.34402,162.85927,267.1249,197.23343,154.08469,174.34445,231.76906,183.9191,232.57753,262.78177,220.05853,223.02478,161.27925,182.47421,211.27502,238.2774,210.33276,276.86273,252.19357,155.37204,184.53288,226.633,267.42188,232.12497,189.60027,139.48499,215.17035,265.44357,170.15355,194.12796,185.02368,247.96957,207.07501,212.30759,117.18972,90.53494,175.22076,174.03824,208.20787,262.22842,149.69159,99.592476,277.5982,172.75975,215.01341,252.84474,257.9861,246.7558,220.01321,231.9975,119.75198,148.11246,214.37997,154.19266,183.68088,213.60849,242.51544,180.23926,186.02905,153.29259,217.62338,234.01688,198.36713,175.9266,215.39111,233.06558,238.93295,248.28,174.07097,194.33673,169.8434,223.56909,230.50966,183.39839,148.97629,183.13187,231.29283,246.7778,196.39682,235.7518,257.0643,251.43079,224.45512,266.3244,162.92484,251.84885,151.6347,202.26889,234.04623,175.35004,161.03809,236.58994,214.74449,181.18176,273.01953,231.76025,213.01431,244.63954,159.88092,209.41774,272.7825,151.78316,228.98233,219.6047,166.85986,198.76741,213.40433,201.4921,163.51935,223.14677,131.8093,140.09232,119.449615,127.58031,234.07599,166.18369,126.31004,150.51743,167.14891,226.59267,157.34355,248.54459,233.70515,228.42468,216.57584,216.84338,257.50992,257.2308,105.55863,240.12006,260.25757,184.73438,199.57516,175.14563,234.51599,135.03963,249.2807,152.077,207.20966,172.90515,256.00766,157.09909,206.09018,183.38394,239.55139,205.19212,201.84131,208.62561,217.16489,179.46793,229.20361,231.71231,73.793106,276.95062,185.8057,257.71356,230.97717,249.84767,245.98969
2497,174.23967,144.25162,199.5963,258.90985,261.8485,111.70549,260.61588,250.33206,264.17783,220.76166,129.93552,247.70685,230.1602,170.65755,241.27133,266.66418,192.17282,253.56627,146.47969,153.2806,190.88593,232.98505,246.01157,276.22797,265.6112,166.26373,159.36086,203.80603,272.37976,192.58505,179.38135,198.6709,227.76978,246.05038,232.46127,205.42438,221.56299,243.66998,136.26349,149.82178,195.5022,17.0521,212.7486,190.2533,245.47226,247.2068,126.96706,138.2862,278.1214,147.95206,218.41895,246.50238,267.27704,243.35304,197.06207,243.51927,167.66246,198.58072,249.64816,126.22471,225.48396,189.78113,218.89584,203.53818,184.33179,134.055,254.49971,241.57944,211.48085,147.12952,157.04488,246.54416,254.78279,247.12384,233.49298,234.08948,147.13362,235.40651,262.4419,175.56882,176.83313,204.69382,236.69626,234.10577,222.14598,198.5271,238.75586,259.87686,198.48758,267.1621,213.94519,207.60213,233.30025,235.68645,238.91742,207.54437,181.05156,220.94382,257.8611,133.51721,272.05154,260.2031,155.62901,254.51007,158.63763,233.90631,261.03073,140.60803,233.41487,227.90648,133.15472,252.17201,208.94243,256.49158,98.066086,204.91713,184.69386,210.44235,148.53314,160.91467,200.37904,184.51813,189.77382,157.84785,256.1815,151.5847,207.0037,269.8895,221.40701,237.42346,203.51076,207.69579,252.52579,252.30234,85.75718,262.84393,261.39935,238.4127,246.35022,250.87605,200.79404,95.66861,180.96803,210.27365,177.43144,214.86206,237.64915,149.67503,197.92026,153.94812,214.47498,228.21573,125.237114,202.03001,232.10335,177.45662,222.28456,260.23438,208.04825,275.65097,157.93355,251.04257,199.41888,245.86618,224.91534
2498,204.96286,163.91916,194.19241,252.53386,253.21901,142.8471,262.56912,255.4755,274.88412,222.7033,148.83072,246.05963,243.39258,185.4566,244.56616,268.60364,234.82727,251.42838,188.7586,174.25958,219.6654,236.6391,240.65504,278.9493,267.86212,185.75873,165.37492,243.32736,269.98267,221.0051,208.48453,236.67627,231.70819,262.8066,256.33603,226.85135,227.42743,252.21216,223.95636,200.91794,218.02843,49.523857,236.36795,206.33926,246.25255,263.19458,135.05817,186.27312,277.6854,182.02979,226.32648,255.77016,265.78137,256.0733,240.92883,252.35931,205.28355,232.64362,247.18256,168.10226,236.25412,225.22897,253.16574,212.58972,209.45901,210.3095,253.8212,242.31302,235.10788,169.15517,225.37894,248.81229,260.09738,254.95776,249.10147,234.98793,183.97086,241.19208,258.13058,215.86896,208.59262,245.70377,233.31026,253.5535,252.78539,235.30185,256.05713,258.91028,232.2789,274.2425,253.71387,263.78485,232.10626,237.57693,245.1845,229.14923,190.94342,242.8251,252.29744,163.50894,277.3734,261.82578,216.83255,252.28511,195.8436,236.45734,269.43768,180.46048,247.53104,250.18756,174.98022,254.16843,233.66452,249.2947,121.69522,247.87549,190.3274,209.7184,183.19147,190.90344,254.85817,181.90921,189.39998,201.91307,255.3945,214.18121,229.25027,269.02472,233.01683,245.126,241.03873,237.05528,262.3631,258.93002,103.364914,259.469,267.9453,242.11383,256.28,266.53528,246.33978,122.499245,218.67294,237.69312,201.79309,244.242,251.88892,173.74109,250.85603,232.76825,234.84424,239.65822,181.00809,229.51852,243.58356,221.2908,242.82825,258.70764,181.2796,275.30737,175.433,257.0208,238.7023,247.14561,249.61047
2499,182.59943,157.86588,188.9831,230.46805,221.27873,140.68416,234.30411,232.48984,259.22726,202.32336,148.89087,224.18356,227.15857,171.76904,219.05527,236.73285,213.77155,224.10728,173.48166,167.03508,190.02824,219.92441,191.06255,265.25354,239.6688,181.88483,169.27759,216.00354,249.82181,190.30264,198.73172,220.06091,214.04109,248.61757,239.08896,208.33722,214.56589,219.45316,213.69498,185.76947,201.25607,80.21235,215.6031,203.24161,218.87852,239.8315,147.77559,178.17407,259.306,173.51892,198.12158,232.35791,237.11945,223.8092,219.01938,232.37152,197.70424,220.62909,227.98528,160.96458,218.15686,204.4833,234.58145,193.15144,198.10544,189.09836,227.32845,228.80444,221.82811,161.8656,222.03918,231.00943,236.88754,219.87105,225.819,215.1851,174.65991,219.3111,217.29926,202.9011,196.64627,232.18268,214.52278,235.68141,227.17996,219.73175,225.72461,230.67264,214.29059,241.87581,233.13458,241.4625,203.23619,212.63809,206.67416,208.81615,172.00679,231.80997,244.58719,160.88586,252.40967,239.32187,230.69006,240.08798,187.14154,204.26505,256.58948,166.54848,220.51852,217.06886,164.39084,224.78598,212.27475,227.73007,129.49141,233.17816,172.0556,199.70287,181.2859,194.04677,234.62164,174.55444,178.6807,188.87762,234.09982,186.76398,208.05151,247.33786,223.36134,213.2211,210.08553,214.00327,232.6878,229.93292,107.74516,232.7223,247.70732,222.48158,228.62926,239.93138,233.1879,123.17401,205.09952,224.19174,197.75758,228.1571,227.74185,167.70853,222.15388,219.17596,213.18007,219.57275,155.73009,209.61214,217.11807,217.99661,216.37225,237.43726,152.33278,265.87534,168.5421,239.16116,212.23048,240.09888,225.33249
2500,177.56442,136.59091,132.49788,234.02025,227.01044,123.615845,245.14702,221.98154,272.09607,214.65543,134.30157,215.41586,245.02315,185.86284,244.07474,267.84683,238.61978,238.94835,151.83029,167.0994,228.7473,237.76544,232.20126,278.04034,266.1628,158.1481,146.78958,251.29602,269.58383,214.59547,212.65901,211.4707,233.04768,259.1885,219.10977,219.28345,185.34798,254.50157,233.59325,209.36769,169.35416,57.18511,212.57434,204.18866,235.67416,266.60938,91.904396,156.14847,278.6217,160.05894,227.03935,257.33575,264.21545,260.3592,239.33514,254.50568,165.3194,202.39381,217.40897,149.86227,214.93355,228.12015,257.21262,208.65941,201.18915,194.11449,230.05801,243.27715,236.29291,156.20969,226.21191,249.18692,259.12668,256.99664,240.34485,227.26509,176.24289,241.55069,250.03616,213.98141,177.01208,199.7582,230.96313,256.3977,234.47093,215.3116,260.27734,256.72546,241.43799,275.45578,207.89378,249.91847,172.91376,233.16412,245.15013,231.94157,170.53873,222.72478,208.66032,153.11737,278.33966,253.44363,230.41858,248.18384,165.74399,232.59457,266.9459,157.89514,247.6869,252.67743,162.88206,236.15076,235.06085,223.86765,91.25122,252.04262,147.35352,159.39218,153.21075,182.94968,255.1599,157.19907,126.90088,165.56966,201.6538,211.63217,204.77304,258.37885,236.40701,241.55917,250.01541,243.85263,265.5335,260.1264,75.39409,251.35011,268.409,196.43495,240.03653,231.92488,253.07562,108.80623,195.70189,218.98593,174.10608,238.35892,252.29095,149.59628,248.35483,238.0904,237.4823,243.62054,165.5799,221.61246,247.32838,226.49908,244.02672,246.90347,94.42149,270.55707,174.58604,253.13348,246.61385,237.51028,256.18158
2506,198.02391,175.40567,222.5239,231.41681,208.90779,162.5148,219.77533,216.46164,271.1427,200.75998,182.32364,217.27988,236.2096,168.01842,215.05338,223.72015,214.02327,217.68312,197.44156,179.34549,168.5236,229.83737,159.32997,275.77316,229.75348,209.45317,208.32074,201.61566,248.15271,200.11694,194.31046,204.44351,214.29333,269.05783,247.46248,203.44028,234.27547,206.34396,198.44469,182.48575,199.14912,115.26944,211.93341,212.70975,206.99828,238.43689,197.88922,172.85002,260.30127,206.10248,184.74364,229.8999,226.59087,208.12494,209.43156,230.14362,203.85367,224.46082,236.42897,182.49591,222.15363,200.09052,231.24562,186.36768,206.3225,177.96132,224.03268,240.99487,219.10219,182.24487,232.86215,235.10243,230.81433,199.02075,199.74849,211.59033,175.92838,214.3474,192.89139,195.94814,213.3783,261.40994,218.45065,241.57846,222.10205,257.15976,216.96043,221.93243,210.15681,225.23468,236.14105,265.71478,197.6575,202.24174,185.32964,178.33275,169.63301,265.2052,262.66986,186.17383,245.58669,234.24644,228.55629,254.0759,202.92702,183.88625,273.94647,171.16385,211.5603,191.97006,163.56389,208.00522,211.52579,225.5135,201.41129,226.73744,171.29959,212.02756,188.60872,188.0014,236.42566,191.47823,193.15865,211.82698,233.90018,196.74524,197.69543,248.24419,239.54039,199.08739,185.03133,201.29245,223.76309,221.89386,153.97275,226.15276,247.24265,235.37082,213.0874,223.07541,228.13458,151.47578,266.93195,209.75427,246.96107,207.64423,231.14078,191.77667,205.74263,195.97624,217.55711,208.52295,186.7709,214.70169,197.59305,197.86868,212.37436,238.74658,131.551,284.93665,177.40552,247.92819,198.92001,266.81964,222.47784
2507,223.53096,179.95276,190.82536,250.82361,239.48558,169.50174,250.70085,234.7777,285.47598,225.63002,178.26016,232.99242,255.5745,195.11192,246.90616,262.47156,239.79099,248.69472,211.36977,193.62854,213.51694,248.10669,216.46791,290.28226,268.09027,204.21028,197.58499,243.44019,272.86237,234.06444,216.06895,220.78638,237.086,275.76068,249.05554,232.21194,231.66058,246.88249,224.93677,207.86266,204.7478,80.12964,232.33939,216.68051,239.51984,267.01697,173.80902,183.69757,283.36026,210.97444,222.1357,258.51154,261.2639,251.78528,245.24277,257.2158,201.24303,226.85986,249.08403,195.10315,235.67366,232.21895,259.17773,215.42154,224.17789,215.35211,247.5889,255.47217,238.57199,195.77809,240.30229,255.20477,261.54742,244.75764,231.81984,234.65352,199.62991,244.33867,240.67645,221.98056,216.93121,255.88016,239.25629,262.8166,251.90276,262.3211,253.49698,255.93202,237.27167,267.85223,244.8435,279.19373,209.56548,234.90756,234.54858,215.1629,196.07034,262.8947,249.94464,190.85919,277.14374,260.79993,226.0307,264.0309,208.8902,228.06682,281.24078,198.957,247.07907,239.52664,191.51967,240.61409,238.14734,240.98465,179.02063,253.49573,184.62979,202.39645,185.71153,189.99976,261.91064,191.76912,181.45401,217.33144,235.9424,232.57764,221.05522,271.56567,249.3069,243.30557,233.80693,238.25037,262.0562,259.05273,134.37086,257.58057,272.69843,235.38591,245.2492,245.78552,250.15692,157.18826,264.91083,224.54205,237.25323,233.63626,256.01892,197.41685,248.23773,228.64502,239.06348,237.03886,216.29208,240.71637,236.68619,217.111,249.21867,260.11798,121.95522,290.05118,191.52777,265.4748,240.94684,265.9137,254.19186
2508,162.31578,144.99765,174.06026,252.80594,251.95255,124.06773,264.02234,253.54846,267.94998,223.39423,134.45433,243.23235,245.28528,191.48334,248.32672,272.11572,225.6766,253.04092,145.62894,157.88962,230.28864,238.26881,250.7337,279.88126,271.25598,158.83305,128.64117,249.42078,270.67697,176.86862,210.34529,230.42038,236.74115,252.71649,242.73761,230.16658,199.50739,256.90002,221.84628,193.21625,203.0138,47.207344,220.42319,209.90558,250.69626,265.43625,83.27872,166.65544,277.4275,144.96213,235.87022,257.76273,269.1762,258.77734,242.84961,258.03436,186.51248,219.89764,232.44148,136.74837,221.63593,210.27225,258.0938,216.57037,192.69849,191.44968,250.62018,244.10443,239.63258,146.71004,216.03159,249.48364,263.35327,262.74783,258.3025,235.74213,170.42783,246.19025,264.28143,218.7948,183.3872,204.9346,231.93039,249.81297,238.93689,190.61336,259.7664,261.88245,238.71112,279.9776,237.91504,231.30817,220.60167,240.5318,253.03192,246.02744,184.32996,218.51573,238.39597,130.53554,278.31125,263.38092,236.54597,249.21373,165.22122,247.05032,260.09515,155.94402,246.99799,258.42715,155.02469,256.09488,218.527,246.93011,48.999367,257.2904,176.60153,192.18694,164.05498,199.8888,238.24033,174.04648,165.1896,158.57553,243.02988,166.20096,216.52797,270.1231,232.86525,252.19774,248.3213,243.27449,266.4584,262.56464,80.268394,262.2907,270.84027,229.61908,257.08585,263.4538,252.36938,102.41095,139.08536,243.27864,148.86002,254.98888,251.57811,148.98201,240.40811,241.66234,231.4541,247.3597,103.47746,218.07529,254.29729,242.44731,245.08426,260.08112,158.98718,269.1095,169.1975,245.51147,246.47174,229.289,251.83044
2509,165.65155,128.89938,182.8094,229.40773,216.19757,110.19151,228.8944,221.51178,261.93597,196.31781,125.59189,216.63054,226.17378,155.33475,216.11163,232.74443,207.43163,220.60483,146.56429,149.064,176.45737,220.53311,179.99101,268.15283,237.46857,160.38565,165.9535,207.09106,250.87827,186.67471,183.97833,201.52058,210.43454,248.9679,233.65414,196.96558,209.12709,214.68976,190.92754,170.70547,180.1242,57.429695,202.80603,192.00308,214.22928,238.10678,141.18695,142.3022,260.8627,151.85695,187.23958,231.20335,235.00461,220.22827,206.78531,229.43285,170.61526,206.9809,226.42554,133.71289,211.18182,197.12183,228.69246,182.05219,183.75354,162.54196,224.33188,230.9163,213.32317,139.81439,206.94583,232.30533,235.29277,213.20631,212.1938,211.1702,148.75539,215.5682,211.53375,184.84071,176.13373,226.89572,213.59721,235.0411,220.21494,218.01761,222.33366,227.95401,206.40541,237.34357,221.04626,234.83098,190.48155,208.36517,197.8688,190.65805,153.77208,232.64864,243.17706,140.73299,251.91132,238.29562,207.9122,243.68225,159.88312,193.96614,258.03568,135.86523,216.84195,207.67604,134.50375,217.64882,207.65343,224.83218,125.4705,223.63974,150.71034,186.9463,148.28229,168.89958,227.44525,167.68002,160.95325,165.23741,226.50528,178.1529,193.0854,247.75732,222.63406,206.84015,197.33936,204.82242,230.1596,226.56964,85.580765,231.08417,247.83377,219.2043,221.29793,229.3767,224.27618,95.32841,207.19629,208.6866,198.71204,213.20044,225.98529,142.42314,209.55042,194.53516,211.12375,212.6622,147.2951,201.08005,207.32306,195.85376,211.79417,236.84784,125.86423,268.99634,155.24866,240.27698,201.94588,242.84293,220.65933
2510,190.82727,164.62401,192.48993,259.229,251.2472,145.77414,265.8738,259.90384,284.0669,227.08762,157.13463,249.52292,257.6799,186.77014,247.52094,264.62643,240.68442,253.62567,177.72464,171.69144,216.10812,245.45131,222.0654,292.77405,271.3393,183.66016,146.54453,255.57542,275.45984,182.41226,219.87823,247.48686,238.41849,269.84824,261.46307,241.1874,221.86996,245.20293,239.05444,200.58954,222.77158,53.700993,238.39977,223.25668,250.22769,269.4019,103.64748,192.54059,283.78638,176.2236,221.02643,259.01947,262.9935,254.6439,256.62024,261.9503,211.08118,242.18045,246.17673,165.88214,238.65666,221.57935,268.69705,217.52982,212.14558,218.94182,258.22336,255.88911,250.54654,165.45694,242.3578,256.5781,267.12634,246.83505,255.44315,242.68323,189.00421,247.6232,248.35106,234.15488,210.19614,230.4914,236.72919,262.53058,256.78574,217.32742,252.34619,256.53223,244.2185,271.29675,258.58966,258.94836,227.24231,241.80356,235.59247,236.40993,191.63419,238.71796,256.08688,151.35516,280.37366,269.43948,248.0043,262.38425,191.35104,233.76619,276.2212,180.73653,250.19699,253.05316,172.71742,256.29462,229.32098,253.69144,74.1384,270.2887,187.64009,210.46555,188.3571,212.64627,260.20065,187.49635,184.28171,191.7062,256.13892,184.55818,232.64996,278.6839,245.98882,247.07953,244.37206,246.9577,263.27277,256.6509,102.089096,262.09583,276.53333,246.52225,261.66122,272.8374,264.96008,119.70663,167.76434,255.30966,172.97916,261.4493,254.72491,173.71667,254.87112,257.66623,235.26003,245.4446,125.41527,235.9191,244.88551,245.62859,254.06645,266.8056,153.77145,284.88684,172.66803,257.52444,251.03171,246.2083,256.14807
2511,147.82912,150.39981,203.02509,265.3548,266.52054,115.625534,259.44968,240.14294,258.24832,226.48578,137.84866,248.09787,232.06465,187.74773,249.72168,270.68274,180.30283,260.44116,133.18167,158.78839,198.2894,241.07056,251.70059,278.88315,269.13577,160.05371,142.13153,199.48703,277.16895,173.97052,183.98598,171.56264,239.53558,235.96835,198.89856,208.22803,211.24588,250.60909,120.99759,152.52917,181.06915,27.42005,198.97273,194.2321,248.14362,251.97462,105.72769,115.785934,282.33008,136.10822,233.73767,253.11502,273.95825,242.76549,193.7526,248.90378,147.0568,171.97006,241.9294,115.58787,216.21194,178.1159,218.03812,208.80692,177.57771,104.145226,253.86758,248.20311,207.36554,149.64017,145.52106,249.62372,258.78568,254.13931,225.72003,233.20818,145.81592,242.32455,266.7121,173.44168,153.93112,158.7077,240.64911,232.4921,192.94289,162.77556,244.56339,267.65265,203.02731,272.5809,183.49594,175.90051,234.73703,234.44418,246.87424,209.8938,188.85275,197.36505,257.66498,133.86026,274.1382,261.06503,165.84384,256.8449,149.93344,244.13156,254.73557,134.21951,232.53113,227.37915,129.6426,251.5798,195.01859,262.5011,64.45982,202.90375,192.66724,209.49919,141.8227,159.9812,181.3695,192.33649,192.61536,129.09227,250.19089,130.89359,191.47624,270.72366,230.85887,243.69247,202.0022,209.53198,256.30322,259.62128,88.97859,268.83063,266.75467,232.7666,240.76343,234.9657,200.87537,103.22719,141.71901,198.10275,142.53088,204.00691,242.9322,147.30011,174.80328,136.42294,218.22894,230.31732,90.31366,198.33453,240.17831,182.86903,219.7077,263.95734,224.28278,270.65515,171.53061,245.41074,200.71484,235.03162,228.1514
2513,147.39041,143.67178,187.16164,243.26422,247.55191,118.88927,248.58842,232.89764,248.0946,211.03354,129.67734,233.92567,221.74442,184.04597,234.95908,257.34985,189.72272,242.97835,136.04651,155.24864,208.82445,224.21835,246.76874,262.94388,254.26382,154.01218,135.62695,205.6389,258.75034,180.7244,188.0737,180.7313,225.91823,229.75385,200.98178,202.85632,199.01254,243.44109,158.79413,171.77081,178.56375,52.22825,197.1097,188.47418,235.0072,244.68462,102.61075,129.74213,265.36688,136.16724,228.43375,241.94202,258.40723,237.21246,201.90314,238.05038,153.69583,177.60776,225.78656,123.443375,206.13855,187.6846,221.76694,199.18095,176.73085,131.69969,237.37372,229.5009,207.29349,145.19772,169.96545,234.9224,246.34288,248.80751,225.55014,218.32016,152.26015,230.4669,254.56863,181.1506,155.52144,170.22418,220.99811,227.2562,196.33147,169.07867,239.75412,251.42151,209.11108,264.06592,190.407,187.80179,223.21402,222.0008,241.02126,217.49396,178.07777,197.19801,240.97287,138.02023,261.1146,246.7683,194.14615,238.1262,154.50095,236.33664,244.85944,138.31519,225.56967,230.31332,140.32864,241.35587,197.08876,241.83206,68.91266,211.56866,181.2272,193.33984,146.44449,165.62576,196.54333,168.01318,177.55807,137.61002,237.95166,155.54877,188.7923,252.07103,219.53987,232.8876,214.7129,213.27467,245.85,248.20953,85.98958,250.28928,253.13655,218.58044,234.28726,232.27072,211.71187,107.477844,148.9748,201.0752,146.32814,209.6711,232.86684,141.73541,191.83215,167.05096,213.10895,225.70306,112.38205,195.13388,237.58176,201.53308,213.16275,245.17618,215.60648,256.03488,169.46777,232.20406,206.98581,222.9197,226.76025
2515,204.02414,154.34549,194.96085,217.58868,198.75972,145.21721,215.70341,221.79416,261.22845,188.85489,159.21375,213.41257,229.90845,149.98074,203.72945,214.18433,218.21136,207.81058,188.53705,164.6896,163.18188,216.68794,151.4368,264.88104,225.0748,194.58826,187.03586,208.9048,237.74094,189.64377,191.72348,225.10818,202.12708,258.01514,251.01105,201.97888,218.68614,197.21074,209.72075,173.92574,204.63333,64.53907,213.78238,206.18054,200.7573,231.01312,169.25731,191.04233,251.07707,194.20792,170.48946,222.44269,216.46999,206.73184,209.97208,224.59186,208.26117,233.97954,221.6997,179.18878,218.90726,205.74088,229.46936,181.20879,205.10394,200.7797,212.85178,229.88144,220.74414,166.75319,230.08475,225.16739,225.0225,192.33522,213.57993,208.14691,176.18846,206.83759,186.8194,199.07634,213.76898,256.14188,204.64095,233.97656,232.21913,246.29147,210.20044,210.74094,208.8608,217.99438,240.67639,262.67108,182.13129,199.22983,176.80429,185.18692,156.23819,249.30058,243.55682,168.23596,239.21951,227.7716,216.86945,239.83395,192.57259,175.75024,262.4183,172.03061,206.69597,194.05373,160.44884,205.00385,213.65366,214.29407,167.84427,231.0044,155.14105,195.97714,186.52771,195.1466,241.20143,171.44652,170.09985,210.98123,224.18411,196.70627,206.00298,239.22101,225.7248,193.22592,190.42885,202.68713,217.38849,212.16772,113.68468,215.77454,237.78018,218.58096,213.20987,230.31354,226.66685,121.76289,247.37428,223.4537,224.66798,222.56467,221.59879,176.29501,220.74687,216.2154,208.87222,208.14471,183.83678,210.27744,194.32126,199.91049,211.49503,227.60599,105.87686,271.7976,158.03131,235.39194,200.87369,251.22485,217.19666
2516,197.66212,141.48749,172.13023,220.11188,193.66484,139.29099,205.5174,182.80196,281.08295,192.41159,174.57208,186.45325,247.73885,156.88689,219.61102,235.22261,234.39813,210.0863,176.47488,182.3435,173.23483,241.04074,156.89464,288.2188,242.24112,189.04816,211.54599,224.46829,260.5405,212.14789,192.86795,180.83939,212.88109,286.6325,227.73143,198.17177,204.6108,218.29263,209.77971,185.91028,153.85533,88.82057,191.38062,204.06772,199.37335,255.81631,182.75945,141.0826,276.7528,202.73468,179.15976,247.07092,235.66026,227.51765,211.68738,236.13776,164.8486,201.61371,218.5083,184.98618,203.4815,217.23596,247.07602,180.72783,205.57764,180.1588,208.73334,250.09192,219.51263,181.70642,235.00046,240.20105,235.01108,208.97418,188.0175,206.08624,175.7355,216.47386,195.66122,192.18909,195.06966,246.65845,225.43172,252.40747,227.36273,271.78696,236.5653,228.94861,224.06438,235.91698,211.06133,288.06293,146.82205,203.46306,191.1759,166.72763,147.72229,268.11005,229.26015,183.71033,263.85648,231.64252,215.45926,256.54044,171.07823,178.11896,290.56924,162.02878,217.51797,197.12859,159.62198,191.62573,227.41893,203.3581,203.33081,238.05576,122.32886,162.9277,146.28914,162.01805,251.56366,170.44547,134.88586,191.50879,187.96286,212.87865,178.70667,252.27109,244.08356,204.53146,191.54259,209.35632,241.27243,233.3198,126.83937,227.38031,255.90573,201.0177,199.8129,196.17236,238.07101,134.20227,280.8679,186.32422,247.17819,198.2054,249.78014,178.67903,215.28253,201.93015,236.438,210.11528,208.62253,213.9701,196.77533,180.98735,229.59662,234.08435,43.417088,294.81067,173.61374,256.6117,214.96233,272.95288,237.49731
2517,138.47511,149.65427,185.18758,253.62283,250.67792,130.9299,254.9966,237.78369,261.9908,214.35094,141.43073,236.371,235.41473,180.99597,240.66122,262.1502,204.27383,247.0539,137.48425,151.53645,208.31366,233.55612,235.58875,277.938,263.6006,154.74988,123.40187,228.22162,267.1069,154.46198,192.47844,200.45886,229.54013,246.6951,227.24867,215.61642,196.87576,243.81961,203.93367,177.49242,185.35922,77.66391,202.36896,196.5167,241.6954,256.28513,89.011,143.59955,273.3213,135.63269,224.87119,249.3831,261.92783,242.67816,229.03323,248.48532,169.90787,197.3824,229.83524,127.776985,205.79475,185.24901,248.25732,200.23499,174.19739,162.44049,247.47552,240.5159,221.58682,142.84714,207.80496,241.55882,254.69821,247.92393,233.17282,222.93631,154.43198,236.05957,253.58414,200.32703,165.40549,192.29143,227.27524,239.55695,216.74805,178.83827,245.77481,254.67366,221.99341,268.16125,223.30283,220.61693,224.66718,226.88144,238.75668,221.44583,176.3885,211.6513,247.73705,127.611,270.56216,256.47223,239.22466,246.63309,157.24684,234.41682,255.58893,145.40234,232.69354,240.37524,143.62538,245.28653,195.77261,247.64697,44.994934,245.4442,173.46017,192.27942,155.29489,180.50685,221.43289,175.35315,171.90137,143.18777,244.74442,142.13261,195.27022,267.339,226.80826,241.07901,223.19592,224.14488,255.54443,252.58484,105.24806,258.6068,265.17856,231.32175,243.5484,248.27371,243.26643,118.46492,127.49701,221.67288,140.11345,230.16794,241.94873,148.71924,212.34402,215.90054,218.43188,228.62943,80.10702,202.34842,238.00482,229.29205,231.64603,257.30176,180.95982,266.52435,161.8897,237.58252,228.75452,225.40823,237.6658
2518,129.0616,128.77075,189.8169,233.49365,217.7111,95.346664,209.34615,185.9879,239.44136,191.58624,129.13914,200.78299,198.80411,145.43042,211.23962,229.86487,144.27182,216.65274,113.77814,137.81308,136.82434,217.54295,178.95183,259.56586,227.79019,149.55208,165.08746,146.96579,253.96948,157.82727,142.77423,126.89837,206.92972,220.07263,177.01193,161.30757,194.06857,205.7521,76.11755,108.68231,136.79245,36.756447,159.62839,168.09569,201.73956,214.74089,143.0567,81.056564,259.93524,125.85596,181.94742,218.0073,239.88126,196.47186,144.08493,208.73587,121.99774,143.85635,219.3309,99.85916,184.86691,144.95941,178.6175,166.71455,151.01608,59.719196,214.26028,226.5476,168.77458,133.34372,116.87849,224.25343,220.18773,202.63797,166.60504,198.75284,112.48905,202.65257,212.24985,126.118965,136.32663,160.08536,222.0901,203.13977,159.60176,166.72305,201.62352,233.61154,156.66225,225.76695,153.02612,161.71045,175.24113,194.36017,189.06303,145.57552,149.04514,201.18317,245.51962,124.13765,240.83258,224.61371,124.33513,244.3854,127.36039,184.30252,239.73038,103.92442,191.2608,167.41705,98.93236,197.61111,164.86887,227.05637,112.42125,159.1087,146.97498,180.62238,115.767456,124.70699,150.40804,185.28809,160.63763,119.80058,204.79753,105.90085,152.19342,239.15427,205.77603,190.68372,138.62447,158.27866,214.00183,220.05374,94.99242,232.4407,235.76984,202.67973,189.45087,180.2756,161.12042,95.21802,170.4345,149.63063,169.53772,150.86603,208.99742,134.63292,127.51747,81.706314,186.13576,186.75864,91.66412,161.28131,184.31512,126.8395,175.97052,230.85883,143.70845,262.94208,146.9232,231.03978,145.56927,236.22711,183.77579
2519,142.63345,140.34082,187.07507,251.07086,259.48,108.71379,247.85648,229.60654,238.46881,217.4296,127.519646,240.66124,221.24634,183.92053,245.25269,270.19385,174.60382,255.27621,115.38286,154.01956,204.16315,232.76381,256.971,260.69363,266.90277,146.45811,126.29562,196.10928,268.7718,179.70987,178.85385,154.44858,233.07788,216.09355,170.71146,196.80963,191.78668,256.34036,106.766365,150.37114,162.19536,18.062143,181.5183,181.84357,238.24652,247.53789,95.47928,99.98713,277.14868,120.468094,234.77542,253.30038,272.0534,244.67725,172.92667,243.29181,120.31596,148.84918,222.50989,106.82173,205.35797,178.40375,201.32549,208.40454,168.46829,85.26434,234.48935,236.66724,195.6084,143.31134,119.81754,241.14651,250.99225,258.95218,228.49844,227.66054,140.7564,237.85179,270.15857,159.74805,130.55753,125.39523,234.13873,218.84851,174.40825,134.98468,252.03528,264.5538,201.60641,271.18158,151.41397,148.11346,210.85556,229.95973,250.64575,210.73148,181.84348,166.46257,238.89703,126.5428,271.04785,249.30917,140.75189,242.03464,129.46712,242.11006,238.51698,125.89688,226.43474,219.8312,122.48827,242.39992,196.2558,253.88449,53.514397,183.00618,183.30846,194.49762,128.2537,145.40424,163.06662,181.47046,179.65509,105.32618,229.73471,130.79605,179.04868,258.02246,218.17316,239.30872,200.91493,205.129,258.61804,261.00018,79.36784,263.334,254.83733,205.54361,227.53644,216.99722,183.55205,95.8714,129.88957,181.35535,116.51461,192.242,244.3437,135.71039,162.1422,122.3078,222.44983,232.12224,95.73287,186.1726,242.61963,166.85094,207.88861,251.22302,222.0784,249.81761,168.71207,231.70912,194.61607,218.90833,224.96928
2520,181.48065,120.0824,124.01315,207.78838,187.46687,111.568275,208.8211,186.89297,270.4295,187.98645,134.99889,181.3876,237.39758,154.26639,219.78314,242.02988,234.65477,206.17218,149.23376,165.9939,189.17151,230.6434,173.3093,276.13,244.05362,162.06458,176.744,234.6472,259.16516,207.64928,195.89919,191.94354,212.92056,267.25803,217.23148,194.73471,177.49792,228.14767,218.30426,186.72281,146.63525,50.810646,190.47664,196.61694,201.65619,255.01851,127.73085,145.13838,273.19467,167.26288,186.87941,247.32498,241.25404,238.9304,214.24428,236.11163,157.74194,197.59027,200.01355,155.03499,197.36131,222.71344,247.60138,182.77718,197.0189,184.42337,199.36617,238.81233,222.45093,155.23906,222.90427,236.95413,236.91454,223.52945,204.97047,205.69102,168.44676,217.70425,206.41333,194.22163,179.38884,221.81717,219.3613,247.99329,228.23744,242.17972,242.26756,233.22565,226.3417,246.34189,200.07556,266.41763,129.98123,207.99548,204.56277,189.03813,138.07556,238.52838,198.12228,157.65106,266.53552,230.08325,210.97348,243.23001,155.1727,187.5028,274.41736,147.99644,222.59972,214.67838,152.1965,196.37744,231.27211,193.42831,139.23965,240.16342,105.22441,138.85219,140.38794,165.32115,252.65976,144.35522,102.10268,171.41013,171.92227,207.43253,183.169,241.24576,229.83914,207.78563,211.58282,219.19156,244.969,236.96709,73.65875,224.9172,253.83192,175.74432,205.38797,199.9608,240.54109,98.57157,231.06693,193.34291,207.94513,212.54793,244.15291,148.59767,230.17636,217.30214,230.98975,220.50221,180.8277,205.57787,210.8854,191.72176,228.78915,224.6177,30.041992,276.28134,163.42458,249.06818,222.69814,248.63794,239.1714
2521,155.4636,157.68259,200.51263,247.40965,237.16925,122.66531,228.24919,202.77458,251.6066,210.68661,152.02731,217.23286,213.46669,170.5654,227.46904,246.32776,163.62907,235.18317,147.49869,163.91519,164.13301,228.51886,205.55702,267.75787,243.05838,174.0755,180.57977,166.56274,262.78513,189.72491,163.53891,142.37103,220.22958,232.23091,184.0037,182.49965,214.60493,223.03989,99.30377,138.51147,155.7883,52.68892,182.1091,181.18837,219.25223,229.96902,159.5947,99.80284,268.7955,154.99454,203.76825,230.62158,252.31569,214.30746,168.16518,223.5725,137.91626,155.4654,237.82364,127.157486,204.5805,166.51572,193.93109,186.01773,173.07556,85.0713,233.2492,235.0795,183.74641,162.09052,138.16162,235.60547,235.13925,221.88239,182.83292,213.16159,138.2483,219.10168,231.36578,147.88547,154.54948,171.36844,233.04575,219.42012,175.99069,186.03116,217.99307,246.65204,176.21338,244.28786,166.24564,179.00769,199.5882,209.95444,211.63129,166.74036,178.28424,213.51749,254.47177,154.2074,253.1375,239.08685,142.16187,253.27834,156.84999,207.68246,250.50165,135.04585,210.95683,189.72997,128.64235,217.8829,183.82422,240.50334,136.82288,173.61882,178.94704,200.93831,140.70682,137.25372,170.30183,199.55374,189.05669,142.52316,219.99509,141.66531,171.63673,251.91885,220.63887,212.2266,165.12633,179.50723,230.61009,236.52507,113.69989,246.86462,248.1817,218.4184,209.19833,197.37454,177.33821,122.330124,199.02287,163.04176,186.85379,165.79553,223.96564,160.61288,151.23863,102.324234,202.2565,201.78601,129.4873,184.67517,205.08307,146.9003,194.37282,244.32129,172.00113,271.53113,168.20624,245.71347,168.83066,247.52254,203.93175
2522,147.99084,139.28833,202.60211,256.3954,256.84995,104.13402,247.09178,219.74385,258.8181,214.53003,129.79712,229.68066,224.91672,175.17297,241.9863,268.5077,183.47527,248.76381,132.4857,154.9781,193.34161,236.59457,243.02022,275.21793,263.2525,154.70381,163.33107,196.2514,273.59106,195.18155,171.64816,153.65308,227.4017,243.7725,193.09845,194.43256,211.41734,247.46063,125.66456,154.4028,163.47864,32.935837,188.19977,178.24026,235.98917,250.73764,135.1192,97.51797,280.2443,136.23096,221.95044,249.9825,269.28708,241.92969,187.07712,238.18712,135.40898,160.55814,242.37592,113.15375,204.4054,182.14154,216.41466,193.97519,170.97891,100.446526,246.90988,239.03572,195.04535,144.98276,147.5056,242.10428,250.2116,250.14317,206.26833,219.84024,137.6294,232.51938,260.10327,160.9289,148.79156,172.14441,237.87389,230.59482,193.20566,185.68942,244.0785,262.24942,198.37268,269.35754,178.72296,192.86575,222.35022,224.33034,241.6023,189.93597,173.93657,211.40172,257.94818,137.574,273.44562,252.24481,156.67514,253.022,144.89395,230.85858,260.87683,125.52582,227.78253,219.50783,125.79176,237.53094,196.80045,249.95439,103.69124,194.80835,175.08054,198.29918,128.75659,136.15268,185.94995,184.94574,183.3129,130.79047,237.82977,150.7363,178.9462,265.45264,222.58751,236.20688,193.28632,200.68112,253.85066,256.06604,88.55564,261.54486,261.55804,226.62924,227.95131,219.26355,197.668,101.02565,179.316,175.91159,169.87991,184.98294,243.19666,141.7959,172.98346,129.06215,220.39938,215.86807,124.845764,189.5297,227.28668,166.6019,215.55916,255.1584,211.39417,272.78815,165.39581,249.88953,196.81674,244.1214,224.89764
2523,99.580414,106.73244,99.27104,199.10355,173.43866,85.572815,162.32214,91.177864,250.2546,169.29172,135.80219,116.83523,208.15,161.31635,221.69315,261.32523,183.01768,192.33682,86.65992,168.15236,175.54993,242.4286,181.84682,271.45007,233.68503,114.39105,176.82452,184.71732,272.85754,212.38489,153.73817,50.942924,202.04105,257.08716,89.768616,141.18494,131.93219,239.19113,123.99252,176.08286,27.144526,67.76768,106.36737,143.2905,168.25702,256.20654,108.45148,7.5537863,284.5532,126.78171,194.39703,251.09158,255.91217,230.48787,154.95908,209.06937,27.60154,66.93377,171.83162,108.236145,132.19968,179.02798,207.73807,146.20328,145.19794,48.989,176.50058,227.65039,156.76181,153.66888,142.30829,220.20715,215.58514,234.58432,114.65495,160.34749,126.94072,203.69182,207.39523,122.52178,74.56537,90.54059,239.46512,227.03433,125.60243,182.74835,249.5691,250.47118,196.39091,254.34485,64.07867,193.92404,71.71102,170.01129,217.31201,120.69062,122.135765,192.27396,178.37161,160.64163,272.2621,199.99313,152.3825,239.13043,88.40847,174.27092,276.89606,92.35983,201.76201,175.324,119.25292,147.34795,186.76291,166.35611,120.88205,168.65955,74.55075,82.07582,49.798035,66.1344,178.37619,154.58043,71.03772,65.06656,94.936,172.76501,86.522,223.20694,224.0446,196.78162,162.90729,178.21501,246.54466,252.04507,74.519806,220.89899,250.70978,122.30373,141.60297,94.366585,192.92462,109.32048,204.8789,76.147064,152.61475,106.61006,262.46844,123.355545,130.67993,90.972885,242.73135,175.87183,145.95284,159.2919,186.8029,114.13856,196.83943,203.07794,19.464388,271.71634,178.12386,260.0714,188.46384,242.23605,226.06929
2524,171.59412,158.42224,187.82538,251.8544,254.62592,135.71625,262.32968,252.73885,258.25845,224.7386,144.48257,246.43637,235.3653,191.14896,243.2019,263.14755,208.50102,252.4845,157.49811,165.50539,217.60011,232.23851,248.78502,271.36584,263.15906,171.8584,136.93744,227.87918,266.07678,178.6257,204.75998,212.84567,234.1531,237.14671,221.68591,223.64459,210.1532,247.89589,179.57257,178.49129,204.49489,41.533066,218.0441,206.32309,247.7909,253.7268,101.15341,162.52933,271.59644,155.02806,231.00745,249.39946,264.17065,248.56082,224.08414,249.49171,181.43126,205.6724,234.90619,145.46312,224.6687,204.14914,238.28952,214.08417,195.17381,165.5733,249.94757,240.46475,227.357,159.44669,187.01335,245.75778,257.9752,254.38583,245.09213,234.15219,172.51736,241.30978,259.66064,205.85428,180.4873,184.5867,227.89606,239.9389,219.1507,176.43347,245.68051,257.23022,223.64992,271.0105,214.14813,198.96619,233.2264,236.10959,245.6235,234.29146,193.98424,204.55557,244.35321,143.774,268.9484,259.22687,202.72673,246.50368,173.44824,244.47974,249.52594,162.40515,239.65413,246.32623,158.52951,255.74384,211.04193,250.26244,62.98854,232.71065,196.40683,206.8534,169.69885,190.43979,215.59927,179.16586,189.125,161.57368,249.59778,161.31729,214.73299,261.71384,228.98288,244.7695,233.01555,231.46072,254.36975,254.227,94.86476,257.8089,263.30634,231.13924,252.31363,254.22205,229.60251,114.727486,140.61743,228.30046,148.7164,234.97925,239.91586,160.21754,217.23001,198.54955,219.3686,239.4541,111.670044,214.6141,246.81213,219.09445,231.4054,255.42648,204.64725,261.90527,173.23792,239.61508,227.03564,225.6394,238.646
2528,185.53523,137.05154,194.62088,246.31949,247.22272,111.07817,254.56985,247.73111,266.58588,213.62532,124.32382,238.6614,234.57373,167.05698,234.99765,259.22568,220.13477,242.27084,157.54073,156.94815,201.93744,229.77393,228.29391,272.8224,260.10443,165.6479,159.13855,229.0362,264.77832,206.00705,192.31168,218.15634,221.27432,253.83174,241.05038,212.91956,221.49942,239.76276,185.76491,176.7812,203.12585,20.54619,221.28186,193.43118,238.0798,253.4483,126.55474,154.95288,272.34042,156.30261,209.37784,247.35025,257.2684,248.04932,218.91531,242.0967,181.2189,214.97485,242.74261,138.56131,226.94304,213.10892,237.36536,200.56104,194.61812,175.67712,247.3298,236.96658,222.22055,147.3537,192.4418,241.88513,251.79538,242.81902,237.07812,228.65689,160.57643,232.07925,248.48499,195.91049,187.7366,222.0307,227.44115,242.8984,238.86615,217.26431,243.2351,249.57243,218.03043,263.3084,230.81465,236.14365,226.95314,231.10849,232.41994,213.38312,174.63654,228.46976,250.17947,142.35349,270.7937,254.73907,182.43184,247.03877,167.61862,223.945,263.79916,150.1148,237.70578,236.44286,145.28119,246.0133,224.12502,243.12286,107.23367,227.32214,177.12674,204.72028,155.03375,171.3976,231.99352,172.88904,184.1943,173.94604,251.47144,189.71085,215.75912,262.9069,222.49478,234.55487,222.74115,223.06741,252.29735,247.51927,76.64111,251.43988,259.37024,236.1463,246.5575,255.5917,225.66885,90.60416,199.76779,222.33553,188.22922,228.52216,242.23251,148.04277,228.74002,198.38202,223.82915,228.3228,157.64258,214.47484,230.07025,196.49255,232.88844,251.4188,193.12433,270.36536,158.15816,250.27682,221.90533,242.1453,236.66566
2529,93.75093,106.53102,146.79538,227.06412,229.9423,84.749176,225.3834,203.06323,218.01297,184.15958,97.08095,211.74289,198.0122,152.12233,224.29018,249.2385,155.98576,228.30032,74.052345,114.7858,189.39767,212.8842,240.18304,242.1388,244.38544,106.01614,94.47581,180.46466,247.6519,143.5638,153.03073,137.25308,213.62457,194.56375,151.19081,168.32974,150.1453,239.51552,109.6771,135.535,125.82076,28.807455,151.43637,155.88643,215.18924,230.56207,58.196888,76.73369,254.93488,80.86407,219.82242,234.16199,253.59616,224.39212,161.45544,224.10245,99.33239,130.62646,187.97719,71.49107,168.47758,152.70667,193.10825,172.41052,131.24368,72.99391,207.71477,215.12363,178.39044,102.85659,114.425705,219.7511,231.24414,243.66284,210.91876,196.72845,105.03805,215.1546,250.57709,140.35344,101.58845,104.34147,209.37247,200.12598,150.65176,106.93028,235.82054,246.46129,187.04984,254.87706,132.5662,129.22897,175.52505,202.17108,234.17404,198.14116,138.69762,146.68152,207.0823,88.53538,249.77013,227.79645,155.1005,220.1627,96.215454,222.23651,215.2841,88.99513,203.31033,207.43988,91.6325,217.34265,166.66948,227.57898,16.338911,178.69763,133.49168,147.85439,97.4461,128.11203,150.26306,147.40933,124.36303,77.404396,197.74258,103.27841,145.48611,232.92618,195.64844,217.35248,189.17146,187.73499,237.97096,243.02222,60.35681,242.16472,238.84842,174.59967,204.89398,194.5043,180.46509,77.76199,91.88144,167.46979,88.33679,182.22665,221.86089,99.38446,147.83981,122.70822,200.20868,212.49496,58.161022,154.14447,226.16637,171.30931,185.43942,229.24721,172.41174,225.50876,136.21234,206.14467,180.68686,189.10333,206.65994
2530,179.04813,128.84508,165.54419,235.12393,223.32831,112.53812,240.66792,230.19237,274.50812,205.63986,127.69323,220.7664,240.51662,161.7805,230.14136,251.93018,231.51231,230.05592,151.10315,156.91101,200.21686,232.85083,200.18573,279.49466,255.08981,163.914,165.52734,237.00192,264.54614,200.33466,197.67577,221.60144,221.52249,263.94135,245.81805,210.49525,205.68958,235.40353,219.55312,186.72461,185.46365,48.12776,213.96832,201.55501,227.43103,257.33167,128.84045,156.5208,274.9985,158.45633,200.60233,249.2614,251.38756,245.06487,225.66684,244.39923,180.5423,220.66125,228.94594,143.01237,218.99194,217.83272,249.928,195.97575,195.33966,187.29929,231.09695,241.19656,230.59737,145.6077,220.70966,244.98843,250.09012,234.64209,235.30484,224.34,162.3517,229.73083,230.57466,202.40561,188.08438,233.9497,226.14041,250.25375,242.5227,229.6219,245.51869,243.29468,227.61882,257.00644,232.50537,256.44794,183.37416,225.49184,218.67673,212.81613,157.37454,240.7923,235.92554,144.02014,270.69806,250.56773,216.80228,251.61923,164.30551,209.73547,270.9425,147.16379,235.06696,231.47043,146.6546,229.69278,228.49648,227.97168,116.50169,244.87032,143.55652,179.82927,153.87125,181.83185,249.79027,166.07712,146.43137,173.83282,221.90683,194.71909,207.30252,259.77136,229.61098,224.83011,223.82314,226.19942,251.47984,244.01619,79.20667,243.97046,261.45447,216.11398,235.6578,242.07372,244.5262,94.702835,208.8162,225.2223,198.82004,235.92542,244.3779,146.70227,237.82576,227.09235,229.94214,231.20438,158.31738,212.96573,226.09502,212.98366,233.36594,246.45694,102.547134,278.2531,158.10553,252.91098,227.73122,249.70465,241.37393
2531,190.9748,150.38199,199.13353,257.7293,256.72012,118.67438,254.7707,237.74188,272.1612,218.81229,139.7108,238.46704,234.41965,167.10469,240.5654,266.35742,206.42545,250.09406,165.60428,161.58151,191.70595,236.64954,233.07236,281.15253,266.8636,177.10663,177.38443,212.7826,273.79486,217.42268,180.65417,192.70935,223.3689,259.1322,231.4227,206.28566,228.84119,242.6936,154.38898,165.07999,189.09998,26.10306,214.80092,187.46329,240.65451,253.56487,152.98338,137.16766,281.0356,166.53043,210.65857,249.73926,265.27985,246.49464,204.37064,242.86806,166.96425,197.53314,252.81184,142.49002,227.08606,201.9076,226.90532,200.18884,191.32693,146.2162,253.587,243.3359,210.9159,159.31813,173.56577,246.97598,254.29816,243.52606,223.59303,230.73663,155.04314,233.71783,256.15002,179.06818,183.82062,218.8146,237.5248,241.783,228.84142,225.44228,243.72389,257.2915,205.17572,266.58313,213.96515,233.53084,223.65567,232.76091,234.45016,196.0386,180.05414,237.27051,259.83752,149.97156,275.9964,258.8851,160.50427,257.16608,170.60843,224.70753,271.2127,152.60165,236.90121,226.53235,145.10556,244.90381,218.99512,251.47842,141.5427,210.07181,180.34967,207.9077,152.05588,151.12256,217.0088,185.86703,190.8253,174.04346,248.81523,185.24289,206.79837,272.94226,224.3724,236.7232,206.64212,210.63089,256.80283,253.2152,95.33818,261.9326,264.20282,239.03795,241.56802,242.69843,209.76532,105.28048,228.47977,201.08582,206.39384,207.30975,244.23032,160.6738,208.17386,161.92894,222.67038,222.45581,170.95398,211.08246,225.59671,173.10425,228.71793,260.48746,182.73705,281.67825,159.0998,259.17203,207.91742,256.2294,231.9183
2532,179.38705,143.91888,192.12863,254.39362,253.88641,117.03496,263.08432,259.42615,272.25482,219.88083,132.5838,246.4018,241.61365,173.91089,242.9429,269.92517,226.35214,248.95291,156.3092,156.18652,211.98297,237.74625,240.13272,281.6775,268.33008,168.54893,148.55705,244.13107,272.69946,186.84367,198.59686,240.57193,229.58223,261.6997,257.87335,223.06522,214.58006,250.20831,208.1316,177.87906,215.40707,12.236602,226.29756,204.0012,247.11723,263.02625,107.42581,174.06378,279.56964,153.258,220.53424,255.98596,267.33826,256.83667,233.47653,250.70885,197.98999,231.86694,241.93127,140.02594,227.81947,211.47635,253.1445,210.01456,193.57056,194.54984,254.40045,243.48083,234.27818,146.96707,205.19675,247.72409,259.3327,254.41144,256.11417,236.33713,165.07857,240.38202,259.793,209.28741,196.68001,227.97061,235.66122,248.26721,249.5887,211.27905,253.59462,259.75583,228.19724,273.64227,251.36865,247.33075,229.44116,239.32123,243.61171,231.32224,180.22021,232.95422,253.01886,129.05577,279.2625,262.5138,205.64429,252.2498,169.14433,234.53429,269.4464,156.5791,243.81392,249.32904,149.84921,254.538,222.80876,249.91798,76.989075,247.96513,178.04585,205.4766,167.30353,194.01987,240.39203,182.17339,180.67519,175.33131,255.44711,168.99054,225.14491,271.19806,225.81183,244.90404,233.65492,232.79166,261.85355,256.90955,77.42546,260.39545,268.11108,240.36395,256.46576,270.5495,242.8505,91.04646,167.1275,244.91759,171.96231,251.50307,251.5677,153.02904,241.24614,230.24625,230.64581,238.83963,123.26136,214.40125,241.1684,220.12535,243.38583,259.44763,182.78993,276.0603,158.1978,253.66858,235.98193,240.25208,244.71423
2533,189.01782,157.22865,200.90247,254.693,251.6904,128.47862,256.6324,243.5586,272.57098,221.51262,145.00928,241.33083,236.71216,181.09567,241.02757,262.76724,211.63913,249.05731,171.0192,169.83807,201.00574,235.84308,231.12955,279.87546,262.26303,181.21176,174.46248,216.75117,270.05075,214.1583,194.41269,206.04225,229.53203,257.5606,237.15446,214.22702,230.29234,242.9477,176.40755,179.20526,200.91263,43.8762,222.40373,199.58937,241.63965,254.23029,146.75797,154.3722,277.0063,170.8831,219.28137,248.77582,262.85782,243.8204,217.9448,245.65012,183.60529,210.02228,250.80557,148.75958,229.96634,207.11507,235.45247,204.89865,199.05093,164.66925,253.15033,242.63382,220.74002,164.16624,195.13379,247.6161,255.4461,244.98535,228.36768,230.5849,166.61961,236.30031,250.96384,193.76218,192.27713,226.3442,233.59125,246.03656,230.98625,225.1935,242.9544,256.02924,213.8021,266.72943,227.51968,237.3794,231.06421,231.3894,235.07121,208.95767,186.60297,238.65724,258.03143,159.87802,272.07062,258.92163,190.68155,255.83751,182.1723,229.29517,268.19763,158.89566,238.43188,232.8377,156.25858,247.24759,219.38023,250.01367,131.83401,223.93376,189.05821,212.3153,165.80179,171.87085,227.68347,185.42392,194.86897,182.5257,252.95955,190.89622,212.4727,267.7749,231.5328,236.47025,216.15855,219.05972,253.17487,252.4259,99.10872,257.73474,265.29254,242.14268,245.74405,249.28616,223.8469,114.83328,217.96075,214.44376,204.15762,219.39963,242.70322,164.72504,217.92932,182.98337,223.8555,228.18814,167.3814,216.80965,232.4946,196.67749,229.44106,258.3083,188.13998,278.65656,172.7921,256.6447,215.28949,251.5869,235.87845
2535,208.94864,162.49335,179.84537,234.57748,223.07404,155.09695,237.13043,227.20773,270.79184,209.79901,161.70125,223.09888,243.95221,183.16951,232.59958,249.56688,234.7611,234.55322,193.39734,181.50644,209.1946,233.94197,199.49811,275.77637,255.13492,190.01274,179.42787,237.86256,259.44693,221.39838,211.55301,218.92041,224.58424,260.58908,243.09724,220.50964,216.20251,238.17667,233.54236,208.58224,195.69757,81.95912,220.8193,209.64447,225.35,257.4292,163.07571,181.93631,271.48865,194.99088,210.92404,249.90564,248.75745,242.17473,233.74673,247.35922,195.63766,223.0193,230.87033,181.79095,225.16612,225.72198,249.27884,205.207,213.10757,210.12628,229.37645,241.05128,231.86362,179.09572,239.33379,242.95541,248.98862,235.66182,230.59726,222.44714,191.91835,231.81433,227.153,215.68513,206.3018,247.70888,223.49129,250.80588,240.70302,244.46088,249.42532,241.94637,233.78635,256.25217,235.92093,265.53394,190.63866,222.02159,221.24438,213.0982,178.32724,245.99792,238.0614,179.34627,266.70483,247.33429,234.55856,248.40924,197.00853,213.67145,266.22888,183.82462,234.49869,228.3396,181.43695,227.16496,231.35922,227.69475,167.08347,246.75903,165.71461,188.75264,180.03894,190.21404,254.7619,174.1906,163.7045,206.08801,224.28458,227.31012,211.04709,257.78162,237.32077,228.08691,229.5065,230.91006,252.77884,247.90848,116.250595,243.26468,259.45157,220.27141,232.37015,237.08408,246.01465,136.96417,252.12592,221.41844,221.1521,231.02612,247.26157,179.04776,241.19453,233.32089,233.50284,232.04184,208.0847,228.99152,229.15317,217.78024,234.57227,245.93631,103.11568,273.86508,182.19391,249.24078,233.73763,249.58557,246.43318
2537,148.77359,129.43607,161.3261,238.68631,223.45909,108.73625,233.11249,211.13272,264.44785,204.42583,130.06322,212.8428,228.05222,161.3574,230.36507,248.3153,194.21474,230.1867,127.34405,147.26337,178.12848,233.50174,198.48996,277.65036,249.98326,154.01192,159.32838,201.75385,266.67792,175.54498,178.38391,177.42702,223.85313,245.6776,209.72894,192.95256,193.65445,228.33124,153.22467,152.83401,157.9135,45.409714,188.2594,190.13135,223.39835,244.7811,120.40224,120.241615,274.18427,139.24063,200.67456,241.41556,253.0259,229.95178,196.19128,236.99974,148.88733,183.38936,222.94733,122.55139,202.2027,186.5475,226.643,187.54036,174.5083,130.4972,227.56068,242.9037,209.3957,139.5767,175.38336,243.4579,245.6375,227.55426,208.67502,217.30017,139.47896,225.93103,228.77644,173.11945,158.66241,188.33983,229.59338,235.94342,204.42987,192.59021,229.55064,246.18127,201.49065,250.9581,191.45934,207.55145,176.26314,217.22406,212.9495,191.23648,154.36461,218.65154,231.76877,131.70645,263.44513,246.39423,183.95772,254.47572,142.60199,208.0448,259.04865,126.94827,222.00766,212.80792,125.14411,221.49506,200.50659,230.32562,97.13808,215.54257,144.28566,174.62271,133.72034,158.70554,207.17543,173.47498,147.08177,141.73245,209.60678,147.49773,180.98724,255.10315,225.91406,218.10788,192.42807,203.54019,240.8504,239.93076,85.3585,245.4448,259.38812,205.8671,220.73828,214.80423,215.27501,99.990524,172.06729,194.14758,174.46423,203.94052,231.54326,141.66164,190.47865,163.13782,211.76318,219.13911,116.61681,191.32832,216.3561,184.2061,214.61877,245.44748,107.92891,273.80884,157.3211,246.36884,197.67062,241.60461,221.89261
2538,214.17784,150.79434,171.71982,219.78792,198.53845,150.90721,218.87189,215.87172,273.47174,198.00793,167.7418,207.40411,242.41037,157.44986,218.06433,232.44914,230.55042,214.52457,184.26883,178.33879,176.5332,232.85379,164.46378,277.54132,239.80988,198.80533,201.90782,224.33182,254.4276,209.80743,200.48578,223.46672,215.4292,269.77164,249.6195,205.46567,210.39255,218.09647,204.08319,178.16014,189.58612,64.9044,211.59433,215.18178,208.70132,248.19626,173.96959,187.74255,268.87152,201.20334,182.68562,241.51184,234.08017,228.02066,210.67989,237.52362,198.20004,232.37994,219.8472,189.4252,220.5889,222.09549,240.27336,193.61526,214.90802,197.03235,212.38246,244.07129,230.4379,178.98737,222.4596,240.63718,237.83499,211.46255,222.16614,218.3459,183.49664,219.82565,200.66931,200.80994,214.86229,255.69638,221.67722,247.08948,240.90686,255.7591,231.70842,227.48465,221.03748,235.15112,230.72734,267.37164,159.76791,213.25432,193.51262,194.25931,157.01776,256.17844,228.91101,175.86238,257.83936,236.69333,205.19629,251.78578,184.14752,186.219,275.88214,177.35466,220.75563,205.72403,165.33762,207.67532,232.617,211.50806,183.52449,237.1297,137.75452,178.68335,178.8007,194.77113,248.05241,171.6148,144.9018,209.50757,205.73833,204.8905,207.36496,247.1337,236.23308,205.51764,201.12027,214.03375,236.76448,230.23474,121.12485,226.90155,251.19484,205.57405,216.51791,224.18967,231.83862,130.51894,259.52478,221.01627,236.47327,228.35577,239.95639,183.70563,228.76288,214.00574,227.60599,224.33093,199.24413,216.30136,207.1106,193.99884,225.73532,234.1058,61.58285,282.66864,170.91956,251.45514,211.16089,262.1106,232.39987
2539,111.63846,101.27495,193.13632,182.13113,140.09818,72.26914,136.83179,113.03523,231.61249,129.6752,136.75891,127.3562,174.2727,80.99106,148.3876,162.88724,133.39857,143.88045,115.05113,116.2773,62.912666,184.39377,72.91984,245.2372,163.02615,152.71121,207.29167,109.68646,208.66751,126.85073,98.99686,95.56704,148.44183,244.23383,185.64613,113.183395,180.10336,133.05289,91.212265,83.77813,95.84715,57.17804,120.37049,140.71927,130.67754,173.97348,194.57648,54.4256,219.93463,145.6824,100.89401,168.38069,171.88713,131.56717,120.5932,155.82994,114.254906,139.68405,186.37897,103.75883,141.10907,114.29554,162.10706,95.82587,126.777466,64.130424,163.7648,196.97583,134.55466,120.23885,154.2058,178.5337,161.16623,121.42148,85.90196,137.87436,78.17096,140.09845,119.026184,94.440926,140.61015,221.61885,179.8782,180.7462,145.0993,234.73033,142.54039,167.84808,121.58201,154.01645,159.92923,228.89511,115.2833,125.91648,103.589066,59.743164,82.4525,256.72656,236.12515,125.51369,190.362,168.34583,137.64117,220.90881,115.924545,95.44324,251.11081,69.850136,134.04495,98.03982,62.021492,118.85397,131.62106,161.83008,198.1167,148.4894,75.831245,142.55971,87.99008,87.665245,158.67793,162.39648,124.64517,132.73892,154.03496,101.454605,101.80086,198.18329,187.80243,119.78522,72.78096,105.36548,152.97272,155.10355,105.83656,167.56978,193.20413,180.88023,123.4755,124.91768,150.36139,84.082184,244.1808,107.16008,238.87881,102.95719,172.70102,129.47517,102.67793,79.578804,156.91525,117.73603,101.74185,130.55966,102.01532,87.98285,139.82906,180.86703,44.4972,271.0265,107.74708,211.47289,105.316345,255.18237,142.62123
2540,185.25455,115.899796,145.06677,201.04329,175.51598,120.2604,187.18268,159.89111,267.8844,175.74866,156.28378,163.14426,237.25375,146.4946,209.27844,229.39273,231.82643,194.24767,157.90445,174.55325,171.98871,231.611,148.01987,276.07733,233.76099,165.16632,196.77841,226.12291,251.97084,207.04085,184.455,162.42781,200.04172,276.412,207.0812,184.98703,180.18329,215.25394,212.26233,185.45213,129.51114,73.02404,171.27744,186.74103,183.33118,251.0625,162.83328,122.70363,269.1668,187.04929,170.73253,242.50247,227.84357,225.3836,203.73456,224.92963,140.49312,181.2694,196.87445,174.88399,182.90652,215.49843,242.3814,166.58888,192.63058,175.4691,188.7286,238.37993,206.66544,169.89906,227.31885,227.08694,223.01007,205.91182,172.76035,189.43529,168.23518,204.55823,185.2096,182.53752,173.89078,227.56189,215.44868,243.07573,215.16685,259.9436,236.20059,220.91164,221.76709,230.20465,190.00539,280.74637,121.105194,190.07684,186.77914,154.54834,128.77344,251.18408,205.62662,174.99136,258.27655,215.79037,206.52164,240.66982,148.70291,165.73288,280.8964,149.0823,207.71957,190.35696,151.88998,173.20142,221.53917,180.80284,186.60266,231.97797,96.97203,133.91528,120.99367,141.6022,246.49301,148.992,105.778824,171.92415,162.02939,213.59966,160.16928,237.1094,232.53403,195.3205,189.57483,204.64626,236.66888,227.76169,101.92264,213.84576,244.9415,175.89261,182.45837,175.52419,232.96593,117.04285,266.49072,166.61002,229.37912,183.24619,247.14085,158.04913,210.45105,200.67621,234.09097,199.0573,204.40402,203.12497,187.11722,167.26974,223.84444,216.19337,16.326622,281.3259,166.89725,245.46027,214.89363,257.51297,234.1358
2542,122.57628,133.11047,199.09193,253.94453,253.39957,96.186844,238.82742,214.12549,244.24222,206.97641,125.8227,227.71712,211.14352,164.57623,235.32568,260.973,154.54446,243.20639,109.80823,141.10434,172.8617,229.8372,237.40002,268.4937,256.90726,144.7142,148.25623,171.77429,269.56177,161.52756,152.95412,137.65997,224.40196,225.2019,182.82866,179.40347,195.4917,239.18573,88.31313,119.99982,151.72032,23.937834,169.15616,171.20665,229.24399,236.73816,121.09037,80.3734,274.9482,115.88235,216.51901,241.3057,266.71857,226.92265,161.86304,230.56741,122.20604,145.299,230.63654,94.125534,189.51073,153.48624,198.0759,186.49692,151.45212,67.074326,236.61053,234.33942,180.92975,132.44214,115.87975,235.0884,241.63634,241.0348,199.94891,213.82341,116.7275,224.12703,256.68762,139.34909,131.7116,151.39276,234.06908,211.99881,172.10367,155.52185,231.3492,259.8432,176.73535,259.6939,163.88184,161.58768,213.3357,217.44284,232.87622,180.18906,164.5795,192.55849,254.5343,117.31461,264.15204,244.56522,135.29767,247.20312,124.67476,224.46977,245.82462,108.36063,210.97491,202.42638,103.984955,229.14087,172.9631,249.84866,74.952896,177.07193,165.48042,191.89816,116.93898,131.12073,155.54332,185.16022,174.36267,106.57276,232.62015,105.57817,163.65637,259.00247,209.56357,225.89383,168.46881,180.6889,242.63657,248.45937,88.5842,259.08557,252.88371,216.64558,216.32518,208.80588,175.9538,94.6741,141.48215,167.02026,144.33356,173.81468,229.64308,132.24792,143.21843,99.286476,201.84839,208.69716,78.45703,166.17017,218.18594,152.23787,197.73169,250.65662,209.97289,263.9747,153.68004,235.06146,171.76978,231.197,204.68073
2543,213.27551,174.48587,188.31299,241.15817,229.9382,162.97833,246.48582,237.0932,276.911,218.56482,168.7213,231.20335,247.28073,188.82263,236.76721,252.47942,235.91705,239.533,201.19907,187.9672,211.09619,237.63477,205.33282,279.63568,257.14178,201.41208,188.0581,237.52571,262.3999,223.97897,215.80118,227.38289,230.25772,265.39316,248.7532,226.18878,228.29285,239.20168,226.91185,205.80713,207.82104,82.02272,231.11008,217.37134,233.25058,259.17252,167.15479,190.01859,273.52136,201.27365,214.3007,250.6243,251.58679,244.65622,237.84476,250.11072,207.47728,231.48764,241.64713,187.26273,233.90182,228.90337,252.29706,211.47653,220.30484,210.75911,239.45563,245.11298,237.58698,185.82367,237.03226,248.57797,254.23383,237.67557,236.00626,230.2513,196.56525,237.09584,231.25827,219.97913,216.24826,250.91072,228.44969,255.68216,246.91116,248.04572,247.17795,245.21996,234.25494,259.32095,243.33408,264.9994,204.23247,228.91733,224.67345,219.65346,188.13264,252.03268,245.44212,184.10449,268.55344,254.4707,230.44571,255.04431,206.7517,220.1026,270.89474,191.3894,240.46558,234.4563,187.87381,236.79315,235.0473,235.50961,164.99702,248.50981,179.0838,203.02654,193.16145,199.87077,256.36844,183.62299,179.00291,213.21909,234.70454,222.78857,222.42204,261.89392,241.15646,232.34894,230.78577,233.80774,253.21146,249.01297,125.29669,247.39447,263.8235,230.46048,241.98172,246.66885,247.4161,145.89812,245.8576,229.66664,226.41257,237.37576,247.20012,189.97562,244.40805,230.87202,233.48483,236.27422,202.83305,232.27158,233.68597,222.51288,238.40768,251.7819,121.4841,279.32568,186.20987,256.02982,234.09949,256.16946,247.45224
2544,193.39575,151.01802,185.12701,256.04837,252.17555,125.57191,262.55716,249.83655,279.00003,226.6675,138.77112,245.36836,247.31448,185.57376,248.05678,268.41653,227.12108,255.28348,166.52017,169.34796,215.26498,242.76959,234.38567,285.48145,270.8229,175.9405,164.92474,233.99905,274.98584,220.97093,205.91412,219.39801,235.95638,263.14294,239.91797,224.13547,224.72531,251.56459,193.1251,193.0907,200.36533,35.45996,229.02179,207.1047,248.06276,264.6082,127.18141,160.61816,283.82513,167.65004,224.39548,257.97903,267.05475,256.25095,228.11853,256.16284,183.23784,216.66757,248.57635,147.5502,236.84454,221.27748,244.89575,215.01324,206.06827,178.95354,253.58134,249.41174,233.3451,160.69751,203.52664,255.87762,264.68808,252.63927,246.51712,239.78911,172.24915,246.01381,256.16058,205.9078,193.33614,220.17801,237.84799,255.46677,240.974,223.35034,255.84436,260.06555,228.6756,274.30182,225.93124,242.53406,216.80074,241.3824,242.0502,225.65118,187.61531,236.37509,250.08075,155.65248,280.37238,266.2553,198.50916,260.99246,178.89963,236.57318,273.54047,160.58218,249.40231,244.15683,157.58496,253.75793,233.40877,251.95702,116.09097,234.6463,183.62744,204.67676,164.27966,182.17946,239.89041,182.99445,180.08676,181.06131,245.29048,204.23508,220.35574,273.8745,238.30501,245.22873,234.14285,233.64703,264.36066,261.07922,86.116135,263.11395,272.2379,235.13055,253.63422,254.45102,234.32552,106.688576,215.50172,226.46246,195.56342,235.54295,252.80936,160.0557,234.9281,202.4704,235.57022,242.12283,173.4006,227.16002,244.41449,208.91435,240.39604,263.91516,155.3292,282.11713,174.66891,261.4474,229.86023,253.35992,248.84363
2545,202.39554,179.2666,193.7206,256.38867,259.63287,165.41412,269.22266,257.42474,276.17224,229.29752,160.13971,249.66656,247.39006,203.5047,249.24814,271.80624,235.66516,258.18372,194.7128,184.27846,235.7934,238.09715,253.81413,281.02594,270.9724,191.19826,163.66644,246.71582,271.7929,219.60876,221.26251,232.31989,237.20593,261.54388,247.68146,235.6351,228.4762,257.89078,230.96078,216.96225,217.80234,93.38643,239.5995,213.11667,252.54398,266.37842,134.54279,189.43771,279.45038,187.13062,239.13983,257.98386,269.07834,259.76575,249.17838,257.44412,205.3598,227.51837,249.89949,176.7746,239.22578,228.3814,256.77582,219.6696,216.12286,208.52713,258.50168,244.05434,239.64626,179.99915,234.22107,252.25375,265.27444,262.5543,252.09439,237.53757,197.49655,247.43376,265.36194,226.78159,206.89447,232.27483,234.05295,257.27557,246.49652,225.30145,260.30682,261.9381,240.98587,280.4815,244.14429,252.09895,238.43439,241.39871,253.96109,242.3583,203.61084,239.04666,254.32579,175.30746,278.94934,266.5016,240.5107,254.57971,206.4072,248.95596,269.24826,192.73135,252.85721,258.58377,190.83455,261.47998,234.15042,253.27829,113.60051,252.4797,204.5384,212.8161,194.30206,199.8956,253.18054,182.30759,195.0634,199.42322,256.38928,215.63306,229.98314,271.89667,240.42493,252.29468,253.57516,245.83655,265.90997,263.5422,124.58212,263.5705,271.41415,242.96906,261.8377,266.42075,252.88829,147.84123,201.82112,238.3631,194.1146,246.62813,252.70012,183.15921,250.13602,236.84529,237.06734,245.28275,171.45941,237.45456,254.74042,238.28369,244.86113,262.53897,193.36755,277.34644,189.1588,256.45197,246.24767,247.76743,255.8298
2546,197.57903,159.746,196.50232,249.4848,249.67596,133.82251,257.177,248.46866,269.377,219.48038,145.76901,241.493,236.55734,179.2745,239.25417,262.26022,220.25076,246.384,178.9158,170.5028,207.02423,232.59073,235.17714,275.17932,261.5628,183.63498,169.40875,226.8201,266.4044,215.85837,198.76463,218.72884,226.45494,255.83246,241.51651,217.40414,227.36493,243.5974,190.43234,184.95724,208.66054,41.411713,227.18628,200.24069,241.27144,255.01048,140.9975,168.60464,273.34637,176.3664,218.18488,248.62729,260.81287,247.50217,224.08182,245.2686,191.50002,218.20366,245.69089,158.96309,231.46098,214.95673,239.83228,206.12614,202.92865,181.31339,250.52655,239.0811,224.8968,166.44402,202.23782,244.49243,254.21571,246.78683,236.46695,230.13885,173.8134,235.34102,251.92343,201.56145,198.26282,229.72108,229.53427,246.15262,237.60619,226.07678,244.7346,253.53445,219.73224,267.0083,233.60179,241.8323,232.21286,232.0715,237.5454,216.46298,186.681,234.99948,251.12804,160.9031,271.29047,256.83017,193.98303,249.70769,187.30228,230.05579,265.10577,169.10394,240.14853,239.042,164.56857,248.76949,225.23856,246.09546,127.34532,230.16797,189.6892,211.17445,173.76755,178.241,235.92603,178.26447,194.17966,190.61293,253.58206,199.51114,219.49287,263.72665,228.33139,237.70868,225.34784,225.2241,253.89279,251.33699,98.93703,254.49582,262.65298,239.20169,248.70709,255.54297,229.67053,116.21355,215.04178,223.10564,200.66217,228.57613,243.23172,168.80615,229.9649,199.76369,225.09772,230.80664,173.77379,220.52383,234.52963,203.18974,233.42517,254.20935,199.15312,272.6009,170.47563,253.01862,223.40546,245.45847,238.92621
2547,207.1874,162.14987,187.12918,260.02316,258.12457,136.07924,267.22784,256.13867,279.7516,230.51318,150.35403,249.1518,250.30121,187.34065,252.49489,277.45825,228.54358,259.9069,176.78838,175.74811,219.55074,245.46709,246.24016,287.73328,277.90015,186.83386,168.80121,240.50595,280.88464,223.33368,209.07721,226.25798,238.60258,262.7833,245.37448,228.29163,226.88458,259.9745,185.49188,190.93707,208.52623,30.473375,232.98962,209.8357,253.24045,268.14575,132.59851,172.982,289.09607,177.55106,229.27228,263.31848,275.05298,264.8629,227.00204,260.25876,188.1196,221.28827,251.39206,160.18121,241.50394,225.866,245.18251,220.85612,212.34332,181.77644,257.2016,252.08469,236.0253,172.25635,194.61775,258.99878,268.97583,262.24246,255.28305,244.96092,180.99843,249.93,266.31006,208.35626,200.53523,220.15514,243.6828,256.1355,247.8139,220.30669,263.0807,267.49313,230.6413,281.94763,228.55467,236.2326,219.86768,247.86703,250.99039,231.38014,193.93091,234.05327,251.54677,159.22185,286.86328,270.30658,187.14833,262.94385,183.99377,242.43784,274.4341,173.8515,253.6043,249.56494,166.77188,258.7543,238.86607,254.59949,117.199905,234.7067,187.48961,207.92859,173.785,185.5756,236.25546,186.53271,183.57812,186.8472,248.67093,200.5651,227.96664,278.59778,239.0268,251.88675,238.32007,236.93198,271.60748,267.46173,94.76926,268.8056,275.1095,236.61633,258.37006,260.69452,230.47163,113.94646,208.89874,231.43869,193.89731,241.66681,257.39627,172.48685,237.32681,201.7908,239.35162,247.7482,170.73956,231.28789,249.72789,204.88101,245.70543,267.22192,158.14827,284.28058,177.58316,264.675,233.50221,255.15881,252.31837
2549,169.73926,156.87491,150.74469,243.7952,233.2113,136.3451,239.18443,196.85059,276.22748,218.79242,157.63522,204.6246,242.64888,194.51038,249.13702,274.45688,220.9549,243.46877,159.50287,183.75078,221.38828,247.2136,233.9767,286.2582,267.43323,171.34912,177.61096,229.51187,279.6666,224.68735,203.20616,163.57016,235.63768,263.07654,186.56612,209.87344,197.66829,258.22122,190.03671,203.53912,143.9754,80.240456,196.64694,196.93082,233.15593,269.00928,134.15457,122.25325,288.36618,170.9801,230.17357,261.67725,272.50662,257.73178,222.65439,249.89868,141.13469,168.05972,228.70271,154.94475,207.1481,216.71298,246.09589,203.08691,197.56656,149.64404,235.79417,247.98584,218.0239,176.01424,203.24847,252.35478,258.8451,260.20328,206.37842,220.09543,175.59956,242.62105,252.84918,194.62408,163.69026,178.96185,242.3262,255.61356,207.67323,214.89511,261.54218,265.22412,230.12686,279.91873,174.19543,230.11267,172.93689,227.09698,247.70374,205.9469,179.59418,228.58206,224.6218,174.11188,283.5503,253.65326,210.35587,259.7349,169.10196,232.73514,274.86865,160.00601,245.21245,238.61618,168.22467,228.20901,224.03345,228.30849,128.8531,228.50507,157.62039,166.32547,146.17438,156.75467,230.41399,177.47614,146.69841,155.19531,192.88284,204.22734,182.87567,263.2133,243.14346,242.87381,228.23123,229.4512,267.14355,266.74323,105.96892,258.3688,273.87637,199.22812,226.30768,202.95946,236.8725,135.61862,211.7612,180.05988,190.90025,199.93884,257.27606,167.0503,211.75089,181.87305,240.79669,229.85104,171.32697,215.95416,239.70189,198.75262,235.97942,251.221,106.92177,282.0297,188.19318,264.5877,231.68564,253.18991,251.77896
2550,160.06546,131.78784,186.81232,254.90385,250.45955,100.25415,246.98982,221.95288,265.95267,213.9292,123.06746,227.7779,227.70053,165.35791,236.95096,258.41333,189.83002,246.13669,137.30182,146.41907,181.44824,233.96579,224.80441,277.0476,259.05005,154.0178,168.50363,196.55042,270.96844,200.08841,173.26266,171.15161,223.37042,247.35875,207.26773,197.112,215.10788,234.60938,134.22604,153.67899,167.01797,28.539335,199.3641,180.84836,234.8327,244.49881,137.65247,112.41437,276.83514,141.37106,209.07832,242.0881,261.04852,235.84802,195.82321,236.53333,145.43213,176.5991,245.54135,115.84134,214.27719,188.4249,216.53961,191.06625,176.86148,121.66844,248.16782,241.91898,201.3512,140.08607,160.77641,244.28638,249.76308,236.48393,205.90005,223.53685,136.42188,230.29666,248.8472,166.99585,159.59831,190.91963,236.206,235.46533,208.06082,204.73088,231.88248,254.17503,194.24261,259.24387,190.85034,208.70221,210.5953,224.6925,226.45764,186.15228,165.65431,224.82112,251.53035,132.89081,267.38406,254.08672,155.82547,257.19122,147.37883,221.35393,262.0583,126.47861,229.6777,217.18755,122.37671,236.57938,203.58258,246.71306,120.803116,199.68921,164.51358,191.60704,128.00648,141.15242,200.24115,183.47331,169.94537,145.30243,231.97247,163.49632,188.47125,265.7575,224.67198,230.13136,194.3885,201.39862,246.40501,246.86722,81.63635,257.43793,260.35825,227.37616,231.40656,224.23672,200.47873,92.42905,203.59256,185.744,189.33823,191.8171,234.1901,139.80692,188.28403,140.09767,213.18518,214.76343,140.1868,199.63625,219.87915,164.71472,217.8519,254.96698,167.34377,277.37347,156.68927,254.62602,195.23235,250.4482,221.60439
2552,142.58282,140.57524,190.38849,254.91022,258.2233,107.19444,244.89148,225.21562,245.76776,214.81711,130.80602,238.0672,220.93709,174.73172,243.96005,270.50507,167.92642,254.46199,115.34685,151.14905,189.67035,235.29642,243.97635,267.47003,266.8531,149.82498,138.89978,185.60393,273.12897,182.5451,167.83939,149.32373,230.16675,224.09523,180.71127,188.7191,197.45157,253.01532,93.46719,139.15788,156.08685,21.488546,178.62036,177.77634,235.42325,246.28003,111.598915,92.269325,282.1725,122.927734,226.0889,252.15543,272.43497,240.32,162.90701,241.68735,119.59526,150.23358,229.78525,103.52556,205.19606,169.84145,196.6748,201.99524,163.90884,74.86764,235.46634,238.52515,190.37695,142.61102,114.62561,243.65546,250.36069,252.22346,221.27002,225.98718,130.6976,234.63055,265.24072,148.3386,133.95613,140.81494,239.35359,219.18452,177.1308,147.79929,250.0409,264.9743,191.0094,268.52466,155.58107,157.25903,202.3558,228.10477,242.8016,195.84947,174.71112,179.75778,247.68979,126.105865,273.20728,250.70813,130.41661,249.5382,127.96948,231.88742,246.47119,119.86104,222.90312,208.54382,113.90976,236.99881,193.76144,255.59785,70.99838,174.66447,173.86578,194.44887,124.097046,135.75177,160.23737,186.81644,176.42598,110.048256,229.8353,124.30722,173.93314,264.11655,217.7183,233.83725,185.56084,193.67464,258.13858,260.59906,89.12099,265.65692,256.48538,209.85655,222.9315,213.63245,175.22987,99.27849,146.04153,174.05826,132.87518,184.37424,244.17325,138.20473,154.7572,107.94146,220.6302,226.3638,97.95289,182.13873,232.76837,151.8493,204.17209,255.82697,194.53448,260.5916,164.76837,239.43686,182.5845,230.8161,219.94324
2553,212.07718,173.47089,207.68808,224.28302,202.88554,171.16412,219.32416,218.14532,271.41364,199.86992,183.29692,215.27512,242.60352,171.70383,213.99374,221.49387,229.06448,216.33661,204.2487,183.83539,177.77203,228.91232,156.89493,273.72647,231.39969,210.57202,205.6218,216.92871,244.76242,204.5105,207.77763,218.7272,214.8555,270.2416,251.09155,211.94843,228.86166,208.18814,225.23389,197.28339,202.34062,121.65584,217.93352,219.7221,206.66013,241.67392,193.62006,192.57085,259.75085,213.83577,185.30707,232.54536,223.53159,213.84702,220.6502,234.52872,211.25964,234.43475,230.34348,197.36891,225.5961,215.81537,238.81633,192.82848,218.1544,205.88882,218.06366,241.02533,229.60005,186.99683,250.5635,235.92017,233.03258,200.71619,211.17346,214.51035,192.3133,217.21877,191.19437,211.02884,221.55061,266.1037,214.83066,245.92801,233.75653,261.7256,222.27411,218.44662,222.85919,225.50122,241.85855,275.64722,184.70352,205.28357,185.26134,191.06293,170.02408,264.0077,251.33559,190.92322,246.26814,234.41254,243.89462,251.19894,207.92953,185.21455,273.48065,184.71954,215.30089,198.73943,177.32663,208.296,223.48099,219.16997,196.62503,239.12424,165.37785,202.38756,196.43684,200.98871,250.87314,184.7096,177.77835,221.49387,223.94644,213.53181,205.70651,246.1365,243.00113,201.37949,199.27509,212.58377,227.13052,222.60791,150.5274,223.34787,246.30676,224.75195,216.03006,226.13412,237.68314,152.73105,267.31458,220.22754,245.05069,221.49255,233.86847,193.93549,224.4226,223.77245,223.3374,216.84253,201.26266,224.25137,203.89691,211.06067,219.43027,235.58289,100.054306,282.42804,181.983,245.24008,211.79054,265.03564,230.78842
2554,186.63083,149.6806,189.7909,241.73361,234.08368,125.77712,244.58469,237.49905,264.00235,211.5531,140.68053,231.3591,228.1657,167.9726,225.3511,241.4875,206.52588,233.46437,168.44466,162.65556,183.30403,223.6024,203.45685,269.52094,246.67868,178.50494,172.18341,209.09375,256.47314,195.70508,190.80612,215.31216,220.0935,246.20111,242.76022,208.63898,223.15848,221.8341,186.69594,167.64114,201.1671,45.989742,219.52505,200.19302,229.72217,237.77802,146.54938,162.89786,263.04248,169.16608,200.9899,232.6369,245.46318,227.44963,217.76355,233.90938,191.24802,217.91016,240.81633,150.14426,225.02133,202.4532,230.57672,195.80037,197.4782,177.25525,241.03479,235.79904,218.95576,157.84004,204.2446,238.41724,243.58345,224.03998,221.53084,224.87413,164.71797,224.44016,229.77304,194.11508,195.6864,234.8097,222.52994,237.2609,231.92537,223.63515,221.215,238.7051,204.40012,245.77554,235.76366,235.78711,216.09964,221.8905,211.57364,202.55835,176.33537,237.0628,247.7597,154.62398,254.8273,248.5447,197.94621,247.96463,179.91232,212.09454,255.24535,156.92493,226.29759,221.6272,152.59283,235.01617,211.58582,237.76944,130.84846,227.25865,176.39679,204.41357,167.05104,181.8298,229.58902,181.43512,182.52322,185.49602,241.78247,181.96057,212.64114,254.6748,223.96631,219.95697,205.95459,211.34625,233.67517,232.17188,95.01666,242.15768,251.98926,233.50763,237.52127,245.41309,223.77475,109.34451,210.59671,220.91049,205.0754,222.3854,223.62119,161.21024,219.76608,195.694,207.03137,220.14151,157.51701,210.58664,217.82852,199.97035,220.31482,245.24008,156.10495,270.3338,162.5021,245.39694,205.83266,243.99002,221.26492
2556,134.79333,128.56525,195.41397,252.52725,255.88159,93.74695,242.00243,226.02515,239.10107,209.56483,118.49223,236.50151,212.73206,163.31882,235.96777,260.39493,155.85165,247.76273,106.717316,136.9007,173.42426,228.13159,237.4848,262.534,259.49915,140.60565,134.99063,174.25642,267.82257,163.06728,157.25974,148.65378,224.63774,215.65263,184.25229,182.53659,195.97375,240.15073,80.66049,118.3529,159.58109,9.925034,174.60364,173.01498,231.59183,234.4707,107.46765,89.55641,274.21152,113.13726,216.22021,241.83304,265.78302,229.77206,157.24072,233.50603,122.36446,150.73051,228.79059,92.515976,199.44002,158.35925,190.24518,193.02359,155.8965,68.55677,234.84842,235.53165,184.46362,129.02112,105.25329,237.40366,243.53497,241.40823,213.14896,221.97748,118.93892,226.80212,258.56326,141.08157,132.8107,142.0846,233.75247,210.06282,174.11765,142.41321,232.93303,258.3925,177.66771,257.7787,160.6507,147.89842,211.41974,222.72488,232.21841,186.95407,164.25488,176.73036,248.42972,112.028694,263.55072,246.1971,120.29291,244.72693,120.86288,225.46008,238.04709,107.70398,213.54126,201.8179,101.04712,234.00749,180.89339,252.80994,61.67743,171.09042,166.52676,192.39743,115.44615,134.01758,150.93962,182.55661,172.58597,106.83212,236.27332,104.818634,172.10745,258.53748,209.09427,226.24826,172.70677,183.9838,244.961,248.61406,78.804504,259.4843,249.80692,213.80069,220.3887,215.7038,168.103,84.50859,132.43149,174.71912,129.28131,180.41351,230.09073,127.63996,145.83005,98.86732,203.70688,217.18546,78.4362,171.70517,222.41861,145.93918,197.79175,250.73792,211.50966,256.37186,152.01292,231.05122,171.34055,224.31863,205.89001
2557,116.243256,130.9585,181.79187,252.03851,255.4821,93.976494,234.04356,202.5708,234.35715,207.14471,124.45314,222.88513,209.0364,168.7766,239.52623,267.0229,146.55264,249.12439,96.15974,140.33295,177.78781,231.28314,245.59134,261.21295,261.6537,133.86539,132.02408,168.44423,270.3044,164.61014,151.02014,115.63104,224.93741,211.61041,151.11804,175.43645,182.75418,247.78368,67.94749,120.40912,130.57094,15.78356,156.22592,162.03915,227.38101,237.37631,103.8498,58.241486,277.5157,105.11646,224.2873,245.62103,271.1458,231.41267,149.54288,231.36824,92.202194,118.64828,220.65997,84.25778,184.7711,150.98276,184.962,189.73523,145.58737,43.922657,229.66437,233.29042,171.37814,132.42528,92.75746,234.86661,242.17337,248.75473,196.38641,213.72746,113.483894,227.42632,264.75528,128.8759,108.54379,110.68634,237.38882,206.56714,152.56271,128.06216,240.23227,264.25244,175.51645,263.84174,128.70822,133.54108,193.84088,217.25253,240.66962,177.49907,165.247,165.64688,240.2617,114.15715,266.3618,241.99454,114.318054,243.76102,108.50586,228.89027,236.1019,102.036705,212.00546,197.79575,98.03466,225.71967,171.71619,248.95164,57.688766,159.82236,162.66875,179.8099,101.687454,113.31326,137.28009,184.9073,164.60272,81.69315,212.67667,99.943695,151.62874,256.71915,209.27716,229.88489,168.12717,178.94318,250.33328,256.46487,83.61066,263.06293,250.53763,197.2512,208.37053,190.55615,161.0431,93.25063,125.17946,148.03885,115.65476,158.6498,235.81808,125.53099,128.38995,78.56378,208.56145,210.96838,72.216034,163.97815,223.33887,134.29404,193.4357,248.40509,193.86696,253.02577,157.05597,231.17859,169.23831,220.86382,206.6804
2558,107.1703,99.61043,110.29712,204.00754,176.02252,77.934746,169.30257,104.62588,258.2287,166.08379,126.458374,124.92887,206.2551,140.95123,213.42662,251.31334,182.76607,187.91528,96.25221,153.3518,158.60811,234.58415,171.06186,276.93716,230.8068,122.33986,183.50272,181.39413,270.30994,199.49794,143.4234,71.87018,195.65347,265.61157,126.4866,140.2522,143.8411,225.40903,134.89012,157.34315,45.34401,59.6129,118.11483,144.80704,171.88107,247.5701,126.84181,23.591806,280.4193,129.53531,177.8251,241.7478,249.3706,222.16614,160.89548,205.61269,55.008316,92.067856,182.37872,108.12041,137.78574,172.03989,214.04036,138.81223,142.49332,67.17668,184.25114,226.88388,160.31734,139.7153,156.09866,219.39679,213.89458,220.69879,119.55444,162.81104,116.96367,195.95639,202.41928,123.22907,97.86048,137.51031,232.62169,226.14893,147.71387,211.09052,234.43051,242.43066,185.56546,244.98872,100.59027,223.7594,88.98496,172.3176,202.6807,116.875626,111.22559,220.1962,191.8863,146.27357,267.3581,204.2645,158.73772,241.41989,98.9032,166.34326,280.82825,90.97186,197.63583,175.06432,111.09378,152.48769,183.77698,172.43716,140.94135,180.3677,68.824844,94.40114,61.10294,74.91377,191.38051,151.78271,77.90428,89.63164,115.70629,164.82587,99.70845,229.81116,215.07773,190.64105,155.02843,170.90288,236.71104,238.44188,74.170685,220.5538,249.2355,142.2207,150.6477,115.15178,199.35277,97.44603,222.82031,92.42274,184.82727,118.376465,246.40392,121.85663,142.49257,105.450195,226.45325,170.89888,143.6242,155.99158,176.43198,119.83382,196.71466,208.39404,27.377062,280.41522,156.6359,257.7884,181.1943,250.79407,214.67511
2559,161.03394,157.45389,181.62149,260.22565,257.9525,130.11862,257.4401,230.14172,265.16516,227.54404,145.98697,237.95267,236.9714,195.68782,250.60274,269.3321,198.1821,258.54062,148.73363,169.35681,212.59793,242.37497,245.34741,279.97385,268.10443,166.32544,152.3136,211.86984,276.1549,198.49397,198.16478,175.31734,240.54251,241.8074,193.05215,214.7286,210.47388,251.79059,154.54266,182.34135,173.36804,56.60644,205.75482,199.03745,246.53537,257.26117,114.85317,127.584755,282.30896,152.52553,235.82431,253.94104,271.34494,247.40579,212.22266,250.90346,150.96017,174.50497,240.4247,133.55254,219.52603,197.93875,229.25784,210.28433,190.12663,129.85161,251.62608,248.18791,215.68817,161.13617,174.47882,252.58102,261.5055,255.34984,223.15799,232.0635,162.42651,245.54175,261.9149,188.83572,161.048,162.8966,240.1236,243.60834,199.5675,178.28917,248.62607,265.10547,216.79684,274.66342,180.98471,191.54538,216.01865,234.07263,246.42886,216.40265,190.80261,206.29413,246.24622,153.87244,274.7202,261.84012,192.28723,259.17795,165.25967,244.20178,258.48334,148.70969,241.41565,235.98761,149.61465,248.9959,208.56377,254.56587,89.04214,215.36609,188.79059,197.81482,151.31097,166.38437,203.55716,189.48308,181.35284,145.6368,231.80637,168.9656,194.66235,268.38788,238.72513,245.54681,219.90213,222.40909,258.7873,261.3776,97.32605,266.17834,269.9489,223.16406,241.50168,227.75256,218.18997,121.40109,170.3047,198.07175,159.43436,207.76082,245.64224,156.67451,194.97336,160.46677,226.16208,233.78725,128.85034,211.95067,244.50026,199.03442,226.04971,261.40033,179.43475,272.50885,181.8186,252.75107,215.67497,239.99045,238.7445
2561,160.38892,129.37468,158.49196,220.8363,206.65216,111.57212,220.40231,206.26022,253.12634,193.78305,127.89708,203.35385,216.67146,157.6565,213.45694,230.98653,196.49432,214.29358,141.77792,150.28256,175.35898,216.07642,181.82242,260.47913,232.91922,158.43588,167.54424,197.02454,247.8064,187.19147,179.29224,187.74345,210.55212,237.10527,217.94426,188.11569,194.90825,215.02364,180.90927,162.89526,164.53271,57.839104,191.72754,188.2381,209.50247,230.40904,142.06107,136.38371,256.66306,149.71295,190.02444,226.36958,235.54666,216.96689,198.59268,223.08768,162.84917,193.43282,215.33066,133.23262,200.53967,191.63121,220.5426,180.75937,179.3959,153.53549,214.08578,225.58379,205.61961,141.54901,195.3222,228.72299,230.16461,214.54695,202.93286,206.46976,147.08682,211.97336,211.66217,176.05121,169.69513,217.17232,212.58232,227.16254,209.45854,211.78702,217.8044,228.44333,197.31628,235.6664,205.70134,222.99165,170.79173,205.26352,198.30585,188.13425,152.07315,226.04114,222.93015,141.36841,246.96552,231.60263,199.0729,238.14122,155.3764,194.70117,247.34312,134.59628,212.00246,204.19313,135.5958,209.53316,201.15726,214.80495,133.5687,214.73033,141.45834,172.09836,144.06235,165.12578,217.5075,165.19775,144.8552,159.58795,203.5514,172.61626,184.25545,238.13809,215.66992,203.25845,191.9762,198.4264,225.20923,224.51764,85.1799,227.39314,242.42657,200.12085,212.38394,212.62424,215.3794,101.27496,206.097,195.62889,199.21248,203.4578,217.70544,143.11269,200.81573,182.74512,203.49243,210.63037,148.27046,190.92677,206.01678,188.59532,203.77026,228.50406,97.17519,260.7923,157.1142,235.15613,193.12845,235.33447,212.44061
2562,188.97159,143.52112,181.77905,232.61523,217.88004,124.527824,231.61676,222.01587,271.88458,200.883,143.48346,215.66718,237.2445,157.49915,219.95856,235.48549,223.5543,223.13899,169.908,163.41307,179.08392,226.38669,177.58142,275.35693,243.72296,178.28624,176.13635,223.008,254.55966,193.43153,193.4856,214.68839,212.44139,261.70923,247.37582,209.01787,217.93027,215.74016,215.13504,179.93823,191.23477,60.34872,214.78629,200.498,217.39398,244.49205,149.96474,164.13824,265.4508,175.02335,185.42241,235.49792,235.84134,226.4588,224.83759,234.68988,190.07022,221.98074,233.09976,156.69203,219.41943,209.95335,242.66315,186.83125,199.45862,193.38036,229.37268,238.25778,223.14001,158.35104,230.20929,236.89807,240.3439,212.97203,213.83894,216.71217,168.75467,219.4372,211.60724,201.33466,198.53822,247.5364,218.83136,244.96936,240.04585,240.12573,225.31274,229.29062,215.74957,239.12448,240.20203,262.5357,190.76085,213.72287,198.60107,190.90027,161.40683,247.91344,244.23557,157.63557,256.65955,243.04102,218.35226,249.42511,179.1497,194.0499,267.17877,157.91586,223.88322,214.69681,154.83957,219.77808,218.66812,224.8042,137.20898,240.81967,153.65717,190.18544,164.09547,178.53534,248.04774,173.70448,164.16461,189.72227,226.47281,193.83476,205.73763,255.03043,230.28899,212.70625,205.46875,214.45346,235.55142,228.89137,97.14926,234.38837,252.64957,224.67519,227.15833,235.97588,237.82059,108.4075,221.54889,217.69902,212.95468,222.35616,232.16518,160.56668,229.66127,220.15111,216.9552,214.8536,163.09224,216.17705,207.44992,202.94293,226.7976,241.23904,106.41849,277.71432,159.49442,247.857,215.98372,252.31651,229.33339
2563,111.34952,126.35249,169.17015,242.80783,229.96791,91.754364,214.35324,166.91728,249.01152,194.98215,127.78815,189.24347,205.3414,161.58923,228.57486,256.04492,153.71529,228.77719,106.831085,142.1655,165.25104,231.89911,212.505,270.3318,243.14029,134.40053,160.61885,161.92596,269.62073,179.29898,147.5815,101.75332,214.50815,233.75363,145.99124,164.61389,181.66808,231.45166,95.55803,139.56473,106.099144,49.024853,151.43544,157.45285,209.32736,236.05826,127.4675,54.188385,275.07135,118.31083,207.28995,235.64005,260.49786,217.1904,162.53438,217.14108,92.4591,114.731544,218.513,92.003174,173.42186,152.07217,194.58305,167.01147,144.96204,55.97094,224.07669,229.57845,166.35742,134.8371,128.79132,229.5725,231.51895,231.40405,158.83792,193.25577,113.71334,214.85005,237.2557,129.873,112.94021,131.18358,236.35431,216.37456,148.74036,166.43126,226.9056,254.97693,172.55408,252.71184,127.003204,170.52077,167.94197,196.56503,220.23776,150.9786,149.87338,200.45041,237.71634,128.97984,259.60785,231.32083,146.24811,249.83636,121.14224,205.09814,253.63745,99.227936,206.8559,187.94731,104.48368,201.87744,167.22983,227.67911,104.188934,168.15518,142.03409,160.19168,99.935005,105.40938,159.75711,182.27101,147.40181,98.917816,184.6136,126.90712,136.21318,248.44821,215.25021,212.4365,160.2845,172.26097,236.11938,245.1333,89.1244,247.80722,252.19998,192.13322,190.64267,165.22997,179.06749,102.64349,174.1482,129.9855,157.01263,141.34924,231.6086,126.80857,132.42233,87.55426,208.17233,188.31409,101.30017,165.40776,201.29388,137.08098,189.29745,238.14832,142.2652,269.0787,157.90364,247.44719,168.53564,239.58691,204.19092
2566,166.8175,133.48715,160.63467,238.09747,223.79234,116.50017,238.72958,223.47902,274.13306,205.16345,136.20694,215.50044,238.01804,158.81454,231.46109,254.17516,218.06499,228.66147,145.14474,156.18039,188.55542,235.18384,200.33928,284.0426,256.6183,165.40683,164.18654,227.82422,269.5418,178.23265,188.84164,209.8454,222.8262,262.8981,242.69183,205.21645,197.80083,233.20123,197.43594,165.25018,177.64317,47.346138,203.2239,200.25471,227.6042,254.89548,123.18051,150.47337,278.03455,155.5235,198.56795,248.44495,255.03639,241.2637,218.68073,243.48575,176.31525,212.25107,226.15427,141.55342,209.05646,202.80042,249.04552,192.08932,187.21057,172.96255,231.6038,244.86243,225.54701,147.04134,206.85567,245.35938,249.6047,233.01819,226.25125,222.3635,156.98032,228.18405,231.70074,193.73137,183.79608,226.18732,230.07555,246.13455,236.30441,219.3702,239.32951,247.31296,217.22586,257.2381,229.33627,248.08984,181.13834,224.7062,217.79349,204.21803,155.92845,238.17465,233.71823,138.11415,272.1054,250.71236,207.21262,253.98177,157.54448,208.5463,270.94824,144.98209,230.44618,227.54169,142.51141,226.68541,215.81644,228.11345,101.324295,243.18042,139.03522,176.23653,151.64882,178.30075,237.45465,169.4697,144.04181,165.8804,218.11273,163.29657,199.22525,262.11707,227.14473,224.47038,209.82812,217.9895,249.59018,243.46289,89.95586,246.68875,263.93213,214.06027,232.00638,236.77402,239.32263,102.85367,181.56508,218.71277,187.8752,229.79953,241.0438,151.01588,223.39757,211.88913,221.5034,226.75873,126.656685,202.50085,221.07089,205.6755,231.9195,247.78651,98.76566,280.93115,155.2023,251.83054,218.84846,247.43341,233.54645
2567,154.1939,123.25044,212.8335,191.47311,153.9493,106.79532,156.67947,140.6463,249.30551,147.00604,164.7382,150.73416,204.88533,102.93049,162.9965,171.90788,177.45032,161.9719,155.5403,139.71771,93.350555,199.22272,84.44316,256.1094,179.4016,179.55469,218.60347,150.59842,212.57726,151.49089,136.39664,135.45306,160.80539,268.09854,209.95409,148.47705,204.3923,146.82407,144.47931,129.341,133.11505,91.620926,154.03354,167.97752,147.72949,197.59702,206.46501,101.23586,227.91678,185.25589,114.38902,186.35738,175.51143,153.04129,157.69289,179.12344,148.5604,177.16673,200.70258,147.6641,171.12262,153.6688,190.74567,120.91859,162.68002,119.88176,179.36136,212.52539,167.5238,146.12154,204.03732,193.41638,179.73059,134.82129,117.7746,157.58493,120.28084,160.21971,128.589,138.17346,175.34691,244.37085,183.90614,207.07504,176.70645,261.5763,165.37189,171.24234,161.60391,167.353,188.58313,265.0244,137.19168,143.39622,117.859215,89.59311,106.6725,271.5058,246.69844,155.22446,203.43637,185.13513,177.86865,230.5588,150.82582,111.914856,268.56964,110.10235,157.44505,123.32292,99.87189,140.55609,166.09207,174.2757,212.3651,182.4003,104.49823,164.62674,123.18852,120.899796,199.18115,166.82007,147.63705,172.2363,176.6147,149.76965,133.39091,212.60098,213.72249,140.51094,110.67082,140.38728,173.73813,169.1933,140.5791,177.10608,207.08557,199.8778,148.04898,153.82474,183.67094,107.42622,267.2126,142.0563,251.57178,136.88089,196.113,155.85507,144.96223,133.47693,184.5365,141.28647,146.98695,170.17578,124.27929,123.74637,169.98965,195.70714,58.696075,280.20557,129.26175,221.6217,145.03552,267.69858,175.83612
2568,200.93938,171.33694,206.55487,263.54608,268.24554,142.09712,273.74945,260.78226,279.34277,233.43094,152.33858,255.8363,250.00693,198.63153,255.18507,279.613,233.27203,263.94754,184.51372,179.92426,232.75745,244.95078,264.00064,286.15112,277.1128,187.3398,168.11008,244.46387,279.16562,225.47223,213.6506,221.19756,241.49771,267.206,239.80188,232.36331,233.43524,263.6116,200.99657,204.42374,215.43994,38.645798,236.73203,209.32275,257.70612,271.59656,133.99683,170.89902,286.5,179.14276,240.59201,264.84958,276.48422,266.32596,236.62665,260.4195,191.35277,217.2341,256.08694,163.01468,240.95166,227.54773,251.5839,221.80365,212.51994,184.04224,264.6311,249.96217,235.8528,174.43211,207.28064,257.0283,269.50708,268.15637,252.59595,242.51196,186.514,251.63678,273.55298,213.97205,198.87231,219.99243,241.01945,258.38483,242.92659,223.61134,265.59064,269.38544,238.03848,286.44852,231.53336,244.95284,248.17935,246.70515,260.63507,237.91634,204.25543,237.67232,262.62665,165.55298,286.69208,270.95544,206.21045,260.45282,193.91296,253.93445,277.54846,179.6648,255.97748,258.35718,176.44832,266.49915,236.80406,260.8069,114.80136,240.06323,209.25261,220.23727,180.70868,186.28766,242.16504,186.78067,204.73792,187.19339,263.30798,209.5322,227.92816,277.41144,241.21764,257.3571,247.4786,242.63184,271.88696,269.30823,98.83359,270.12292,276.20486,247.92633,263.6037,265.53693,240.54431,120.347565,209.28458,230.49591,194.02533,239.45058,260.43176,176.02238,239.27774,208.4227,243.1026,246.61603,173.90926,233.02713,256.3719,218.50195,246.77512,268.1424,222.59096,282.7539,182.82974,263.22797,241.80666,254.07642,257.31274
2570,101.86408,123.58818,187.67615,243.07599,244.3724,87.21828,226.2637,197.66733,228.56952,195.42412,117.45825,214.65561,196.88513,157.32031,226.17972,252.80084,137.59,233.4727,92.66128,130.10977,164.7673,219.87509,236.91788,255.58151,246.43512,129.39627,132.53036,156.85718,259.80835,146.03493,140.42383,114.940025,215.64061,208.88788,158.10452,165.10445,177.69402,232.54765,70.37617,108.139915,132.78598,20.903515,150.42844,157.45853,217.74316,225.75879,104.411865,60.581676,264.805,99.649994,212.73108,231.9588,259.86475,216.39755,146.69711,218.7005,102.00912,122.00226,214.487,79.71048,172.0115,138.52588,183.83342,174.84102,135.51237,44.67237,223.90836,223.25238,165.07265,121.487045,96.89291,223.16174,230.13266,235.69427,184.07558,200.32797,104.072464,213.80753,251.49669,123.5026,110.68158,123.77357,224.3345,197.73677,148.7853,131.96466,222.52463,253.19531,164.39017,251.7815,139.57892,138.59677,201.98781,204.44736,227.90343,168.69157,153.29008,172.61548,241.31145,106.470665,253.37868,231.84196,121.875336,234.79996,108.48064,218.24094,231.23677,94.06911,198.34021,191.37808,92.23215,217.01125,156.17513,239.12717,55.690403,161.19244,154.23563,176.4158,101.81052,116.18744,136.20718,174.84662,161.22098,84.64766,217.08804,87.97186,145.38737,245.01382,198.00955,216.53781,156.52457,168.01984,232.50362,240.87222,82.225876,249.82028,241.86887,200.24763,201.71187,189.98926,161.82135,88.58966,118.24761,147.90746,121.563,155.216,219.84491,119.37305,123.038666,79.005554,191.28987,197.03986,59.362785,149.65134,210.08481,138.44476,183.17645,237.82088,215.77905,249.2739,145.9848,221.09334,158.94635,214.69374,192.68039
2572,146.52023,135.2632,187.46996,245.21968,251.70523,103.29318,241.76576,220.76299,240.66153,209.14827,123.24513,229.85703,213.81491,171.21277,235.36566,261.90875,171.15784,245.46918,121.77736,147.79077,191.33975,225.02834,247.49606,258.2578,257.1687,146.9283,142.95538,185.86777,263.48505,186.934,168.30217,150.1294,222.37463,220.52644,177.62076,186.64241,197.22736,245.19588,104.58923,144.02373,158.18405,20.246332,180.97357,173.30203,230.60364,238.92969,115.09868,97.692505,270.9638,126.62896,221.34378,242.78696,264.10995,236.56894,168.74588,232.16852,124.436966,150.65427,226.20639,107.472176,201.83122,176.55133,195.963,194.9364,166.00171,86.39403,232.95486,229.3916,187.76273,139.18924,122.13435,235.11237,243.25487,248.63402,212.81442,218.39136,134.0989,227.61354,260.7374,151.18037,137.58768,145.73984,228.39246,216.1796,178.64532,155.2323,239.93439,256.4654,189.555,262.9435,157.77423,161.744,208.49045,221.40746,239.61627,194.78998,170.36972,182.70535,240.93668,128.18752,264.09534,243.95773,132.09146,240.3595,134.13971,230.40482,241.39024,121.655525,220.44284,212.17752,119.46719,234.66139,193.22919,245.35413,81.39441,175.60405,172.00357,190.60532,124.72777,134.24779,166.23654,175.91132,174.13367,118.645164,227.24718,138.05087,175.78442,252.58682,211.24117,229.04808,190.94197,194.46317,247.83833,250.7412,81.85271,254.88467,249.01721,207.78412,221.9928,212.23633,177.33685,94.44221,154.7154,171.77634,141.53662,181.25974,233.94356,134.9525,161.7466,114.19769,212.97122,218.63187,113.92003,181.88173,228.77286,153.47003,201.34258,244.81229,213.06555,253.60168,159.87584,233.98367,184.10323,225.57922,215.62836
2573,211.95166,174.87726,183.78378,246.92526,243.77615,167.29674,254.53294,242.75902,270.36224,222.5636,161.63945,238.47546,245.7409,201.59998,245.26767,264.61542,238.03754,249.96588,201.46075,183.922,231.12656,237.11794,234.56073,276.74432,268.1594,188.71611,176.10493,248.50967,266.68707,229.10666,220.4737,226.99611,235.24867,258.38162,243.95534,232.42166,218.71468,253.64102,244.977,220.15448,206.31657,91.29425,230.99872,211.3485,241.98022,263.33533,162.30319,190.61783,275.8795,193.936,234.07117,256.70398,263.40494,254.72144,247.51392,256.09665,199.97128,222.7061,239.63214,184.79468,230.92023,231.01776,255.19511,218.7592,215.92776,222.13055,243.86716,243.03548,237.36404,182.21634,241.97318,247.73944,259.13867,255.3435,246.7298,232.1142,200.8414,243.32513,252.37122,226.66414,206.01236,244.52533,230.39017,253.22948,246.28725,241.13889,259.83344,256.56427,241.18538,272.8546,242.40112,265.1673,214.9231,235.0571,245.11394,235.99979,197.47626,243.2248,242.89824,179.63757,274.58234,257.53827,244.44296,249.51805,205.64964,239.2987,264.51508,196.60278,246.32631,249.10408,195.03055,246.573,234.62729,241.80917,164.95956,253.88785,189.24728,197.44565,188.66809,198.22778,257.60663,181.45682,176.89182,206.81,237.9593,235.17085,221.88745,265.54398,237.66144,246.74982,249.92648,243.75879,263.91757,260.79462,120.39867,257.39807,266.5677,229.0091,248.93597,252.13481,252.5344,148.94261,249.63013,231.71793,217.31929,242.6897,251.52708,182.83398,252.5988,246.5024,236.27649,243.23184,211.83298,235.51813,249.06786,236.42297,243.01468,255.4995,143.5162,272.57623,188.73413,251.02559,247.2536,247.05731,254.0256
2574,129.3089,134.97678,195.98822,249.55685,243.80347,104.60122,239.65787,218.83136,250.54959,206.53868,126.770294,226.52417,217.19414,168.85327,231.67673,250.76321,170.58603,238.38632,120.391975,142.72937,179.14214,228.1907,219.94417,269.8852,249.58386,147.18771,144.94879,184.39694,263.42603,159.58398,168.48412,159.8702,224.03954,230.87596,195.57567,190.05984,199.2297,230.21178,128.15753,143.29044,163.6718,46.141357,182.25249,181.48093,227.84138,237.92746,114.7377,105.73733,268.36145,124.767876,212.9904,236.84473,255.92921,222.90875,186.75885,232.02856,142.33324,165.94409,230.28767,104.98908,196.14494,164.92383,213.57933,185.72736,161.74466,101.96091,237.82562,235.04398,194.96324,133.70908,154.56726,235.23355,241.93985,232.43591,202.7218,212.95613,129.60825,224.03244,241.019,161.92938,145.78674,166.56775,226.88632,222.16351,183.01059,166.18428,225.8598,249.93073,190.03073,253.31184,183.61736,179.7778,216.0511,213.79297,222.91223,189.11465,163.1891,201.6153,252.40479,125.16948,258.226,244.90526,177.9789,247.09073,139.0304,219.86594,247.1095,117.083015,214.83316,209.7146,116.55101,229.44804,178.61435,244.6837,72.19822,200.14832,165.15234,190.94722,129.32582,150.67586,180.14299,180.36464,171.79398,125.86531,235.79443,124.077446,173.30846,255.46716,218.52777,222.49176,183.10701,193.62479,236.79291,240.8516,88.31497,250.49106,254.32202,222.94865,221.95056,218.60815,200.89328,99.602325,143.68097,185.5603,150.42845,190.00404,226.41016,134.72308,164.83118,136.31146,202.45844,210.72572,85.01633,180.48056,218.56483,181.80423,204.27362,248.3085,196.6752,264.29672,158.06372,235.15955,187.13855,229.8811,212.0214
2575,214.32852,175.83981,186.51947,243.31128,237.3987,167.40869,251.08421,242.28351,272.1592,219.57935,164.19762,236.02438,245.61856,196.09378,239.3138,256.56107,237.26778,244.7007,203.43134,185.58582,221.90503,234.61356,218.80885,276.25198,261.50067,195.01395,177.96347,243.43787,262.6624,226.36139,220.73688,230.47478,231.0566,259.3141,246.65067,230.88425,223.8659,244.37135,241.81482,217.14966,210.01996,93.18698,233.3399,214.18224,237.1437,259.16473,160.34033,195.2742,272.6402,198.37659,223.69766,251.36948,255.15187,248.29492,245.0708,252.39651,206.44638,228.6614,240.5604,187.62585,233.82407,230.98676,253.06647,215.06038,219.96906,221.34222,241.69455,241.96915,238.24394,184.20053,243.944,246.44678,255.81865,245.15303,243.11063,230.6412,201.88135,239.28494,240.61118,226.5181,212.26942,246.38359,227.39267,253.62318,247.24403,242.11493,251.25124,248.60283,238.20332,264.4857,244.0015,263.66766,211.25385,231.16815,233.39407,230.68866,193.87134,245.36433,245.09486,183.49191,269.43176,255.39973,244.00885,250.27832,209.3988,229.74945,265.33392,196.68124,242.85332,242.16788,194.38544,242.52228,235.00395,238.40958,157.80487,252.32272,187.00499,201.0042,194.46283,202.18413,258.45694,180.99396,179.45665,211.83588,237.8494,232.52588,224.01947,262.78232,238.89236,238.98618,242.91031,239.97536,256.551,253.00082,123.58205,251.0495,263.20538,230.00262,246.5506,251.501,250.83484,148.05467,244.65028,233.52643,217.46819,242.52072,246.78741,186.16718,251.30658,243.76831,232.70807,239.8833,208.12723,236.207,241.6413,233.88927,239.97958,252.58237,135.6368,274.26663,188.07599,252.02911,241.52094,249.55405,250.32108
2576,225.26047,189.77399,207.00781,248.86957,239.08754,185.04135,254.42773,255.16681,282.37567,224.53821,179.28053,246.57913,254.27655,200.2746,242.76355,258.8181,245.9369,247.52014,215.18951,195.24277,221.56622,243.98798,212.38321,286.04956,263.06677,212.52002,197.62115,246.20903,268.28076,231.36914,226.95157,249.48578,236.6026,274.97882,266.34534,235.44168,237.3999,246.09624,244.7362,220.68552,227.88168,113.25574,242.80998,228.23816,239.23987,266.94153,183.83545,218.24754,280.19257,212.0235,223.93549,257.94116,257.0928,249.52328,245.34352,258.54367,227.80136,249.24518,249.08203,201.3934,244.71393,235.46051,259.8788,220.77847,228.3342,228.01364,245.96608,250.87349,248.40335,194.36539,252.32399,253.7775,259.65527,243.64688,254.5398,237.93976,209.0629,243.61954,237.14569,232.14651,229.84637,266.9944,234.70135,261.41278,255.97311,257.1452,256.72314,251.13094,245.01047,265.31345,260.99854,278.76697,217.31332,235.40158,231.29433,235.61823,198.02582,261.10062,260.6347,194.91309,275.00415,260.25372,253.6986,260.5827,222.32329,227.22603,280.21802,206.16306,245.39442,239.85849,200.32065,245.45493,243.18796,246.10425,182.48389,258.0615,195.04848,217.52625,215.93639,221.64832,265.8227,194.47723,194.69397,228.76843,250.91393,233.09167,233.4275,269.30206,248.53857,237.98613,240.69727,242.24835,260.10477,256.67645,145.64365,253.72675,269.64764,242.11826,250.48785,262.21643,257.84906,163.93454,260.64114,249.44827,236.29272,254.95248,257.53928,201.04112,254.56136,250.5169,243.50194,247.11331,213.16734,240.59607,243.33556,241.92053,243.41028,259.1391,145.38994,287.1655,198.24748,261.69992,242.238,264.41287,255.72507
2577,89.45903,79.52017,206.87903,180.44223,137.76578,40.201237,123.023735,98.859085,218.92334,113.51378,117.06655,115.81644,151.6059,47.956955,131.7097,151.46912,99.96086,129.97,89.636505,87.47031,27.290174,171.09488,57.142178,238.2086,151.2201,136.98112,204.72403,78.06115,204.2854,102.658585,60.56803,68.31823,128.13644,233.65143,180.24466,85.116516,175.55206,112.177414,35.930954,37.38218,79.53352,25.316595,97.62973,111.869484,116.48816,152.73761,196.55658,17.36434,212.02855,121.42974,74.529655,150.48099,162.64828,112.52637,86.015884,133.5376,90.12367,116.86045,185.42403,70.31326,123.244995,81.61089,135.03067,70.68482,95.71151,18.570642,158.93689,186.5369,104.56995,94.62285,105.38547,163.28462,143.63235,100.94763,60.180843,124.32656,37.501064,119.16751,109.120285,55.46705,119.86207,212.18953,175.84215,157.39233,127.56665,221.95886,117.95763,157.79938,85.17235,135.81348,145.25241,207.86221,114.49921,111.884445,83.36824,26.040163,60.727695,251.70496,248.8168,93.287506,178.7655,155.49443,81.80725,213.32114,84.60128,72.97405,243.88571,36.203106,113.01171,71.81671,21.216604,103.67295,104.83245,157.27603,192.99097,115.745804,59.926094,140.56076,56.738358,52.12029,123.29598,163.28998,127.30509,107.088715,155.33919,59.287903,82.207954,193.84366,162.41364,100.80025,35.77289,72.43099,134.46779,136.75603,96.10974,159.33612,178.20857,183.15921,105.87665,111.38404,115.372055,58.953747,232.03455,82.05319,233.34106,72.70416,153.51317,111.20233,67.00746,29.116209,132.0041,90.75186,67.02716,100.692795,73.94354,44.379845,119.26516,171.85889,59.44259,269.82733,75.09856,204.07141,71.05703,252.93503,112.81407
2593,91.49628,87.35734,185.84021,226.10336,201.74619,44.30408,171.61307,128.81987,237.13214,158.66939,101.386154,155.40009,177.10695,96.2489,189.11264,221.67325,109.375244,191.5488,72.51095,107.57419,82.72597,211.39612,146.4277,263.1519,213.5488,115.11177,177.031,107.16434,256.05267,144.17894,84.48228,59.827812,173.19025,234.79431,150.12564,112.082596,175.50989,182.23407,20.479113,63.31496,68.252396,9.87558,109.972916,118.56879,167.86125,197.64703,152.8678,-4.518499,262.97714,94.62398,141.41342,202.64445,229.3775,173.3554,98.444466,178.6797,53.018917,88.44379,212.50607,54.294422,146.06172,104.087456,148.51184,119.08292,106.83914,-4.89555,198.00446,215.2658,120.64725,102.06973,72.99801,204.23035,193.74287,174.79202,107.352104,166.12244,53.74066,171.63013,192.46573,64.15471,91.05888,146.6101,226.59274,182.02417,130.23643,180.96742,180.526,223.08755,113.40207,204.17538,109.779625,168.72626,130.43039,163.3057,159.80658,73.92093,105.31984,215.7882,253.32489,94.33647,234.84406,200.8563,67.12542,242.92834,73.98028,140.78159,257.0292,48.193592,160.79146,120.9492,38.69461,154.5381,133.2283,205.25961,137.24396,116.22467,94.89372,145.35239,47.087494,44.68673,115.96,176.64502,130.88907,70.36142,166.65329,69.00353,96.29435,237.82202,184.10072,161.97466,80.81706,108.68307,198.13095,203.5637,75.50699,220.9774,221.54654,182.73663,144.4005,129.17944,120.715645,58.42587,199.44397,83.91863,181.25893,89.084526,201.4671,98.951294,76.86102,16.185476,173.3408,138.86905,68.24385,120.44734,137.2266,55.229076,151.79558,216.56418,102.91865,281.3742,109.96168,238.87555,103.80972,258.18567,153.81921
2594,120.622665,131.9656,150.53247,245.13293,243.27875,102.52847,232.90442,196.53815,241.91614,210.78946,129.12997,215.52158,219.49239,178.28381,248.09479,274.98962,169.55812,248.41293,95.66146,149.12775,199.31259,240.28314,245.47977,266.4705,267.75134,135.57687,130.67685,190.27312,276.35867,179.69914,170.0779,124.29211,234.90958,219.6693,146.2124,183.17961,168.51593,260.89728,98.509735,146.03311,119.21223,27.665123,158.98631,175.56998,229.12323,252.16533,90.03305,70.50641,285.56097,111.83679,233.4331,258.32602,277.7147,245.98932,162.40308,242.4899,91.46441,123.58292,207.93924,96.82682,186.84714,171.77661,200.94698,199.6671,157.00653,63.326088,220.74432,240.18669,188.22638,138.84445,112.17711,244.60115,251.02638,260.4281,210.2163,218.813,129.02495,237.19943,266.198,146.81781,110.97407,105.83453,241.77838,220.46237,158.59933,130.74414,258.22574,270.3676,198.05884,274.542,121.82161,145.35419,162.41467,223.80717,249.50735,197.03004,165.46841,165.00916,219.19165,123.13303,277.094,245.24728,138.32932,248.14694,112.05409,234.12384,243.61905,110.78859,224.37051,212.4158,113.0665,224.81152,191.30147,241.89606,55.939224,176.34091,153.05351,163.32321,108.477135,130.11932,157.84628,179.64972,143.82787,85.28296,188.90662,122.54964,154.9938,255.65515,219.48187,235.35187,191.156,198.45462,263.36594,267.29276,79.79783,264.4099,260.15778,177.11514,210.03624,184.19272,181.62573,101.02488,130.39973,155.83847,113.77471,174.85625,249.35297,129.75896,148.56415,106.56783,226.75984,228.1313,90.79483,173.91373,237.95728,155.6402,204.01825,248.36366,140.40411,253.91455,166.60806,238.28474,189.133,221.46422,225.07782
2595,185.58647,157.63095,163.33359,244.93237,245.20566,145.73535,258.99994,247.66124,268.52673,219.97128,145.85583,235.50366,241.85031,193.55496,243.77396,269.47174,232.0075,248.29788,169.08014,168.64845,232.66718,232.88818,250.2261,274.74628,266.2099,170.55151,144.25801,248.67348,266.54016,199.0997,215.29706,236.05966,231.55737,255.27826,242.18771,229.11252,201.3208,255.24713,235.73106,205.19124,203.41647,62.994858,227.1886,208.311,244.57904,261.45178,100.1071,186.86774,274.04422,167.12643,234.42772,252.83452,265.56012,257.14148,246.8223,252.68806,195.44543,224.19977,230.97348,161.58669,225.40825,221.5144,254.50937,215.0977,204.78778,213.06256,245.24203,238.04343,238.38298,161.91788,229.02686,245.83017,259.5021,261.22964,255.0646,231.78079,187.00108,242.18839,261.22058,224.00143,195.57762,218.8956,229.55782,250.49,243.85951,210.95407,257.2392,258.48895,237.4637,277.226,237.87035,247.89027,209.22421,236.55913,251.71469,245.27121,187.98875,228.04788,231.46661,150.58258,274.14398,258.45618,235.9844,246.26852,183.22842,243.51949,261.68185,179.04877,247.3756,257.53027,176.87979,251.4391,226.9657,238.74438,79.78942,253.901,176.96832,185.20361,179.73029,202.13306,249.8273,170.01793,158.93826,181.02457,231.7396,194.53165,222.72308,263.44785,231.44064,247.54535,253.7409,243.87506,262.62604,260.3019,98.0793,256.51584,265.7522,220.76067,253.92503,257.857,251.01254,124.87059,171.32745,240.04076,169.36488,252.28656,248.45813,164.55516,252.58363,250.30486,231.22217,244.55225,141.79044,225.42667,252.24791,239.26636,242.13138,253.0531,146.8576,269.4959,174.73628,249.34656,245.85883,235.33615,250.99222
2596,156.18274,124.28967,158.33923,235.15346,218.32858,102.82623,225.44852,195.06909,270.68942,199.75784,129.62386,199.41425,229.47397,156.61665,229.09583,252.67468,201.95145,225.26416,132.81577,151.76115,179.10486,235.51154,195.95667,281.34787,251.09973,154.48395,174.84183,205.04956,269.8266,197.31207,174.82182,165.1795,218.4567,257.8575,206.52655,187.40878,195.89319,232.18544,158.0985,161.18884,144.84946,46.39276,184.42258,183.84967,217.35443,250.11113,138.43903,111.44892,279.0655,146.71582,195.90677,245.62973,254.88995,235.0474,194.87045,234.17993,141.29283,176.54166,224.39404,126.28183,198.86844,193.8909,228.69125,180.95377,176.5245,129.99069,224.68317,241.81589,204.1532,142.77222,179.94244,242.63696,243.23607,230.00867,194.8807,211.0882,140.61739,222.50916,227.71472,167.97322,159.93443,200.39328,231.90714,240.31906,207.75974,217.1369,236.92963,246.91815,203.26025,254.00604,185.78607,227.75375,164.80966,213.51572,213.8693,177.26117,149.19363,233.35762,230.62207,139.86337,269.30225,242.93015,176.22293,255.50745,143.33716,201.04022,270.06564,125.97229,223.37486,209.78766,127.47023,212.38551,208.21252,221.69342,129.80707,212.0528,132.16214,166.048,126.3687,143.23259,215.47638,169.36621,139.7744,146.55269,198.44624,169.93924,174.62073,256.57602,226.64047,216.5894,191.3309,201.5087,246.00008,243.18918,85.37322,244.10901,260.17816,202.38766,212.92715,202.81851,215.1973,98.70579,209.43796,177.34906,198.77971,190.36755,239.22787,141.49611,193.10295,158.0622,221.3559,212.5331,145.67441,193.1246,210.52542,168.94821,217.34544,242.66983,90.726715,281.27682,157.96004,255.21213,200.00378,253.21265,226.4451
2597,163.07347,147.91333,192.6266,247.01086,252.31885,121.03707,253.49078,241.38542,253.08687,215.44264,135.13084,239.22685,225.89363,177.5617,237.65738,262.46756,194.83041,245.95581,144.37234,158.25772,204.27953,227.94894,249.52171,266.80527,259.63162,164.9285,148.19406,209.7102,264.03506,186.43285,185.97064,190.03883,226.24568,235.78822,211.41757,205.12027,207.68568,245.52228,146.94159,160.16107,188.50336,32.849945,203.37476,191.42786,239.4292,247.81857,115.66812,137.56003,270.70422,145.31169,222.68407,246.27083,262.7217,243.80577,198.11113,240.83365,162.00755,187.60834,233.24158,132.33656,214.40742,193.3276,222.04498,203.07794,182.76999,133.233,242.39911,234.36536,210.94012,151.32806,159.90198,239.78577,250.11826,250.84955,232.4089,225.94913,154.89081,232.9824,259.40518,180.39566,167.0469,180.29752,226.5346,230.09149,207.89944,178.4223,242.56467,255.1371,207.85764,267.2252,198.10532,192.71284,227.2019,229.51743,242.54034,215.84789,181.49858,203.59216,245.23703,138.13916,267.5321,251.71127,169.26765,243.20535,157.50932,235.9234,250.91121,146.00378,229.92465,231.64261,142.28601,246.37231,206.06537,246.0622,81.21095,208.95361,185.17657,202.30579,152.77902,166.91763,197.81802,173.37845,186.33286,147.73059,244.67717,153.98117,199.19746,257.63702,218.98355,236.2941,211.98102,213.61722,250.57281,250.84735,91.45339,254.44447,256.44937,224.1987,239.81917,240.26862,207.24553,106.61897,157.26585,206.55688,156.84207,214.25992,237.32272,151.43954,195.686,161.90567,216.07793,229.02988,120.22513,197.62233,236.3164,189.68112,219.16588,249.77783,221.01591,261.75677,164.46921,238.79166,206.59108,230.66846,227.81775
2600,114.50255,125.80683,159.5334,240.02347,235.1323,99.02617,231.51587,206.38383,234.16357,198.66861,119.964676,216.07794,204.25256,159.12694,227.95099,248.56078,153.86453,232.95023,98.87524,131.0151,173.16486,220.94168,226.57263,257.5584,246.93863,133.13977,124.41162,172.79459,259.44855,145.25162,157.56104,143.43274,221.17017,206.99083,169.49217,176.01334,171.88728,230.5027,99.7263,122.96072,140.23837,30.909143,163.98364,170.80298,222.45432,228.29688,89.129234,91.00697,263.19415,107.877174,213.23178,232.18825,257.75378,220.54956,166.81868,226.14044,120.288376,143.95193,208.50513,92.67856,181.81503,153.8758,196.9766,180.75674,148.03378,77.91568,223.14923,229.20071,184.00566,123.88756,119.45975,230.66257,237.09506,234.81989,200.75247,208.72523,116.84519,219.55368,246.17162,145.20412,125.73825,128.23204,222.49513,208.06555,163.4671,131.83133,221.55705,250.77354,177.50009,251.14069,151.673,144.23068,186.38797,210.26988,223.38199,188.07042,152.49808,171.46014,222.82178,108.92239,252.64938,237.99495,147.03244,237.75412,117.885925,219.81805,226.97636,105.290146,207.65396,204.83841,103.94054,221.95325,168.6654,236.1788,50.166576,182.62366,146.83557,167.51935,114.85058,140.31033,156.51074,170.17091,145.1046,102.75921,208.21579,100.079384,160.21655,244.32346,204.90157,217.89966,176.25847,184.47351,233.21033,238.69716,79.72927,248.31021,247.30481,193.92357,211.69022,200.78134,181.92786,93.55289,113.68154,172.44302,120.17438,180.92029,216.47433,125.02727,148.15894,113.36975,192.08517,211.1141,66.9709,162.82437,218.74863,164.99612,191.94904,239.0921,160.82397,246.3901,147.1058,221.68665,173.81752,208.64655,200.87689
2602,146.6901,101.94409,113.6323,189.97617,163.73717,100.14764,167.20692,114.90184,260.44955,165.89948,147.45328,128.10829,226.21555,158.2412,211.10675,242.6467,222.89987,185.90146,130.89459,181.93098,185.38812,234.60944,159.5891,272.625,230.2301,132.32062,193.6795,221.42087,256.73047,221.69852,176.58522,106.90705,195.95969,275.59506,145.15863,166.98892,152.07008,228.37338,203.44249,203.08804,73.71357,82.90968,139.18068,161.77824,169.47635,257.75064,140.5841,67.69343,272.65485,165.10551,182.78682,247.89185,235.93597,232.13951,197.28627,215.8161,84.4367,123.24924,179.75046,152.47809,151.49612,211.35994,239.41438,151.77692,173.77737,137.56628,177.2327,229.15036,184.88678,170.55841,213.78302,217.52097,214.97336,222.3291,136.63107,166.15254,158.92093,200.43858,187.09264,164.34256,125.89489,168.5693,220.31223,240.37393,176.71783,246.02608,248.03722,230.26662,221.8073,242.39749,131.43057,263.92627,92.40671,173.5633,203.39246,136.88313,119.58475,234.21356,181.5397,184.70407,264.0354,201.4195,205.3128,232.61835,123.15338,167.41907,282.7663,125.878006,204.21803,187.51181,150.01173,152.48587,210.06635,158.66539,172.64172,216.22092,78.25026,95.92721,79.73901,102.30505,232.83398,138.9288,77.88629,125.22485,117.52423,222.99243,119.84479,224.15857,231.32568,197.12476,188.55853,200.40251,241.7496,239.54562,83.0387,208.72127,245.43983,144.33755,157.99965,129.38914,229.19904,118.62831,258.61395,118.657684,207.19722,145.5592,258.79993,137.07333,187.61029,171.32141,243.87329,184.30035,204.38338,188.66159,186.0353,150.32608,219.96906,201.77618,1.0312196,277.47086,182.68771,250.92656,219.58417,249.98946,239.21622
2603,146.31396,130.43495,142.403,214.46219,191.38814,108.39627,193.46722,147.5985,259.2166,187.3403,142.46794,162.02725,219.01025,162.96019,215.6719,237.12842,194.92847,205.73242,137.79242,165.1774,170.85231,229.98456,171.28268,269.92047,230.04645,153.66797,185.65717,190.11635,256.54303,206.24695,172.88521,121.16476,206.17542,253.97234,157.60492,174.24478,180.83415,218.02243,162.44594,177.75708,104.02106,75.35582,160.8603,174.52167,190.90959,240.45892,146.74922,86.20685,267.3667,155.01819,186.7991,233.11804,237.92119,216.85782,187.57721,215.74832,111.309364,138.781,204.07635,133.09457,177.09532,189.82596,217.25412,166.23027,173.93639,114.55396,201.72507,230.24509,186.11421,156.78119,188.74477,226.89735,223.95264,214.14471,152.00941,186.113,147.51291,208.38803,201.61581,159.67958,140.80104,168.3934,223.56747,233.20139,173.28906,216.55704,225.70572,232.24838,198.19266,237.76913,141.7222,222.36784,129.55267,187.47343,197.84479,149.41522,146.41992,227.2705,210.5267,161.44716,253.57263,218.95349,189.76555,245.10847,145.91837,181.9787,265.96048,127.90352,208.83713,187.52612,138.02132,180.01889,196.24652,193.99608,154.66539,197.1861,121.50789,139.74556,116.35129,124.017044,207.67493,169.06227,122.936646,137.3495,154.03131,187.49225,143.40884,233.99176,228.67828,199.53224,176.96005,189.67389,230.45,232.26172,92.26721,223.58556,247.0705,172.86035,180.00711,153.8404,209.65894,114.4561,232.95337,137.29286,201.08989,153.38919,234.59998,144.34149,171.11389,141.51323,220.44806,189.3269,165.43625,188.72302,190.70563,155.6625,202.9673,220.23492,56.918167,273.2318,171.47568,250.37502,192.32262,249.32854,219.70578
2605,152.80429,99.66699,119.75485,190.82677,163.89334,92.87388,174.49951,137.1513,259.88058,163.82043,132.38477,143.55006,222.28058,136.79099,202.0771,226.98184,215.83664,182.10818,130.67178,161.11937,163.41751,223.54533,143.74916,269.4875,225.28625,143.6773,187.445,209.78986,249.34453,198.63576,168.67686,133.58945,193.0959,267.71826,180.87589,165.02136,160.57584,211.57626,197.86777,172.88269,98.49338,58.87915,151.05814,170.20926,172.30151,243.38313,143.4464,90.22011,265.484,158.67023,165.19385,236.66357,226.03201,219.05357,189.33492,213.7846,114.05108,152.42563,183.76648,141.15292,161.78784,201.1965,232.85597,150.63823,173.10843,146.48094,177.5708,227.92398,190.30261,148.93457,210.84955,218.1683,213.45245,203.66092,151.36841,174.05428,146.87411,194.55371,179.95699,161.71387,148.25284,204.47734,210.00089,233.35184,195.20055,248.48302,229.34921,218.68091,207.22264,227.65695,164.70206,267.50568,102.73842,178.33691,183.22583,139.64362,111.614944,239.32716,188.30737,157.10919,254.82626,205.20718,198.2254,232.59132,129.00801,158.34604,274.6126,121.967545,197.80437,181.30441,133.86569,159.26682,208.18146,168.24751,168.42703,217.59625,75.47168,112.640945,98.21598,119.53471,232.96318,135.46317,84.381,144.07425,140.06851,197.64366,137.50423,226.1487,220.92621,185.60303,174.8988,190.34914,228.67047,222.61414,71.734726,206.25957,239.54199,156.78526,167.17615,153.21515,223.30696,92.464584,251.22876,141.18301,216.9759,162.36322,238.31908,135.86588,191.52557,177.25763,225.1357,186.63834,180.52005,181.32805,178.80258,153.4112,210.45099,204.88982,4.551075,274.31403,157.74133,240.58286,200.64694,248.67393,222.23984
2606,205.58171,166.52548,173.7404,237.53766,225.76202,151.69144,241.56468,228.9346,271.9898,217.07997,163.5575,224.67017,242.97128,184.07764,235.27151,251.99506,228.36365,236.79245,187.03253,183.51874,206.72012,236.15845,204.4031,276.33008,254.743,195.13,185.40323,229.72928,262.61252,223.3063,211.27406,214.15475,228.5581,257.4396,231.95645,219.15471,218.70012,238.15996,202.89494,198.59421,192.86346,73.28575,221.61742,214.46257,230.46336,256.0601,159.74263,175.47284,272.78387,192.86398,211.21844,248.63531,251.59454,242.89569,223.7937,246.90161,190.6566,218.244,233.5249,177.56433,229.76845,224.39886,242.45483,209.18073,214.85214,186.70113,232.67598,243.69751,232.24051,181.20988,216.78613,247.99857,251.96913,236.86871,231.17789,228.42459,188.7751,234.8963,230.63422,209.37866,203.13245,227.81622,228.6907,251.5044,234.15402,232.04944,245.5182,244.77824,228.64496,258.11896,218.89926,243.00136,188.6384,227.58112,223.03041,215.28975,182.80536,239.66772,235.02234,178.87996,267.19568,251.18904,211.6472,253.71957,194.37006,217.34988,265.9093,180.8575,238.10768,229.29631,177.69615,232.06772,232.99124,230.88907,159.11285,235.37518,170.45146,193.64401,182.15985,192.21548,242.58914,179.51797,167.23053,198.51917,220.93597,214.95079,214.01355,257.18027,238.77515,228.91228,224.91403,228.70197,251.4232,247.72264,115.362915,245.7551,261.3512,217.24803,235.58041,233.70175,235.89105,135.21017,238.62193,219.29889,216.9241,228.53665,244.46704,182.36942,231.12436,208.04553,230.90697,234.8044,195.81282,226.97206,230.21272,209.11118,231.67244,248.06004,109.86633,274.59457,183.00562,254.70567,225.14996,251.91273,243.37582
2607,198.49237,142.07536,120.81421,196.9554,174.68558,158.45634,200.90546,180.89716,265.67358,192.25249,168.01805,177.25037,243.3075,182.8403,222.47949,238.34995,246.45428,203.80885,170.17041,195.51865,209.54462,234.77362,171.12996,269.76422,238.42963,177.87054,193.67517,241.92825,251.93279,226.257,221.68452,192.35071,221.84578,267.63025,203.16794,204.12225,172.57669,233.52197,241.02686,218.20972,145.89642,116.272255,191.2699,215.73622,197.17735,258.44247,149.31917,167.35207,268.5512,198.8623,201.8812,250.53394,236.51491,239.14984,221.57164,241.15454,162.56247,197.1553,190.23553,200.55637,198.14929,238.66054,251.4757,196.62459,218.41515,203.44392,187.67862,240.76202,233.48743,189.15823,244.35114,237.52458,235.36554,226.82394,209.10233,205.40387,205.3431,222.73007,197.1021,213.65648,186.68771,216.89252,218.08408,252.28265,219.48102,249.97766,249.64867,230.66177,244.07623,245.13492,188.43582,268.42816,118.09144,206.23485,208.90872,205.29735,152.42627,238.46085,183.44028,197.14844,261.6994,223.46524,244.08902,239.87967,174.64558,193.29936,273.8458,181.53212,223.72464,216.1474,192.29889,190.85565,241.68565,183.94931,178.5959,246.13885,116.67904,135.40726,161.56311,190.39206,259.9865,146.50069,100.32822,186.0324,156.56482,237.49078,182.55283,229.38647,243.11613,208.65636,225.44162,232.06485,245.35992,240.73763,104.83068,217.3434,251.18959,162.09785,199.94864,187.53537,249.9488,148.5901,259.23984,195.92505,221.78387,218.15573,250.93701,175.04565,235.12216,232.98442,242.02777,231.72156,222.53812,217.6817,221.1994,213.0632,230.29172,217.54031,16.77705,270.73053,195.90384,246.13815,234.1001,248.73218,250.3663
2608,96.91851,99.611404,189.49875,249.20407,244.69267,65.43324,227.38336,201.548,239.23657,186.58386,95.698166,215.54994,200.84024,134.41374,223.81946,249.16437,139.37706,231.78824,75.13029,106.15532,147.30875,222.73444,216.23279,264.74927,247.81094,112.966415,133.62341,155.42693,265.50198,140.4852,130.32161,123.043236,211.72021,219.54778,177.64279,160.2178,177.65308,223.0579,67.35838,94.675186,127.78182,13.150215,151.51399,148.86087,216.88312,224.4787,103.38606,54.281414,269.82526,83.495415,196.92896,230.42326,257.42554,213.82242,146.31088,218.72202,98.28321,132.36623,223.14067,59.93728,173.69263,135.30942,185.98651,162.02237,125.73081,44.104095,229.24615,230.06781,166.71024,98.05507,97.587906,227.3373,231.57837,223.9038,183.03981,201.75049,82.92789,211.02615,243.68294,118.00705,107.68359,142.20598,229.63196,202.1584,162.52237,146.11612,214.73505,250.64221,158.58496,244.82397,154.19438,153.06366,197.58409,204.32599,213.60043,157.48596,130.36502,187.19887,252.54965,81.870834,255.67853,236.62393,114.89969,244.28473,90.50279,205.67287,241.19763,71.78361,198.22299,185.64732,66.987076,215.56914,157.90579,242.61104,58.982178,164.19113,130.67125,164.5597,81.53106,106.919266,141.67572,164.03082,143.9754,82.22383,223.86081,79.1247,143.90971,254.99506,198.56635,211.1798,146.65735,163.09912,230.01764,234.78552,71.48248,251.63222,245.32281,209.17139,203.40315,198.04172,162.50952,66.897736,130.62505,153.44626,134.10162,158.50676,217.70142,100.76573,125.7687,78.90785,189.54747,193.66776,51.166573,147.89053,199.86595,130.68005,186.04413,243.75462,192.54239,261.51743,123.92855,230.11595,153.93776,227.50572,189.066
2609,163.70091,157.47914,187.91493,261.48608,264.23083,134.99992,272.32803,263.12164,267.38513,229.16934,143.85333,255.57443,248.26901,192.65506,252.14197,274.23175,222.96194,260.95114,151.15085,159.8273,227.79507,241.0692,258.63367,282.6051,275.60333,164.33652,120.03183,249.59903,273.38535,167.62854,210.32422,227.22232,239.54614,250.3838,234.77505,236.26747,205.91394,257.1778,205.65857,186.41531,212.18513,38.789963,223.52606,211.99286,257.7928,267.90668,77.92158,167.97574,279.6033,146.70749,237.06747,260.72873,272.18158,259.42526,242.80531,261.40808,187.07266,216.76462,235.91902,140.98706,226.46722,205.56233,258.4104,220.43147,193.24379,183.57254,259.3978,248.7045,239.95139,151.53145,205.21573,251.73282,267.45886,263.70242,260.14365,240.38649,173.05354,249.35233,270.27185,220.37523,182.30794,189.18423,231.84625,249.99338,232.27985,178.07068,259.4076,264.77856,239.0362,282.37112,230.6376,218.97382,242.0659,244.13806,255.97523,245.63712,195.39728,208.79164,246.15497,128.7369,280.71588,268.31625,225.9336,250.4303,168.93939,252.34807,259.27753,164.27975,248.82559,260.7174,156.69174,265.3425,214.73026,258.3878,37.386047,256.29367,196.8292,206.68369,171.032,200.18741,231.07921,178.54047,186.34282,156.83725,258.94543,156.18614,220.60544,274.98102,235.17644,257.61783,247.29709,244.59848,268.32764,264.57727,92.93179,268.1078,274.51364,240.1941,263.4613,270.04663,250.81293,110.37403,124.93709,245.25146,136.14612,253.73352,253.76355,157.51193,233.47784,230.09277,230.60606,247.58713,92.36328,221.2157,255.59535,239.18927,247.9763,266.70044,204.23373,266.83276,167.6944,242.67087,247.62047,224.06294,252.85735
2610,170.26047,162.13994,196.07217,257.6686,261.44965,138.63211,269.07037,260.48627,266.0291,228.04129,146.56006,252.7656,244.02676,197.40352,249.08893,270.38245,218.92645,257.80872,160.453,166.72302,226.77814,238.1093,257.44104,279.07382,269.7035,170.77519,131.11847,240.3288,270.7091,177.25244,211.2576,223.44916,238.12978,249.13875,236.36577,232.30576,213.25134,254.6482,200.60574,190.90665,214.1751,48.757866,225.06027,211.06265,253.64778,262.9606,91.82272,169.8612,276.56787,154.83963,238.13153,256.37143,268.81036,254.7801,238.89221,256.7155,190.24399,216.60878,239.19363,147.32707,228.07289,206.66348,252.0571,217.76605,197.21213,181.03355,257.32147,245.35547,235.6966,158.80121,206.53697,249.4303,263.5276,260.79382,251.88927,236.82248,176.62614,246.12508,265.64532,217.50964,186.20583,198.55763,231.06694,248.18631,229.2038,185.75148,254.2217,262.08554,234.42928,278.2045,231.2652,218.98419,246.87468,239.67601,253.69112,241.00334,197.8317,213.52914,250.79233,142.74083,275.90045,264.55273,225.36888,249.78122,177.771,250.60762,258.8473,167.59845,245.48204,255.71416,163.0051,262.24707,214.57202,255.27057,51.897057,248.45145,202.63052,211.73584,175.32153,197.13483,229.64337,177.86993,194.1954,165.39655,261.10028,165.9191,219.73946,269.67224,235.77159,252.22525,242.9054,240.30191,262.26974,260.7067,95.88524,263.2077,270.22592,241.81491,259.9285,266.2323,245.08441,116.347374,137.78645,238.90938,148.33421,245.64424,249.2371,162.04443,229.20676,219.9557,227.6259,243.47537,105.87927,222.28365,252.76747,234.35118,241.90814,262.1737,220.5597,268.14758,176.45865,243.51286,240.56375,229.00989,249.01666
2611,170.14539,144.63571,177.83249,239.53323,241.40988,123.16708,250.90163,244.15274,252.09517,211.26186,131.58212,234.61035,223.27443,175.56284,230.68248,253.62277,200.11691,239.1795,150.27911,155.59488,203.22452,220.52722,236.33237,261.42554,251.59848,163.95354,143.82033,214.2851,255.68204,183.71916,190.02742,211.82703,221.2024,232.51102,229.37155,207.71463,205.59543,237.88547,172.46094,166.86594,196.2068,38.099545,210.99457,193.48068,235.41489,241.83754,112.065056,155.91095,261.42514,149.98396,217.8663,237.62741,253.97641,238.20189,212.32678,236.78441,178.83844,206.6752,229.2001,136.93944,216.32422,197.26143,227.39249,199.94595,186.12039,163.66594,239.39743,228.04381,216.59045,147.98935,181.86696,235.18063,246.03912,243.88376,235.82271,222.87894,158.34106,228.3273,248.71497,190.82837,179.5075,203.10265,219.15381,230.68301,220.64833,188.22066,234.83344,246.95544,208.45856,260.27127,220.80147,206.30258,219.31116,225.09332,233.97441,220.13406,176.30202,210.28291,236.00557,139.14297,258.77136,248.47098,187.6044,237.53606,164.7015,229.551,243.41599,149.88791,228.86005,233.91554,146.06198,243.29887,206.00342,237.5823,81.474525,221.45145,176.45978,195.5097,159.08516,178.47073,213.4447,169.38617,174.4212,164.4346,240.43979,162.32483,206.96106,251.05408,216.41367,230.98038,218.7332,216.74387,242.95605,243.40825,88.636765,246.13312,251.8009,223.1431,241.81976,248.56198,217.39795,105.791595,158.01808,220.77905,163.47018,226.9604,228.85004,149.94012,214.19833,191.03363,209.27185,227.95743,125.00899,202.62198,233.19444,203.3247,219.90222,243.6718,181.16531,256.37418,163.29727,235.21974,211.79068,224.1304,225.71878
2612,180.24687,130.49811,147.95616,224.5278,204.73996,117.274796,222.95459,202.20883,279.6271,197.57446,141.67374,196.53674,243.75705,155.90833,225.30356,245.9057,234.43555,217.18555,155.32722,165.98912,186.59235,235.84653,178.3084,285.23212,250.54553,170.26324,180.06134,235.73538,265.82654,195.97403,196.30554,202.21188,217.53972,274.45004,233.88931,204.13461,195.09232,227.06146,220.4466,182.40471,163.64792,57.056137,201.1312,202.2666,213.50336,257.1869,134.72937,150.93866,278.31476,170.52791,188.06383,248.50348,245.55432,239.60068,223.31544,240.93024,171.69495,209.36032,218.47998,155.61185,207.04507,218.45953,253.94907,186.36847,198.5899,187.80502,217.4835,246.21643,227.47256,157.19922,229.7706,243.77893,244.47934,223.19586,210.93135,214.96347,168.80324,223.4075,213.83408,200.14139,188.39151,232.9486,226.78865,253.15887,238.96301,243.87413,239.7877,237.88596,226.07196,249.03528,220.36609,271.51605,154.3576,216.39285,205.80487,192.06226,147.95117,249.2248,221.59262,155.31581,270.23932,242.04092,219.59457,254.12704,163.28995,193.62082,280.57242,152.18437,228.6183,219.83559,153.13388,209.7872,228.69772,211.05298,130.76562,248.04744,122.22372,160.42206,150.3232,173.52658,254.97171,161.61574,125.974,176.27632,195.22685,193.4368,193.76057,255.26772,235.14488,215.23946,210.92413,220.94449,247.14493,238.54819,86.28284,235.50879,260.84305,199.13712,218.70139,217.56386,246.59082,104.136215,217.82996,206.4523,209.34082,221.05392,244.90952,155.79807,232.4762,223.5534,230.11798,221.89452,160.56003,211.53911,212.35817,201.20483,234.77667,238.18478,56.743134,286.4439,161.10968,256.06067,224.60704,257.66162,239.62804
2613,132.31894,127.202286,90.99195,190.72131,169.09174,115.41652,179.8951,133.70361,240.47119,182.5695,141.48541,148.22147,211.50195,172.84488,221.28609,244.5498,193.92624,197.19223,108.45637,170.69205,191.51581,229.77675,179.74217,256.93265,230.73734,140.90073,154.15134,193.87585,258.5682,202.92905,184.1702,104.753685,217.29234,230.15868,120.86284,162.5723,135.7579,237.21585,146.1187,181.8913,73.79376,77.40004,138.54517,179.913,181.97838,246.06725,94.97555,76.19596,271.3636,142.00963,203.49675,246.18619,247.5214,228.75609,163.10478,221.89697,78.39119,112.032936,164.30905,133.91124,163.26306,194.98508,206.42119,177.15567,171.2861,89.420334,169.13548,228.30151,188.11877,158.75438,155.04132,229.8389,223.73926,230.92613,164.08046,185.85365,154.0553,213.2908,205.17886,154.47104,112.61354,109.42196,221.17122,225.86807,144.84126,163.55438,244.94992,240.49478,209.1496,246.36986,93.36624,176.2915,79.76573,188.65065,211.11256,170.37642,140.98297,175.4169,164.43015,161.6527,260.3944,208.04607,175.05716,233.01538,121.92103,187.3214,250.9234,125.8766,207.48807,190.1847,142.54,169.19316,204.80798,176.77734,104.34123,182.8848,100.862,105.7735,108.86726,129.3826,189.30554,145.6061,79.48661,103.96761,114.94923,178.31198,127.94455,214.03427,223.54254,193.40012,188.74577,198.09674,239.83765,242.05377,79.26502,216.76712,245.03464,122.93712,165.44293,128.54451,200.73674,120.2517,183.37369,125.55355,144.63304,153.23213,242.80998,139.44618,158.43361,128.92752,231.36124,211.35416,152.99603,174.4069,210.58609,154.81613,192.56824,204.33003,18.063593,250.63579,181.81487,235.43298,191.91791,221.96948,227.26526
2614,200.37668,152.77802,162.62227,235.552,218.32864,141.21304,238.56033,224.25706,285.97083,211.61896,158.37302,216.53278,254.97241,175.46555,235.27844,252.36671,244.45267,232.78055,177.25757,179.54147,202.52928,242.45116,190.70523,290.16568,258.07483,186.33923,174.00296,245.58336,269.58234,207.29062,215.7351,223.67273,228.28165,276.3167,244.31555,222.94406,210.50981,235.59015,231.78748,204.22615,188.33527,69.754005,222.08615,217.81966,226.665,265.07993,128.65605,177.52042,282.12402,188.24078,202.9342,254.37389,250.96432,246.3106,238.69867,252.627,190.98743,227.08212,229.87851,173.92413,227.6295,230.52887,259.69052,203.40735,216.6067,206.64473,230.64561,252.42665,242.31276,174.58577,243.23935,252.54391,255.78018,232.1578,230.69455,227.94278,189.57834,235.89166,223.00787,220.01332,204.58643,234.85567,231.44649,263.03394,247.39014,240.45734,248.02809,244.31409,239.49893,257.7815,231.20929,269.5689,173.8847,226.72772,216.3859,212.34177,170.16893,248.6758,232.99847,171.73921,274.59018,253.64821,235.37035,261.05,186.36104,208.72467,282.77545,175.10605,240.48624,232.02866,173.38202,226.90712,239.01566,225.16156,121.11938,256.64407,150.69304,179.53897,174.5762,194.40057,264.11426,171.6727,146.47256,195.03445,213.59583,211.11987,212.71797,263.76956,248.36661,226.8758,229.6278,236.1715,255.0509,247.98813,101.18711,244.44696,268.61957,213.73547,235.17398,235.92073,255.15332,122.50648,216.29329,226.76494,204.13202,238.71129,252.66472,173.25839,247.048,238.30902,238.18784,235.69432,171.54477,232.75107,227.56866,219.55362,243.75026,249.52344,77.20619,289.52026,178.2792,261.42133,237.49704,259.53235,252.34966
2615,202.82753,157.70985,194.78568,247.01257,252.1387,140.5094,258.4185,252.1369,266.01498,215.96198,139.63463,242.48312,234.81004,178.68839,238.5635,265.20322,230.15334,246.16422,186.62366,165.63916,217.76715,229.35269,247.55377,271.25385,263.3485,178.70016,163.57428,240.37039,264.33627,217.75926,200.3096,232.73975,224.84561,257.16342,250.48781,219.78296,220.0614,249.01266,223.57474,194.43057,214.78949,38.537865,229.97522,196.73962,241.665,256.59232,135.15996,185.36337,271.59943,176.12299,223.40198,250.30373,262.76816,252.65677,235.57993,244.6223,201.17006,226.15355,240.89731,165.73228,228.383,221.34987,246.9539,206.89044,202.09277,211.19673,248.68903,234.6852,227.05551,161.65663,219.10216,240.65918,253.26256,253.49135,246.3039,228.98787,179.22324,234.85037,259.8955,209.80463,203.21626,242.63498,227.81512,244.65273,247.10846,232.93332,251.20706,255.41081,226.55516,270.29126,248.33722,261.80457,233.7678,232.75764,245.31433,227.037,186.7175,238.70174,249.18636,154.40735,271.83972,254.8826,207.75749,243.85587,190.36163,235.42557,263.93686,179.65479,241.19827,247.9349,172.26334,250.9944,228.16693,244.99408,122.41861,241.92,189.42133,205.19083,179.28178,184.76497,249.5718,177.30551,187.8215,198.6456,252.55583,213.1271,225.10703,261.94128,222.50027,241.98955,239.1224,232.10681,256.97858,254.06825,99.999504,255.09444,260.10587,236.30331,251.7572,263.0163,240.12875,118.70946,219.2093,232.8548,199.43652,239.33838,246.13243,167.73593,248.09756,232.0578,228.25381,233.43858,182.32294,221.12958,239.71062,216.2344,236.95131,251.7087,204.01076,269.08514,165.78937,249.42717,234.79753,241.7356,242.64851
2617,155.48949,156.49968,175.85359,250.31746,250.55168,147.01888,257.8582,242.34122,264.72543,218.11385,147.27228,235.91574,239.52081,192.2113,244.70157,270.66003,218.19745,249.53423,148.10075,162.37082,227.32716,234.73819,250.84361,276.95065,268.25977,161.83711,131.54039,241.52112,269.40668,176.14815,205.62776,216.13965,232.72382,250.88506,236.63821,222.60028,196.3186,256.2863,221.8115,195.91147,192.2633,99.283714,211.43753,203.08469,244.68924,262.35742,96.59544,163.66666,276.62384,146.98468,236.10603,255.20737,268.4442,254.4425,236.6633,252.95105,180.76384,208.41663,229.9974,143.41475,212.57771,202.54222,252.48944,209.33041,187.11519,183.758,245.68637,240.00945,230.11673,154.258,217.82088,245.21533,258.9422,261.43954,246.62607,227.41452,171.03665,240.9954,263.5843,212.46414,176.68936,205.36745,230.93866,245.07437,229.43091,190.16913,259.27002,260.74872,233.25836,277.45767,231.47646,232.14029,216.1998,233.73735,251.6658,237.6141,183.31403,218.01845,241.39322,139.60269,275.94208,258.55325,244.38629,246.90817,167.09099,242.85211,258.56714,161.45505,241.34198,251.21161,161.07019,249.0393,211.7135,244.04143,58.748756,250.76115,173.9925,187.9347,167.32684,192.66467,233.453,173.13525,164.04501,155.63321,238.44656,164.96927,206.31903,267.49576,229.93748,247.0964,241.93106,235.77577,264.16257,261.6313,114.38231,260.46454,266.83984,225.10738,248.7829,253.229,248.1376,133.34995,142.43463,230.85988,150.73788,242.6351,249.96257,157.33658,230.68013,235.51294,229.88765,239.99794,103.32037,212.93582,249.70712,237.58514,237.5451,256.34058,165.01172,268.36597,173.61507,243.1004,239.75699,230.6565,247.84271
2618,179.7596,112.22058,157.85703,209.3106,184.44742,107.054306,193.8537,168.74785,271.96368,174.43005,144.30731,169.72632,232.46707,131.52502,206.09998,228.30936,224.06146,195.12988,155.13458,161.82782,158.65628,227.92038,146.26556,279.51547,233.87436,166.11545,197.13843,216.947,255.19421,197.66061,171.90778,167.58566,195.7839,277.74844,223.90298,179.41315,191.02287,208.31694,200.18985,168.27003,137.6254,55.75473,175.70549,181.09633,186.94211,245.8612,166.30136,120.54008,270.29956,178.5722,160.9578,238.03607,228.37546,221.56541,198.93031,220.8071,148.64183,188.49496,208.27832,159.65,186.25732,205.88431,238.49422,158.84714,185.09253,166.91504,198.44212,237.56538,201.99173,155.88971,218.26013,227.34898,222.96765,200.12723,171.88747,190.94412,153.42361,200.70871,188.08449,173.11899,178.81757,242.45775,216.73407,240.22777,223.28381,262.33746,227.20883,220.18646,209.14708,227.37335,205.27255,282.16788,135.24709,191.62889,180.5509,148.12357,122.49351,258.69617,222.45407,159.51544,258.6247,220.46481,193.98195,244.69019,148.67313,161.81804,282.81357,139.02249,206.33322,187.86865,138.19626,178.46799,216.31326,190.17488,178.47876,227.65,95.940475,145.10577,122.40237,136.54324,242.78459,152.83575,115.82823,173.86823,178.95276,197.15771,165.11636,244.3416,225.29688,191.98471,179.08046,195.2448,232.11713,221.8706,93.04534,217.4175,245.35727,191.41064,187.89677,187.68341,227.62074,101.48961,260.03046,170.63315,234.23306,183.30121,239.72884,153.1724,206.76324,191.50558,225.52988,193.16653,183.81079,196.49463,180.40042,160.5603,219.67807,221.365,33.94369,286.80707,150.03004,248.97531,203.85995,263.11737,224.47653
2619,148.23521,124.49492,162.33807,234.45926,227.98842,107.00442,236.9892,225.79396,250.4339,201.68617,119.930954,222.26974,220.63536,161.1181,228.53067,250.32277,191.37195,231.8503,122.23918,141.74167,189.65349,225.1422,212.92957,263.9425,249.22246,147.48526,142.88922,203.75076,260.3202,176.31293,178.77814,188.94345,220.97342,228.57149,211.6177,191.70782,188.96074,235.11101,151.3594,155.42159,165.93716,39.17091,189.31993,186.12991,225.15776,241.93716,110.3826,126.96401,267.3235,130.54355,207.66495,240.72565,253.83124,233.9857,190.33783,235.17767,149.52068,186.9397,216.4162,118.37476,203.36458,187.74515,218.38184,189.73453,170.49976,130.74524,223.94214,232.74915,207.65321,132.84015,162.03284,237.93431,243.51154,236.6826,226.47255,217.25497,137.83432,224.72281,237.5435,171.80087,154.7362,179.9953,222.9564,227.328,202.28511,171.43787,235.62527,246.10956,203.50217,254.18558,190.91663,186.84164,183.50362,218.244,222.1943,205.71733,152.94574,198.51346,228.55902,125.07129,260.65295,243.62244,174.46902,242.34727,138.27832,214.73953,243.69443,126.073524,221.19751,217.8233,123.11789,227.49146,200.86426,231.53754,80.571495,208.85211,146.52231,175.51004,135.84073,161.13255,198.51639,165.1777,147.2395,137.94537,218.18503,148.52338,184.8157,248.50179,216.3421,219.45512,202.47168,206.27147,242.28804,241.81232,78.94162,243.78673,252.2071,202.88196,224.67407,225.50471,208.25928,92.99359,155.67383,203.2089,154.54378,212.62302,230.79117,134.03996,192.49406,166.92976,211.9801,225.26733,114.76755,188.0473,224.55493,186.65253,209.07184,240.8143,133.21732,257.33575,155.24771,235.70703,198.31213,226.04752,221.38905
2620,150.16115,111.43053,159.61821,228.59961,208.83676,81.23291,203.18422,168.30981,261.83685,187.0913,122.112595,180.25374,217.13387,136.52615,218.1402,247.0991,175.67422,214.36823,117.010574,143.65028,147.03278,231.49605,178.47855,277.3927,243.56786,145.74869,187.9216,175.65207,268.7649,195.6055,146.89948,124.55994,203.82007,254.92764,187.04944,161.59494,189.67314,220.807,102.85069,128.88576,112.99447,22.502459,158.4284,163.21558,198.86264,236.43332,156.90273,68.659454,279.2807,136.18752,176.8833,236.83447,249.16095,220.82785,155.56146,219.07614,104.020065,144.09521,219.66519,108.43539,184.2652,171.96463,198.97482,164.6014,160.7496,80.48497,210.26973,236.67992,176.96498,135.87894,135.95035,233.19644,228.06866,214.53735,165.77942,198.52463,118.15303,207.01013,216.3255,130.94023,140.30472,186.93747,234.4309,223.42511,186.28241,216.65927,225.56859,241.16327,175.03029,240.11969,152.76675,211.78735,140.41434,199.91937,198.02698,138.34564,134.0864,230.1092,229.94737,131.2233,263.55103,228.22064,124.04921,252.77026,119.546684,179.14038,271.08057,105.19662,204.47723,176.68552,102.971954,188.7507,194.14975,210.38797,156.72891,174.05508,112.49449,154.16248,95.33246,102.58455,181.4318,170.5671,131.18547,126.366486,179.2314,146.68481,148.2439,252.02292,215.15817,199.35826,153.15976,170.89902,236.86255,234.9896,76.57066,237.26027,248.16248,187.63547,185.92886,171.5987,176.0018,81.60121,230.36234,138.2657,206.88588,152.43884,233.64044,130.51405,154.15701,101.71945,212.32031,191.35843,143.00818,173.54906,185.83177,116.23027,199.784,233.582,72.01169,285.26855,146.5451,254.37534,167.99419,261.5113,206.78192
2621,163.87112,165.44705,182.36447,268.34677,271.74072,140.18182,276.52502,260.85266,268.26593,239.16824,152.11694,259.99622,254.42209,206.5075,264.66052,287.6775,219.6112,272.5666,142.90044,169.9711,239.94853,251.20639,275.4334,287.16086,287.91284,166.1684,126.55885,249.3597,283.36243,181.07404,215.99103,209.95007,251.28133,247.88046,212.86613,239.22939,202.3023,272.9399,177.39717,188.1276,200.12474,33.37194,218.01703,215.8604,265.33325,276.60602,81.94472,153.21536,291.01807,144.3002,252.17047,272.6667,285.32007,271.08807,229.84308,271.5975,166.78665,197.90457,236.42264,138.29608,228.818,209.88963,251.47426,233.77151,197.7349,156.50963,259.7567,257.42145,239.51477,162.13565,179.51654,261.26007,277.26163,278.8275,267.32794,249.27748,177.05862,261.105,284.6169,215.23822,169.48549,161.36972,242.7062,252.45801,220.93976,163.92236,274.67737,277.72968,243.63876,295.46652,201.71747,196.31296,231.03514,254.42535,271.56982,253.87128,206.98706,196.69264,243.62915,133.974,291.68286,275.13043,203.63388,258.18332,160.49594,266.2162,262.06445,166.0425,256.62274,263.52847,158.13791,270.52863,221.88052,265.2857,42.521427,242.91072,203.04361,204.65408,165.7209,196.34247,214.9892,185.87247,184.13681,139.05641,249.55138,155.88217,216.51788,281.59155,243.16911,269.04404,250.6987,248.46664,282.24023,279.3325,93.822945,279.83453,282.01746,229.34671,263.7981,259.04608,237.56248,115.974,126.66845,234.71237,129.72786,248.15921,265.3661,163.17902,220.5805,202.74954,242.34918,259.43958,98.27161,223.19893,269.38495,228.51076,249.56967,273.99918,194.57927,269.9366,179.97264,248.87753,246.94633,229.28102,260.7223
2622,153.38678,121.87106,185.75806,252.00656,241.23425,92.85471,240.98215,215.93521,272.86646,206.99265,120.87155,219.09554,231.58817,153.60461,234.74512,258.8247,195.63312,237.49718,128.29463,143.07349,175.54268,238.03696,209.87878,285.78586,260.78116,151.67375,173.9266,204.1758,275.4743,187.42429,167.65543,172.35059,221.46156,259.38968,223.26909,193.09335,209.67456,233.70819,142.711,143.79913,162.52548,27.164492,191.09518,181.4385,230.14577,250.27696,143.46286,107.695305,282.784,136.78716,198.58762,247.38348,261.00177,238.91887,195.10947,238.09897,146.7897,182.72949,243.13089,113.10088,205.05734,186.86139,229.58682,184.79646,172.04497,124.073875,242.92719,246.41742,204.25594,133.70847,166.43596,245.71887,249.32379,233.35739,204.5972,220.60297,131.25247,227.28632,241.56967,165.42816,160.9291,209.86246,238.33574,238.40369,218.64929,215.82896,235.22638,253.44542,197.63106,258.55457,205.56079,225.33139,198.57396,223.99478,220.31963,179.93892,153.94235,237.73917,254.31032,125.95668,273.8734,253.51828,163.02371,260.58957,138.62967,210.69226,272.18427,119.27684,226.67508,214.7157,116.14239,228.17859,203.60942,240.52988,121.0597,212.199,146.45917,185.42014,122.52043,141.51297,207.23383,179.0646,160.08063,142.06935,229.07806,150.44351,183.29956,270.51544,223.17355,227.05057,187.26904,199.80466,249.12796,245.94354,81.0801,256.09473,264.05206,226.36789,226.71823,224.47128,209.79886,87.201485,198.34444,187.68637,197.39413,196.63635,239.08173,136.66068,190.47244,150.99417,216.59888,213.40613,126.80377,191.17766,213.34875,167.68506,223.21785,255.29019,135.12534,286.3924,148.82591,257.2624,198.21829,257.38287,222.94974
2623,206.8711,158.86472,174.14877,233.85165,217.53148,148.5839,232.7076,217.68541,278.53973,207.98933,164.39775,214.4061,248.70172,177.28688,230.81808,245.50955,237.6721,230.05975,191.24265,182.69449,198.48749,237.00401,187.22833,282.4043,253.63235,190.80833,187.49425,237.49185,261.286,217.3023,210.59503,212.89555,223.22418,270.47626,241.29733,219.876,216.5936,230.14505,233.79553,204.76688,187.5673,80.981895,218.81909,210.89832,221.73608,257.4076,161.24646,174.4034,273.8233,198.07997,201.79987,248.00372,244.73853,238.24707,235.99583,246.73834,190.87924,220.37126,232.61618,182.62775,222.70242,226.49448,253.17345,199.30432,215.72684,210.11914,228.66512,246.38028,232.81897,180.51569,246.17737,244.57536,248.53943,226.38715,219.4491,220.83899,191.0435,230.06848,218.30002,215.88431,206.56921,247.69775,225.57883,255.52051,243.92508,254.22183,242.26303,238.54697,232.71222,251.0098,234.28899,275.51855,181.88983,219.56688,212.1481,202.5156,173.01176,254.62668,236.759,181.59091,266.21228,247.0839,236.11252,254.37866,194.23172,205.65662,275.2398,181.05292,233.37486,224.19409,178.84778,221.25687,232.15779,223.20781,165.31828,250.94482,156.72229,183.13834,174.11113,186.1777,260.18942,174.66171,156.83078,203.93274,216.32953,224.61713,207.12053,259.60318,243.10623,224.06854,222.10574,228.86224,249.2452,243.12323,111.16182,240.70029,261.35672,217.92914,228.61285,230.55031,248.85669,132.51685,253.9108,216.57788,226.87909,226.7844,246.06854,179.8606,241.18579,232.72858,232.11728,226.80382,201.97968,230.59131,221.23607,214.2748,238.00468,245.50766,84.837814,283.60318,180.09927,254.93854,232.29233,259.42297,245.50098
2624,126.02438,101.92232,136.15857,177.48114,140.3707,87.059204,139.07996,94.078125,242.41891,145.56839,145.79651,113.55252,197.39143,114.35396,175.92484,196.31401,171.70334,159.10785,111.44379,151.45131,110.602104,211.66342,104.86833,255.27917,188.79858,144.01826,206.56787,149.85374,230.95224,177.09697,133.55919,77.2327,169.08597,257.91788,136.86673,128.30093,155.38797,173.79257,115.17896,135.76843,56.71844,70.37289,114.920715,151.923,140.42126,211.45996,165.6051,40.218395,246.30377,154.91817,132.63858,204.87659,199.06151,173.31216,135.16618,180.09927,71.64132,111.2901,170.2511,126.2186,141.82327,159.0177,182.76749,121.2069,149.32056,66.777374,157.16214,213.39523,152.25436,149.15302,161.39163,199.26135,182.94678,161.8486,98.05146,148.06612,115.134125,166.86473,145.03688,114.22464,117.6659,165.53558,201.06433,207.41653,138.64453,228.1541,190.38304,193.57204,164.50293,189.30432,104.49471,224.63036,71.18069,143.4739,142.12709,85.42202,96.758835,233.99161,193.45898,157.80965,222.48405,177.47032,145.28815,229.0476,108.55664,121.25268,268.28793,90.75823,164.34644,126.73357,98.63008,123.12557,171.50409,151.8478,188.42798,158.55908,65.11252,103.74091,73.795074,82.64694,179.19278,149.93196,83.88843,114.630035,108.34648,156.08015,95.62957,202.4058,212.6119,147.40369,115.55939,142.18674,192.63397,192.86273,95.93373,182.29636,215.12663,139.18529,125.11827,99.40706,171.70299,99.77806,257.5666,91.30838,216.94093,104.811516,215.10968,133.77147,122.72452,90.87084,203.15344,146.88548,156.30516,154.22156,134.74887,95.87135,166.7655,184.6992,-1.0607127,272.0152,145.52988,232.83997,145.31253,255.9112,185.32904
2625,153.40698,133.20807,182.22449,244.8407,239.05418,104.40746,236.14429,210.24199,255.8895,206.11192,127.11217,217.07236,218.23514,161.8977,229.10562,250.92807,181.57907,235.9461,134.37177,147.64876,176.63603,227.05197,214.93857,268.3302,249.88814,154.15378,164.84174,187.9448,263.9297,192.16548,168.30283,159.36734,218.11319,235.63521,195.40237,187.6903,205.90408,229.01306,128.27686,148.3146,157.85991,37.20896,187.4317,177.22098,224.92099,237.40225,138.46774,108.13507,269.88147,140.17554,203.28658,235.96335,254.90208,228.37827,185.62764,227.95915,140.90765,166.98996,234.28363,117.931,203.43704,181.86911,209.66408,184.30339,171.5141,110.917816,236.28516,234.65079,193.24374,141.62097,153.25961,237.2027,241.30042,230.86566,195.51428,214.55222,135.46158,222.33334,239.90189,159.56088,154.20291,179.96667,229.13693,226.91895,194.90112,191.06497,225.7463,247.69879,188.76358,252.04967,179.64091,193.61328,198.99759,215.64713,219.15889,179.32916,161.25522,213.69174,243.7395,135.36792,259.92255,244.55194,152.58658,249.40155,144.71545,212.95155,251.38736,125.65105,220.62901,208.28845,123.60887,225.5314,195.25,237.30002,118.7368,192.14954,158.57877,185.69933,128.67438,139.24515,190.52179,179.77509,165.6502,141.17049,221.31073,155.90353,178.88583,254.7854,217.6758,220.5646,185.73627,193.89734,238.31393,239.79611,88.24725,248.65112,252.46689,216.34349,220.10074,211.26834,194.47404,99.284,191.84923,175.69714,181.45346,181.94843,227.20612,141.47815,176.50018,131.54675,206.90173,208.45262,134.51746,189.18622,212.66304,159.77815,207.2992,244.85858,159.08942,267.4794,156.33038,245.38885,187.03973,240.40347,213.85425
2626,146.51035,125.23471,118.67321,195.60608,167.39667,113.81524,172.18405,121.96215,256.1831,175.76447,152.30533,138.54478,218.70317,156.9223,209.75635,232.20218,203.7533,190.24416,131.79251,175.48856,166.53813,231.62613,154.22897,268.08807,222.71014,151.05664,190.63391,192.80057,254.6096,210.21622,175.24677,103.68851,200.78284,259.5489,136.93077,162.69774,159.62509,214.98096,162.49602,183.83127,76.13212,85.30858,143.02138,174.57547,173.12714,243.52127,137.69504,71.2565,268.6348,164.56079,176.55994,236.12015,232.31198,215.35985,175.12732,212.02692,86.859474,122.92276,181.32166,146.71198,164.07736,197.07509,214.43112,158.99686,176.21227,105.573494,178.89754,230.2597,183.23293,167.93376,186.62051,223.56046,215.64166,207.43584,138.39,175.59546,154.15518,202.05557,186.35667,155.18913,128.29555,149.28482,220.55516,233.33879,159.29733,215.95401,228.96048,225.96477,204.12956,231.11935,113.013214,223.52086,89.60112,176.20258,188.73505,137.68149,132.4999,218.87717,187.151,175.55971,253.71786,205.00345,183.22598,240.57077,134.2951,165.94968,272.67545,127.72595,202.13464,176.15982,143.12433,158.56668,203.54227,172.70276,158.51721,190.80228,94.32312,112.10858,102.390724,113.558556,208.66382,156.03809,91.50073,127.29817,121.02074,197.47478,125.2032,221.0393,231.03334,186.61552,172.22488,188.01166,229.81561,229.14508,94.360886,210.73004,243.11562,143.96965,159.37665,126.27735,208.15465,120.24896,240.93782,119.15638,194.74153,140.33923,241.7652,148.72327,163.98926,136.06366,229.57693,186.10165,179.24664,184.84023,182.85873,143.05856,199.13367,205.76616,16.46448,272.11722,175.05258,249.0036,191.73264,249.04422,223.22346
2627,185.77675,143.94992,191.8382,249.96844,243.10747,120.52589,253.57553,245.5068,275.32544,215.9874,137.32065,237.65308,240.39159,168.35089,237.20035,259.75348,219.62836,242.71555,160.44377,162.74554,196.7976,236.46158,216.58087,282.57202,261.7071,175.22559,169.74664,226.41165,270.7536,200.58202,194.00394,220.33145,226.60602,260.5922,251.15068,213.8464,223.4095,239.9526,186.32295,173.25504,201.29645,37.380928,220.61171,202.5729,238.46283,256.70135,138.6994,159.0061,278.94946,163.8217,208.05917,250.90982,259.89398,246.72733,219.54982,246.71037,187.36649,222.07343,245.40912,145.0774,228.27634,210.65808,242.98636,201.92923,197.24072,173.97612,247.69653,245.04271,227.21071,154.57751,199.89787,249.113,255.48932,240.85571,237.0539,231.96591,162.88393,234.76968,244.05542,196.96582,194.26672,233.98029,233.13036,248.22398,241.65762,223.76198,244.1914,252.06638,218.67503,263.27988,238.09093,241.371,214.9945,232.61646,227.38185,211.15555,173.0245,239.67447,254.36491,148.15662,274.1898,259.02362,193.43433,256.88953,172.0634,219.86212,270.10315,152.80115,237.95859,232.64864,148.21167,243.15955,223.71487,244.81384,116.13174,234.05849,168.94472,203.82385,161.58585,179.4236,234.64459,180.17212,178.00616,179.29114,247.84644,180.78183,214.77908,268.68658,230.39212,232.69974,216.38939,221.59285,253.72969,249.16232,91.8622,254.30923,265.47827,237.43073,245.32365,254.37506,231.11658,102.98988,201.23111,226.05525,198.26428,232.02873,244.52075,157.68175,226.13118,199.837,226.13193,231.48715,150.86931,214.28613,228.97272,201.04236,233.76343,256.7445,152.39307,280.74124,163.47195,256.49146,219.44246,251.66725,237.27802
2628,212.5484,150.51837,176.58693,238.46135,223.67679,134.75461,240.56169,232.6886,282.5512,210.62943,153.85243,223.57224,250.77376,165.43515,233.90149,254.26962,237.79303,234.17404,179.44882,175.17285,195.31973,241.15489,194.04587,287.87198,259.86896,189.86554,184.37302,239.15411,269.92813,218.30215,205.53525,226.13547,224.19514,273.16837,251.3251,217.74109,219.5213,236.37701,201.3219,188.89581,196.58287,40.47601,223.2304,211.47086,227.56175,262.62717,148.98215,177.28973,282.28268,188.34218,197.81335,254.5667,252.56671,248.02812,221.90048,249.99548,190.9483,229.6227,236.19696,171.18144,231.87047,228.93782,248.2705,203.19843,214.85666,194.50928,232.96397,250.29027,235.81871,172.63312,215.00348,250.9736,254.23367,232.81328,236.70508,230.11366,182.18756,233.72809,227.16255,207.77554,208.31573,241.08151,232.6791,256.65112,250.70813,243.09879,248.8493,245.30725,230.2526,257.66455,232.48424,260.06143,181.48433,228.94373,216.90833,207.83698,168.14401,248.85483,242.28412,166.93921,275.73285,253.95139,196.7316,259.956,182.09695,206.80444,281.4107,173.31075,238.22424,226.36714,165.27237,229.3369,240.71681,229.45435,144.84158,240.60776,152.09683,188.96677,172.02203,186.13889,250.33981,174.51886,156.87793,198.29977,224.69916,209.97922,217.22147,265.88586,239.83575,226.69131,220.48032,227.74425,256.07767,248.11458,97.25789,246.59186,265.6275,220.46048,235.93405,241.948,236.12363,112.73379,236.55185,226.18501,215.97113,235.84901,252.79472,173.6105,239.14029,213.9362,237.02936,234.15518,188.20364,228.11696,224.3244,198.26328,240.2139,250.95111,90.65816,288.8931,169.82263,262.32367,227.37982,262.67252,246.78998
2629,92.09099,79.24678,13.250464,134.48665,113.409134,94.09742,133.44632,74.99382,215.2504,141.65903,116.143906,84.60894,189.82251,172.18573,205.92368,244.6536,218.27376,150.42676,64.580826,188.98268,223.23166,215.41393,169.34116,232.5691,210.94936,81.562485,124.07319,223.14014,244.27109,215.81584,192.01093,66.32632,200.21942,226.98608,66.90353,132.30388,66.99071,247.4397,206.76514,222.29501,16.443579,104.953705,94.95345,151.27753,140.50491,257.76108,29.763151,39.8304,259.2541,113.50288,202.37828,257.6355,238.13086,243.68239,162.6511,205.30898,27.162428,63.244347,104.52708,139.84589,106.39383,217.55844,223.52785,149.00769,153.29962,97.75977,118.33073,203.59341,174.24008,156.15085,168.36682,198.6885,195.76984,243.6214,127.98534,141.03314,168.35144,191.70802,178.15424,150.28868,63.525112,62.38616,199.08298,217.60036,116.78674,155.14584,263.7439,231.17096,235.78577,249.26564,46.871937,189.72208,19.959457,155.19801,221.12273,160.2305,95.65795,140.0346,90.44975,183.57071,265.10306,165.3132,207.60074,190.4145,77.60441,166.71094,249.54472,109.242905,191.03285,194.59395,168.52861,123.45825,213.05717,112.60603,65.297455,191.77429,35.85412,28.893229,57.429173,97.32822,208.73386,80.96721,3.6544619,58.026833,45.695637,218.60956,81.85344,167.91766,202.8653,173.71855,206.97899,209.79965,237.79483,238.06693,20.189219,176.10052,228.88791,57.028152,124.58659,77.73836,227.63864,122.194374,165.5743,84.93128,104.47509,129.63919,259.21234,103.58885,164.70667,155.04764,248.21413,197.69397,178.99529,145.89343,208.182,161.30807,193.72498,154.32277,-43.759575,219.49132,196.35431,216.09148,220.05884,182.90909,242.91724
2630,126.00762,131.02802,186.02504,257.96692,258.7296,93.71298,238.97351,214.17123,239.59546,211.15977,124.51886,231.78061,212.48763,163.72937,238.73543,263.71967,145.14194,252.03946,100.180756,137.66898,165.53687,231.8971,237.54453,266.26666,262.8122,138.72414,132.99524,165.80907,272.89633,156.61765,150.67926,129.93973,225.78471,213.94864,169.23206,178.71078,190.31223,240.50674,64.303856,110.86746,142.9512,9.077969,165.80829,168.62346,231.42973,233.34175,102.79399,70.44368,279.09906,110.02461,216.96489,242.2857,270.04437,227.15077,150.29268,233.48994,104.1702,133.4003,227.42297,86.72274,195.18571,147.57547,183.64719,191.93248,150.0388,49.994705,235.2908,239.25882,176.59583,131.37096,94.27188,239.20055,244.34073,240.82642,203.07127,221.4407,112.72885,227.73059,262.0437,131.65836,120.427414,124.41829,239.94104,207.99197,162.31549,134.22559,232.17505,262.7047,170.2395,258.1776,142.02261,138.22302,199.16821,221.7994,231.91,176.41797,166.52072,171.9972,245.11783,110.217285,264.92566,247.0296,111.33164,249.3695,112.719315,225.13582,238.205,103.668045,211.9656,195.05292,94.21059,230.2901,172.90385,255.09276,57.97039,162.53041,165.38327,187.47266,107.280685,122.118164,139.33624,189.77164,168.55501,92.10628,223.66953,91.41191,161.51402,262.73676,211.19087,227.09929,163.56554,176.89229,246.91093,251.57672,81.969574,265.2844,251.67447,206.95557,214.26384,202.12344,159.63191,87.453125,127.22974,160.46637,121.69727,167.45767,230.445,128.00076,131.81989,81.33533,202.33286,212.80048,64.34436,168.83195,219.06828,133.3191,194.94016,254.42072,189.62335,259.60645,152.01543,233.50687,164.31927,225.92365,202.52908
2631,135.56882,100.430984,187.8027,240.77968,245.89487,70.23418,241.14478,231.3461,245.314,194.43307,89.013016,226.34201,208.45088,134.75728,219.3921,248.20369,173.12292,229.79147,103.07318,113.770096,164.04648,213.95647,228.508,259.9345,249.66333,126.882996,141.99344,188.98032,257.07895,159.93394,148.15935,180.27881,205.27222,231.15085,226.26962,179.06226,195.24442,223.2125,118.78279,112.16047,165.99017,-3.1286976,183.81227,162.83388,225.77505,227.51974,110.85482,101.98918,262.37704,104.99053,191.59793,229.02168,250.60648,228.48337,175.28319,221.7998,137.78366,179.76352,231.09451,86.177246,195.34502,167.83807,206.03664,176.1319,150.66338,114.10124,236.31915,224.56752,190.03287,103.387276,131.72812,226.11969,234.17455,227.83455,214.52144,214.17838,107.584335,212.89386,248.20766,148.42279,144.54245,196.71666,220.90181,211.3858,211.93484,184.38498,217.4573,242.09506,175.7751,247.1138,207.16608,196.15442,216.89911,218.30347,218.21454,184.06439,140.06775,208.90329,245.73564,89.95802,256.52686,241.36078,130.29971,235.40985,114.56479,210.86014,246.0862,99.14993,210.54842,210.1359,90.81807,231.56079,186.46237,237.69485,76.06158,192.2833,142.53928,179.49641,107.33156,133.92291,181.73273,162.09517,154.65988,120.71817,242.21918,115.64807,179.25862,254.07907,192.92612,218.2902,178.19025,184.64975,232.738,230.23224,57.65486,245.37979,241.77985,221.79747,226.77899,237.18365,183.6578,56.490303,154.99854,192.8616,161.41376,198.43973,216.85468,109.93307,180.18336,139.8219,191.48846,206.20203,90.19309,168.08777,207.9434,155.29764,206.52661,240.62738,204.42642,260.55035,122.028404,230.94579,179.4143,228.79889,200.44214
2632,83.895386,84.420944,116.78871,214.71655,187.07191,58.236683,178.14932,113.470795,259.37064,167.17397,106.069046,133.20915,205.80789,133.1074,217.22137,253.95767,170.49228,194.15338,74.42597,128.18839,152.84659,235.30222,177.71939,281.3095,235.00961,104.14892,162.3156,177.13608,274.8968,172.10226,133.54936,71.753204,199.24773,263.14716,131.22,141.33768,141.90508,224.27339,121.09892,137.67493,49.337585,42.48189,116.47219,139.37912,180.35736,246.15305,102.11076,14.031944,282.40536,100.5536,179.83368,240.97076,253.24298,221.77525,161.15488,208.13834,52.942596,89.93532,188.81076,79.40368,135.0743,156.24715,215.82126,136.95258,127.275925,54.050304,194.7923,230.25238,159.3932,114.16517,144.8347,221.21654,218.40643,221.49365,122.82301,167.11118,96.97104,199.07666,209.22179,118.049515,88.49647,128.73103,236.30637,223.50928,148.3186,194.00407,229.20789,247.52832,178.66766,247.31349,107.603226,212.9089,103.77099,177.40555,205.3005,118.8474,107.11251,215.79462,201.66695,114.53293,268.9583,211.50647,156.35872,245.67543,82.895195,172.55206,279.43488,72.76016,197.61969,178.89758,87.103386,160.99725,170.0853,183.27834,98.93554,183.02696,72.31067,100.38666,53.51722,74.0529,181.37334,151.24765,82.912094,69.83,128.49185,129.92259,99.41662,237.32999,212.09207,196.15591,149.92609,168.01959,236.0518,238.69925,59.23748,227.87135,253.22348,152.7425,158.16837,124.972084,198.00919,78.2079,182.43724,98.17091,161.50595,122.65264,242.45184,100.16933,135.14597,99.539474,218.59918,170.83295,95.63876,147.34941,178.50635,123.061745,197.50476,215.81947,44.976124,282.21155,139.65422,256.726,177.59601,247.34937,209.76324
2633,219.31961,161.73337,193.11563,242.30432,230.41382,155.51117,243.08398,239.79008,277.64636,212.95255,163.9491,231.43292,245.71307,169.48804,233.67435,252.84094,234.66772,235.59518,197.85886,178.09833,195.83046,238.72421,197.99553,282.93903,259.0409,200.33836,195.02489,236.14107,266.1103,220.99893,202.70377,234.94917,224.85696,269.08392,262.89252,218.57541,226.56589,234.9581,216.2898,187.38791,210.79416,68.085846,226.97064,212.55652,229.99966,258.30432,179.75693,193.32645,276.95636,200.61707,201.37389,251.51874,252.27922,243.64474,227.87244,247.45001,210.51608,239.27286,240.47778,187.3002,231.54454,223.80821,250.80116,204.99548,213.39758,209.21135,237.33383,248.08987,234.3534,177.63551,225.99513,247.51521,251.38223,232.0444,238.05246,230.70357,184.79332,232.06378,230.14514,209.68448,220.80585,264.15887,232.08167,252.15556,254.20804,255.44629,244.74426,245.24661,226.84657,255.2598,253.36511,272.84558,200.33977,229.28934,218.33429,209.71883,175.24545,256.79434,249.6724,172.36398,271.17816,252.85532,209.39435,255.80301,195.62729,209.65276,274.8559,185.93826,235.95137,227.23367,173.38449,232.51764,235.07135,235.63419,186.28549,246.47969,164.62585,201.47421,187.22287,195.90137,254.69803,185.4207,174.53566,217.32773,238.46472,214.74127,222.47658,265.333,234.42798,227.96149,218.66574,225.67322,252.68599,246.07816,129.53662,248.24576,262.636,232.47136,238.78549,251.15741,242.05322,136.6083,262.75873,234.27097,235.8724,239.22307,248.86061,187.57634,242.32648,226.40884,231.91025,232.5322,206.36732,224.33047,223.3122,208.28372,238.39215,251.92635,117.162384,282.6255,171.38297,257.94095,226.31206,259.15265,241.52042
2634,163.88542,127.51918,168.72137,252.77502,249.90689,107.236084,261.3684,244.31528,275.83612,219.98257,120.29054,237.48036,246.5022,176.72736,246.7539,269.3213,228.97171,250.43298,138.69572,150.36703,218.05246,240.19351,238.82074,283.48056,270.86243,151.09291,140.47092,245.12268,273.08484,192.71628,200.39531,218.87039,233.93367,260.20154,240.63097,221.24716,204.76721,251.57553,216.50545,188.07533,188.5157,34.858154,217.72105,200.96107,247.74754,265.4001,91.71237,144.3415,280.7372,141.57675,223.66745,257.24878,267.17877,258.699,237.8341,255.24727,171.26468,213.46799,237.01541,126.32379,221.57306,213.51086,257.41632,207.15097,188.97437,180.44135,251.05139,247.34998,233.94579,136.69653,214.93842,252.5206,263.68085,254.94125,246.0237,234.42194,154.93031,243.73555,259.40518,206.1261,176.06586,212.78674,234.76988,254.66788,241.68994,208.71976,255.27966,259.52798,233.25018,275.52255,232.99786,245.25641,212.6679,239.31485,244.25911,228.07623,170.20256,228.54568,237.46631,128.74628,279.88254,264.58978,219.72632,254.97307,154.93375,236.9758,267.88043,140.66292,248.09363,252.77065,139.57843,251.72934,224.66098,245.98862,70.01323,251.90242,162.24588,186.8169,144.21185,178.0917,245.8981,172.12979,157.9198,156.6016,238.63434,179.59164,209.8818,272.1253,233.9821,247.31891,239.18805,236.98233,264.63132,258.81577,70.85539,261.75146,271.83344,228.8309,253.29678,256.37506,249.64221,89.764595,169.27473,229.71902,168.2015,241.96811,250.58286,137.68079,240.20183,228.15958,232.90457,240.56374,128.41074,216.43932,244.47067,222.4276,244.95494,260.8957,145.59114,274.90808,160.48209,253.97615,239.74248,238.99088,250.11931
2636,206.41025,160.3753,160.6181,228.49582,209.39606,157.91486,223.95648,196.79819,283.44284,208.2731,176.25984,198.64137,254.9158,189.60762,236.36322,253.1748,246.43356,228.0399,192.64435,197.42563,210.44632,245.72166,190.68942,288.39282,256.74918,188.88815,199.03046,245.58463,267.37427,231.16808,217.31897,192.29712,227.77704,281.51038,220.32727,219.57812,206.74277,240.03348,239.25705,220.52579,164.59561,100.11117,208.67749,210.94058,217.04617,267.7399,163.23248,159.40591,281.72644,206.6372,210.29619,257.07404,250.5816,246.78511,239.83438,250.26492,171.677,201.93082,225.99237,193.63988,213.79733,235.81313,260.75128,199.78491,220.54382,207.38855,221.88486,251.38026,232.61568,195.29951,253.2607,247.55603,250.14832,235.47629,206.72878,215.74695,201.29659,233.96243,218.24097,217.9926,196.65767,233.70203,231.7633,263.2309,235.54984,263.60794,254.08015,244.94922,243.3461,259.1809,213.09604,284.1797,162.67201,217.64963,221.1124,198.33249,173.15152,258.7756,224.44012,198.72482,274.04474,244.06126,243.87532,257.646,191.83246,208.37221,286.1499,186.06046,237.13574,226.18506,190.66867,212.04779,238.39078,212.42343,176.56683,253.51212,148.05774,166.52733,162.76288,176.29248,265.50745,172.55016,141.75452,196.89409,193.2564,239.72339,193.23958,257.8326,252.75916,228.4521,228.0654,235.15956,257.23752,252.80495,120.95128,240.39705,266.82776,202.7832,219.37134,209.35233,254.77295,151.5338,264.22418,198.45538,232.21927,215.39128,258.46777,185.26535,240.1477,230.41074,245.26695,227.14328,217.00421,234.48843,224.8948,211.31876,244.95245,242.47931,61.24234,290.42215,196.19452,261.96237,242.55005,265.97592,256.58368
2638,110.03058,120.860985,178.37201,247.39676,250.56537,96.8143,251.5444,239.60902,239.16748,208.06767,110.307526,240.2609,225.91888,175.23367,236.75815,256.05026,186.90694,244.86603,102.035965,128.52808,207.26187,225.39468,250.42897,264.48233,261.00632,125.77622,85.80782,221.97375,255.14151,123.76692,181.66455,187.47272,225.87447,221.98187,204.79343,210.15483,173.5187,241.44798,171.09438,153.73996,178.27597,22.94467,185.73418,188.4508,240.05469,248.21814,43.61768,119.737816,260.67276,99.39757,227.49683,244.88708,257.43896,237.0918,212.98938,245.84177,147.91216,179.32016,208.407,93.9211,191.08633,167.78476,237.25937,199.77518,154.74567,135.76053,237.76788,233.2103,213.42471,115.01557,170.46045,230.6868,247.70569,248.51549,238.74896,217.84506,133.18497,231.44632,257.84625,188.56937,139.7698,149.80858,212.03044,221.88412,194.43756,135.36089,241.6088,249.6907,215.96774,265.04425,199.71909,178.44174,228.95766,222.53659,242.66202,225.49173,166.97331,176.17572,229.84198,90.9887,261.22305,247.70114,212.70822,228.29742,126.01653,240.48154,232.80826,116.72746,221.30899,238.32158,115.32127,244.51859,177.0502,244.56439,-7.272564,236.08704,168.5269,182.8472,127.40257,172.55331,191.75836,159.71329,162.55185,106.26553,243.56906,107.549194,182.83145,257.0562,213.01683,242.2678,218.52448,218.83243,251.0103,248.59802,62.424107,254.56767,256.4561,219.89214,238.28304,244.32825,227.77174,76.70601,76.008514,218.24689,94.59375,227.78711,233.8836,115.634674,191.88971,195.34142,205.619,227.80074,38.615074,184.36296,240.00577,222.8891,223.879,250.42593,208.46425,242.81607,145.81418,211.54004,223.02914,194.12254,228.7395
2639,149.88307,107.25907,118.80269,195.65588,165.28893,95.25066,175.0633,132.11191,264.80914,168.85535,136.06914,141.97316,222.28516,137.86548,204.7393,228.70932,211.10336,184.49146,129.40645,161.42726,156.28659,228.44763,144.4548,275.24158,225.05356,148.2438,192.40536,200.74533,254.76556,200.11397,167.28793,124.941025,195.6448,272.3622,171.8949,162.3375,162.47531,209.20424,180.15027,169.55194,89.42398,62.21897,150.15193,173.59009,173.67186,243.45793,140.82492,83.24786,269.6335,158.5953,164.35876,235.39073,229.02283,215.58478,182.96185,213.79517,106.87306,146.1383,185.43811,138.64926,164.74118,196.23163,227.37996,151.62772,173.15707,129.47827,180.79521,232.00766,189.28856,150.84933,202.29834,223.00319,215.61652,200.94995,146.41739,176.39374,143.84116,196.60205,181.8295,157.38928,144.83267,191.52002,216.2781,235.87393,184.91455,244.08725,225.47607,221.54869,201.94441,227.71556,148.60968,259.84442,96.87842,178.60612,181.05219,135.23773,115.484604,240.20572,191.03444,158.17609,255.92879,207.64754,190.0918,240.48944,131.11679,157.90775,280.95444,119.87146,199.3884,178.24435,130.82156,159.51984,206.43185,172.06793,164.53973,208.7985,77.894066,113.44289,100.262695,117.87361,226.90915,144.70631,85.72133,140.82306,134.66855,191.52544,134.51521,228.12129,225.3042,183.83742,168.81555,186.22955,228.308,223.01985,77.63931,209.63832,243.88959,155.15265,165.488,145.04498,218.42574,96.809616,251.07469,134.94809,215.7273,155.57642,237.93167,138.71281,181.60904,159.61414,224.41913,184.99715,175.20804,181.41338,176.9129,147.89197,206.68684,208.75468,7.5031586,280.6761,157.83359,247.86737,193.5372,255.16193,220.40976
2640,132.20491,116.96946,167.1284,235.75162,236.8814,94.22781,236.76953,216.94781,241.27089,196.42882,106.689156,219.92586,211.36938,157.22745,228.48843,253.06117,179.15982,234.81458,109.74049,130.51259,192.58405,219.40518,232.5253,254.79147,248.94987,131.65347,133.61359,192.69592,255.90488,182.4234,165.92197,161.72783,216.35893,219.3424,186.90677,181.69896,184.37465,238.99716,130.8894,152.18326,148.52484,33.916042,177.45554,167.45924,223.72018,237.36758,104.83816,99.2585,262.66913,114.53524,214.37659,237.31479,255.06549,233.57416,180.09076,228.93665,125.44665,160.52756,216.72528,99.51793,193.14038,178.35184,205.05063,180.54395,154.83105,105.60617,225.83722,224.11208,191.64609,121.62018,142.25389,231.2651,239.84804,242.65872,213.52916,209.26907,122.748955,221.39926,248.41916,155.58888,132.98874,157.67146,218.96884,219.02475,184.70323,159.84131,236.16982,247.50446,194.82439,257.54034,168.37296,171.55872,192.94196,212.76138,231.43286,196.97754,147.06477,186.9325,228.719,114.13047,257.67093,239.9472,154.75127,235.56493,124.537025,221.35428,236.30988,111.04376,218.1841,215.62929,110.90654,227.70518,191.36984,233.81892,77.38098,189.3835,144.32587,167.85165,116.05345,135.92839,181.98068,158.56268,144.44669,117.39098,218.1571,148.05222,168.96611,245.42812,208.4258,222.0778,199.07993,198.28104,242.10948,243.84552,72.192856,245.58435,247.18896,201.10162,219.85753,214.17775,192.3893,86.00703,155.39668,180.06438,144.72827,190.79773,227.90517,120.198654,176.50925,139.03558,209.52534,216.63867,115.257805,178.43687,225.3627,169.63275,200.78563,238.5116,171.10907,248.33128,147.06165,230.3487,191.21198,219.29811,216.86316
2641,66.35992,101.79935,133.50815,221.16075,222.41035,81.866165,217.61292,206.51022,195.14734,181.83612,95.856,214.54364,185.68878,151.65971,217.10538,237.91516,131.40237,221.32703,50.475258,105.03323,177.84174,204.21185,234.98807,231.74504,239.51434,97.36769,55.42023,171.25815,236.70242,90.48036,146.33206,139.65372,209.85889,168.3092,147.75429,167.01115,121.81738,228.27766,91.945045,104.81981,129.50554,10.028104,135.75294,160.27278,211.94022,217.14163,16.323559,81.85298,240.68262,58.916016,216.09735,224.47058,246.61462,209.70184,148.95305,220.72104,98.91852,126.49289,162.37527,61.05069,152.35693,125.52803,185.96774,176.17607,116.14169,60.224533,195.01128,210.22128,174.41861,92.23179,90.257545,207.51523,221.40137,234.92361,218.68942,193.3095,98.567276,207.97017,244.25696,137.50378,89.88829,78.24433,194.98315,178.76605,133.53021,65.666916,222.02988,238.9166,175.15884,244.21487,127.86534,96.25264,171.86792,197.50905,226.65108,202.05476,138.71426,116.29469,189.30014,64.74634,236.68956,217.61934,150.73862,201.70169,80.35156,219.97775,189.02042,82.87735,186.73189,200.29051,82.33196,211.55002,138.55225,222.48413,-33.09137,179.80002,132.11432,144.03654,96.78577,143.53879,124.592316,142.98047,120.066055,51.689873,196.19089,52.317947,140.19453,223.86732,178.72665,213.68056,177.19058,179.3169,227.91405,233.24539,52.349445,236.85562,229.75813,163.48029,198.13794,195.44154,172.32564,67.98698,31.114847,178.15588,43.089317,190.46393,206.70801,91.52482,129.1588,121.54367,175.35057,210.1322,-0.14932099,134.13232,221.09659,179.02715,177.1004,222.89987,160.89536,204.36101,128.11803,177.65143,171.93939,155.1857,189.68018
2643,147.9696,137.99835,173.81653,235.01917,240.88063,114.54534,240.58849,229.8656,232.75519,207.16898,124.61571,231.04541,212.54898,177.75975,231.79001,255.75415,178.67142,239.55382,124.67224,150.35818,203.66531,219.28317,244.07944,250.09677,250.53812,148.18524,124.60812,196.20778,254.84763,177.06357,181.77383,172.83392,222.5095,209.96051,182.95532,193.82367,186.72713,244.04227,127.103714,158.07385,170.24457,32.102806,186.33313,183.68427,228.64058,238.0628,94.50721,124.88829,261.79617,128.32645,224.93388,240.08875,257.5198,235.20703,178.8785,233.25185,140.75363,166.1165,211.83153,116.903465,202.85477,182.54424,202.18341,199.00735,171.0643,109.383156,224.10799,224.07956,198.7948,140.61548,136.13089,231.29366,241.14346,248.8368,228.77057,217.28314,145.34036,226.91835,253.43112,168.08395,144.1365,142.01538,218.11456,215.4169,179.97758,140.09425,240.72989,250.29492,201.10867,260.45062,165.1535,154.13559,203.72722,219.57904,239.11606,214.7258,172.40671,169.2826,226.54756,130.74042,257.5228,239.49771,156.10216,230.33789,141.23973,231.55083,229.27692,131.83359,220.16422,219.76016,130.14581,234.98361,195.01443,237.53894,58.249737,188.98447,173.61429,186.79793,139.26169,159.89505,173.9526,166.24597,169.03647,125.6613,225.09915,142.13998,184.06229,242.37897,210.66936,226.8632,206.70465,205.89221,244.34702,247.48242,80.29268,246.10458,245.40765,200.00092,225.03545,220.52936,189.78293,99.25006,131.03572,192.55489,123.35364,201.82684,231.09569,136.50922,175.03531,143.01158,211.88014,227.16278,105.79425,186.7746,235.45663,179.50372,201.37299,237.62177,204.89157,240.24683,165.04788,222.90437,194.6919,209.15974,219.51898
2644,185.17522,131.15182,203.76054,233.42795,216.0077,103.96213,219.90143,216.81216,268.1412,188.35748,135.31284,212.79285,224.11014,121.65551,208.08746,228.604,195.35535,212.61658,153.37314,144.35312,137.51273,223.28337,158.74164,277.87848,237.90573,176.75482,192.59827,190.20453,257.13098,182.67078,157.19328,193.8888,198.2119,263.74808,252.68472,180.41,221.69333,200.01607,138.92639,127.13145,182.63219,18.666168,196.21297,183.76898,205.988,231.51132,173.72212,137.60175,267.93094,164.27275,157.6987,228.186,231.27225,212.91212,175.58194,221.16104,172.93726,209.59479,236.30103,139.2039,212.04749,183.1036,214.05258,169.82547,179.9234,137.64537,223.83566,237.6962,200.38614,144.59943,168.7399,231.3209,227.85213,193.75455,199.77843,212.39407,134.34122,204.15083,202.75494,157.85654,190.6246,246.86174,221.60782,227.27869,229.36903,239.72836,209.7507,223.34215,182.55392,223.86157,225.70847,245.37057,184.67523,206.90933,177.89404,156.94885,139.80637,250.98692,260.79974,135.54456,254.484,235.32803,147.57816,251.59589,153.59372,170.28583,274.3731,134.83014,204.57648,182.92732,116.58177,206.39902,205.55634,225.78183,165.14297,201.71361,136.31961,196.57104,144.56679,149.7421,209.75995,177.39781,170.2028,176.43907,233.05527,153.42773,191.79846,257.5077,212.74113,193.61691,159.69312,179.26514,224.6065,215.71353,92.980606,230.76541,243.79974,228.51884,210.42953,226.16054,195.45306,86.62809,240.12631,196.88004,225.55688,197.04901,223.847,154.14117,188.4047,151.58995,204.071,198.16805,151.75053,187.8111,181.93102,148.65292,208.38245,239.1308,116.751686,287.00583,131.83041,248.37007,175.20526,264.16837,204.52211
2645,162.598,142.98248,200.52176,250.88564,244.66678,108.35059,234.87471,202.42648,263.9176,208.60492,137.97198,211.97441,222.23692,168.85056,232.0499,258.70212,185.77353,238.4224,152.3251,161.20563,179.89444,232.72864,220.27304,275.1075,252.7035,163.78654,182.50153,191.62456,267.98785,208.16382,165.42023,150.07391,214.90176,251.97626,197.69579,190.46136,220.30862,233.59097,134.82431,159.17899,159.06415,41.674637,190.02817,170.59424,224.55966,244.19489,159.87262,99.479294,273.91858,155.1345,206.31998,239.513,258.11252,231.55809,194.3356,226.96695,140.70404,163.33731,246.84396,126.51607,203.6352,183.36853,216.6456,180.86461,174.4209,114.659065,245.76761,235.00827,188.09865,154.78189,164.40305,235.39346,240.86288,235.3101,181.66083,209.29987,140.32999,221.8564,241.8744,159.9969,159.80542,196.182,234.78308,232.80484,199.10455,217.66995,231.80737,251.94966,190.63985,257.8597,187.10925,217.77798,213.97894,212.38828,226.0245,166.15189,171.68198,233.76813,257.5877,152.18747,264.992,244.5878,156.6503,252.44748,157.87854,213.10951,264.49048,134.46275,223.44872,208.30661,133.62129,223.1948,194.68692,236.1902,146.00368,194.48438,170.60493,193.67003,130.01083,123.52823,198.14566,188.10355,184.6126,151.19766,227.13112,171.58891,176.40572,261.50775,222.8071,226.50359,184.94388,193.22449,243.91315,246.48508,98.027245,251.6906,256.72757,230.38121,218.34688,209.19527,198.82652,108.80751,220.54678,164.63641,203.85883,170.89395,237.44438,150.68716,178.43219,131.0637,215.09334,197.97894,153.46385,196.09872,208.09215,153.45416,215.20982,248.28789,172.7626,278.31897,164.96762,256.04626,194.74255,253.15698,219.93086
2646,83.98837,100.17992,203.44653,212.8906,184.87563,55.444042,160.1323,131.42386,221.80301,148.58742,113.78865,156.272,164.764,87.56099,174.38379,202.9376,96.637985,175.65875,70.50159,106.116264,69.323654,197.91083,125.03787,251.95343,196.35341,131.05573,181.5762,92.92584,240.54688,120.957565,77.08354,64.32312,166.45064,220.72635,158.9886,103.37811,174.0727,167.38635,10.582982,45.043488,81.06647,11.267852,102.576065,123.14728,155.62259,183.285,171.09227,4.732542,248.17834,96.884224,128.88983,190.46509,215.13858,153.7532,81.17816,168.99335,69.421394,98.18207,199.46805,53.977737,138.57303,89.18771,138.6178,114.033936,99.318726,-10.278965,180.91272,203.96333,115.88347,106.55928,65.09545,192.2905,179.18643,157.22379,107.15608,156.92917,46.082077,158.03331,172.3782,57.991066,97.19854,159.55025,208.71089,166.08173,121.56442,170.65067,166.60684,208.47821,103.26944,187.25467,118.976715,157.12543,132.40106,151.73254,141.8364,70.25734,100.32817,211.43774,256.86545,91.01131,219.28397,187.31683,65.90175,230.58301,74.133934,126.45057,242.90704,43.381413,142.10104,104.06492,28.994135,143.52524,119.79669,199.43616,143.80913,109.24122,95.74536,157.74094,58.901512,58.193188,102.26051,181.71295,143.54794,74.4569,174.46924,48.466606,93.21039,222.71552,171.54892,144.18414,62.919807,95.155235,180.86656,187.0553,90.5262,206.1589,207.5189,182.72076,134.0318,129.08942,111.08507,66.442856,186.34105,89.20837,184.16998,89.29866,185.52281,111.18031,62.65266,11.287487,157.52612,132.68257,52.196632,106.048256,125.232994,56.380596,134.22414,205.64008,112.62342,268.7168,103.50643,217.40091,86.82353,246.07314,137.55768
2647,126.58925,134.32689,186.88669,246.38982,251.0054,104.19161,243.62708,224.95859,238.26973,208.63736,124.07915,232.9899,215.75575,173.1748,237.50908,261.75266,168.6599,244.95718,109.80867,143.65662,194.65848,227.55522,248.65656,261.17386,258.81656,142.3819,127.8562,190.91992,263.3661,160.66391,169.09409,154.3498,227.0875,217.89471,179.38606,190.30716,186.71466,246.62085,109.52504,137.40926,160.763,23.69377,175.56735,178.67784,233.03862,242.45625,96.12893,99.1608,270.20215,114.40059,225.60872,245.81355,264.83252,236.58662,173.24881,237.33551,128.49393,153.24416,219.43906,101.44097,193.08656,168.25891,206.12326,196.36859,158.81802,86.84665,231.84674,231.83197,193.41217,133.26494,124.74544,234.86101,245.26334,250.54718,220.5043,217.60184,130.7721,229.88718,260.3352,156.6341,133.29468,137.89355,226.07213,214.99316,175.76202,139.5556,241.64197,257.65155,194.58945,265.23538,163.1408,154.2299,212.8587,222.0686,242.57649,204.78189,168.85512,175.65077,239.8556,116.886154,264.60242,245.04651,149.93483,238.48856,127.01256,234.93704,237.75,117.74275,217.66249,217.12279,115.88272,236.28519,183.5501,246.41583,48.44993,188.90921,169.79266,188.90936,125.44452,147.58139,164.01306,173.69586,171.09789,106.470474,231.13602,115.46728,172.42784,253.36284,211.00766,233.30283,191.9949,198.10071,248.7734,252.2702,82.52051,256.28476,252.18759,208.06891,224.14975,217.53833,187.17923,95.2016,118.4954,182.78096,121.34577,192.72278,234.27109,131.5199,159.84149,125.098175,209.15718,222.67175,78.81805,174.24104,233.34453,173.09334,204.74805,247.1643,216.20047,250.88277,157.93202,226.21121,189.77643,215.8936,216.66177
2648,160.52887,135.97148,174.10983,222.74811,196.18399,110.933685,200.62677,169.86395,268.1938,188.29729,148.34236,180.54633,226.12265,147.32736,212.55234,231.76456,196.56526,207.13373,144.3456,163.76677,153.95444,232.21753,157.05814,279.8025,231.55623,170.37375,199.21982,187.11209,258.6048,195.21317,167.9544,142.9985,205.12474,266.26282,192.29536,176.11633,200.51683,209.61177,144.6094,156.542,129.51678,61.544968,171.60379,184.93336,194.1946,240.23978,169.67186,99.84523,271.75922,164.1826,172.19434,234.0155,234.66986,211.95187,176.38116,220.41835,133.59883,166.15073,217.30853,138.40848,191.95026,186.38742,215.78467,167.71884,179.27878,113.02566,207.85959,237.79434,193.3739,157.94827,180.55698,232.71938,225.99677,202.07616,167.39554,196.23746,143.65143,207.10867,195.91672,157.37335,162.03091,200.39114,223.06493,234.13667,190.49136,229.58133,221.67322,227.73436,194.1651,230.63338,168.39221,233.1785,143.28342,193.18997,184.5599,147.23726,143.18427,244.0261,236.29591,158.82501,255.43034,225.84949,172.3342,254.56383,149.9207,172.48035,277.80164,129.49081,205.42873,178.33884,129.27536,186.17708,201.37631,207.74811,169.34276,196.39386,124.72957,165.36443,128.71109,134.48734,206.08801,177.29437,142.48329,152.47284,181.59763,170.06763,157.56653,245.46352,229.6434,193.3627,163.1955,182.73044,228.80966,226.20819,103.14642,226.18292,248.73929,194.39384,187.37846,175.31973,202.669,109.03025,241.26157,156.35898,219.81366,166.53378,234.56894,154.04868,170.0044,137.13708,219.26207,192.88377,159.65817,189.31375,184.93275,149.31404,202.5613,230.45303,69.63323,287.2411,160.66525,252.18703,181.94357,265.4319,215.06198
2649,141.32893,121.77565,168.06442,234.93163,218.45114,97.96779,222.31567,192.74936,262.3872,194.22955,124.24482,198.62234,219.21725,151.16444,221.38223,242.53741,186.6479,220.87436,125.4095,142.05693,167.1954,226.95074,188.87097,274.67133,242.17119,147.89723,168.9333,190.22203,262.36948,180.27765,164.94125,156.72263,212.67184,247.56517,199.95306,180.63208,193.90308,219.72845,148.38507,149.02383,143.51703,49.729088,177.55621,176.40182,212.61835,238.3313,138.42484,103.71295,269.9361,136.38571,189.38124,234.14258,246.6812,221.36465,188.75214,224.95032,138.12457,168.59073,223.68524,115.346146,190.82935,178.84421,220.11368,172.14023,165.2959,118.45917,224.25577,234.86755,194.26447,134.04749,173.88594,234.10934,235.47655,218.95619,184.5484,203.79723,129.70692,214.71349,220.73022,159.48563,150.63037,192.9917,225.16675,230.01318,196.4923,204.7341,221.70593,239.62549,190.77853,243.96564,184.32309,214.50595,174.01286,205.15466,204.07607,169.30432,144.87057,227.5036,236.67647,130.6723,258.35028,237.60571,176.55522,250.42694,137.56348,196.12927,260.47214,117.07272,213.51628,200.81242,118.1134,209.08437,191.8053,222.86917,122.49393,205.02948,135.42294,168.79759,121.842186,139.7558,202.77875,171.29266,145.25696,136.6067,203.09146,152.86224,167.22577,251.08205,219.04315,209.3598,178.32596,190.36494,232.97208,232.4388,85.744774,239.12445,252.75925,205.79483,208.29465,200.09796,207.97035,95.93545,195.13612,173.02753,191.33951,182.00278,226.3664,135.17552,178.90575,147.57797,207.29086,201.59138,125.958015,182.6362,201.50363,167.96515,206.14014,238.37204,109.67613,274.99905,150.3439,246.49464,187.77263,246.4212,212.97906
2650,157.67601,99.41625,134.82109,200.22235,169.77548,92.29088,177.46986,138.40715,274.08624,165.23122,139.2023,144.16342,230.15741,125.96127,202.97333,228.26828,219.4811,183.7797,133.64813,160.8587,150.39827,230.67293,136.68382,283.4462,228.61374,151.10303,201.54764,210.45767,258.05,194.02539,163.8598,134.58366,190.73541,287.01578,193.85645,166.00491,172.7663,204.64389,185.45854,163.7023,101.297264,57.755726,154.21942,171.22925,174.167,246.91934,150.61118,86.39664,273.45868,166.59877,154.11215,237.30939,226.1684,218.55334,189.08499,214.87282,115.48074,158.4086,196.40405,147.02528,167.02116,200.04324,237.414,144.8926,175.61742,140.48099,187.34726,237.98846,191.82077,152.11308,210.23886,223.58426,216.62772,195.88828,146.2186,177.44548,143.71088,194.40076,177.80048,159.92758,155.08633,213.06635,219.10901,240.7555,204.41936,261.21323,224.31659,218.97255,204.89798,225.26677,171.84143,280.61783,107.18584,180.54565,176.18571,128.5903,107.923874,256.60916,206.34837,158.61823,259.72076,211.03131,188.44235,245.31223,128.37512,151.25009,292.99442,121.933266,200.33339,178.37952,128.10066,160.51373,210.42303,173.60352,166.86024,220.00418,73.43994,119.48181,96.092094,114.599304,235.99084,144.01286,91.58726,146.8812,148.30054,187.65979,139.69092,237.75479,227.78305,184.7169,166.67151,187.4025,229.04648,220.27298,82.23758,210.04741,245.29318,169.96722,169.7551,157.36829,223.87717,95.14451,251.33015,142.83435,225.93768,161.3291,242.34332,142.28963,189.6865,170.07408,226.98175,181.3352,168.43188,186.0816,169.94627,144.88818,217.27518,212.20552,8.503402,293.5472,150.57407,254.31215,198.444,267.96964,222.73238
2651,183.5745,134.83435,188.2821,250.45894,250.83246,108.517105,257.56366,245.52716,271.4712,215.33493,123.18142,237.92865,236.626,165.15054,236.58252,260.09308,221.18839,244.70984,157.56985,153.87128,199.85721,231.18321,229.79828,276.6698,262.9135,163.94786,160.60349,230.13965,266.73822,205.8658,190.08763,217.72925,221.99248,257.95648,245.14896,214.43987,222.06912,239.03296,193.59407,174.97049,199.18158,20.243532,222.7955,191.99622,241.20665,253.63052,127.6637,151.09758,273.79797,155.9968,209.104,247.052,258.6352,248.39468,226.14038,242.98343,180.04608,215.95511,246.53368,136.41493,226.92548,211.9275,241.99113,199.64558,193.39691,180.64369,251.97133,239.60234,222.81055,144.6694,200.77559,244.0177,254.12843,242.18213,234.21892,230.43314,157.57312,233.4014,251.75835,196.60495,187.49571,230.3737,229.6984,245.63371,244.03354,226.15863,241.22118,250.97507,216.33994,264.00098,237.37396,247.98688,225.88852,233.28564,232.47086,211.03168,173.52805,237.05762,250.40259,138.9985,271.62207,258.3489,188.09929,250.56479,166.85686,225.49477,266.2439,148.22461,240.00934,239.37805,143.13647,248.20688,223.23508,245.53064,110.95557,233.59116,173.13751,201.16614,151.26807,168.15733,238.70163,175.43793,178.51828,174.12123,249.83234,190.36777,215.56476,267.5172,223.25778,237.47858,223.24641,223.25072,252.84157,247.568,76.70527,255.33287,261.9156,238.45767,249.53664,257.15082,230.72421,89.68471,206.11404,222.38336,194.94177,228.3062,240.36145,146.90952,233.72925,204.46039,221.43956,226.78375,158.4635,215.53203,229.50188,198.52771,236.21292,255.31094,175.18027,274.27744,153.9508,253.09769,223.39801,245.7573,236.29219
2652,112.17108,121.43855,185.83113,242.6081,246.44366,89.0925,231.96008,217.6509,225.14548,199.50491,113.519646,229.62946,201.90082,158.0403,229.7363,254.33879,143.4865,238.45227,88.40282,128.23962,169.62173,221.37053,235.7396,252.73328,251.88602,129.33795,118.924774,164.50592,259.9522,144.17603,148.83557,137.7085,220.59552,202.06921,169.66531,171.62375,176.52528,237.24875,71.2901,107.54835,147.14459,12.27053,158.08481,167.14255,222.81543,227.95987,90.07579,79.63378,266.4223,97.01624,215.49156,237.1551,261.45236,221.29953,144.07172,227.43143,111.02647,137.98204,210.97147,81.583145,183.001,144.39502,182.7041,185.85504,141.2075,52.936867,220.65324,226.94073,176.42023,118.9411,92.65052,228.34637,234.93726,238.5336,210.61163,211.60962,108.40258,219.50835,254.09158,130.96863,116.60364,122.2789,224.8489,197.94807,156.32928,119.721085,229.49866,254.11586,171.543,252.63281,146.03543,129.73357,200.38097,213.52835,229.49539,186.26866,154.65599,158.76324,236.63136,100.70642,256.089,235.5958,118.62223,233.50313,106.00355,221.26433,225.6334,96.17958,201.86417,194.35486,90.97044,224.41763,167.21788,245.21558,38.555885,163.85626,156.08197,180.92758,107.78186,132.80695,136.71925,172.7985,160.80988,87.25455,225.79102,85.443825,157.39307,247.09494,199.06155,218.72485,163.96745,175.7063,238.20508,244.09276,76.184814,252.3169,241.94476,198.4162,209.15204,204.62083,161.2673,82.13914,106.461975,168.3537,106.20169,175.42963,223.89291,117.68001,130.99265,90.73256,196.3931,213.28877,55.886894,154.37222,219.24536,146.30852,185.65204,241.38924,216.3288,242.9421,146.07944,216.77228,162.00879,208.67215,197.05685
2653,152.68762,153.13568,175.01581,250.63647,254.7012,133.27313,261.86414,251.25049,253.98325,220.79947,140.44487,245.27673,234.52843,188.91556,243.70833,265.80817,206.07968,252.59279,140.77608,155.88614,222.6384,231.1919,256.56995,270.18542,265.7268,159.08392,116.91368,231.62778,264.36722,162.67195,200.58057,209.72589,232.52402,234.2956,218.03004,221.7975,193.7753,251.76357,184.64445,175.8741,195.60852,48.694122,208.89005,202.5838,248.18692,255.9614,77.843994,155.85806,270.45245,139.0673,234.06398,251.423,265.17026,250.37312,224.33263,251.41562,173.17668,199.86609,224.28862,135.01947,214.79591,195.30975,241.8006,212.5272,183.48093,161.06528,246.36488,238.43433,226.73662,148.44376,186.374,243.20538,257.91754,258.9269,250.6204,231.00775,164.76459,240.9866,265.09827,204.27249,168.73288,172.8888,223.78604,236.83698,213.31448,162.48257,251.75272,257.63565,226.3396,274.49533,209.53601,195.16125,226.56851,235.2304,250.71457,239.24396,187.60335,195.29126,234.69115,128.23018,270.16953,257.91623,212.9119,241.11215,160.41576,247.58316,245.44426,155.19588,237.92825,249.43893,151.23865,255.34671,203.97842,249.00522,36.25229,237.81131,187.20663,195.35272,163.50624,190.26247,212.03757,170.90457,174.85172,145.0857,244.0176,146.15782,206.56705,262.32178,225.0812,248.01108,236.1485,232.32877,258.5517,257.51315,94.49019,259.3637,263.61615,223.84724,251.05547,253.5315,233.80919,112.93851,116.43413,229.46004,127.85224,238.92068,242.28737,152.21371,214.49852,206.34723,219.85648,241.02647,87.86953,206.66219,250.25714,227.34735,231.73843,255.87485,195.87634,256.08408,166.44255,231.98816,230.92892,215.3999,240.04169
2654,164.92792,130.1264,121.6834,213.60182,201.03171,116.338165,211.43225,172.69855,255.89552,193.96677,135.23792,178.44269,224.77487,175.63863,227.09975,253.42677,216.41824,217.11014,146.66675,166.59949,212.38055,227.05196,208.08951,264.5166,245.94446,151.12613,163.38058,222.79898,257.71765,221.29837,191.74213,151.02307,214.4881,247.93507,171.9449,190.63208,170.87656,243.47505,195.87674,201.52597,121.31502,66.537285,177.19418,179.80786,206.98361,253.06345,123.49924,113.64427,267.7611,159.2403,211.35435,246.09323,250.64185,243.27141,207.67831,230.85568,123.405045,154.5712,198.58498,144.92612,187.60689,212.48332,231.15205,184.82625,184.4885,149.23581,204.49979,227.80399,202.78275,157.35089,198.38614,231.13951,236.5948,243.72086,190.67322,198.13171,164.69919,221.03676,226.65247,182.2494,148.99672,173.70522,218.66205,238.9014,192.993,212.37457,251.52603,243.13248,221.90454,260.10388,154.99707,229.05179,138.43593,204.29085,228.81985,190.25055,154.01422,215.81335,195.94754,161.20782,265.0287,228.02182,199.81657,235.4967,153.09036,208.84846,257.95282,145.1617,225.65881,220.69171,155.61313,200.88528,216.15775,197.34383,136.92636,215.03079,126.18172,134.59178,127.71226,141.03864,226.30556,147.74353,110.64843,148.24203,162.90741,215.80228,165.1432,236.86487,224.43866,220.2125,221.505,217.83319,250.72844,248.42723,80.29372,232.29413,252.42264,169.29877,201.42851,178.92313,225.22025,111.95624,226.90596,161.50664,187.77441,183.82239,243.26886,145.21149,207.04439,181.3044,229.3245,214.56311,187.06012,202.46384,222.08041,182.15508,218.63968,224.668,63.123867,261.53238,172.11578,243.3153,222.82495,234.65341,240.18796
2655,159.73225,145.19308,160.63414,253.88867,248.73895,122.08057,239.61652,186.03317,281.33008,215.70781,150.39783,197.56305,242.08685,191.40198,251.13132,284.5369,225.37164,248.0027,161.30219,178.47232,222.04994,250.49873,250.56494,290.50653,271.85944,151.26172,175.4346,236.98611,284.91217,232.568,190.56903,151.47495,226.56764,277.8003,182.7811,208.93037,200.25612,261.80243,213.24841,214.90082,132.04813,84.40864,193.03094,173.83931,233.75952,273.752,127.321365,99.33021,291.302,165.71391,232.36636,262.86282,278.06522,262.10696,239.96597,244.32368,124.90053,153.80829,239.14108,143.12811,197.05028,214.01909,255.14774,188.59818,185.33266,158.77316,250.63795,245.25536,205.52856,171.59402,221.89804,245.73882,256.68958,266.4818,188.6138,209.91988,165.39653,239.34085,264.27448,191.71341,149.7564,182.07895,250.0115,258.79813,210.28844,235.7713,265.6924,272.02216,228.95891,285.9425,180.23193,261.50372,191.7531,221.73172,257.93607,188.56116,177.81154,243.47192,235.67683,171.95029,287.84094,253.08939,218.95299,259.26578,163.32538,234.71252,284.77933,151.09352,247.97733,243.17984,162.5025,227.4728,216.85281,229.40715,125.36078,235.20737,157.20587,157.95215,120.12015,127.18713,242.68333,183.12138,149.69942,146.03406,196.36444,219.06653,172.34332,271.28308,242.26898,252.3919,231.14206,227.97989,272.20227,272.80743,104.027504,264.34442,276.35687,212.6904,225.42226,201.63766,246.24886,130.7966,227.415,166.90384,193.60373,185.70856,266.06482,155.14874,218.26447,192.92035,247.35306,212.462,174.60947,219.90683,232.01103,191.97162,246.12573,254.17677,137.13069,289.30237,183.24069,273.8347,243.34575,259.1714,255.29903
2657,143.048,110.62634,172.14066,201.21146,173.78998,87.66393,182.76796,171.18077,239.53471,166.2219,119.69357,173.32164,193.72165,114.49748,177.65176,187.98672,160.96548,178.8807,124.84149,128.79529,108.719635,195.01263,119.85755,248.55893,196.40164,150.7384,178.72932,149.1293,224.396,148.66777,141.1916,155.01776,181.30711,229.56857,211.3475,154.25803,190.419,164.48756,125.33829,108.52215,144.98772,44.743538,165.13033,169.93564,173.21918,193.61157,157.46846,109.48542,232.97397,139.89233,139.20715,190.45085,198.38849,169.57497,157.49628,188.75679,147.56604,176.82996,204.03839,114.96791,179.49156,154.05771,186.82346,143.0263,158.49472,114.242645,190.38075,213.73311,174.59799,124.18903,166.11084,205.03958,195.98106,159.40414,149.6597,181.39395,116.793274,175.7208,161.15222,137.62717,158.43665,221.27618,193.09703,200.81308,185.51869,216.05917,167.67497,192.9281,152.48015,186.92381,193.0476,214.86093,149.08209,171.12244,141.49385,126.17314,122.59337,234.33685,226.47485,124.1013,212.31598,202.614,154.30936,229.42001,135.15196,143.19046,239.41605,106.4452,171.70676,149.8359,101.82153,168.94739,167.22293,191.43445,152.96036,180.994,115.98594,164.8441,121.24107,137.91336,185.60278,163.61435,138.14241,146.71365,186.86661,128.09863,156.532,216.2157,198.44984,157.80899,128.02406,150.305,181.12653,180.70203,85.141136,195.16788,213.96112,194.19656,174.10097,178.8477,176.908,81.69803,213.62598,163.51797,214.2061,160.7602,183.14566,130.31665,154.50156,128.07487,168.01172,167.31697,119.638626,161.97345,151.88602,136.01788,170.7106,203.69734,68.62305,260.94196,126.94862,218.39156,142.211,238.95627,169.96002
2658,98.45265,134.46683,175.17963,245.8783,246.06161,101.72475,231.06847,205.32588,223.6781,203.56413,127.86989,223.27615,201.18912,169.84665,232.72145,253.90768,138.08073,240.43173,91.10397,136.90826,174.07437,223.49283,239.44656,254.44318,251.22113,133.49039,113.188965,163.2527,260.39496,133.26077,153.35074,122.51857,225.48853,197.32431,149.7692,175.85553,169.33159,236.77594,74.79042,114.15665,137.24881,26.889929,153.01117,170.31932,224.2124,228.49982,81.22568,73.274796,264.7009,99.266365,223.47504,235.94556,262.84802,218.35556,153.0278,227.49182,105.29563,123.395096,205.88913,85.12976,175.86697,138.92899,186.80495,187.40692,140.55228,49.039078,222.90411,229.12436,174.48093,128.58887,98.02383,227.88805,236.28233,240.35184,198.61388,208.48181,114.779724,221.91177,254.82352,136.02673,109.22876,101.08695,224.3997,198.57578,142.49942,107.503525,226.7121,256.38474,173.18411,254.73256,132.35574,119.74179,197.83629,210.331,232.48059,186.41489,165.28793,152.85464,230.29248,108.147224,253.397,235.80203,135.07495,234.05627,111.862625,227.80298,220.70734,103.81985,202.53638,198.38931,100.790695,223.33862,155.29971,244.5517,29.477875,169.27882,164.0653,178.07266,113.1846,136.46146,133.43063,179.84204,162.11041,79.67973,213.8618,80.640045,150.84335,245.38213,203.63739,223.11954,167.16412,178.30698,236.69861,245.41792,85.79633,254.31915,245.47264,193.65881,207.02438,193.02596,168.23547,97.84135,91.06555,161.27335,95.534424,168.55429,221.44077,125.7992,124.66711,89.55075,192.18619,209.86264,43.160145,155.24875,221.76276,156.52356,186.12062,241.72925,202.14426,240.20941,154.02335,214.29337,166.96588,200.9111,197.68427
2659,120.52197,116.7433,186.86075,242.38593,249.71509,83.11325,237.85345,216.68176,235.43123,201.25983,105.80934,226.60126,210.0888,161.76685,232.40671,259.7694,163.50662,240.5742,95.780304,129.70357,186.71013,223.22395,250.0408,257.02753,255.30554,127.012344,129.43521,182.60434,260.74927,166.18137,157.46663,141.33983,219.76587,218.6069,173.0621,179.20299,183.84933,243.63039,96.93466,129.60016,148.55554,9.58607,167.99193,165.76132,227.14182,237.47888,96.10502,79.871155,268.97302,101.53312,218.99927,242.08292,262.14578,233.9214,161.34756,229.89624,111.97244,141.38939,218.12698,83.53203,187.69058,163.84201,195.81606,187.56915,149.52298,71.86517,227.85916,226.66113,182.87622,118.11273,111.88268,230.2061,239.41743,246.756,211.07632,212.13757,115.08061,223.73508,260.4476,141.68796,121.80811,135.75783,224.66034,209.6311,171.5932,143.17526,238.55923,254.54872,185.78488,261.02097,153.13614,155.52249,207.95258,217.32776,238.98425,192.70682,155.521,176.38481,238.63745,104.229774,262.55777,239.74739,131.27174,235.63498,112.024376,228.64293,239.6857,99.38717,212.83527,209.41179,98.259796,230.48483,182.04218,242.6022,54.178436,175.49338,157.59573,179.97267,105.26806,127.95116,156.87799,167.3389,160.54068,94.80757,225.15863,113.61618,163.41946,250.22401,204.56235,226.93378,183.09436,188.47424,245.39856,248.40071,67.00776,252.82132,246.29918,203.08414,216.93488,208.87985,174.83781,75.963165,130.39491,168.65427,124.97696,179.60625,232.0165,114.53485,151.54472,108.68705,208.73256,215.07782,82.22383,166.2532,226.10815,153.70238,198.12112,241.9494,224.99084,250.49496,147.5275,226.15175,179.56038,218.8956,210.80988
2660,121.762054,120.99539,134.84775,232.63824,219.19397,109.29042,232.21962,207.79323,259.9381,199.2891,126.340195,205.45697,230.7345,165.6886,235.93825,262.20813,205.09167,227.14223,105.81213,143.03499,203.39041,234.85475,218.98645,278.8544,259.22723,136.0168,124.188934,227.83237,269.99274,152.95084,183.71425,185.49835,227.23282,248.45721,212.31497,196.48552,159.79843,245.76898,200.13736,167.34836,147.2045,63.42359,177.7984,191.00467,225.65135,257.99945,71.30972,124.37672,277.25372,121.05281,216.2225,253.0134,263.2495,244.93442,212.70538,245.88196,144.85931,181.7358,201.31403,117.82995,183.85602,185.12631,248.84593,189.66129,163.24829,147.77911,219.52988,239.87054,217.87741,129.94002,196.95215,240.54349,248.1955,247.87436,225.80661,212.418,142.3146,229.44864,242.32289,185.7085,147.27966,178.56409,227.5967,237.55797,207.92336,177.20477,250.59479,254.87097,220.49106,267.02307,197.71542,221.07654,163.83064,219.57797,233.50655,213.77202,147.05658,206.90088,211.10876,116.5826,274.432,244.38931,229.33804,243.55411,127.69873,220.2794,258.43576,125.132164,225.68497,232.44803,129.42596,220.85318,198.70258,221.26408,41.95882,242.81158,123.18306,149.05734,130.43576,171.25705,220.31517,154.87106,114.64024,120.82412,196.5146,136.14003,173.61632,255.4755,221.64035,229.43735,215.78603,218.38834,256.51297,252.24887,80.60889,248.6985,264.12112,189.8253,222.03903,218.48251,242.11102,101.00653,126.97567,205.74713,136.40565,224.37564,243.57129,130.66638,206.56047,211.413,221.92088,229.64998,78.19907,184.29697,232.709,218.03839,226.03015,243.05923,92.39548,266.26746,152.6492,237.12674,223.13568,223.32379,235.98154
2662,115.45037,126.99654,169.66641,231.57153,216.56516,101.07771,213.79263,185.46594,240.90201,188.49544,128.28159,197.205,201.57658,151.28342,216.15398,237.18298,155.42297,216.7366,108.14748,136.91653,156.31998,219.47931,190.94533,262.54782,233.48117,141.40964,146.74594,164.60536,256.44,148.47589,151.29222,132.97134,210.21692,221.61693,174.4423,166.31195,176.77077,216.11528,108.76999,125.99708,131.75395,50.22044,156.69226,169.1645,205.70938,225.13486,118.005135,88.219315,261.88657,119.28023,192.195,225.79237,245.5755,207.07834,162.495,215.36438,122.99347,145.02312,208.01562,101.507,174.55783,150.74707,198.19394,167.65543,147.66284,79.59484,213.35019,225.52275,177.13239,129.61984,136.65646,224.34158,225.81604,215.52393,176.57236,195.06052,118.32133,207.02417,220.0441,140.20062,131.21817,151.02136,219.5307,208.91742,162.35071,156.18988,212.76973,239.06198,172.16672,237.37491,155.84834,167.07172,171.12332,195.31929,201.62625,162.89014,144.39452,194.19705,233.36635,120.91472,247.89388,227.48077,158.488,240.1042,124.919525,194.69582,239.35284,106.598114,197.13708,185.86963,107.70279,201.56375,165.17279,223.36896,81.13055,181.38705,137.57034,166.15585,117.24249,135.08704,164.12447,172.96329,145.68033,113.23892,198.3968,109.37511,150.00632,239.9622,205.44687,200.56326,157.97182,172.58287,222.79486,227.54642,92.68771,235.83505,243.28545,193.8984,194.91423,184.77263,185.05467,101.24858,141.23116,158.6671,148.81137,165.34161,214.6023,131.46875,142.11241,111.83371,191.39056,193.87344,80.55304,160.22882,196.53061,156.38525,185.18236,231.6508,133.0353,258.0432,148.1654,227.48305,165.43408,223.9497,195.11377
2664,148.52414,139.03867,196.41829,260.0086,253.30426,105.572174,246.56322,228.24799,261.4442,215.90076,133.15852,236.58838,227.9884,165.61053,241.36661,263.56146,173.31354,250.267,123.36185,148.19272,173.63748,239.99272,222.5765,281.0042,264.10535,156.7609,156.58334,186.02954,277.44904,172.36511,167.04352,164.56596,230.13434,240.90073,206.01724,192.61757,208.53268,239.46579,102.37096,130.42201,166.28766,23.223682,187.74088,186.15076,235.97339,245.86131,124.13756,104.78502,284.68256,132.49902,211.73239,248.44733,267.5481,234.0703,173.64268,242.66418,139.95755,171.44843,241.37042,108.7155,210.46097,169.91077,207.90903,196.65408,169.26434,90.748184,243.59917,248.05685,199.41528,140.8693,132.83855,248.89767,252.13223,238.18365,215.68501,228.4639,130.56113,233.24164,251.33823,155.80545,153.36429,172.09726,242.68263,228.13625,195.03885,173.93121,237.0293,260.76678,188.20914,261.1008,181.8027,181.78041,205.28122,228.28476,227.3543,187.59088,169.04141,207.10602,258.73566,125.81828,272.52972,256.07385,141.77875,261.58,137.12225,221.44534,260.0417,120.733185,223.36197,206.255,113.57651,236.06311,193.7781,255.80934,85.35718,188.64185,167.2744,198.81628,129.77756,146.17198,175.16232,192.00703,175.7178,128.97794,237.27802,119.28337,181.91495,271.14777,224.04736,229.13489,177.9141,192.51889,250.99677,252.43344,91.72977,264.0812,262.6426,224.6513,227.34995,223.18175,186.51329,96.851135,159.4024,186.3599,158.57423,192.43059,239.45718,143.12791,163.82086,119.03087,213.63959,221.82706,93.695175,186.38731,222.25064,158.10449,210.96906,261.2436,169.683,278.52234,157.41586,249.93115,182.26057,246.5705,217.01534
2665,211.78558,149.63782,199.73672,219.00775,191.51878,147.38683,208.07822,205.46808,277.25867,187.53644,174.88174,200.47963,242.42575,138.60501,203.54297,212.48975,227.28004,202.90327,192.04926,169.62692,148.38358,226.84116,133.968,280.4198,226.2255,207.0344,214.99835,211.7395,244.9512,190.32448,187.96155,212.02869,201.39806,281.8355,257.89188,199.95358,224.47531,191.37094,199.4902,166.02069,191.58272,78.64482,208.00809,211.24397,195.86447,236.94199,193.72351,177.50499,260.30573,211.55862,156.14084,226.57365,214.4072,206.09195,207.00241,226.0479,202.21053,234.81876,226.25955,192.38748,217.64192,209.09276,236.5068,174.61769,210.97267,193.2224,211.69174,243.7009,222.56473,174.62634,235.54599,232.21118,225.98566,182.21346,196.28162,208.05067,173.7225,205.38205,176.48405,194.97375,222.13683,273.0088,212.11258,243.97964,239.86256,273.09076,208.90302,208.65756,210.14166,212.90546,241.00113,285.90076,167.19644,198.23953,165.20206,164.31256,146.33846,274.88943,248.60155,174.67767,244.40768,228.92409,207.45364,253.63033,187.85852,162.21873,284.12216,170.27466,206.80702,184.87122,152.40717,194.72266,220.64369,208.86496,197.8366,235.15851,136.40395,189.69131,175.7988,183.28677,248.18756,176.38828,159.80008,216.78174,214.09296,193.71776,198.42831,246.80603,237.87904,188.62234,176.9436,198.49857,218.67813,209.59619,137.47072,215.33807,243.17952,220.4488,205.74371,218.5273,228.34387,128.079,269.12524,212.12845,253.44069,212.35867,229.12128,187.05981,216.22908,206.17685,216.96936,202.20787,185.42838,214.98433,180.99966,182.30057,219.01569,230.59369,66.55736,292.60767,156.3515,247.9477,198.5322,274.79794,220.00145
2666,205.72104,161.991,171.66183,240.65808,229.90479,151.63748,246.60974,237.86707,276.1715,216.91208,160.60497,227.54877,243.62112,179.42487,237.03171,258.16864,230.06996,237.55583,185.2565,180.335,205.3406,237.32507,211.69608,281.062,259.44382,193.99522,184.59846,234.5799,267.9184,214.03004,208.26024,232.90657,229.10419,262.58267,252.25523,220.03845,217.59515,241.22466,211.37274,189.29327,203.11484,69.73632,226.42358,214.69261,234.24438,257.64386,152.7893,188.63626,277.075,190.5207,211.897,250.67952,257.7798,246.9418,230.74316,248.54341,203.82117,233.0803,236.89748,178.89413,229.89525,223.32903,249.60327,208.5538,213.5173,202.89682,237.77988,245.29091,236.53778,176.74167,221.56207,249.35803,254.56325,241.44258,240.14963,231.59656,186.57353,235.84209,237.77039,212.49591,212.12335,245.70221,233.29062,252.60934,249.07346,238.9968,245.7647,250.63779,226.71251,262.6338,241.73578,255.7952,193.63705,232.08377,227.62622,220.15182,179.19977,247.11139,237.18094,170.60187,271.8365,254.98206,213.16846,255.38733,191.9649,219.53079,269.6853,182.42871,240.09433,235.9297,175.89403,236.5617,232.9732,232.7825,144.09251,245.64627,163.86568,192.38356,185.21024,199.6349,249.81711,179.3573,162.92366,203.33757,227.45972,202.16344,222.12308,262.3283,235.41412,231.93927,226.45435,229.93102,253.87735,250.22739,115.97561,249.51593,264.6925,222.19339,242.22902,248.00711,242.07597,135.13696,222.99515,233.56439,215.40617,242.0385,245.28369,182.617,242.06567,224.80093,229.15192,237.22945,177.84122,223.76251,232.1821,215.4159,237.47713,250.5649,109.984985,280.39084,177.47092,258.20612,227.82811,254.15479,242.19302
2667,136.80798,131.96584,171.53798,245.01236,246.12697,109.679886,250.79282,242.39476,243.19391,211.32608,119.66048,239.26541,220.3886,175.15909,236.70538,257.28748,182.21567,244.49492,116.723,140.23201,201.9602,226.13545,242.22192,262.19977,256.47928,142.69449,117.19538,205.02582,260.4178,156.20569,182.07916,194.50647,228.64346,219.11359,208.43365,201.44867,185.60808,243.0471,146.19003,151.4116,177.86365,30.44163,192.87921,190.67294,238.43388,242.36444,79.133125,130.84006,265.35092,119.721634,226.43544,242.15909,260.74255,236.98248,196.59045,241.36865,153.8645,185.77803,217.58917,108.84952,204.16048,177.87735,219.98724,200.95406,167.0728,127.957695,235.23184,233.1284,211.27757,129.34183,153.4815,237.82393,248.75221,248.59854,240.75453,223.92862,138.39804,232.49466,255.40329,177.86572,151.82863,161.09286,222.8642,222.77066,196.88824,146.95493,238.36058,253.9213,204.47884,263.24554,193.37206,170.1442,211.3563,226.40979,239.09775,224.05983,167.30048,183.72626,231.51463,115.27371,260.82303,249.71667,182.44363,238.21829,137.85254,236.2338,234.75165,126.504654,224.28369,230.38315,123.393654,243.45877,190.59286,244.78668,38.051258,213.14021,165.86243,185.79057,139.74673,172.00278,187.40631,168.87216,160.82825,127.96597,235.47055,124.62308,190.39691,253.0078,214.38367,233.94109,211.3753,211.94547,246.3121,248.89859,75.8659,253.32867,254.7264,212.45761,237.03058,239.6251,209.05128,93.32103,114.62978,215.20691,123.46492,223.80627,230.00427,131.03748,189.75238,169.70413,206.68411,232.77927,78.4894,186.58577,238.98387,203.4001,212.80862,248.408,182.20688,249.83359,157.31375,226.5586,203.53137,210.94655,221.87349
2668,197.96394,140.92154,165.91522,222.70238,206.71826,126.2417,224.22723,218.16383,266.8362,197.53537,144.8942,210.24013,236.31915,156.92616,218.9822,236.78267,226.92677,218.29669,169.23236,166.82166,184.86972,226.9553,175.69571,272.28394,243.53589,180.73488,182.87692,225.5886,253.39026,208.59396,196.84227,214.84915,212.17911,258.6369,237.82286,205.23698,206.2681,221.20428,204.1051,182.01465,184.49966,48.609154,209.18478,204.43005,212.67255,247.68651,158.56482,168.79982,265.89612,178.76428,185.6521,240.17715,236.39029,230.90863,211.23376,236.03467,184.72931,219.68451,219.48158,162.4901,217.22812,217.98154,237.89258,192.05255,203.50943,186.75124,215.56421,236.55693,224.89111,162.37823,214.53716,236.4751,238.56628,217.31995,223.49362,215.92351,173.68723,219.19122,209.7016,198.41452,197.945,237.00237,216.40416,242.7282,234.92368,237.36131,234.51675,229.04262,220.54651,241.18695,221.16602,252.37573,167.24843,213.76627,200.78424,197.70587,157.0224,240.9294,228.22977,161.64017,259.09592,237.78032,202.42084,244.7439,175.78934,192.55905,265.85178,161.78955,222.77045,212.15039,158.01913,213.32382,227.50443,215.09737,164.26837,232.84573,141.44417,177.65614,165.92535,183.85106,242.07274,164.89331,146.12921,190.90613,209.73454,206.25964,203.56668,248.60771,227.83168,210.79361,208.18582,215.8801,239.845,232.40594,91.279396,230.69943,250.75862,205.57687,220.17175,226.23396,230.6415,106.08769,245.74252,215.88464,219.17902,224.86429,237.57341,162.76514,227.30621,211.21516,223.87085,222.30888,190.99593,213.65569,210.66241,196.47247,223.70285,235.4524,77.87775,272.774,162.59366,245.57138,214.76595,249.47937,232.45345
2669,130.70724,113.59129,107.4592,211.88289,197.46797,105.97302,215.11246,192.52136,246.186,191.96417,120.14063,190.4576,222.28835,164.16869,229.35406,253.20709,202.23947,216.24857,101.69523,145.63504,200.77655,230.07803,201.5018,263.40106,247.19595,132.03418,120.61806,218.3773,262.59302,169.2396,186.0885,170.31366,222.63605,229.73572,177.81088,184.78064,145.9548,242.7132,171.34866,170.59756,129.63719,48.269043,167.47104,187.6695,210.71712,252.27576,63.477226,116.98009,271.90607,121.61116,209.1037,250.37372,254.48473,241.53722,188.60605,237.9718,124.12453,163.89487,179.55339,118.444244,182.51788,192.80176,227.16702,187.93144,166.74171,126.91635,195.32037,234.18427,210.27493,132.0942,166.35387,237.38422,240.727,241.3075,219.88605,207.14587,142.64117,223.98448,226.44852,174.66135,134.79703,138.61487,221.10628,230.99782,184.01474,151.70483,249.76894,246.54309,218.8179,257.22937,151.44232,182.91312,126.174515,210.81627,223.85638,208.14046,142.18188,175.63982,184.22293,125.725075,267.32452,230.96075,193.57578,235.26671,121.423615,207.33864,246.11957,121.4261,219.93068,219.16791,127.299286,205.7479,205.00769,203.60986,47.515022,216.37111,115.91807,132.65297,122.95993,161.17772,203.94508,144.01773,97.7561,114.64265,166.28592,149.75455,165.17566,234.89452,219.67555,213.60051,212.0304,214.66724,249.93068,246.76411,64.24727,233.30289,254.66449,157.16278,205.08469,191.55367,221.48509,94.620094,131.39462,188.4369,121.06322,209.90648,242.77597,125.20833,192.27002,181.57486,226.01851,230.27275,103.95175,181.12183,228.04741,194.27747,211.31001,226.20117,57.494568,249.62408,159.98553,230.61981,211.34006,211.70242,233.86705
2672,93.84539,65.742744,141.52747,220.29945,199.06943,42.59089,190.67105,148.26102,253.1425,162.38922,81.07456,161.3855,199.81918,103.75152,205.71037,237.79321,158.48032,197.1683,62.477966,97.28787,126.583954,221.67136,165.61249,273.54337,234.58926,97.81331,148.1046,163.3913,266.78894,155.78857,117.58331,100.24417,190.19862,249.58337,173.33475,136.6207,155.9668,207.80222,85.76794,97.48384,81.45416,13.361134,128.19328,132.80753,186.41696,227.25412,111.814445,30.274437,275.0572,84.644005,158.16353,228.88826,242.75998,212.35925,138.12921,204.58487,72.02631,118.74277,202.0848,61.657078,152.35472,146.6665,194.26439,136.08604,116.80586,48.270424,199.54692,227.97762,158.2042,87.44321,112.36321,220.86673,216.38464,202.60263,146.9213,180.71364,72.5426,191.94113,208.3794,104.31749,96.822784,162.71378,227.17099,209.27151,169.45993,193.3822,211.84467,234.00708,158.46854,229.29407,135.80959,200.86444,122.87418,185.46465,184.31656,119.66346,91.89032,217.34378,222.63974,79.16692,259.04083,217.77293,109.401184,244.09103,70.16736,163.51158,267.6681,56.75978,189.16135,166.56616,56.84056,174.40594,169.54019,200.48135,104.50633,166.11356,74.32179,122.403366,53.274117,77.395706,165.55408,140.1365,93.09465,75.71537,163.97029,104.52969,120.0975,245.03218,194.86893,186.24255,133.0422,153.23169,225.26038,220.96489,54.271442,229.19217,240.99915,172.88884,171.24843,156.0738,169.38708,49.967384,185.92339,120.202576,173.57869,135.9753,221.85284,86.45338,133.17221,83.80366,198.73601,174.59555,84.516525,139.77509,169.78406,102.03197,186.29651,222.52243,64.102165,279.49298,107.13234,243.91702,152.77141,249.63962,190.07307
2673,200.4238,147.4173,166.5599,217.41724,193.29779,140.87462,211.26817,197.75969,273.76596,194.00868,164.96512,196.4433,241.20209,156.68314,215.52872,228.80318,227.50055,210.56534,176.9445,176.56354,173.03882,232.1113,157.29953,278.99875,236.7563,191.40645,199.24805,217.03795,252.56453,207.88489,196.12701,196.77786,211.82747,271.91635,231.33194,199.75305,206.08218,213.379,200.1597,182.33818,167.71957,73.97454,200.88443,209.362,202.42166,247.2641,169.52219,159.76505,267.85217,195.99496,178.40942,238.76012,230.2122,221.6484,206.48335,234.23776,177.6805,212.36935,216.55063,178.48555,212.39714,215.24765,237.25095,185.8876,208.14978,179.97879,207.80716,242.43517,222.8595,175.41367,224.41495,238.06973,234.10136,205.47232,202.65431,210.1217,177.4127,215.4798,194.50322,194.75826,200.47586,241.40584,217.1155,246.65082,226.74673,254.51251,229.30435,223.38402,219.06519,232.22504,211.5384,267.04584,149.97803,205.10936,187.93689,179.20148,152.08203,255.39812,225.81345,176.90561,255.87581,232.24982,208.99908,251.29291,179.23804,180.23685,277.56818,165.75542,216.27513,198.03238,161.04445,198.7752,226.07208,206.78833,183.73465,230.41898,131.31601,170.76917,163.98521,177.18509,244.31792,166.7143,138.6337,196.03299,194.3935,207.69414,190.57066,246.18416,237.93555,200.82669,194.21466,208.5961,234.60323,227.47134,112.269455,224.2612,250.7862,199.84836,206.48756,206.52814,230.20714,125.773415,264.47723,199.72014,235.40196,209.17404,238.65439,176.58914,216.68552,199.90198,226.48059,215.10957,200.20859,213.94058,200.39687,187.07382,220.8133,232.3246,50.55151,284.22186,169.76285,248.92029,207.83704,262.8147,231.5039
2674,140.83678,100.71355,170.31738,221.95155,198.8565,77.28761,203.72723,180.3845,262.92786,177.84273,110.432465,183.82736,214.4018,123.51169,202.54059,222.73047,184.73012,201.2192,117.99691,127.8552,135.77951,218.65422,152.5149,272.89844,227.15536,140.49019,176.14244,179.48917,252.39108,172.09213,149.1897,157.11377,194.74564,256.3495,217.85017,166.93802,193.96225,197.0108,143.27281,129.72229,139.27356,34.48632,171.36465,167.73605,193.83112,225.95163,146.70403,96.51678,262.18622,132.56625,158.51328,221.32138,227.77518,204.42783,176.37431,210.85098,134.87595,175.79118,219.02458,107.1137,185.72028,172.37721,212.49643,153.96802,158.08246,119.58597,211.49843,230.39154,186.12819,119.65407,174.57239,224.39835,220.27103,192.05438,167.62811,193.50763,114.85333,196.76514,194.10208,146.92114,150.6324,222.48044,215.39737,223.742,203.08502,229.547,203.7948,220.27377,176.49478,220.66101,195.88588,238.39919,157.6887,191.07507,174.3362,140.24908,123.80209,245.07828,237.60086,118.309494,246.75888,224.63528,160.5184,246.29022,126.046326,164.77634,266.37372,101.56311,197.6589,177.40842,99.15109,188.61017,188.02254,207.67584,141.18202,199.12991,112.059044,160.96115,107.2657,126.35899,205.88805,161.96884,133.43967,137.22176,197.32018,147.6437,160.95853,244.3418,211.46478,186.44687,154.21918,172.49808,216.52159,212.17566,74.209946,221.9462,240.55411,204.48782,192.56601,193.0491,198.4234,73.04562,220.11133,166.21844,211.5815,171.67473,216.12622,122.36197,175.08023,142.90405,198.20609,183.68231,129.29883,174.858,174.36447,144.00195,198.2237,226.9395,77.42573,280.3532,132.11504,243.03867,171.36568,254.82295,198.85178
2676,188.09077,120.02694,129.15627,208.20816,190.22253,114.62959,208.14456,187.58887,264.8553,186.94751,137.78055,182.59006,232.9874,153.01743,218.33687,242.27634,229.62787,206.33208,155.62372,166.31805,188.4591,227.71068,177.07469,271.51782,243.8554,163.89513,178.93594,230.5592,256.4732,212.66432,191.32146,190.11801,209.62244,261.21146,218.7371,192.5707,179.54572,228.75104,209.50208,183.43149,149.45688,44.987755,189.11008,192.18008,201.27036,251.39632,137.59827,145.67737,269.5434,172.7956,186.8435,244.93521,241.12625,237.62334,209.75107,232.43985,157.61542,196.683,201.09116,159.35991,195.97244,220.11435,241.49078,181.95145,195.61319,183.74257,199.77809,234.9695,216.74747,158.3847,214.12149,232.92307,234.06468,224.43774,203.72021,203.8342,168.64406,214.73004,208.9216,190.09595,181.1229,225.33159,217.838,242.47052,227.3334,242.64346,241.66486,232.8766,221.1587,245.69025,200.96152,262.24243,135.74023,206.62189,206.34154,185.51901,139.25742,236.91342,199.39859,159.4114,264.0772,227.71681,197.10373,238.48166,155.777,187.39279,268.15097,152.95572,220.20145,212.45062,154.68054,196.15387,228.3214,193.49518,153.21655,233.35684,108.19482,141.23448,138.87836,160.45758,246.47855,145.00812,107.120255,176.10114,176.01959,211.25876,183.26898,240.40974,224.04688,208.20702,209.18011,215.32303,244.2034,236.42603,77.296715,224.99927,249.84875,178.67747,204.29945,200.86053,232.65161,100.71524,242.1754,190.44106,212.86073,207.9599,241.83487,152.73663,226.97482,209.34119,227.56323,216.9949,193.0807,204.28217,208.29523,183.28465,226.32904,223.41998,36.806175,271.26978,161.886,245.73347,219.12155,244.98007,235.47014
2677,134.41733,125.928154,193.00818,245.22234,253.22127,92.527985,242.08363,224.08475,240.96895,206.7767,115.95489,231.9921,217.72345,166.18219,235.69101,264.01944,172.24615,244.72345,106.61473,140.89343,189.59167,227.2295,253.34981,261.99203,260.20105,138.7673,129.41736,191.54605,264.78,170.14264,164.07207,150.65506,221.8117,225.30307,182.99109,186.81165,190.75874,246.65634,102.9268,135.27966,159.86932,5.8032165,176.37317,171.90884,231.15546,242.77591,93.10362,89.403656,273.6968,112.545044,219.54282,246.95096,265.08914,239.50507,167.1783,235.1243,118.673996,150.37793,222.01508,96.485275,196.83565,170.54851,201.07536,194.21951,158.7896,81.85308,231.97911,232.15964,189.27148,130.46683,118.058655,234.61554,243.74338,249.4986,217.25473,218.45322,125.92923,227.49446,263.29462,149.70532,130.70117,142.51189,227.99373,215.67621,180.14902,149.48376,243.49059,257.14618,192.46103,264.17883,160.8954,163.8963,214.78522,223.04138,241.69449,195.09828,167.72534,179.47717,240.8243,111.92456,267.753,243.80977,132.14577,238.86214,118.892525,230.50111,245.74261,113.131195,217.97647,213.44086,107.79447,235.18486,190.37552,245.06096,52.644775,181.7052,171.10342,190.11012,115.44995,132.5816,164.29587,170.40834,174.26758,102.571175,232.8541,120.03517,172.50589,255.51477,210.61046,230.72792,189.26117,194.82004,250.81396,251.87642,71.57507,255.57962,250.1443,209.3057,222.34561,217.12527,179.39697,80.75662,132.92807,175.97066,126.22131,186.34569,238.7106,125.58986,159.9135,117.263435,215.21634,219.237,86.09736,176.47397,228.37292,154.6098,206.11526,246.11542,235.52792,255.24405,152.62993,230.17535,186.90688,222.77267,217.89868
2679,62.311295,70.83156,26.883604,155.11548,133.84955,66.55786,135.98416,58.24896,224.9295,142.60591,109.18816,77.359,188.39265,165.41144,212.04019,259.9631,198.14551,161.04562,50.660446,167.4576,210.49915,224.57953,186.66785,245.5825,219.14246,62.94196,128.05913,208.19553,257.46854,212.19247,163.37637,32.839756,194.48325,239.03506,50.950695,123.68141,72.57637,251.16785,180.33911,205.42337,-7.190813,79.985214,80.50935,124.3649,145.0381,260.5251,30.788763,-5.9112825,269.16904,95.39903,204.74236,255.84998,250.22574,243.28827,162.40791,199.46289,-1.1083401,34.65191,121.28546,101.36015,93.22856,193.25548,221.47934,132.15718,128.96445,63.42038,138.31927,204.43045,151.62314,140.01225,157.03656,197.68796,198.25072,250.75479,100.56119,131.70233,133.4711,191.42966,195.21951,127.286285,37.892212,50.05283,215.19559,218.56042,104.34276,160.38571,263.24207,244.51326,217.55313,259.9721,34.28383,193.3173,33.145073,150.59125,231.42812,131.27216,93.344376,152.6789,112.263016,159.3333,271.56445,171.34937,192.4119,201.17654,59.95848,171.0708,259.84198,80.08362,192.85123,190.14517,134.63672,122.780624,189.6305,121.54709,61.016464,180.98398,33.21194,24.726954,22.17952,55.67309,194.14163,96.33992,10.267111,30.536283,47.389893,196.85117,59.905964,184.38,204.60033,185.6469,190.13104,193.62228,244.03458,248.99533,23.471273,191.83232,237.58435,71.06697,120.22011,66.28181,218.01425,102.60424,167.0975,56.764618,104.629974,100.52408,264.0742,89.08213,143.48814,123.09225,247.3262,175.1725,149.16293,137.99512,197.1023,135.89218,195.409,165.46143,-21.280775,235.3288,181.33209,233.31458,213.06818,196.0618,237.32701
2680,186.0537,157.32593,154.38493,251.05865,241.86575,144.69641,261.23306,246.42395,280.73557,229.11798,153.11295,238.10135,260.06818,199.53445,255.59567,276.00452,246.30463,254.68707,163.27345,177.23723,236.53908,250.59827,235.65778,291.3734,277.83206,170.82889,132.80922,264.77167,279.85474,197.84604,228.79033,233.45972,245.55121,263.1604,232.84097,239.97607,197.12683,261.28198,235.3602,216.80486,196.51443,56.238853,228.36882,223.78006,250.43936,279.05914,78.056076,180.78255,289.3175,169.36452,234.92365,268.84146,272.76697,267.51245,253.6284,269.25366,185.66266,221.8878,227.10231,163.6137,231.80139,230.66296,269.41037,225.37642,213.00702,207.05603,245.87257,257.74356,253.17229,168.34966,231.1311,261.1715,272.50256,263.0255,260.6587,242.77634,193.71683,254.78448,256.90662,234.49052,191.49837,195.66959,238.87311,266.53906,241.81708,200.63109,269.45,265.66245,255.50394,284.20792,221.79422,241.14828,194.73497,245.55801,251.16943,248.2107,190.11353,218.05399,224.63762,154.93756,288.44278,268.0985,243.56122,259.09116,178.85245,242.91347,272.0476,177.95824,258.2273,262.2675,177.33139,252.62854,238.68486,242.87607,63.597435,267.2764,172.0242,181.3274,176.23358,208.56137,257.48828,172.99106,149.11426,173.92645,226.04388,197.93396,222.31099,274.06308,250.40158,253.96327,261.08752,257.7905,276.20367,270.25385,89.88509,264.53015,281.91138,217.2511,256.35562,254.12279,265.70245,120.581345,164.35648,244.38216,156.32993,260.04053,265.0255,166.79025,255.2709,252.4644,246.89415,257.18845,136.82419,238.0107,258.51178,245.26675,257.28043,263.48615,112.33037,276.5498,184.22711,257.23804,260.95795,236.01366,268.2565
2681,212.53653,170.20706,189.18268,245.49341,229.86699,156.58353,239.70135,219.04526,285.58832,217.6843,175.35504,219.81506,252.75912,184.67783,239.66919,255.96075,235.95369,239.66702,201.34018,191.10182,201.5801,246.0333,199.58524,289.93823,260.63617,200.2064,199.81876,235.36404,270.32224,229.14835,208.19952,204.3509,229.41101,277.79355,239.86354,222.31232,229.64539,238.52318,215.61923,203.8866,189.23344,78.63522,221.71736,211.04616,229.55789,263.97787,174.97276,165.76329,281.54517,206.75613,209.54752,254.43625,254.60947,244.65689,235.70068,250.1455,189.16357,216.58426,245.26505,185.96835,228.05325,225.93903,254.27448,203.3795,217.8561,197.30634,240.92752,253.0976,230.57312,191.07608,236.82684,251.37718,254.73766,234.96777,214.8242,225.59169,190.43814,236.26668,228.91478,211.56104,208.98087,248.95168,236.34592,260.9804,242.48111,261.52814,248.49164,248.84883,231.749,259.92966,232.27954,276.25952,196.5364,225.25726,222.37053,197.62363,183.66852,263.08218,248.48929,189.963,273.8208,254.26529,221.54422,263.27274,200.46858,213.72598,283.0222,184.79529,240.3034,227.15941,180.53268,227.94522,233.1505,232.70355,179.61911,245.85208,169.82497,195.39157,173.89722,177.37521,256.57043,188.1356,174.46898,208.03026,225.6778,226.33463,208.09045,268.278,248.80515,232.91788,220.53702,228.64015,256.418,252.17017,127.17302,250.58905,269.10675,230.69193,233.12091,231.1466,245.54022,145.72453,264.4804,209.85464,238.32022,218.82855,254.12585,190.59903,235.0797,213.66792,238.65445,226.28383,209.32333,234.99231,223.67474,203.61185,242.83408,254.81424,105.07898,291.21445,187.23819,265.4029,232.56296,267.8996,249.51251
2683,135.54558,86.048294,105.7033,192.66364,170.50156,76.13052,188.63937,162.03922,250.76288,169.23074,99.670296,159.92142,211.6936,131.89978,202.25305,223.76436,200.26666,187.27744,105.88727,129.14511,162.18147,213.87389,155.62784,258.8342,224.13754,124.3714,160.51532,200.42088,245.91214,183.73555,164.10077,156.77493,197.54138,243.72684,190.74153,164.73412,156.70648,208.5091,180.02051,154.36026,116.09161,43.881233,160.50592,167.06052,183.50752,230.9708,114.69029,98.28657,257.49722,126.13825,169.4791,227.10806,227.12332,216.42294,183.78996,213.76405,121.41986,164.59808,182.78291,114.135284,171.49599,190.98944,220.86563,157.55153,157.88919,134.73697,181.83617,223.4668,193.60422,117.131676,187.398,220.38016,217.5122,204.79575,174.70047,185.92738,124.128494,197.83554,189.69519,156.95013,137.90567,195.99118,206.87057,224.96565,196.52728,217.55629,217.46066,219.4403,196.13898,226.56221,170.01215,232.86266,110.44332,187.87311,184.36926,162.04375,113.24658,219.39993,182.22612,120.39685,247.35327,211.73035,183.36281,229.35556,115.95224,168.91711,254.42137,104.14216,200.17143,190.96593,110.21644,175.61902,200.59894,177.75575,127.24764,210.83969,84.90954,119.76338,100.37278,132.18724,220.54788,131.35693,84.59802,127.29732,150.8043,173.24269,152.7468,221.55688,209.51079,185.96948,181.30035,190.74997,221.53893,216.98134,50.56151,208.52306,236.30917,155.68442,182.48045,172.62143,213.66376,71.11127,213.40659,163.54005,192.31305,181.65103,220.21042,111.35361,193.64125,174.5531,207.07861,198.46445,140.35275,173.29141,188.71036,163.03798,200.77989,206.01862,18.88423,260.19055,139.45508,233.07037,190.46078,232.61931,211.74643
2684,172.86137,163.44763,198.57318,241.9899,236.22461,135.4275,234.87593,212.90811,255.3937,212.41968,153.19482,221.27196,222.47836,188.73782,230.71645,250.10428,190.939,237.89865,167.42444,174.48657,195.53296,228.05064,216.52086,266.12885,245.82571,177.48044,172.93045,193.67616,258.37152,211.7102,188.4969,165.27104,221.90955,239.7638,194.39702,200.19562,218.55437,233.85216,153.19847,183.57831,172.62901,70.09459,199.86557,189.6507,223.12802,241.91852,151.93895,128.55588,265.9805,168.54816,217.52774,237.23337,251.4844,226.52318,198.28134,231.18799,155.98056,173.9606,235.73352,145.59122,213.34598,192.10182,213.69397,194.95769,189.43362,129.20624,235.16992,231.30135,200.17654,170.54855,179.0015,235.13808,240.22498,234.6591,199.33192,212.87772,163.68896,225.4089,234.62886,177.84737,168.20401,187.11642,225.20464,232.00095,191.68944,200.8092,233.2438,245.6187,203.10414,253.98082,182.59836,204.20486,210.02812,211.68234,224.78448,190.33917,186.47131,219.16573,249.68683,170.58344,256.78967,241.27872,186.35667,246.31284,178.44409,218.66194,254.02309,155.05121,222.99753,210.53749,156.57446,225.89967,200.90845,235.72534,140.09348,198.34267,189.13019,201.5725,157.79459,154.99353,201.17801,185.3942,191.51193,163.58328,226.83487,187.78537,185.87895,250.29945,227.98499,222.2425,200.4027,204.07083,239.8814,244.02638,109.45879,244.57008,251.81248,221.85858,220.36765,211.67526,205.08194,128.9371,216.0942,180.54988,191.69954,185.89201,233.87277,164.9742,184.90666,149.10847,216.71378,211.86392,167.77585,206.27185,220.90973,179.93028,207.84363,243.07727,178.80925,266.35522,182.87827,245.13272,199.06197,242.10545,224.64587
2685,115.76291,123.507324,107.26398,216.91127,201.8517,104.580925,193.61002,123.534836,257.53876,188.29489,140.12643,143.16086,218.7577,185.82886,236.46277,276.41144,201.0484,215.72105,115.87907,175.52774,214.24261,243.20354,223.23819,273.63342,249.53162,118.958374,163.33786,212.35919,275.5531,227.07968,175.95425,84.89199,213.1546,258.23138,109.88956,171.54185,147.77428,257.40063,172.28809,208.92877,60.419056,84.67148,138.47299,151.44208,195.59804,266.27167,99.36865,42.798714,283.77176,136.662,223.09949,256.5864,267.58722,250.08426,198.44385,223.24786,57.79346,89.48568,191.6003,121.019714,152.12047,197.23949,230.12312,165.85684,159.92389,95.47064,204.58055,228.24728,175.44821,162.5856,178.30522,226.94748,233.17667,260.09357,144.50244,175.43459,148.44055,220.83173,236.12071,156.7327,93.31563,107.26834,240.95786,240.32687,150.91452,192.02249,263.56717,262.50488,217.18124,276.18103,97.10289,211.53848,115.78647,189.26651,247.25677,158.71886,148.76294,201.17648,188.9094,169.40623,279.10684,219.57193,193.78598,240.13171,120.54198,209.47777,272.75507,120.43541,225.074,213.71555,147.11026,180.5983,197.19714,185.21857,108.79034,197.71814,109.37365,100.18828,77.678696,90.71942,204.8057,157.66193,92.546875,88.78203,124.707,202.80025,116.7058,237.03642,230.59547,226.64081,207.10947,207.1854,260.96426,266.73398,82.154785,237.50345,261.48547,148.33813,175.65506,131.27106,220.37912,123.89718,202.50102,107.6133,153.62688,137.6673,265.5271,131.83292,170.1102,138.91483,246.75186,192.99448,159.59302,186.24867,215.0708,156.8045,218.8201,219.44467,60.275806,269.82608,187.79895,263.08124,222.51926,237.41444,245.10103
2686,130.08264,150.84512,201.12865,253.439,257.64334,112.57615,237.21791,204.07565,244.08551,212.25201,143.35663,222.12077,213.20703,180.5002,240.22272,269.46808,160.27989,247.90436,121.8015,160.7156,187.42575,233.41327,253.34138,266.9298,259.56122,154.02344,154.98889,176.05942,271.9194,184.2486,160.00174,123.654236,225.46469,227.94632,163.24863,181.73697,199.37842,248.93683,90.441284,140.9585,143.23569,37.330647,167.95026,167.81985,228.8421,242.91919,126.35883,70.56221,278.2448,127.24333,227.58185,246.68198,271.69653,234.17618,165.00014,230.60405,108.62549,130.42432,231.3504,104.526,191.1342,163.1411,196.53091,191.16284,158.2285,63.77923,237.92242,233.46014,176.45319,155.11255,117.98961,235.08919,242.61766,251.8487,191.13527,211.94913,129.15225,227.68925,264.8438,140.41968,124.5112,136.47017,238.38672,216.01637,162.89172,156.92729,241.59293,264.97565,184.44858,267.73572,146.05128,160.30875,214.85034,216.35742,245.162,178.4471,182.64359,189.27126,252.34355,139.60619,268.55023,242.81927,134.03381,246.81337,131.90671,232.01799,249.54282,121.50092,216.82942,206.1336,118.96425,228.763,179.4838,247.64291,86.701836,170.69499,184.84639,194.21643,117.59035,118.41399,156.28925,190.23096,189.88223,103.71077,223.68417,128.33768,159.08244,257.67856,216.62349,231.95679,177.71107,186.13023,249.97609,256.9515,101.57625,260.77527,254.16718,211.97113,213.13577,197.27574,175.54774,114.23004,154.96683,152.2139,144.53812,161.42583,240.44751,147.3667,142.30966,93.109886,214.65451,207.7976,100.89454,175.02356,223.80125,145.93008,200.41515,248.41766,232.00664,264.07892,170.96439,241.11392,179.76227,234.35611,214.24257
2688,84.145515,109.094604,189.49345,236.573,232.79173,69.55476,209.11557,183.16528,215.7862,180.79079,105.57503,203.13274,177.25879,134.12627,208.69516,233.56483,107.27351,217.74518,75.09821,110.2545,126.136444,206.31151,208.72766,246.11212,228.91159,117.073,129.95679,123.65996,250.0524,120.355774,113.11728,95.155365,201.2224,194.62338,152.2454,141.894,169.94847,207.33795,33.198036,71.37743,119.15216,13.345228,132.16597,141.8505,201.3025,201.81876,106.23369,39.69483,252.5239,84.31958,189.42789,210.81558,245.519,189.57013,119.36781,198.94534,89.25202,107.128555,208.16724,60.002712,157.88623,108.19715,159.04205,154.28664,115.18375,13.519533,213.1094,213.94527,142.51382,104.13353,70.11638,209.61942,211.99002,208.97937,158.54274,187.50198,77.40794,194.24545,231.32755,94.83134,97.91971,117.89311,216.7197,177.25366,130.05692,121.06346,193.45859,239.35248,131.97626,227.6807,129.50017,121.326805,192.49203,187.62247,200.26202,137.05498,134.70767,166.25226,242.85678,88.39807,234.94696,217.33957,92.81364,228.04752,90.71972,193.98634,218.69705,71.21836,175.19849,162.12778,65.10393,198.5016,130.0943,231.54367,55.767517,136.59074,137.64087,166.53857,83.94583,98.309875,109.90701,170.05838,151.80968,70.75131,211.55621,53.788624,128.05418,234.36064,181.66151,192.73236,119.45852,137.59126,208.57785,218.77121,77.96581,237.09407,226.13803,195.83078,182.42587,174.32219,135.1907,74.68671,110.87466,129.82878,118.48843,131.0871,196.75623,105.41559,92.281586,43.574707,165.33978,174.36267,31.445057,126.23461,182.63507,108.73633,159.99542,226.46637,210.0159,244.42752,126.32463,210.02081,125.39459,209.47745,163.67874
2689,192.2399,143.87271,186.56403,240.53845,223.7785,115.12387,230.6037,216.8649,275.48175,204.55624,144.80763,217.09396,235.0184,150.08368,225.08261,243.75208,206.35147,228.16528,163.75275,160.99808,164.40445,234.64731,183.43481,283.37085,250.60822,181.56668,195.38918,203.39578,265.0799,206.23065,175.62074,193.14285,215.25937,266.91098,241.2662,195.81372,221.8566,220.73987,158.53722,152.66263,178.12521,28.171553,205.71967,193.91617,219.50795,244.60425,170.79907,140.80774,276.02225,172.98628,184.65443,240.42334,246.11517,228.12297,195.69452,235.39603,171.69998,206.31583,240.20505,146.9662,219.30128,198.42169,225.90472,188.22144,192.96452,152.78935,232.0597,244.93985,211.57962,159.60925,185.84866,242.99901,242.08122,215.52917,207.56146,221.308,151.94302,221.14557,220.33812,174.41608,192.65768,242.82109,230.60248,240.49515,231.42403,247.82523,227.80719,238.93552,198.37082,243.00394,219.6573,251.56866,184.42924,218.50554,201.17737,175.41026,160.00925,254.70685,248.79895,152.36182,264.28003,246.0072,167.73427,258.6047,167.66782,193.96872,276.45184,147.624,221.33916,202.23657,137.93454,218.098,216.5027,231.23956,173.7203,213.14166,149.1127,192.42894,150.09256,156.14917,223.38684,182.33817,166.14998,182.74051,224.20251,179.83167,196.89035,262.96173,226.79146,212.99646,183.89995,197.76868,240.47385,235.52872,94.50127,243.45682,256.60562,224.27979,220.99698,224.7944,209.39458,101.17121,254.75287,197.48135,232.61864,203.62576,235.72482,162.04321,204.26286,165.55269,217.11958,213.30537,177.14359,204.17612,203.79353,165.61989,221.00735,248.37871,103.43266,288.75882,154.63913,257.19006,194.33801,265.75323,221.63705
2691,149.36035,142.95337,200.3166,255.7704,258.52216,108.52455,246.78986,222.16086,253.3893,215.39832,132.78416,233.20291,222.75638,176.01508,242.46988,269.4914,177.33142,251.40662,130.71603,155.96599,192.20264,235.39316,246.2375,271.2205,263.534,155.83063,154.83786,190.45746,273.2353,192.56975,170.48611,151.20068,227.68307,235.89917,186.69702,192.15079,208.6646,249.47975,110.15792,149.94275,162.06181,29.57934,186.27841,177.75641,235.8667,248.24652,126.421814,96.493256,280.3836,135.40173,223.99313,250.22427,270.78082,240.71848,177.1643,238.38995,129.91441,156.20354,238.38559,112.91406,207.09428,177.796,206.17984,196.6943,169.81873,89.07955,243.55237,238.17563,192.23402,147.31586,133.58847,242.5206,249.70236,251.56018,210.09848,221.90091,136.99557,232.87929,263.04132,155.53854,144.32605,158.85863,237.89047,226.1449,185.13907,170.75809,246.04855,263.5682,194.47064,269.15964,167.96094,177.96472,217.89665,225.04242,242.9063,190.96048,176.9134,198.64102,254.42447,136.86017,272.78516,251.27148,142.91988,251.31348,142.12216,231.89456,255.14178,126.59913,226.42282,214.96228,123.91147,238.16544,196.21216,252.39526,91.78019,184.00702,179.01932,199.31546,129.4396,134.23465,175.09647,185.66049,184.88577,125.6694,236.08064,142.73328,178.0141,263.92902,221.11981,234.81464,190.91385,197.65984,254.72366,257.6576,92.06232,262.53775,259.1091,221.57547,226.26831,216.89713,187.1865,103.03167,167.38701,173.76608,155.61426,182.29199,243.38324,143.34065,164.858,117.29126,220.83801,218.72061,116.931274,188.86104,229.11472,157.54768,209.81276,254.88823,215.33298,267.4709,166.13115,246.02252,190.16367,238.96216,222.79082
2692,113.23613,101.57556,150.11795,224.84012,216.18872,81.16865,218.22595,197.3088,236.6724,180.94394,100.46921,201.25761,200.89775,137.33145,217.61667,243.59125,163.5003,217.46573,88.268906,117.66424,167.14877,216.21227,204.6511,255.40044,239.86755,122.4991,136.40164,176.83618,256.00275,159.02124,147.48141,146.71666,208.90558,216.31573,183.7384,162.16537,165.42159,227.47237,109.51309,122.58563,127.63765,27.457542,155.61093,157.51935,208.50426,228.7234,107.72281,82.84604,262.4347,100.26171,195.83047,232.10751,250.23468,221.43088,157.89053,219.54568,111.63903,150.09457,201.55017,86.58034,173.77307,160.871,197.64839,164.72006,138.25787,84.08222,207.86084,222.23608,180.40756,108.576035,123.57325,225.36743,229.156,228.02765,198.75768,197.95157,104.1839,209.01147,231.1637,135.77261,120.19617,156.50641,217.36566,207.96669,174.35168,154.74126,224.80508,242.26823,178.02472,244.89902,158.76462,164.38812,161.52594,201.23041,212.38382,177.77051,125.94502,186.53082,219.11034,97.924,253.53577,229.08133,139.43741,234.13318,103.67757,200.68646,234.903,92.26018,201.55786,195.69734,91.18622,206.99811,176.91887,220.1413,78.59822,180.52536,116.19223,148.9704,100.68445,125.16717,167.46198,151.05954,120.81494,101.12308,195.96738,117.016464,150.18204,237.90355,197.23807,205.07707,171.86537,179.195,231.6706,233.3638,68.224106,236.96417,241.98744,182.3364,200.61443,195.06839,181.33926,76.2691,144.81499,166.8706,145.86885,179.186,218.9438,110.73027,156.16028,120.47787,197.55121,205.79965,91.97097,155.8313,207.53716,153.34009,187.73825,229.16513,119.98977,249.68924,131.60199,225.28296,171.13902,218.67273,200.58104
2693,224.38168,165.66925,181.98529,229.68326,213.2757,171.72815,233.58022,231.5896,277.61896,209.957,175.02547,222.33948,252.86072,184.37128,233.13286,249.10889,247.22093,230.6735,199.8991,191.05692,210.75238,241.27762,191.02667,281.65726,254.03735,201.42583,197.6482,247.51308,261.28522,228.1222,220.92899,239.3512,228.30573,273.80914,256.40338,224.63254,216.03824,240.2471,237.9352,211.19855,205.1996,90.964005,225.17697,223.64151,222.57703,264.17737,175.85521,208.383,275.83008,208.71764,209.21237,256.00983,247.6888,246.10788,234.36111,252.37338,210.46869,241.43877,227.43236,202.99171,229.8135,238.47842,256.8486,211.2353,225.33832,225.56068,223.74556,248.15552,244.10423,190.21738,244.86311,247.8646,250.71129,235.28906,243.75943,227.00455,204.13031,234.88551,219.77277,223.79218,221.56229,260.56656,227.88477,257.7944,251.43906,258.39005,255.36075,241.76967,243.90982,255.31207,245.41626,278.58484,177.96402,224.55713,219.1258,221.91876,176.49161,257.94943,236.46788,189.67711,269.70032,247.12961,234.44896,254.04765,200.11655,209.41624,278.1653,197.17883,236.3235,228.29494,189.46152,223.87488,243.87772,222.41318,185.126,255.67429,159.14008,186.93713,194.33614,211.23883,264.46185,178.19647,156.80258,219.65282,218.59622,233.49408,219.0181,256.3484,245.77951,226.08646,232.52426,236.97781,255.283,250.11365,132.67354,239.64558,262.04376,215.90654,232.01718,240.22565,251.55133,150.13708,265.4183,237.41934,234.01147,247.35364,256.71317,190.55446,251.32108,246.39194,244.2165,241.48405,220.99043,233.49225,231.49612,223.24399,240.76454,244.3187,81.07814,282.92218,191.36804,256.1986,238.28497,260.7875,253.219
2694,161.51523,134.01425,171.3465,228.17282,207.38492,113.867546,213.71811,185.09763,270.19458,190.57726,143.4671,189.24512,227.0495,152.25754,216.78732,238.49258,207.10303,212.44998,153.23688,160.69333,169.06104,227.90407,173.15582,278.9038,239.68678,166.49075,187.36478,204.90471,259.85577,192.86203,174.5907,167.83163,208.03333,264.7322,217.03906,187.34428,201.75656,216.89755,194.84692,169.48279,149.24088,74.25227,185.69296,183.89726,204.8251,243.02069,162.08818,121.53295,270.41763,165.04373,182.5829,236.24207,240.48488,221.36908,206.29428,225.07336,156.67554,184.63298,223.6518,142.74353,193.26657,192.9921,235.36307,170.20213,180.27249,155.66095,219.07486,235.29285,202.06326,153.21213,214.22368,231.61032,231.59604,213.56284,180.44113,199.26242,149.80072,210.94406,208.67537,175.29915,173.18889,230.14114,221.96829,238.1836,214.87576,242.09372,225.52063,233.39606,201.96101,239.70255,208.20592,260.24786,167.52194,200.63057,196.8164,164.36029,145.99701,251.15512,237.28427,154.54778,259.51105,232.90019,210.31587,249.37798,159.90402,185.50377,272.32568,137.81882,213.8512,199.87465,141.07947,199.21178,203.63742,212.68274,159.16725,224.92273,128.58755,167.50949,137.10371,147.57024,230.89444,172.2677,144.814,165.13583,199.12558,181.7052,172.68704,251.38242,225.12947,205.52179,183.826,196.03735,233.83896,229.9873,101.28677,232.47296,252.38116,208.2363,203.91092,200.72069,227.68402,111.362274,234.86801,177.3053,221.65233,187.59232,232.2092,153.46053,199.5792,184.2982,216.82959,198.31897,158.9406,194.97855,195.66707,179.9556,214.85876,234.53284,84.64256,282.2265,157.6046,249.85448,200.93262,256.63812,220.41763
2695,203.30309,156.47314,205.2738,247.95273,241.87112,131.2868,248.46408,245.07005,273.32758,212.19128,147.37492,238.44391,237.04593,163.83061,232.0947,251.67702,222.82176,237.84358,185.4649,166.2861,187.32611,233.35243,207.69673,279.13678,256.74466,187.52611,179.98181,223.81711,265.06036,211.33429,190.89296,225.17804,221.21732,265.04608,258.1117,212.55713,231.16718,229.67508,202.26245,176.37537,213.24197,36.07959,226.75171,200.12991,232.4794,251.42299,154.93103,174.58832,273.03915,183.0971,200.53964,245.10802,252.29349,237.92755,223.29288,241.35472,201.16522,228.53516,246.71405,163.95638,229.7662,211.40857,242.84566,197.25443,201.47797,193.39288,246.6924,242.74316,224.03989,164.04453,214.68477,242.31589,248.5583,229.3172,229.93137,227.63776,169.1827,228.21301,235.9127,199.04465,207.91763,254.28488,229.43427,245.63484,246.17725,246.98282,235.11966,245.18988,214.94562,253.3862,251.35043,266.09625,227.23282,226.2847,218.46399,201.65872,176.36981,249.61368,258.1186,160.13507,267.68268,252.57587,199.3817,252.19672,189.55235,211.838,272.2042,169.04095,232.31087,226.42462,159.42801,238.47626,223.30777,244.03708,150.94174,236.25473,179.85234,213.04541,175.70067,179.70331,245.15158,182.9169,194.78775,202.75333,256.21167,202.01234,219.4296,264.8545,227.09163,226.55171,210.94414,217.34222,246.15448,241.33537,98.64078,248.9765,260.08386,244.40512,241.56259,256.27496,233.89432,111.85902,243.99725,227.01193,219.53313,228.70407,240.85321,171.58536,231.85075,209.08388,222.29697,222.97583,185.42163,216.3385,219.5971,200.88351,232.36755,252.67467,183.30176,278.99005,160.46912,254.6835,217.4805,253.61313,232.44771
2696,157.32452,98.82388,90.61238,182.17511,157.21085,95.90233,180.09024,150.58452,255.92017,167.66368,122.086136,149.6818,221.96558,140.43695,206.80118,231.75351,223.62315,182.66861,120.689514,156.3942,177.94269,223.18707,153.94376,264.9697,228.20242,140.94312,166.86836,219.50726,250.67133,202.60298,182.0789,153.42043,201.64597,259.0276,178.37608,167.43874,144.04535,221.43198,195.1529,177.38354,101.63269,50.81824,157.60036,182.04175,177.00589,248.44453,106.6861,111.15263,266.7094,149.10938,173.88889,243.04755,231.31178,229.56604,183.87749,222.5566,116.99467,160.84204,168.40384,141.052,170.05576,212.04993,231.45123,165.81468,178.69205,147.47095,168.74982,228.53229,204.95532,142.04779,196.276,224.96365,219.94157,213.67868,180.51248,185.14146,152.05786,202.47253,186.68614,169.56691,148.13348,182.27066,207.82393,235.52316,194.121,223.80374,239.06964,222.63193,217.49957,234.93391,151.00644,246.90881,85.230484,187.96082,191.85565,168.33717,112.232704,216.62724,167.29825,148.77399,259.82794,207.63144,190.34586,229.19292,126.32681,166.71968,270.03693,126.006424,205.11046,194.37201,136.31506,167.27496,222.41379,165.69777,131.38782,216.6432,70.61748,102.91612,112.40135,141.72461,234.31693,120.06473,64.79051,140.87573,130.95367,199.14073,150.09,218.55441,218.79852,186.2023,193.8952,203.59222,235.8127,227.3186,60.06734,205.44255,242.26369,137.73605,174.69604,159.32944,224.84845,88.62122,226.94327,158.5274,189.61044,184.15692,240.75342,130.66623,202.7412,184.09036,229.34268,208.91855,176.55226,181.41231,197.18227,166.6307,209.82854,202.17896,-7.2668734,264.54626,156.3852,236.9543,206.21234,235.84662,230.58461
2697,123.542915,103.5766,179.75696,188.26768,157.89978,76.31607,164.49063,158.115,220.96225,150.13818,111.49271,161.97943,171.38542,99.94808,159.42813,169.40643,133.61354,160.72177,111.436646,115.18328,85.15903,178.65778,100.51311,232.5127,174.03027,142.40886,173.26456,119.709496,207.69531,124.91635,119.493965,139.26904,166.52145,213.6572,203.05762,132.23419,181.48419,145.24904,100.10304,84.12654,136.62544,41.193054,147.72852,157.24338,154.62549,171.9295,158.31865,97.79118,214.97888,125.71448,124.157326,170.1907,182.00275,144.13628,132.99275,168.03581,140.58846,165.27618,191.17966,98.555916,163.12709,125.92195,164.07962,124.96068,139.27028,89.63909,175.04926,196.4295,153.81696,111.17107,145.76898,186.56122,175.1969,138.97462,130.09323,163.67305,96.44212,155.92233,141.15285,114.84241,147.5301,217.1666,178.49078,178.69365,161.9541,201.76682,145.48633,177.44283,127.48967,166.14227,184.21191,198.24121,144.48529,150.25746,121.8495,105.72035,109.55362,226.25304,226.1683,111.58386,191.62912,183.487,140.20178,215.08081,124.42086,123.93858,224.09425,90.061676,148.12917,125.21408,83.092926,150.60413,140.94061,180.84583,149.62119,157.89377,109.252045,162.15765,113.02579,127.90687,160.70293,160.97244,137.55734,135.39912,181.79013,98.619095,139.88852,197.67819,180.49759,134.93947,100.08901,124.70784,158.23022,161.46436,83.02205,177.82185,195.70193,187.92575,154.25009,163.5654,155.3169,73.06655,198.79579,148.46631,207.55908,140.96669,163.27824,119.36464,126.48597,103.17052,146.57643,147.15933,93.00618,138.32373,131.36365,119.191376,144.80511,187.51123,81.75714,248.1593,114.042854,201.44649,114.65901,227.13577,145.2511
2699,127.3428,118.66362,128.77725,219.83777,198.38513,94.10942,191.14467,129.55853,265.50858,183.84805,134.24527,147.89783,220.82405,166.44043,226.15814,260.4212,196.40152,210.19743,123.270035,163.63637,184.07416,240.44995,193.31729,279.37292,242.14249,133.00177,181.73453,199.34866,271.1045,216.65819,164.88097,96.233185,205.91592,267.33118,136.78688,168.31987,167.20529,236.89682,162.3181,187.30765,75.10988,72.06122,145.36742,155.63745,190.94244,256.6767,129.98193,52.101242,280.82843,142.72609,199.77017,246.83572,254.57797,233.40347,192.21964,218.9367,78.23007,110.36682,203.36853,119.49625,160.05287,188.36719,226.75308,157.36752,161.04535,99.965645,206.84723,231.45352,176.0339,152.15002,183.9135,226.871,228.195,235.50024,139.85678,176.63489,137.70372,212.24857,217.73045,150.97636,115.1526,144.71567,236.9947,239.1853,164.69524,217.01793,245.07416,249.46896,203.32173,258.03442,121.86558,229.99069,122.04285,185.38484,221.0545,141.38326,139.00655,225.5156,206.91711,158.85327,270.51447,219.86438,186.5221,246.97252,126.90768,190.07133,279.31412,114.399124,215.43185,196.19565,131.46338,176.05849,193.46155,188.81146,139.66461,197.95671,106.08633,116.45996,85.616806,94.364136,207.88188,163.7983,106.001724,110.80446,139.31409,191.48245,123.04853,242.0769,230.43233,213.11685,183.45897,192.70631,248.02026,251.50662,81.32808,233.00461,257.69733,165.17487,174.33719,140.06358,214.83743,109.957794,228.16501,115.59088,186.44316,139.0089,254.9333,131.80188,167.58553,134.52802,235.55692,183.8759,159.8699,184.24478,196.0853,146.87656,213.59244,222.67938,54.003098,281.74603,174.34753,264.63162,205.50113,253.15927,231.71481
2700,69.7628,114.93475,158.68652,237.43445,237.28851,88.24878,228.82672,213.29817,212.16281,193.10464,108.47702,225.26251,196.80981,161.00589,226.58437,246.06978,136.83572,231.87991,63.91291,115.90747,176.85048,216.28528,237.67554,248.64417,248.0381,111.494705,74.237114,172.82141,249.52571,97.16191,150.96236,140.04585,220.48303,187.46985,158.41397,176.21402,142.44429,231.74808,97.0878,107.941666,139.7815,16.926094,145.86191,169.85141,222.24173,226.41832,36.2502,81.39482,253.46918,70.175,220.90259,232.67487,255.22324,213.52362,159.55304,228.51836,108.85936,132.96603,183.12798,66.38757,161.48811,127.26659,197.61371,184.24129,124.02107,62.164856,212.35762,222.20578,180.83955,103.57616,105.21863,217.90085,231.06541,237.15958,216.82556,201.85307,104.063896,216.85403,250.1876,143.52655,100.32515,95.69992,208.2323,190.6929,142.89967,85.915886,224.6199,248.27463,178.48427,251.1139,143.36475,116.533676,194.61679,205.8476,230.33029,202.12297,151.05545,137.59976,213.85722,75.70972,247.19922,229.5393,163.51031,217.78235,93.70154,226.94073,208.0641,90.05983,194.35962,204.90918,88.234474,221.6126,142.47867,238.06815,-18.339521,188.88368,148.711,163.35597,106.150826,149.82465,135.45244,159.90137,142.23203,62.162815,214.883,57.34953,146.61444,238.8759,191.4461,222.11795,174.74084,182.41702,233.41833,239.43393,64.854675,248.47073,241.42987,185.50449,207.77966,204.55295,182.6673,77.7117,48.44157,182.16272,62.54245,191.75478,214.67223,104.01499,132.00195,121.16298,182.06912,212.57123,4.2624655,142.94254,224.10611,185.93625,186.29929,236.75732,192.92958,223.68674,136.27655,193.40192,175.37415,174.6514,195.72255
2701,149.75247,153.82382,207.20367,237.50867,223.78723,120.133286,218.48062,202.58092,243.4674,200.42656,149.74539,212.91452,202.82956,156.35449,213.81995,230.38,154.07748,220.45262,144.60864,154.45114,147.19164,217.32022,186.48721,259.623,228.6849,176.04059,181.0625,155.04684,251.45282,171.42444,153.14076,149.05356,211.37386,225.08652,198.66629,172.4028,212.16077,207.13016,96.79346,121.12114,163.46558,54.24346,177.60834,180.30995,208.86015,216.4112,166.83557,107.89375,256.31207,152.06653,189.07379,217.30667,239.47415,198.78659,159.25888,212.72641,150.7273,165.59528,230.92282,125.145935,197.6996,154.48514,188.27856,175.38763,165.77568,85.90417,223.20056,227.16953,179.15242,155.55814,136.93732,225.88693,222.96216,205.2775,177.57909,205.2317,128.81342,205.92426,214.58868,141.26706,160.7334,190.0892,222.25546,208.6101,175.8388,187.8714,201.29346,233.83524,164.03299,227.9497,180.25986,179.3931,199.85385,200.31387,194.12543,158.33597,166.9491,216.96361,254.66495,145.70163,239.37149,228.88391,142.31631,244.8256,155.24605,192.2275,241.65584,128.78,196.67313,177.61404,119.70809,207.56593,172.22034,232.21332,141.5084,172.20256,169.87009,202.85777,144.38333,144.00977,165.8297,194.8357,188.53503,148.18492,224.64468,125.50067,170.14201,241.07347,209.13292,196.19574,150.17468,167.24313,214.06738,220.40848,116.209076,233.76295,236.92873,220.20198,201.40384,198.90836,172.87329,118.57878,195.0998,168.04445,194.81012,166.25581,208.82597,159.37756,145.34381,103.069565,186.8004,192.56769,116.09338,171.7962,190.5827,145.70023,183.06563,234.35435,171.80292,265.02408,157.01346,234.1406,155.19559,241.26907,188.67453
2702,182.67337,178.31061,178.88693,247.71664,247.90979,165.6087,258.0802,248.64273,262.46655,224.62108,162.27722,241.5068,237.4976,202.23637,243.25732,266.0629,218.33885,250.2608,173.4898,180.60855,227.53314,234.04002,243.58087,272.94806,262.7481,185.99976,151.28049,232.20999,266.89886,198.5452,216.01834,222.14244,233.84363,244.67181,226.72116,225.79626,209.5234,251.8866,207.15974,202.88283,204.18372,92.5625,223.01962,214.08543,244.26039,257.91705,119.66962,184.50073,274.24283,171.48792,233.94987,251.55185,264.0556,250.28026,230.37895,250.49355,193.62534,214.5163,232.51057,166.60654,228.12521,212.58453,243.23459,218.4013,205.52061,183.3093,243.56865,238.76883,232.96585,176.27785,210.5071,246.77206,257.94778,256.6503,250.83174,232.85974,190.19882,241.8762,256.92432,216.0137,190.97658,198.51315,230.9927,245.07855,222.73889,190.31866,253.1113,257.2738,231.4027,273.12827,216.80199,215.94295,214.81369,235.26033,246.83374,242.10135,199.2716,214.24591,240.60333,165.69466,271.4157,257.49756,232.08185,248.05008,191.81006,242.03061,255.75534,183.87836,242.21008,246.70251,181.47443,251.06436,220.76361,245.41595,89.77638,238.53679,195.88484,202.74237,192.61288,206.38708,229.31938,182.44157,182.30536,178.59418,237.74088,185.47089,217.66385,261.28778,233.37685,243.07828,240.96642,236.17737,258.0337,258.15115,123.91279,256.80463,264.1018,222.12909,249.33917,249.80002,239.99461,147.55345,165.89258,232.91992,165.62895,242.03506,245.62802,179.3229,227.9282,219.03201,228.26102,243.37979,139.14664,222.50116,249.2941,234.302,230.97409,254.39417,172.99237,265.67953,188.47903,246.17664,232.03787,233.67169,245.09006
2703,160.99399,117.85896,155.29033,230.16428,228.85672,98.7478,239.09734,228.95819,253.06152,197.89328,111.91241,216.85603,219.72188,154.46786,222.43405,249.87744,207.16818,225.81934,134.43521,138.75131,194.42377,216.7331,223.06097,260.6788,248.40082,145.78242,142.53372,221.33173,253.55951,177.1871,179.76073,214.93289,210.41678,240.56339,235.40292,199.10756,188.83202,230.96115,199.84076,161.31107,180.76303,23.77461,202.17392,183.12387,225.15791,239.54758,101.671555,147.1484,259.9246,137.37244,202.44115,234.29655,249.2284,236.75986,216.38261,229.50754,170.22925,207.69714,218.77469,124.01807,203.80841,197.17447,233.30482,187.5827,175.65958,177.53818,229.50952,223.90895,213.77179,128.20732,195.63289,228.75443,238.75041,236.8581,230.68393,215.1355,145.92688,219.6131,242.14001,187.69098,173.0707,217.20963,217.16623,228.87761,230.31335,204.29146,230.74847,241.31563,206.56308,254.00671,227.57536,233.62411,192.67906,219.12048,224.85368,211.1401,153.5802,221.33884,223.5061,119.79935,257.79126,240.9326,193.41623,233.17438,147.58936,215.32452,248.32437,134.6192,224.21878,231.24365,132.19939,230.15988,205.98499,223.6217,81.43295,230.26666,143.76471,170.57996,140.82079,170.66699,227.24849,157.66258,142.27771,156.15034,219.18826,163.38292,199.83705,248.1493,206.27368,223.93489,216.70473,213.45276,239.8817,236.52513,65.80965,240.00304,247.33784,208.51556,232.86006,241.39435,225.74039,81.141235,168.57666,218.72809,168.75807,228.06787,226.58781,130.74483,225.78894,215.5807,207.41309,219.71927,124.43033,192.94118,222.22723,202.7811,221.04312,235.84299,134.763,258.1578,140.92686,236.13031,214.3104,226.10672,221.92337
2704,66.962616,89.290726,164.11142,234.73517,221.64542,55.262672,198.6048,159.22885,224.47678,167.56311,94.66415,184.16217,182.01746,119.47534,211.47379,239.37488,110.26965,213.8193,51.074944,96.440735,122.93193,215.91162,193.33798,256.97983,232.92369,96.07426,123.57243,126.68613,260.8689,120.87301,107.02359,74.8486,199.26819,205.1387,135.32306,133.1682,150.2843,211.98679,31.17376,73.01965,84.90606,15.513378,115.48772,129.07077,193.6796,211.26003,92.65355,12.834404,264.7693,66.09651,184.12454,220.0306,250.753,194.73096,115.97177,201.3583,60.581257,89.318115,198.34198,42.276764,144.94617,107.165665,163.57071,141.30301,102.14734,-1.775081,205.39824,219.89098,139.63089,89.84297,67.0512,214.02011,214.53412,209.95879,147.21938,179.66415,62.83437,194.6276,226.52077,87.0222,76.84525,100.76781,224.50119,184.35393,122.00698,119.51373,203.07074,244.6969,135.35803,231.04486,106.35454,124.79078,154.3431,181.68008,197.55417,125.25117,112.13069,167.60423,233.3406,72.44686,244.87228,216.828,92.0949,236.1495,66.34945,184.44032,230.21902,50.101593,177.36383,157.05603,48.560135,185.30713,131.3419,223.19627,50.347183,136.47711,104.645515,135.92549,56.965107,79.72378,110.43651,156.14316,116.46592,49.34762,181.7367,49.78952,108.47029,239.21268,186.52634,191.36603,115.30646,136.77788,217.11176,226.12866,70.77888,239.78221,234.67108,177.32733,170.3625,151.97162,139.12206,66.17018,113.98474,112.59623,112.26979,120.45809,208.41284,88.52514,85.41908,36.8761,177.96408,172.17102,24.777842,121.794495,178.83644,99.130714,162.59164,227.43939,141.6024,252.80583,113.25908,220.84256,127.759705,217.08553,169.99658
2707,74.49501,117.82942,185.83586,250.42004,251.431,84.15268,236.18741,216.10735,226.19525,201.2109,112.617325,232.14368,209.1367,165.50279,235.66562,257.33563,144.34177,241.7539,68.621544,122.04799,177.99716,227.77515,246.32762,262.4505,258.11395,116.926094,89.01744,177.805,261.0928,108.95328,151.15195,133.00894,226.27626,206.89082,164.76794,182.70149,161.26297,239.26367,90.453384,110.54407,145.88568,10.271891,151.25851,171.67072,229.3608,237.71982,48.26632,67.7735,266.02905,75.07148,224.19492,243.25943,263.95862,222.02478,163.25873,235.65532,106.28354,132.48175,201.11993,63.398075,168.76328,130.86641,204.17542,187.84573,128.10059,55.203537,226.61566,232.87093,182.45593,109.511246,108.21033,226.0851,238.91675,243.1171,211.56439,207.47653,102.23874,223.5849,258.5592,143.49347,103.07127,106.5011,219.5415,201.31065,150.2317,105.13341,233.96896,257.1419,183.38239,259.85333,149.70827,133.81903,215.68283,212.27306,238.03027,194.36832,159.36908,153.76384,233.87949,79.77813,259.53415,238.08636,156.11009,229.90149,94.58197,231.47906,226.92673,88.86427,201.89706,207.20743,83.59068,228.35425,149.51143,248.38342,-8.726721,190.61626,161.46765,178.84413,102.134796,142.53238,140.6743,169.83469,161.6091,62.50606,231.27979,63.398613,148.8056,253.2812,203.48135,230.70825,172.72916,184.81366,243.52116,248.80591,68.74711,258.10736,251.33173,204.92848,213.20387,209.4451,184.77328,75.88335,65.868484,177.54037,77.66818,185.5558,229.02708,108.1871,131.09808,111.21621,195.11713,212.00264,9.497007,151.17125,225.07593,176.40034,197.31055,247.97018,229.79718,240.64268,141.14636,207.48953,180.39847,193.24202,204.84802
2708,116.912865,128.87253,188.77538,250.6648,256.5578,96.77663,246.44305,225.71541,240.16806,210.31357,117.39989,236.27197,219.28967,177.69849,241.90439,266.60886,169.99579,249.69029,100.12294,139.73465,200.98788,231.33897,257.18155,264.17725,262.5992,133.26096,119.273575,192.96748,266.0584,161.30228,170.68405,150.78938,230.55008,221.12827,176.63318,192.11835,184.8436,252.24112,112.13304,144.67297,157.0852,23.427725,174.94868,177.88249,236.26266,246.76254,81.84014,90.09372,273.91052,104.56762,233.10625,249.85818,268.76868,239.24008,175.5965,240.65317,120.20038,148.74557,219.73648,90.07641,193.03098,166.33008,207.99477,198.26952,155.01675,82.05922,234.71835,234.05612,193.93863,126.57472,126.423584,236.94902,248.19363,255.3201,222.34366,218.51686,126.08653,233.14146,266.38153,156.94449,125.1662,132.45195,228.64133,217.59602,173.65594,136.94814,247.65234,261.83398,199.01016,269.84534,159.71649,156.29547,216.36893,223.75838,248.66006,207.81305,168.48067,174.53548,241.03653,110.78312,268.19244,247.34299,157.65332,240.18936,120.49306,240.05386,241.48083,109.52026,220.50417,220.51123,109.7384,239.27438,183.46957,250.65541,36.171288,190.48505,170.27325,187.00871,117.48276,144.72975,164.0777,173.18433,168.30164,95.29721,232.44601,114.76416,169.26736,257.62192,215.49603,237.09444,196.36946,200.82433,253.54196,257.39807,74.061264,260.70844,255.34103,209.59784,225.79858,218.03961,189.67143,88.781265,115.97652,182.04497,114.535995,193.22226,239.96284,122.17407,159.19048,125.44804,215.84492,225.18773,70.45604,176.00256,238.12474,176.51385,206.76352,250.8811,224.82806,252.54536,159.8374,227.86307,192.99937,216.33438,221.58774
2709,147.332,150.77405,175.78186,241.95648,233.5564,127.301125,239.48099,226.60855,246.55215,212.51178,141.56032,229.47897,218.34982,179.08357,229.81735,243.95782,175.64667,236.8133,135.43396,156.06226,183.87996,225.16302,212.47675,264.2898,245.83621,162.95766,141.73105,188.53091,258.13116,161.83107,184.57596,181.2972,228.40427,220.34729,199.56387,198.53995,196.2362,227.12851,137.37563,151.2398,175.10876,54.484283,193.07681,197.94858,228.89177,233.61664,109.155975,135.58386,263.34583,141.3139,214.84924,232.84323,251.24326,221.06015,190.98515,234.268,159.74307,181.29645,221.57814,126.503075,207.23871,175.40094,211.79547,198.39722,177.89903,121.88213,229.88145,235.6752,206.85286,149.64255,159.62375,237.93552,242.87979,229.47304,218.16046,221.59673,149.77588,227.13693,234.73605,176.29233,161.04799,164.38742,223.46777,222.54263,187.72,158.08536,222.20247,245.34312,194.95343,248.44217,184.97714,170.60583,199.70667,218.65572,218.05128,206.68895,176.3533,192.80493,235.52939,139.09253,251.91345,244.63594,184.93663,244.99854,155.5434,221.04257,237.03714,138.73672,217.11386,212.68184,136.18689,231.01923,187.27325,240.24667,73.382,204.6802,174.20262,192.90686,152.72557,176.58493,184.86583,183.82892,170.85547,142.79593,224.72208,131.79767,187.87445,248.23831,221.1589,219.48732,193.64354,201.85611,232.95593,237.18738,96.34157,245.52563,251.0309,210.98032,225.71744,221.81651,202.68124,115.38049,139.76022,203.02644,146.80069,207.44766,220.5014,151.16046,177.38464,152.7786,199.27608,223.02321,94.76844,190.61067,224.6084,194.39792,203.6124,244.11823,156.14568,257.14636,168.82568,230.66763,189.49503,222.261,212.89618
2711,150.13522,130.31601,193.89801,215.34242,182.92781,101.0013,177.51321,146.9872,259.15536,169.73096,153.00824,162.68887,209.59598,122.26078,191.49884,210.25414,168.70636,189.3171,139.92313,150.72296,113.16345,219.73376,127.616776,271.81592,208.71927,170.86093,212.87737,151.80449,244.8832,176.97713,136.79823,117.703156,183.08911,264.4798,187.97607,151.30049,203.48154,180.94574,105.40319,126.1644,114.516655,57.059525,153.09735,164.98132,171.49332,216.54497,189.01924,73.29521,257.1672,166.13593,144.8985,210.49353,214.15285,180.97495,149.54501,196.50107,118.52003,151.1419,215.27629,127.556015,178.03854,155.69308,188.60461,139.36655,161.11798,82.3049,198.06067,226.55792,166.38243,153.45822,160.87798,215.08673,203.01889,171.09958,130.46457,175.62292,116.12822,182.97092,169.98558,126.7,153.80592,205.94034,214.75711,215.76718,170.68875,237.39386,192.14981,208.80142,161.89444,202.78,158.46628,230.93896,136.50348,167.97304,155.04324,104.09947,125.122665,254.44244,247.05783,153.96103,233.30176,206.6164,141.56688,248.74326,138.76682,142.7229,274.6426,107.737366,179.46722,142.1765,99.482376,161.3835,174.56935,195.82925,190.76651,167.94455,113.54736,163.48312,108.52325,104.90284,181.91553,182.5469,147.00742,146.48987,174.62209,144.28856,134.2296,234.40393,218.5899,167.18393,122.01525,148.67166,202.68771,202.85849,112.98009,208.92648,230.20667,196.67218,162.14212,153.09369,172.8771,103.80966,256.23273,130.30103,233.16019,133.36887,216.13058,153.09789,136.74855,97.24768,198.8146,160.09883,144.25412,171.35376,149.77454,110.33345,179.50278,217.47751,68.68895,289.88635,143.27776,245.53085,147.768,272.67084,187.74763
2713,113.22079,118.990845,141.65494,222.6399,210.64078,94.72485,207.58923,178.2607,229.7974,187.21252,121.044846,193.31175,197.58456,152.14304,221.11118,244.98994,150.39441,218.50874,90.56694,134.3827,164.04518,220.72078,200.88817,253.36194,237.48273,130.92589,135.67923,160.97885,258.9934,160.94637,150.89105,119.20471,214.30429,206.77493,149.62463,157.84904,158.79713,230.41113,83.83134,123.57492,111.21515,37.024117,145.10266,164.69463,202.91365,226.88095,102.86295,74.09393,266.3261,107.57933,202.599,233.6756,254.10762,214.74152,140.78654,218.2814,97.93673,125.863495,191.17558,91.88846,171.6618,152.70944,181.84232,172.71117,143.46274,54.77256,197.46384,224.09598,172.58081,126.54053,105.55356,227.39877,226.97353,227.48608,185.123,196.9152,112.50256,210.65639,229.17973,128.0999,113.21997,118.82301,222.54755,203.08041,145.62514,131.87036,227.02324,246.69586,172.21619,243.4336,120.75177,138.93513,139.11229,197.8234,211.84082,169.84184,139.35548,166.73315,209.02243,115.019,252.31894,223.392,128.65402,236.04103,107.91311,199.25934,229.89517,97.023605,197.9667,182.35513,98.81435,197.39658,172.05649,218.98697,73.733955,160.54642,126.77289,150.27849,103.79736,125.49596,146.87096,165.17029,126.30192,94.36171,173.7112,108.50811,140.91809,232.39886,202.2273,199.84117,160.10367,172.04712,231.57098,237.85619,79.43997,237.29599,240.98682,164.9837,186.50839,167.32455,166.42331,94.29768,137.03221,145.70773,126.87482,158.9448,222.10234,122.337494,130.40915,90.01373,201.11392,205.20703,88.05069,153.73897,206.73117,138.4186,176.93884,226.53824,106.94948,245.46877,149.58698,223.68694,158.55237,214.45407,197.33301
2714,186.40826,152.20665,157.84448,239.8995,234.21268,133.94281,245.87473,218.14719,271.67395,215.87689,146.31998,217.1882,241.6646,189.66415,241.43103,264.37384,232.8327,242.09702,171.45575,174.56407,226.43141,234.99533,231.14276,276.7422,263.6139,171.26399,164.22095,242.72794,266.74286,224.36293,209.70068,197.42929,228.60593,258.761,213.57617,219.71767,204.75261,251.36938,225.18866,212.48376,172.68648,68.122536,214.30867,198.56203,235.21776,262.99142,129.48416,152.74088,275.69562,174.16847,225.66354,253.91644,261.51227,255.4594,238.21515,248.66353,168.0203,195.47946,230.59459,159.0938,217.59552,226.72023,250.94507,205.82468,204.03073,188.96309,237.6368,239.41373,226.74887,168.41153,225.5615,245.51657,256.06754,254.38184,225.51285,222.98709,182.33844,238.80968,248.97284,210.59955,181.71939,206.97205,228.38776,253.3516,229.87288,225.30533,257.3282,254.03976,235.75172,272.96436,207.19962,249.21442,190.31586,228.35208,242.48569,220.55075,180.39758,233.10733,228.03998,166.80527,274.76984,253.20125,225.53214,249.0791,181.08725,232.37012,265.953,167.86937,245.22903,246.16794,172.76633,236.35464,230.10538,229.3992,126.099846,242.5651,165.0563,175.39178,160.26337,172.95958,248.62163,168.94112,152.9384,176.51944,211.65048,222.64801,203.2374,260.55643,235.3547,241.9874,243.71846,237.63603,262.06128,258.073,94.10798,252.49814,265.90314,210.9717,238.20905,228.19374,246.01062,122.22319,219.57765,205.78883,195.42224,221.6791,248.94315,162.81802,239.14796,220.8364,234.4942,233.37985,185.83337,225.78285,241.77335,217.0069,239.46631,248.88971,117.478386,272.7348,178.78815,253.55118,241.79478,244.45842,252.0373
2715,163.6755,154.25291,137.79524,228.84827,223.4729,141.24155,237.55171,222.25752,247.69878,211.41476,146.32654,217.74277,223.05464,190.88326,236.18567,259.0612,199.1841,235.0241,143.17825,168.61053,216.1092,227.21974,232.33627,261.6474,252.20645,165.33113,137.39973,212.77841,261.1195,191.5289,200.76016,193.12634,228.95958,226.15909,194.93436,203.18968,177.88977,247.43521,166.4162,183.91144,166.82828,67.441666,196.40082,200.86589,228.37646,247.80052,96.377144,154.35718,268.11865,152.40198,228.57933,244.83752,259.46774,241.34995,201.5592,241.05215,157.85611,184.7832,205.36194,146.55072,208.29893,198.64034,222.1249,206.69443,188.41522,146.25288,218.13562,231.30515,217.53346,161.68077,172.47623,240.03107,247.55176,251.23169,235.68137,220.88837,170.43259,232.92699,245.61218,190.75052,163.24152,161.89082,223.87329,231.64432,194.68176,164.04988,246.74718,252.78369,216.28333,265.53326,174.71289,183.48547,169.51779,223.32463,239.31169,228.51288,177.90025,187.95422,207.55518,153.09386,263.59192,242.60416,196.0704,238.41718,162.0938,231.02925,241.68263,157.30728,229.79042,230.90466,159.4349,230.53967,209.48187,224.80598,77.39102,213.1312,163.25555,168.86418,163.24777,184.5636,203.60135,164.44655,141.40234,149.76479,198.75723,168.10815,192.59894,243.4816,222.83905,228.17566,224.8516,221.3337,249.81369,252.41077,95.48257,244.89352,255.495,184.88972,227.01244,217.60806,216.02896,127.31552,153.22342,206.86066,144.29132,221.1944,237.13542,158.01613,202.09772,180.98927,219.57344,237.31842,130.00336,200.61069,241.98831,207.64767,212.86465,238.24686,116.77144,251.97307,179.66833,235.00092,212.42654,219.14578,232.8294
2716,194.17758,124.31412,181.61281,199.08417,169.4348,124.309875,184.51967,179.03635,263.5242,167.4071,159.95459,176.28839,228.42357,118.26128,186.67682,197.89395,215.08049,182.57877,167.82672,155.47446,129.81532,215.2545,112.3603,268.49588,210.66202,188.103,207.91693,196.81183,232.58981,178.28827,168.93173,186.94994,184.66565,273.7535,240.97025,177.3523,202.52672,178.09656,183.072,149.82175,162.68555,64.77876,182.47731,194.30667,174.57217,225.05661,186.57727,149.87651,249.67648,194.84691,137.05652,216.16275,199.94388,192.3104,183.84653,209.51045,176.18872,214.33403,204.17268,175.4079,196.0044,194.7648,221.70284,155.88458,192.20697,169.51984,188.24626,231.10822,204.04214,158.22437,218.36307,217.61708,208.10521,166.45702,174.33823,189.30382,153.46622,187.23393,157.94797,172.1915,201.47238,261.59775,199.38947,229.12247,220.95097,265.27957,198.78189,193.47751,196.20026,196.41849,218.23055,279.143,136.94351,179.77246,147.41367,140.48943,121.8829,264.77643,229.85114,159.88777,232.68692,209.56647,187.7319,239.3869,161.37285,140.47275,276.28046,145.8919,188.13141,163.21631,130.11084,170.4505,208.16129,187.09453,198.25871,217.65729,106.71332,164.50607,148.03621,159.25967,233.22308,158.31375,132.13847,195.94334,187.95598,181.08772,173.80373,230.55554,223.60503,169.29645,155.5427,179.3808,205.7885,195.05713,120.56349,198.40862,227.58963,196.65634,181.43225,192.22708,212.16046,107.38614,267.7212,186.7948,246.0536,189.02493,220.25839,167.00233,195.65213,185.31992,208.83417,185.15308,179.82039,194.99896,160.92535,156.62556,202.46658,212.36322,35.46932,281.64948,141.67294,234.43988,180.96063,264.46555,206.13423
2717,127.58824,136.59201,190.09302,258.92053,256.03317,100.940895,236.8518,189.94267,261.49268,209.36884,133.98209,206.63751,222.30763,176.79166,242.46536,274.98816,174.95883,247.38602,127.10913,155.44633,191.4938,240.99911,246.02802,279.40967,260.91766,143.88745,161.36229,190.36642,278.10995,193.75723,160.61052,121.76973,220.70966,249.7078,165.5033,187.3176,201.786,248.99393,120.07411,160.95267,132.53629,46.76155,171.57695,161.17345,228.97101,253.27414,126.6315,67.079666,283.05267,131.47626,223.54764,248.79013,272.18115,240.04312,191.1919,230.35963,107.64143,131.23447,240.56439,104.05468,187.71991,170.47375,216.72357,179.05557,157.68253,83.18492,249.42354,236.88423,179.38986,146.55135,148.31773,237.23099,246.47333,253.3049,175.80075,204.85655,128.33052,228.3541,260.1031,151.10115,126.93282,147.82117,244.62073,232.10602,174.7791,183.52628,245.22362,266.7994,193.09045,273.17072,154.54752,192.91824,209.33011,212.51357,246.2014,167.68887,169.75162,213.11221,254.29623,140.75482,274.45966,247.30254,157.98207,254.87746,135.56958,227.58551,265.35797,117.84178,226.48666,214.69174,121.03242,225.1902,181.34311,240.0116,94.767006,189.62457,166.22345,177.95897,108.252686,109.17238,180.12675,187.64206,172.30544,110.59654,213.83206,147.42262,156.1691,266.33337,226.65692,238.67963,187.52533,194.11238,255.07553,261.44135,94.984795,262.22028,264.25525,219.45853,214.88254,194.17747,197.63379,109.313934,172.42528,147.84016,160.45132,159.22647,249.48146,136.90213,159.12927,114.44759,224.07925,197.65416,109.00989,187.04544,217.42177,152.7114,215.80856,252.71147,186.10904,278.05585,168.45813,258.32202,198.56616,246.70584,225.76443
2718,202.32144,182.64874,202.50607,269.57132,273.00558,165.01854,283.64645,274.117,286.18924,241.35846,164.13753,263.3378,260.75104,208.63007,262.9261,287.13687,244.62448,270.8007,188.85242,185.3657,244.40616,251.8168,271.62534,294.2048,284.94736,192.51614,157.56882,262.8488,285.29822,210.94604,228.05283,247.53815,250.03214,272.0509,258.47104,248.48685,230.9819,271.46887,227.05023,211.87724,232.52414,56.165863,247.41876,224.574,267.29828,280.0554,117.299286,197.74683,292.29575,181.82408,249.80757,271.87308,283.6973,274.66263,257.72632,270.7213,212.73013,239.02005,256.88626,174.31497,247.49033,233.4712,269.45264,233.04245,220.73001,213.93912,271.74844,257.71964,253.01344,179.8569,227.93083,264.69244,278.94153,277.22797,270.44342,252.01059,200.4503,260.79767,280.97986,236.18765,212.55463,228.64478,246.48569,267.17993,258.52588,219.10303,273.01245,276.71658,251.8653,294.92505,255.04056,253.35522,252.05443,256.33884,269.28497,257.37625,213.33354,240.17908,261.85092,162.59003,293.22583,279.94858,233.31921,265.53867,201.02797,263.3699,279.98846,196.77737,264.91724,273.76865,188.62105,276.38904,241.16663,265.86563,87.48186,265.07462,213.7142,221.5954,197.9453,212.46405,256.45935,192.35985,202.21085,194.14465,269.10202,199.65999,242.46239,285.0652,249.20563,267.48358,264.04883,257.98727,279.7646,276.71667,117.42178,276.9033,284.97394,253.79565,276.53162,282.9961,260.83417,139.67244,176.92505,255.77264,180.13771,264.9818,266.74844,186.02255,259.03632,245.52444,248.13858,259.5988,147.31378,243.29456,267.79263,245.28613,260.51498,275.70868,207.2667,286.5518,189.26797,265.26196,259.3578,251.09238,267.6012
2719,201.90967,161.61337,191.32524,250.85895,249.48149,150.40302,258.52237,250.7537,274.21545,220.58295,151.80634,241.2389,245.04268,185.82655,243.8974,267.60303,239.54248,249.41653,187.62454,173.12753,222.311,237.40471,234.43585,279.33252,268.20392,182.68887,164.80481,251.01369,271.32367,210.24442,213.44675,240.59485,232.58255,262.29803,256.46463,229.39818,219.88132,251.32043,248.94617,208.51431,214.3183,68.37121,233.18967,208.91833,243.27042,263.7063,134.38864,194.4321,279.63458,182.00427,225.79916,256.56982,265.8327,255.9364,247.91263,253.32462,207.3321,233.57187,243.28587,172.69348,232.16037,227.27437,256.86383,212.4407,209.88817,226.6185,248.94955,243.79352,238.04492,168.00441,241.38095,248.97379,259.73517,253.62909,250.16132,234.34695,190.42087,241.49686,255.46568,224.64542,208.81778,246.56673,235.39737,253.93503,254.47661,232.83246,256.7698,258.9108,238.56744,272.41443,255.45338,266.88815,220.49915,236.87738,242.69823,233.59535,188.30481,242.99153,252.3219,160.72052,277.2932,260.32446,237.60693,253.19754,194.60951,234.50885,269.2604,185.8823,246.66891,250.35724,180.86008,249.70203,233.60234,246.49243,116.55202,256.10452,181.9295,201.7485,186.18112,199.31052,260.52682,185.42194,178.95178,201.00186,246.55782,212.68271,227.3957,268.82928,234.51558,244.28627,246.4389,241.57458,262.7035,258.50247,109.95352,259.10547,267.33252,235.60323,253.19322,263.03445,254.46216,128.09383,210.62082,241.10971,197.8224,249.26076,252.9157,173.39786,257.07806,255.96263,236.30542,241.30966,169.47775,230.61504,244.28204,234.03687,243.76183,257.31525,161.08997,277.17297,173.50897,256.30453,245.49503,247.909,251.57773
2720,32.85344,62.332787,135.09235,175.16803,144.37337,37.67142,134.68576,115.01797,178.15782,122.15387,78.26359,135.77261,130.78697,73.14981,150.7443,170.84117,62.796352,145.12843,19.262472,66.38733,51.9379,168.38962,103.81833,217.1488,168.41243,81.78733,107.00549,68.38419,212.92715,52.830307,66.558395,53.383934,157.98227,163.60281,125.58738,80.12837,106.65897,147.85461,-6.2762403,11.1727085,57.2913,12.071533,68.59754,110.07573,133.93631,152.88974,84.93375,5.8525333,216.6929,45.299156,120.06561,166.80988,195.008,127.49977,54.320297,149.65674,53.202152,76.37579,139.81221,27.56685,101.38749,58.862953,116.59914,100.759384,69.935104,-27.652708,136.8429,180.12265,103.35364,61.46541,31.801617,169.36743,156.7016,140.43634,104.76053,137.18616,31.588037,138.21658,148.43207,43.28083,61.20404,98.09688,174.1112,131.07915,81.32866,88.748604,140.69742,188.67862,82.25859,162.16357,86.22838,92.1888,87.98735,130.55112,120.13395,76.8111,69.41167,144.78085,196.46227,46.322784,188.66766,160.3779,61.196014,195.35431,39.39571,113.44539,189.63193,22.190567,111.40802,88.932434,14.144716,120.31277,83.56387,170.31195,40.698555,97.521126,59.813465,104.675705,45.441505,73.437546,68.47775,128.76122,77.65463,32.806484,133.54048,-6.361828,71.20082,179.72197,139.8186,116.72826,47.570293,78.36182,150.29018,160.44745,62.28167,177.52887,182.04266,127.38377,110.52791,105.44104,95.652855,45.870605,79.18486,87.65863,100.17462,88.93939,147.91812,68.58609,36.166306,3.4825363,119.349625,129.64713,-19.449411,65.985275,116.967094,63.368286,100.102905,171.52956,60.011803,218.60767,80.16254,165.52039,62.197395,180.98734,107.46512
2723,96.32358,109.83253,139.51886,237.39893,239.30682,86.308784,234.54721,218.02379,215.51102,198.44258,101.135666,227.74248,204.96655,160.812,235.90414,256.91028,148.85129,241.66812,69.02278,116.267105,189.44351,221.67807,247.92538,246.61804,256.97757,107.870224,77.31056,182.60144,256.16934,125.42124,160.16481,144.43976,226.35532,185.10062,150.34918,180.0358,145.94115,245.44888,87.53305,120.03372,135.55568,5.6801615,154.55426,168.29616,227.85672,233.32715,34.29387,81.49518,261.42065,79.10286,229.6528,241.71082,264.08038,228.90236,158.1451,236.71234,99.927376,132.54037,185.16693,69.504654,177.44238,147.35733,191.21771,188.13876,136.2503,61.89391,213.26328,228.77754,187.0319,104.944695,94.076904,229.61697,241.07854,250.21017,227.64368,213.04109,106.652405,226.5538,260.60263,146.15128,101.63019,85.554855,216.66782,199.49414,147.40094,85.75491,238.8659,256.4533,187.72699,260.52118,128.00362,108.69668,179.00272,215.69385,240.96814,209.46686,150.90758,129.10124,199.27481,82.74965,255.74973,236.82635,138.41583,223.96204,92.58748,234.05203,208.12842,90.317825,209.24759,211.83922,87.21091,228.45747,165.46725,239.25842,-8.162374,179.53473,144.17563,156.37793,99.02652,140.45547,137.45282,157.14307,130.23672,67.74718,203.74689,77.23636,155.55121,241.22144,200.81784,228.62363,189.98988,193.61362,246.61589,251.2115,54.410534,254.02713,246.88123,174.96782,213.6971,203.08606,175.44888,71.31945,65.00379,180.80795,64.74566,193.84665,226.31512,101.450424,140.95691,115.044945,198.83945,226.70636,31.261946,157.7332,236.22504,172.09134,192.28427,239.86163,165.10481,222.07898,140.43402,202.64731,182.45874,178.8443,208.09142
2724,121.15403,119.025604,123.76366,225.39288,220.09811,104.961395,230.03125,207.01172,238.452,195.35254,118.4371,205.55357,213.18805,163.93631,228.52026,252.19376,180.05186,225.86542,102.8401,135.33586,195.88403,219.78577,233.44968,257.69986,249.8042,129.91849,112.17178,204.5979,255.53221,147.09396,173.20471,169.64146,220.3228,216.04425,186.69907,186.09045,153.48578,238.5823,153.71289,146.11038,143.68369,38.172287,169.97784,178.86743,221.89157,238.51434,61.445606,114.15493,260.71085,114.320526,217.90161,237.29962,256.25528,234.43654,192.57019,233.80072,132.55577,162.67303,192.69168,108.751755,178.85109,173.64307,222.01184,185.70163,157.13469,124.130325,213.86357,227.68187,201.43893,125.11094,155.935,229.95267,239.93317,245.25143,217.93884,207.56842,133.28368,222.20093,245.99234,168.69131,136.04308,144.54976,215.45537,218.76189,186.25128,144.85701,233.58594,248.4361,200.59195,259.39014,170.79596,172.57834,166.92114,213.31255,233.4172,208.71916,148.83118,177.7028,195.63136,112.02626,256.91544,236.44453,184.98926,229.60675,121.96332,223.81604,230.15276,119.50354,215.59055,225.33318,121.49367,220.82936,183.44211,217.65607,32.71556,215.02927,133.6937,147.76508,122.42557,157.31366,188.7937,148.74802,119.77028,111.74254,191.36316,120.455986,168.45973,239.95804,207.21219,224.14203,206.47424,205.68921,242.0733,243.12737,70.04976,241.7721,250.1004,178.62137,217.1598,209.56387,211.15033,95.1552,104.80375,191.52869,115.51364,207.901,223.14679,124.673386,185.63809,171.65558,200.07782,222.42105,74.60877,171.99792,230.2148,194.89944,208.5856,232.29472,109.53476,243.94261,148.78767,219.66824,202.6232,201.647,217.88936
2725,155.65417,146.89423,161.85141,249.34209,245.51413,123.89763,247.82822,209.58658,268.91614,217.50252,141.9555,216.23012,236.86852,187.26477,248.33636,274.79626,211.60258,248.68645,144.73798,167.5157,221.19827,241.699,246.9065,280.0933,267.94046,159.6781,156.80646,225.78,275.88892,208.28764,193.51254,164.70691,232.7963,253.5069,187.21957,207.38577,197.56152,258.53943,176.4453,191.04189,151.7952,61.08654,194.64594,188.52295,238.64554,265.24377,117.59934,116.30503,283.58508,151.37178,231.68558,258.69885,272.21313,257.41327,216.58957,247.60745,139.47086,166.12462,231.12172,135.11937,205.93736,205.63733,239.86559,200.82724,184.4449,136.84195,242.6274,242.69843,212.41745,157.87675,186.09229,248.98512,258.89136,262.51135,213.9259,221.2539,160.52592,241.45338,262.0201,186.5747,154.62866,168.14107,237.65782,248.06454,203.42218,193.41681,260.53497,264.82684,224.7502,280.87482,175.88438,213.68858,192.32364,228.54095,251.95331,209.83937,177.11876,215.9035,233.38232,152.89728,281.0161,256.18536,197.5718,254.98679,157.62555,238.87268,266.1284,145.56207,243.32074,240.88782,151.12683,237.81071,214.47809,238.22144,97.16458,221.46297,164.40384,175.24664,140.61505,152.2674,217.47678,176.5964,157.21921,141.36136,209.04889,183.67328,183.64693,264.7468,234.31598,246.00674,227.11215,225.39847,266.20145,265.41113,96.496216,261.57797,270.73474,208.28644,232.93268,213.9472,228.72011,120.46877,180.49268,183.96802,167.6063,201.01848,253.46184,152.26959,204.50005,173.51694,235.57758,228.98434,143.15244,207.41518,242.04529,196.19275,231.46207,254.33481,143.62686,273.5995,175.33086,256.22696,227.34058,242.42953,247.07455
2726,141.71664,93.35213,98.02499,191.03352,166.24591,85.99894,191.10979,167.55031,259.76938,172.33902,110.07056,161.448,223.26617,140.22983,211.88148,237.59792,221.72101,187.6756,106.65649,144.1364,180.50032,226.30342,161.77322,270.07022,232.7156,132.0409,153.07448,222.81757,257.3902,183.8006,181.0692,174.22832,208.52399,260.42712,199.23523,171.6445,144.43744,224.5987,206.23544,171.34256,116.28108,45.94101,164.67014,185.30505,186.7167,250.40765,86.269135,117.73403,271.06418,132.18306,179.52434,245.60751,238.46667,232.99423,191.96869,227.70544,131.02222,176.58014,174.62007,125.033005,173.67117,205.2243,239.7248,168.97263,171.36723,152.52432,178.38585,231.91002,212.33495,126.21628,201.094,230.07195,225.71172,218.88086,196.30396,192.88177,141.07169,207.58057,195.1165,173.41321,149.44247,192.44064,214.25522,237.53311,204.71823,214.94981,239.07191,230.02628,218.11989,240.03026,173.96472,248.86885,99.28005,196.36095,197.01192,182.23035,111.504486,218.35884,177.40425,130.14157,264.6242,215.95428,207.65057,234.4719,120.835724,174.48119,271.6806,114.78633,209.17986,204.05869,124.58058,178.16776,218.31146,176.87004,94.76703,228.76497,72.2531,111.10248,114.64072,154.44186,237.63043,125.039276,68.26755,133.64929,146.67145,176.61356,158.99069,225.89122,218.1235,190.99129,197.90063,207.16321,237.81638,229.62842,51.189167,212.48315,248.08932,149.2661,186.54309,178.5922,235.20865,77.74269,192.61392,179.50513,174.69289,203.72589,240.28796,119.456375,209.63786,202.7763,228.31795,216.26605,141.29158,177.38214,204.53989,186.34732,213.23877,210.02821,8.58468,267.83557,149.3017,239.11215,209.21086,234.68921,230.49805
2727,180.85213,171.04434,192.92328,261.0172,261.3307,159.95801,271.0252,267.5087,273.379,229.56604,155.94678,255.94695,250.95598,201.0066,253.09036,276.67163,233.55284,260.71527,170.63367,171.28528,234.14296,243.74338,252.20012,285.7353,276.19788,175.71103,134.71599,256.61328,276.49527,182.51085,220.68292,249.32724,241.46494,259.64508,257.392,241.1247,212.24872,260.40244,240.18845,206.0982,226.26453,72.68591,233.76012,219.37053,255.6216,271.08374,95.77316,200.12476,283.31235,162.87082,241.14911,262.89648,273.847,261.17123,254.93024,263.09552,210.93944,237.3741,241.02524,160.71909,233.20486,216.28024,265.0743,224.25296,204.08578,217.7425,259.07462,249.37321,246.9536,163.77286,233.63293,253.56992,268.0751,265.39023,267.54535,241.70535,190.2172,250.66005,267.26337,234.46523,201.67201,220.90668,237.91528,255.4555,247.73453,199.4155,263.83417,267.14954,245.72363,283.53552,255.2908,245.39105,237.02962,244.17706,256.35583,252.55612,201.05508,225.5185,253.22305,146.19392,283.22308,268.73047,252.1062,254.27597,187.8089,250.62378,267.00174,185.02525,251.5106,261.99338,177.39104,263.49805,223.41046,257.28076,59.212627,266.35565,199.08572,208.86642,193.37102,218.44699,249.66606,186.09457,186.73376,180.86485,259.80154,178.59457,231.58862,276.76672,239.23346,256.47614,255.29752,250.0916,270.7367,267.88947,112.786285,268.05203,275.77292,243.12138,264.73672,276.95084,262.38547,133.37796,146.86618,257.76685,154.90398,265.28714,259.39252,170.58739,251.62961,261.45132,237.403,251.75568,114.6421,230.19847,258.27295,253.9859,250.95107,266.672,185.20972,275.0639,179.89124,251.51505,254.862,234.13788,258.03427
2728,130.75555,122.66301,162.31122,248.30974,251.41504,101.64815,256.96436,241.8504,247.6068,214.12444,110.032104,239.97304,231.11017,180.10861,242.51387,262.43002,197.50307,250.49734,109.71811,134.47693,217.86972,229.5657,256.87213,266.60205,264.52277,130.25043,104.129776,225.65962,260.92102,153.44675,190.71185,194.68433,231.77335,226.18677,203.57025,212.08807,179.88055,249.28098,174.1109,169.2456,174.18124,28.332272,195.93997,191.40622,244.60487,252.13081,57.272,123.692795,267.16345,111.79753,234.56276,248.3764,263.0734,246.41183,216.349,249.98267,147.17473,183.76178,215.25839,101.00184,203.53348,186.2492,235.82913,204.17549,167.87057,142.06665,240.41913,237.0041,219.48206,120.96838,174.4057,240.29684,255.5693,256.5701,245.91351,225.49158,138.89568,238.80579,264.22278,190.64015,146.12453,154.58511,220.83075,231.71396,202.30884,148.03955,248.31589,255.64546,221.80469,271.53754,193.25385,181.58644,215.53503,230.29675,249.20985,234.27625,167.26218,183.69922,223.45569,106.56484,265.9248,254.54475,208.5587,237.38577,132.48024,246.71638,238.81187,122.95973,233.24365,245.46594,121.72676,249.94022,195.88426,245.41309,18.516481,232.68094,164.7395,178.46255,130.40353,170.63342,201.32434,162.4317,152.9938,119.70035,232.85225,133.40952,189.99359,258.91736,222.2287,245.91397,231.10938,226.61217,256.14804,255.30954,60.035065,258.2918,260.91824,212.67784,244.05359,243.22691,227.37515,81.55604,105.17705,219.27075,114.40887,231.92113,237.9727,119.839226,204.60182,196.11385,216.10669,237.8761,71.64104,196.27725,249.05824,220.95319,226.2485,253.12839,180.18758,249.45938,156.02197,225.49162,225.39767,207.32767,236.26553
2729,157.16748,140.9014,105.45845,211.60071,195.42491,127.099594,209.25427,165.17249,257.7471,202.00793,146.56558,174.10516,227.46088,188.3834,236.42288,258.93817,213.50563,218.77432,138.01938,178.36104,213.27713,237.5543,208.9614,269.22223,248.98882,155.28479,164.54446,217.42288,267.2849,221.6629,201.05498,140.56783,229.27826,245.4143,151.47247,189.40611,160.462,248.69092,180.44287,200.09286,108.18245,75.76579,171.90404,192.34763,207.85864,258.102,106.96008,108.93868,277.71942,158.79092,221.26346,253.5892,259.2502,246.0339,199.8023,238.40512,112.48179,142.10406,190.64346,148.53859,186.58664,213.8374,229.95941,194.6882,190.07861,132.71114,198.66766,237.906,209.21353,167.95984,186.83807,241.5545,242.4425,247.69662,190.26147,204.76318,170.66931,230.57616,228.3251,181.94089,141.12907,143.60927,229.73492,243.36188,178.80046,193.35754,253.16559,252.40393,224.46664,264.6623,132.38283,207.67146,119.03279,209.73282,232.01039,197.8634,161.85077,200.66705,181.58356,170.27682,271.25446,229.98201,201.25995,243.52905,150.36812,213.95638,261.40353,147.173,229.57437,221.39209,161.27495,199.36182,220.35635,197.11598,120.29584,211.17723,127.57524,128.26143,131.89458,150.70691,218.75246,154.36276,102.7863,135.80254,145.78691,204.27563,159.86386,233.69324,234.0048,219.62355,218.93866,221.01451,253.84116,254.80942,83.83325,234.99239,259.88644,152.59177,197.76633,165.08936,224.72165,127.18351,207.07016,157.23659,169.95102,183.41066,248.50925,152.55444,196.16794,166.63617,235.17833,226.40488,176.18344,198.62117,231.48958,186.44453,217.33606,224.3703,48.949303,262.69516,187.62517,249.58134,218.07025,233.56682,242.9952
2730,164.52316,149.02817,165.92534,252.4969,251.9397,124.86122,252.85194,221.7981,262.4763,225.10727,138.18472,230.56198,238.46346,195.74977,252.5878,274.5003,212.39091,256.97797,144.47554,168.3635,226.62857,243.25993,249.02649,275.23532,270.56763,158.43169,145.71544,225.73167,275.59314,215.89484,203.26683,170.2669,239.02544,242.43582,177.61772,214.64182,200.35567,260.60965,168.95897,199.1003,159.95181,50.83718,202.06561,195.45538,243.46007,265.05066,107.10544,122.41388,283.84064,149.52336,238.0441,260.93744,273.2374,257.71802,212.72919,252.65495,136.86491,165.24944,229.6193,132.68137,217.54704,211.61551,231.2263,212.7139,191.29185,133.73553,242.91212,245.22997,216.87167,158.37576,175.81815,252.37274,262.14294,263.34167,227.80966,230.67157,164.71942,247.7552,265.02484,191.52493,151.86456,147.68027,238.67892,246.71478,197.10922,175.0184,263.02252,266.2128,229.28928,280.49374,163.69217,193.7085,195.95947,234.38312,253.46461,221.75916,186.74045,196.81863,232.83081,152.89558,280.29614,258.6733,189.46814,254.47319,159.48807,245.00188,259.15662,147.54745,247.28946,241.1082,151.10434,245.48235,221.06616,247.85175,90.90465,214.15889,180.5319,184.36957,144.4701,160.2328,210.42145,182.17078,166.88614,139.94879,214.71944,192.05096,191.95137,264.1156,237.678,248.28304,233.89476,231.09862,268.4292,267.99896,86.95113,264.87997,270.03638,206.72908,237.56375,217.64061,222.1754,114.181335,181.83795,191.1752,152.48181,206.4283,255.87714,149.77539,203.37057,169.41318,240.08157,238.90195,151.83072,215.68668,250.42462,197.6428,229.14459,256.84106,162.91899,265.01688,181.09811,253.0575,227.30814,235.52957,249.57239
2731,123.93645,133.01001,180.1988,236.81775,240.69725,106.21901,236.80075,223.29973,228.2129,202.03905,122.456085,227.81729,205.4097,169.15814,226.04831,247.21817,159.38713,235.02057,111.13974,138.66116,184.97012,215.33234,240.64557,250.52652,245.43515,140.96155,119.28618,180.96005,251.04114,145.2913,166.27936,159.27167,219.94908,205.09561,181.84961,185.66138,180.86848,232.73065,110.84053,131.18947,163.94273,30.736923,173.98157,177.78752,225.48222,228.47261,88.91858,109.24776,255.95422,114.52742,219.33496,231.19708,253.12802,222.02112,172.511,227.45935,136.13806,157.04666,210.2497,103.18746,188.52257,159.78351,199.39551,189.09598,155.887,92.78804,224.48569,223.14795,189.52725,130.22241,127.82597,225.4271,235.26672,238.54535,214.09186,210.44223,129.51498,219.84814,248.98026,156.49489,135.73254,139.69421,213.9063,205.78333,170.29773,132.7625,224.89835,246.17642,185.53015,252.0043,167.20746,146.58884,211.9267,212.49516,230.57214,201.72469,165.27489,170.1188,230.58527,115.256584,248.76416,235.92499,155.75726,228.21149,130.19286,227.5036,223.35095,117.86577,207.23264,211.0108,115.43518,229.87418,171.62102,237.21472,41.20523,188.30685,167.70947,184.94247,129.09451,154.03848,160.60898,167.11942,166.76538,111.73778,228.47021,107.72789,171.7332,240.49889,203.85956,221.74588,186.87123,191.7225,233.03026,238.48483,81.995445,244.143,241.56644,204.30557,219.28445,216.65625,184.35321,95.28136,106.90912,186.53409,116.691864,192.54504,218.11386,129.54594,157.39551,128.83998,192.7573,215.27747,67.99522,169.7398,224.82016,176.74171,194.79547,236.37204,215.26677,240.40564,154.34,213.53738,181.60068,203.65051,204.78444
2733,117.70668,86.60377,178.57819,177.42595,135.26036,64.1698,131.50491,103.38923,235.19315,125.12102,132.23682,116.99858,178.20749,71.02928,145.48232,160.65195,143.8187,138.56264,114.32571,114.48076,59.375137,185.43289,65.40195,247.58362,164.65088,147.22072,209.9956,118.636795,209.26962,129.70804,97.89267,93.42293,142.56273,252.68051,184.78848,112.550125,174.21631,129.08289,101.85302,85.04433,86.21568,51.114655,117.2366,137.03897,126.6799,176.28366,190.42456,50.094383,221.43246,149.04456,90.41254,169.65521,168.05487,135.17001,124.846344,154.272,106.7746,138.24341,181.98978,109.54809,137.07993,122.381516,168.52724,90.79226,128.21709,72.99823,159.96738,200.20026,135.10498,118.051346,161.7608,177.69077,159.99734,117.369385,80.60147,136.16298,79.38399,137.33835,115.03412,95.71216,140.0911,223.1221,180.03134,184.387,152.42514,247.34662,142.0748,163.13135,125.093796,150.67987,157.37943,245.01971,102.286514,125.53904,98.480194,52.878677,73.11249,260.71753,226.57275,124.24162,192.4997,166.20628,134.14975,219.98552,108.737076,88.10756,257.7317,70.01609,135.25682,98.470085,61.758003,113.03032,138.61893,153.00452,200.29517,154.9908,59.92958,128.3483,77.0497,80.53414,169.16806,153.11215,108.436905,133.29704,142.58267,111.29619,100.143875,199.08759,187.81293,118.95596,73.83097,107.49734,154.19171,151.8472,98.33648,164.44458,192.35965,173.18864,119.97557,119.41025,155.80562,75.659,254.35387,103.25598,242.49823,100.8309,175.23964,125.49698,110.246765,87.35919,160.35492,114.383575,113.51483,132.78288,95.76475,82.41933,147.10904,177.27046,21.4722,274.05347,100.20448,213.90768,110.93355,258.4383,145.21988
2734,156.46371,121.721085,82.286194,198.2242,183.7171,120.48985,202.2143,158.08282,256.7574,188.707,135.43102,161.01086,226.85243,180.24629,230.8908,259.91284,232.10379,206.61057,134.81502,175.3891,224.69229,230.52122,209.80899,265.78937,248.91843,139.10669,158.67523,240.08487,262.27313,225.44885,203.34326,148.31104,220.59555,254.04501,158.12334,187.47838,142.81273,250.98311,225.21329,212.41252,101.41781,79.09856,168.06007,183.94485,200.68552,262.6184,93.95685,112.233536,273.279,157.60901,217.2685,255.52069,255.69307,254.38654,215.27075,237.06958,111.20569,144.3277,178.37094,156.22397,173.08421,226.30711,247.00372,186.00217,188.59543,164.00047,189.2094,230.9013,212.28842,162.58548,213.1369,232.17471,237.17598,251.97348,191.1271,194.19006,176.60297,223.66942,224.94312,191.50398,139.5806,157.83981,220.63889,245.15529,192.84314,214.33507,259.7628,247.92822,236.25835,267.2826,144.01009,241.74371,109.51834,204.67169,236.32811,201.01706,144.2124,206.81767,163.45445,169.61563,273.83957,221.94307,222.9839,230.55377,143.157,209.82025,264.88855,150.14456,228.58482,231.89752,169.77194,191.85985,228.61783,180.23296,119.33275,231.47168,101.45503,105.098785,120.644485,147.2732,243.5734,128.96712,75.57732,136.99048,134.94937,225.20795,156.48563,227.54942,226.26456,219.60153,234.0016,230.55179,256.77264,253.14233,69.96631,226.28818,256.16104,141.6479,194.97827,166.55287,244.23407,119.35344,218.03146,160.0533,174.47194,191.61429,251.02478,144.0308,220.48709,205.27509,237.40497,224.48575,191.4503,196.99988,231.53946,199.78632,228.04733,214.0396,31.578104,259.34863,179.40265,244.43231,237.3451,227.91095,250.46432
2736,151.86923,130.4168,117.67703,226.97409,218.46713,118.9073,237.43716,213.04703,259.2835,210.34103,128.9439,207.6641,235.30534,186.07639,244.31606,268.77557,217.73926,233.99573,124.98056,159.71173,226.00603,237.23248,236.10698,272.48633,262.5395,146.96503,133.24492,236.284,269.97107,192.00577,204.3006,191.9231,235.45773,242.40979,194.7564,206.815,163.94513,257.3077,194.22156,189.47339,152.4296,51.478012,192.14514,200.44514,230.9375,262.56458,73.00674,138.52179,278.01404,139.1382,231.99756,257.38287,267.18195,257.62347,216.93808,251.91713,145.54337,181.13385,200.59874,133.90363,200.21898,210.73253,244.35764,206.03339,186.35077,157.52379,217.73972,241.4354,227.57309,146.67578,189.76433,247.13654,255.70499,261.18555,237.53879,222.458,162.4236,240.29677,249.90764,197.60568,155.07205,161.02112,230.139,245.07098,207.48276,176.49515,259.3608,259.7868,232.41045,276.30405,176.62917,205.96896,155.98083,229.04733,248.34726,233.02673,164.36333,195.94464,194.48581,140.15674,276.766,247.11737,213.69847,243.38559,144.54507,234.45335,255.70955,142.82327,239.1922,246.00217,148.99454,229.25401,220.36588,217.42917,60.650055,235.86792,139.62514,148.05328,141.31816,178.88228,224.54451,151.20685,114.850426,135.72896,185.55843,173.30411,187.66946,248.86945,230.21466,237.1352,238.66551,235.04898,262.8484,261.24896,69.458244,248.0902,266.29803,176.90656,229.19836,215.07774,237.72858,106.76233,149.70305,207.58006,141.79791,230.05046,248.88898,140.08472,219.84761,206.25027,231.39047,244.90848,125.58276,201.40146,250.01216,219.02586,231.36285,240.2202,86.1967,260.6187,173.08643,243.40253,232.6885,223.52052,247.92708
2737,153.01321,115.18712,142.07158,206.56999,181.1803,95.6187,192.92444,170.02127,253.3285,180.15086,127.749374,174.0359,212.48474,136.72456,204.3629,223.755,185.08478,195.46193,123.92702,147.2647,146.51974,219.95714,153.4221,265.2095,223.59198,153.52881,183.76514,177.94989,250.60374,183.40208,161.46375,150.65279,202.34161,245.0452,195.97282,164.07211,178.95868,205.39688,132.91234,136.51126,126.87971,42.65037,164.44077,180.65305,187.90414,226.62714,149.9823,105.72199,262.1489,145.29791,168.06119,225.38965,230.37582,206.8789,162.71301,213.44168,132.69984,168.2249,198.80632,125.50955,183.82333,180.41878,203.8995,165.3645,170.13203,110.76729,190.96439,229.58449,190.38226,138.89731,161.29767,226.89459,218.47089,198.6728,172.92117,194.5171,132.84073,199.6802,191.0744,148.07881,155.81567,200.02567,215.29276,221.08786,188.74997,215.2937,212.16269,222.60313,182.086,222.81744,166.3971,215.2074,124.976105,191.75024,178.9058,152.31075,129.74213,227.58562,208.55733,138.0173,246.21869,216.87958,154.78357,241.80737,133.78085,167.80292,258.7012,116.57158,196.6015,174.8866,117.16958,179.73932,196.81061,194.34763,154.36533,188.91866,106.15376,148.3967,120.818115,139.1532,196.54869,158.30392,116.59717,143.8943,168.04242,153.88863,157.87952,229.67375,214.06212,182.56166,158.53561,176.20389,218.75931,217.15585,80.139885,215.97833,237.56882,173.90063,182.26947,173.16525,190.97104,90.52596,223.06383,160.15341,208.91437,171.6659,219.22665,137.04123,168.39658,133.49675,204.43637,196.70143,146.1532,173.702,182.97078,143.20264,191.2919,216.62448,43.73121,270.67987,149.41025,238.35434,168.5946,247.33157,201.98064
2738,49.270985,72.90724,-0.50917137,125.489044,104.14195,84.918884,118.273865,56.36562,193.70859,133.3005,112.26395,72.35115,174.63168,176.12689,203.39796,243.69675,191.71307,143.63962,20.77271,180.25278,219.89929,211.6723,168.50922,220.3765,203.88367,56.249535,86.39754,203.8402,240.71301,185.63298,180.1777,33.059982,198.31802,200.46051,30.8738,115.88568,37.923653,250.13553,169.42111,207.75456,-9.720457,93.29857,64.76752,140.38995,128.59247,251.26678,-8.617931,5.969511,255.50233,75.34285,206.18808,255.7045,239.88124,234.72867,134.85388,196.46854,-7.402193,28.548414,80.2489,105.348404,84.17328,190.5367,201.96011,144.25508,126.9695,49.135963,100.567955,195.05302,155.53639,144.16309,127.63243,190.20634,186.64682,244.3274,114.95782,129.177,148.56195,185.95514,176.1475,128.65724,23.82824,9.541317,194.46281,199.2759,77.33717,96.82056,265.17862,233.0233,224.80975,246.09052,8.042157,136.28139,-0.08130637,143.3498,220.86346,150.98099,91.34292,97.5786,74.73758,162.52664,260.27243,152.44608,189.26955,178.78214,42.40452,161.29964,228.71097,81.83088,177.9632,179.49716,146.72644,108.92995,188.99673,105.24283,9.044132,166.98734,27.61285,12.21757,33.13501,81.47004,169.34294,77.26221,-11.095879,9.696169,27.594881,173.97641,53.390015,155.9925,192.01709,164.0615,191.89291,196.1742,234.20139,238.69775,8.256328,170.71687,222.21722,34.264442,104.7044,52.510906,206.91261,116.64336,101.591354,61.551277,48.295555,108.537415,257.8622,84.26171,126.26138,120.642395,245.67516,191.22784,120.16595,123.14354,204.458,145.66379,173.68279,143.91858,-50.92649,198.79825,195.48361,198.48346,203.18701,156.2283,232.83536
2739,105.33846,122.254944,160.2909,246.88724,249.9768,96.040535,244.45206,220.34674,234.13535,207.88382,113.33119,230.956,218.66766,173.8504,243.37865,266.248,171.73071,248.17358,88.32575,131.844,205.9887,231.40369,256.85123,260.90515,264.66446,122.588776,101.1085,201.16629,264.32904,147.62271,172.46478,150.64767,232.07411,210.9841,162.67111,192.9396,164.9189,253.78651,121.52928,145.62231,145.01021,23.755888,167.96455,178.27359,236.07455,248.88022,59.933327,89.990395,271.57544,95.16361,234.82082,251.65254,269.39856,241.93332,180.47833,243.97038,113.05797,143.06723,203.97983,85.353516,185.03098,165.86867,213.30603,197.07959,149.76144,85.376755,227.47272,234.48454,197.61612,118.91274,126.65206,236.86133,250.113,258.36206,228.981,217.22658,123.0965,234.98354,267.89856,161.52777,115.455475,109.90728,225.41052,216.62108,166.45294,116.143814,251.13242,262.05096,205.4163,271.93768,146.30453,141.96951,195.751,223.33195,250.76881,216.45068,161.50003,157.33984,220.73764,100.8875,267.76944,246.61372,168.04416,235.79678,111.77142,242.09082,231.06721,105.37688,221.83249,226.74092,106.37967,237.30096,180.35057,246.32932,13.796019,199.33557,156.46532,169.84824,112.13988,149.69624,163.33331,167.2735,147.32306,84.578186,214.76334,106.947845,164.6205,253.57216,213.1666,239.81102,205.2319,207.13022,256.6947,259.4968,67.783485,261.29944,257.165,192.33398,224.41318,211.99774,198.17465,86.12784,92.152626,186.03427,92.44028,200.84573,239.31302,115.26564,161.8145,138.66336,214.77634,229.9014,55.735935,172.33905,243.27112,190.24191,208.29355,249.19183,185.31552,241.03473,153.28998,219.95715,201.47652,201.07265,224.3717
2740,126.51816,134.92409,184.07257,248.17482,250.63872,109.32684,250.44899,239.77747,242.64249,211.0317,124.40679,240.75555,222.28247,175.75569,237.66092,258.60843,178.5745,245.48724,113.76868,142.15073,198.35384,227.95654,244.7435,265.32922,258.537,143.36101,112.45047,204.15164,261.6501,143.89847,179.41318,182.46225,229.12436,221.60815,200.08347,202.14485,185.80368,242.53165,138.72629,145.53033,178.4171,27.660185,187.61519,190.09103,238.41478,245.16034,74.12427,123.207405,267.1435,116.17683,225.9974,245.07527,261.77386,235.48898,193.79767,242.59412,149.58203,177.00679,217.19336,106.54666,198.99536,170.10266,221.97424,200.02899,163.3601,115.96691,236.8086,234.95619,208.14658,131.17276,150.06747,236.16104,248.47191,247.95158,234.70325,221.31653,137.67378,232.09866,256.82092,175.8283,146.04875,150.6127,221.67688,221.421,189.30612,140.55315,239.30423,254.73985,204.77216,264.3142,188.18724,167.57324,222.76154,224.60936,240.05716,218.93881,171.42209,179.17104,237.3227,112.50932,263.19144,248.98227,182.81334,237.23628,135.34055,236.56465,237.70667,124.20131,221.17482,227.89336,121.14038,243.05911,183.8648,247.92427,25.843945,213.51187,173.61658,192.01865,137.1653,169.97174,181.07193,170.36633,171.8072,117.59299,242.67969,112.35324,184.3642,255.74503,215.70529,235.59499,205.00983,209.4664,247.63089,249.54759,79.483444,255.16138,256.1591,217.47864,234.83234,237.30261,208.50826,93.30278,101.2382,209.48447,112.78557,217.26205,233.14215,131.71758,178.83557,160.96951,207.31244,228.60318,61.965775,183.4648,236.9761,201.5433,213.6417,250.39597,214.96306,250.1157,156.78438,223.3303,203.26697,208.5553,222.1604
2741,156.27211,125.166626,170.42297,246.43701,236.57916,98.77103,234.57538,195.13687,274.8071,204.3329,125.79414,201.69797,232.12903,163.46072,234.07988,260.24234,209.12184,234.57199,142.32614,152.60846,190.10251,236.81586,214.50603,282.392,257.18536,149.43277,173.13686,216.10797,270.92963,207.1275,174.91537,161.47148,215.93126,265.48776,202.3502,196.61166,206.09021,235.94843,184.1005,177.81268,147.8313,48.913647,191.4898,173.97191,224.99629,254.8769,139.2161,106.297386,278.0692,147.745,203.94293,245.9502,257.87827,241.37384,218.19836,233.37784,140.62839,171.10709,238.57323,123.76669,199.04425,197.91711,240.51826,178.61087,175.874,145.84467,242.5127,239.62903,201.34341,142.73036,200.69211,239.38141,246.33789,237.7296,187.15889,208.99258,142.76593,225.49503,239.97385,176.14062,158.76642,202.39908,234.89511,246.02359,214.43307,230.43222,239.5282,251.31427,208.52187,261.76892,195.64723,248.1175,192.56204,214.77608,226.42169,175.08698,157.44507,242.3537,242.5021,142.67581,271.70538,247.79579,193.57208,254.75246,150.02216,212.0239,273.63892,128.82217,231.89935,223.01753,132.92511,221.50366,206.12692,228.07108,130.67352,223.49353,146.04324,170.82175,123.43147,132.25558,228.98068,175.13518,154.10324,148.95041,210.01794,188.24097,176.88062,264.40668,228.41129,231.09747,203.87158,208.88223,250.95241,248.45589,82.835266,251.46817,263.8144,218.84666,221.79552,209.9455,228.68605,98.802315,219.55188,174.3669,201.48717,186.24512,243.75371,138.43756,205.70624,174.75876,224.57379,203.92506,154.4137,202.3285,212.62158,177.63794,229.27611,248.37729,126.57642,282.52985,158.4143,260.92743,216.89966,254.54543,233.43327
2742,162.14864,121.38666,131.07355,206.03865,179.83162,107.86453,199.4652,172.20605,268.0108,183.50166,134.46472,173.45041,230.26292,147.62741,211.02216,227.73618,220.51337,198.59268,138.15475,158.74438,169.30376,227.32788,153.93079,275.2185,231.54993,157.95813,179.8959,213.24706,253.74118,192.43657,186.67447,170.09927,207.80836,265.37018,198.90582,184.33237,177.28232,210.59265,202.54321,176.65024,130.7968,66.34233,179.29173,193.86775,192.91544,244.335,133.12,126.54045,267.83405,158.79395,173.38945,236.3468,230.14362,220.57748,200.13397,226.84079,145.12848,181.51013,197.1995,144.0009,190.02635,207.08511,235.6808,173.094,187.35226,157.97327,194.75154,236.719,212.73898,148.13736,216.18503,233.0005,228.66606,204.53535,186.04263,198.53674,156.20844,210.0979,191.33875,181.71043,166.76645,203.40971,214.26628,241.7174,206.79657,231.82004,225.13956,222.68053,213.87668,231.2453,179.55397,252.62073,121.49165,196.8398,184.9432,172.8204,134.12521,236.29878,203.74738,152.1694,256.0112,223.85736,214.29056,245.73062,150.15967,174.67035,274.4035,134.41106,211.47853,197.11581,140.39505,186.08806,216.85648,192.95851,142.11739,226.54459,105.29138,140.34633,135.15271,159.28302,238.11674,152.65509,106.27812,157.4159,163.8197,190.58815,168.14244,235.49637,229.83722,193.57002,190.44414,203.86197,230.54913,223.35336,79.69664,217.91492,249.01656,172.27509,193.09001,182.15689,231.88745,99.405685,228.84457,178.63698,205.59126,195.29138,232.77077,143.8179,205.66623,193.83643,221.62929,208.0651,164.50359,195.09604,196.85263,186.07541,213.03244,220.9389,31.454935,277.6246,157.465,245.03835,204.30684,251.44911,226.2268
2743,172.19257,139.62712,166.4412,246.49258,242.13724,122.509796,256.20874,243.7333,272.8586,218.5845,135.90984,232.95428,246.29889,181.0404,245.58687,271.52832,232.1511,246.1117,149.50319,160.05716,223.89442,239.49017,238.69424,281.8672,269.19327,162.39206,139.38565,251.11877,272.49347,187.49231,206.36775,228.74161,233.69983,259.838,247.41206,224.18893,199.63104,256.4297,221.33066,191.11946,196.65182,42.026733,218.41916,207.3555,243.86063,267.5356,92.64311,165.55609,280.23273,153.16458,226.79074,259.44507,268.53262,260.5302,239.67581,255.21379,185.22087,222.63425,229.81616,143.60327,220.84549,216.0549,259.4724,210.6423,194.90073,193.89473,243.83138,245.33292,237.95445,149.52783,217.8164,250.56667,261.5498,259.73672,250.3081,232.94287,169.54408,242.56201,257.32846,214.21542,187.6637,218.57208,233.66498,253.30995,244.52158,206.17717,261.32477,260.76392,237.83594,277.71475,239.49286,246.56145,204.3502,237.90292,247.76297,233.23215,174.46844,227.92747,234.37424,135.39014,280.67258,260.37164,222.91797,251.41791,163.63141,235.42111,266.2997,156.36873,246.60141,253.17432,154.22314,246.98021,225.86133,238.80289,64.86579,255.81796,160.42383,184.41017,160.13345,190.6495,246.72763,169.7037,153.28639,166.91075,233.30225,176.09169,214.97363,267.7401,232.94043,245.68164,243.49622,240.5722,266.71136,261.54898,83.62332,258.0268,270.52435,223.46602,250.44023,256.09488,252.04993,102.91014,157.16638,236.1586,163.50645,248.48999,254.7176,151.53145,244.30695,239.29001,235.42966,243.60736,120.838326,218.42116,246.40567,226.72708,246.23705,255.81253,132.42796,273.52325,166.03268,251.32195,244.85034,236.08289,252.96907
2744,176.89091,165.8927,191.26666,254.64394,259.50677,145.61131,267.73175,259.98508,265.46066,226.75337,147.5394,251.6632,243.60138,199.24655,249.00986,273.547,225.07774,257.0229,162.46635,171.99792,235.6051,237.7104,259.56042,276.82703,270.2644,173.22327,138.71967,243.85397,270.81104,195.49521,216.03629,224.02756,237.04248,250.07501,227.70609,230.88048,211.52687,259.2269,203.84149,202.3055,210.72571,59.504707,225.55801,211.01366,252.12146,266.25592,101.46852,174.59048,278.15533,158.33978,239.20917,259.0802,269.65012,260.01193,233.78918,256.9397,186.82938,212.7525,237.1153,153.30957,229.78348,216.67267,249.20372,220.08698,202.02824,179.36078,252.90884,242.57169,236.26527,163.92465,202.90462,249.46341,263.79907,265.42233,259.60864,236.76462,183.57701,246.96265,267.49994,217.21841,184.20389,190.04066,231.93524,249.21642,227.25688,185.32224,261.90872,262.5105,239.8742,281.45142,218.83499,215.68124,236.03894,240.90167,257.06396,248.4482,198.11478,210.19212,247.92969,151.31073,278.77167,263.39594,221.99457,248.96796,180.22647,251.07051,261.42523,173.87955,248.43808,257.0052,170.77469,261.4779,224.6376,253.09607,67.89844,242.98483,201.55159,208.55174,180.78033,200.42868,229.95561,176.74406,190.72688,165.69333,253.67314,182.56491,220.76813,267.94336,235.50385,252.17117,249.65341,243.48071,266.26385,264.08685,101.53232,262.4815,269.33282,232.887,258.39423,261.8349,242.60956,123.56091,154.71782,237.90637,152.70834,247.52869,254.50085,165.5188,231.79457,219.54666,236.41766,248.13287,127.69307,223.69061,256.9695,234.34207,239.92937,260.01233,217.38269,267.52133,181.11607,247.58292,242.0106,232.82535,253.34229
2746,170.1423,133.28732,146.1605,244.97772,234.21869,113.8468,246.20477,212.08533,283.31424,217.93701,134.01373,212.48692,250.80762,182.26328,250.1766,273.36493,230.98642,244.9804,144.48221,164.68428,217.6977,248.76935,228.35866,290.80542,271.6645,156.70645,161.48277,242.8633,280.48618,214.27715,202.43265,187.08734,235.96707,270.23236,209.94437,215.28806,197.51312,255.84462,200.4166,196.48991,158.48422,45.374077,205.52014,197.88637,237.9559,272.3778,106.073074,129.82248,289.60345,154.94563,224.1503,263.5161,270.21423,262.4984,231.51228,256.25754,149.69073,187.4812,231.04326,138.47174,213.71097,220.52054,256.05215,203.28763,195.40405,166.2226,240.19452,253.54976,228.28308,153.93881,209.95638,256.39197,263.91418,256.70325,221.06358,227.34885,162.78293,244.91797,250.6508,200.13461,169.17412,193.84818,241.75204,261.88577,228.7781,221.35638,261.31595,263.22134,234.96936,278.90057,197.2969,246.9873,178.11908,233.6641,244.48596,211.62749,169.54251,232.86172,222.94354,149.59825,286.36493,259.72668,208.35901,261.77017,156.29248,231.00333,279.69034,145.4772,249.47336,245.32855,148.75993,235.04889,230.4735,230.11572,100.639175,242.4385,149.3188,166.43143,137.03543,160.66867,244.72522,168.35707,139.59991,154.8511,204.14345,198.2858,193.79312,269.1986,244.26312,245.30133,234.58455,235.95143,269.6127,265.01917,77.414764,258.94244,276.96747,206.8844,237.0078,222.22263,244.40738,105.20484,199.01404,199.4126,183.25133,218.52432,258.93103,147.21349,230.12674,202.59445,241.72293,236.07881,156.1322,219.86896,240.7873,202.76242,246.89624,255.6799,96.78647,285.07645,174.16501,265.7133,239.4338,251.9886,256.58884
2747,200.20676,154.52594,195.7467,253.83853,257.37183,130.76917,264.2383,256.29346,273.42346,220.20444,138.9906,245.41202,240.8374,173.16582,242.04063,269.21097,229.60037,250.24458,177.54498,163.48352,212.46619,234.81221,245.21878,279.19916,268.5454,178.67125,158.64474,241.0023,271.10327,211.79715,198.70544,231.76758,226.49661,261.6005,252.40424,222.05792,225.35991,249.19884,203.98688,185.36688,214.71962,27.596113,231.90358,198.44589,247.04436,260.70618,124.82199,175.74313,278.17816,171.55038,218.53094,253.78848,265.95862,257.28326,232.33203,248.41492,195.82826,226.34178,248.04205,158.07039,233.81203,219.72876,248.04291,207.78574,202.47655,195.6795,256.02228,241.63799,229.84769,159.48532,205.53772,247.22844,258.9519,253.27512,247.60562,235.46283,173.64319,238.59393,261.99506,207.02634,201.452,232.18399,233.75287,249.5075,250.57343,224.4438,251.65361,258.27344,225.62915,272.97424,244.70117,251.42383,235.10074,239.24417,244.40562,224.02386,184.7807,236.38594,253.99628,147.33647,278.0022,262.24017,193.96582,251.67505,182.5097,234.5704,269.84793,172.06781,245.95862,248.91629,162.86151,255.85487,230.84705,250.06612,105.341995,240.10956,186.42032,209.40115,172.93246,180.5748,244.22083,179.31711,189.48645,189.64142,257.71667,197.3049,227.4655,270.60138,226.35893,244.78851,235.45645,232.04958,260.7677,255.62881,93.90546,260.25168,265.83527,242.51727,256.95953,267.32446,236.76913,108.74704,200.91818,233.83386,190.09933,240.20673,248.97162,166.42795,243.72476,218.24315,229.84167,235.1198,162.0759,223.34776,238.80634,207.96252,242.27356,258.7591,196.67479,275.7491,161.11111,255.82614,233.19635,245.74396,244.78627
2748,183.66658,129.72339,158.41922,218.66147,198.55096,112.696846,213.9465,198.44705,267.20465,191.24292,137.41559,195.74231,231.19838,147.48499,213.69519,231.53423,217.82234,210.08478,156.0412,160.81993,170.1134,225.87717,165.26067,273.2967,237.75743,170.84695,186.29938,212.74524,253.35884,201.82996,184.47183,192.01901,207.69151,260.29263,227.18304,192.49228,200.55408,214.1705,190.16338,169.64922,163.42717,47.826622,195.87805,195.30652,204.47697,242.01826,157.55016,144.69421,265.81238,169.26466,176.57333,235.67764,233.71606,223.38087,202.22632,228.29953,167.55267,203.89447,215.8461,150.4524,206.29318,207.85275,231.75003,180.20271,192.97736,168.19498,210.53958,236.29224,214.01968,153.64886,207.19199,234.16946,232.56567,209.35709,200.73361,208.2602,159.5509,212.26389,202.33664,183.48169,185.77689,233.30754,216.38593,239.38722,224.51402,241.5345,226.05023,225.87186,208.81808,234.27554,208.51393,253.31302,155.23457,205.77556,191.06456,177.01494,145.4368,244.67018,223.39645,154.92328,255.80144,232.11287,191.88022,245.69937,163.24976,181.94418,267.82776,145.21211,215.55338,201.06027,144.28671,201.51186,218.82697,207.79355,165.22809,224.07942,126.37039,166.72717,147.51093,164.14363,235.67484,161.65797,135.44986,177.70526,196.52188,195.07059,188.18417,245.16351,225.32072,201.82358,192.31248,203.65193,232.98712,226.19595,86.2934,226.07979,248.04236,199.07355,208.17151,208.9186,223.64581,98.6578,246.54803,195.19644,223.35977,204.87646,231.79007,152.58203,212.94382,190.93762,218.43796,210.5953,180.78812,202.88971,198.73749,178.66516,216.98799,230.4014,62.40045,275.99615,156.10472,246.01846,203.01303,252.6131,224.03873
2749,167.08078,130.7915,133.81021,210.4753,188.98154,113.725525,202.70563,168.69122,264.2162,190.43103,140.01031,173.2013,229.46758,165.2872,216.92969,234.65,214.54694,206.9647,148.72786,166.81082,181.37009,227.71945,171.01262,270.17853,234.66374,160.22733,184.17596,211.48672,252.16434,208.13614,187.9508,157.62135,210.1365,258.64865,187.26564,189.60103,184.38283,219.13599,193.80511,185.27692,130.9527,66.679016,180.63239,187.7926,197.58372,244.10443,144.14102,120.70537,264.80682,164.09607,188.57089,235.43091,234.30222,224.06288,207.41068,226.03696,140.87132,170.6901,205.13431,146.23611,190.14906,206.7922,233.37158,176.9501,189.28043,157.2178,202.41948,233.3158,206.35794,157.7134,213.48053,230.67972,229.96075,215.19928,176.07825,196.27187,160.60703,213.57416,200.26154,182.1178,164.64206,200.82681,217.21646,241.26688,202.98933,235.64581,228.71364,228.52292,212.34238,239.19722,175.9773,247.27856,136.19107,197.47934,199.24791,170.70853,148.77628,236.64691,202.37756,161.72673,254.5147,224.7443,208.02905,242.7552,157.50397,187.30289,266.41644,140.9642,215.88954,201.93951,148.14017,190.14326,212.30487,193.35838,157.21057,221.44023,123.007706,144.11084,133.28754,148.22076,233.0047,157.74634,118.92784,160.21669,165.03185,201.46571,166.45627,235.88916,231.95322,205.04398,195.76553,206.11758,233.77377,231.62091,84.637505,222.36417,248.64766,177.48393,195.40536,178.63974,226.06305,110.76233,238.14877,166.78485,213.05444,183.7207,234.3812,148.71567,204.00467,182.95386,221.22472,204.21805,177.36609,201.94537,201.08748,178.72852,216.98636,222.18796,43.17564,272.40942,171.73468,246.74101,209.15749,248.06113,228.96484
2752,181.26703,124.166016,129.12685,205.80783,183.30072,127.4148,204.27383,180.64325,272.73856,184.89607,148.5686,176.5792,239.9218,158.80536,219.60825,243.11945,240.5624,203.40717,154.6641,176.07642,194.29245,232.74837,168.75972,279.05536,243.58597,166.48912,184.65683,239.12943,260.34955,208.61145,201.2602,186.92169,213.65475,273.53708,216.53345,194.74185,176.23648,230.82805,234.93335,198.23778,142.18152,83.77979,186.1419,199.58846,197.57527,259.17087,139.36884,146.68318,275.87115,179.09238,188.90024,251.23575,241.58823,239.77756,217.69789,237.36346,158.11833,195.01501,199.16975,172.06738,191.90236,226.5839,253.01804,180.53964,200.85176,191.58102,196.03203,239.81844,223.43044,165.54964,237.02293,236.46378,235.57625,224.94736,200.696,201.07278,178.85222,216.80353,202.12381,198.83476,181.55463,226.46826,219.74658,250.45453,227.60104,249.41586,247.81161,233.58551,233.28674,247.19852,202.20465,276.3255,126.73974,204.09851,204.53986,188.18208,136.00446,244.45282,200.99484,170.70511,268.96756,227.70688,230.5434,243.94327,158.90442,185.51553,279.898,157.40707,221.13533,212.99072,165.39029,191.03638,233.39868,189.9339,151.24025,246.34273,101.77611,136.34079,143.36638,168.52647,258.05542,145.18304,101.01138,174.02179,169.05975,214.05719,177.39804,241.40196,234.10776,206.53238,213.05115,221.19206,247.06754,238.98221,93.86175,223.14508,254.87973,174.85007,200.74574,195.37668,248.28278,119.15924,237.77435,190.1537,214.81451,210.86435,249.7587,158.72162,230.47049,227.25891,237.89554,220.40677,187.39484,206.62543,211.14497,199.26094,229.75525,223.19225,24.798073,281.0756,171.81342,250.4117,227.82684,253.6632,243.72144
2753,199.03462,150.8977,182.09254,243.23499,242.24823,128.5947,250.30249,241.45572,265.14752,212.07498,139.61554,234.46936,232.53818,169.98026,232.91849,255.56027,220.77106,240.35318,177.32745,162.90579,202.16623,226.68262,224.78802,270.44354,258.521,178.01283,166.65782,227.73076,260.2038,215.2854,194.18063,220.6428,219.69952,251.63812,243.30438,214.1292,218.99063,237.77878,204.64203,183.16165,201.5076,39.646156,223.06456,195.02081,235.10147,250.12244,143.93074,169.9274,267.914,174.82327,210.26321,243.67627,254.49463,242.84035,225.38464,241.13152,190.24847,218.821,238.03798,157.91525,225.77252,214.23117,239.35614,201.24983,199.2428,193.1441,242.26884,234.17209,222.10172,160.07622,209.95514,238.84079,249.18634,239.92348,235.14096,225.57047,171.27701,229.57526,245.85971,200.93222,197.49982,237.49649,223.20435,241.60208,241.05124,231.50735,240.88947,246.87094,217.00659,260.54205,236.6586,251.1264,215.85454,227.59973,230.1034,212.5763,177.76035,236.68314,242.94263,155.22556,265.91132,251.55157,197.25348,243.76904,183.89355,222.09773,259.0504,166.78906,235.20139,235.0968,162.21692,241.43066,222.9566,238.94154,138.26262,233.5074,174.82587,197.91504,168.8952,176.76689,241.30243,172.60643,176.6663,193.03088,241.92006,207.64171,216.89609,260.27985,221.24911,232.95592,224.59163,222.69806,250.27213,246.12476,93.597115,250.24318,257.14215,230.00505,243.3949,251.49373,231.1808,110.38324,229.62408,222.81294,205.95406,228.77313,237.8006,163.19011,236.29971,212.55972,219.1766,226.68112,185.75854,217.86557,228.5419,203.49786,230.84048,249.358,159.25232,267.57385,161.2717,247.07767,222.54477,241.38426,234.64505
2754,183.36646,151.17978,189.43518,242.8794,247.71321,126.36111,253.41483,243.32611,256.08102,213.77911,136.65366,236.7128,226.83473,175.32248,233.59042,258.48697,206.94196,242.16672,162.5701,161.00095,206.35922,223.70131,245.82857,264.90762,256.5178,171.65662,154.1325,218.40106,259.5358,201.99811,191.76765,205.47298,221.34666,240.12434,224.35052,209.7669,214.28275,241.7987,169.83563,172.77838,198.37772,33.965797,215.5018,191.93732,237.81783,246.54366,125.0607,155.70361,266.12823,160.44574,218.3769,242.62839,257.84967,244.14172,211.14365,238.50974,176.18887,201.93591,234.94223,146.72357,221.55814,205.91525,227.2319,202.11343,192.71712,161.324,243.25961,230.93588,215.62027,156.87354,178.61679,237.3132,248.23064,247.99115,233.43814,224.94647,165.17758,230.3807,255.2222,190.75969,181.90933,202.42966,221.9325,234.21498,222.21912,198.88904,240.15033,250.09933,212.02351,264.41083,213.61783,213.1517,228.41226,227.98117,239.04723,216.93173,182.06552,215.27411,242.18846,147.4173,264.45532,250.40826,177.09583,240.38936,172.13776,232.43323,252.10548,158.61334,232.94693,236.27802,154.25659,246.37051,215.22934,240.81401,103.26119,217.86057,186.21977,202.50342,162.4487,170.54721,215.77142,169.32874,186.22661,170.0719,245.22552,180.21497,210.35489,254.87155,218.67148,234.56705,221.73843,218.99359,248.09105,246.73148,92.33453,249.68695,254.21481,227.61906,243.40051,247.12062,215.60587,108.59783,184.91228,214.09358,175.95914,220.77733,234.626,157.81717,215.38776,182.98509,216.43088,227.35098,150.95522,208.52719,234.3472,194.27708,223.60628,246.29947,210.45287,261.3538,163.35246,240.38374,214.57004,232.88347,230.64258
2755,206.55194,133.79727,138.66045,206.63463,185.76784,147.37924,208.91187,195.18275,268.90997,192.56647,159.64923,187.95782,244.9715,171.81778,225.50467,246.58789,245.94608,209.59952,169.71637,185.87657,206.77197,237.17943,179.02615,275.7189,247.00186,176.66422,192.41113,248.02055,258.23438,225.02545,212.09634,207.00566,220.54398,270.68634,227.06921,205.03232,180.80911,239.67989,230.37027,205.95888,162.47571,82.508255,196.2653,210.13469,203.4272,263.1438,156.55417,173.1301,273.6849,193.52263,199.98285,255.8552,243.90881,246.4562,220.09467,243.6334,171.84012,210.9063,199.41057,195.08734,202.43433,236.90495,253.3002,196.46521,212.97699,207.1235,197.1027,242.7353,232.2871,179.86206,231.32057,238.96378,239.43182,233.2977,220.48773,209.8306,194.21613,223.82419,206.98518,208.77457,194.81287,235.50925,222.18024,251.62166,234.02777,252.79022,256.5711,237.26776,241.71082,251.63098,209.84052,274.0553,134.53775,211.21843,214.9159,204.47183,150.1191,244.42879,199.83168,182.12354,269.15887,229.6633,219.14084,242.31595,167.00688,194.9321,276.33258,177.83453,226.1206,219.80365,178.82474,198.19748,241.72617,192.6757,181.12726,247.87709,117.127884,145.37466,156.74731,185.69699,258.7278,151.77057,110.24173,191.04901,176.21123,231.41751,191.11984,239.98203,237.37592,214.56061,225.3437,230.83025,253.08507,245.77707,102.73215,225.41222,254.94681,178.41658,207.7507,205.64156,246.09113,133.4445,261.0393,206.63757,224.67545,226.12907,256.45444,170.25201,240.19897,233.23946,244.06241,232.58945,220.94373,216.92236,221.65239,203.11568,236.36346,224.96927,30.062937,275.6059,184.46448,249.18326,235.91498,250.96259,251.27774
2757,195.9923,162.87474,184.89154,232.52112,217.63635,145.6405,233.04916,225.80206,268.3919,208.82092,160.88527,220.6311,234.7575,172.00859,223.66298,238.50775,217.80298,226.42264,181.6016,176.26756,186.68954,229.01183,184.83652,273.29297,242.18307,194.30591,184.16284,214.65338,255.92058,203.11118,200.7986,214.12909,220.09552,255.10657,238.63342,209.36127,221.12927,222.13483,197.84077,182.419,195.3772,75.379845,216.63644,210.94484,220.22934,244.57516,160.08124,175.02019,266.3792,187.47256,196.23447,237.49893,240.88324,226.93115,215.6216,236.31183,196.10011,221.65704,231.84996,170.82771,225.27115,211.15854,235.08722,197.4938,206.84702,181.88281,227.79715,238.82101,225.14682,174.09737,217.14473,240.88326,241.74611,219.51508,219.137,221.4704,178.71185,223.98096,215.20615,200.92856,203.63188,236.70517,222.3579,243.46414,228.78432,230.8726,228.71524,234.0626,215.54182,242.91168,226.61206,242.55205,189.9512,217.10184,204.52548,200.6701,174.13155,242.4107,242.69342,171.73589,256.70343,243.52664,213.10747,251.10916,191.658,201.45593,263.35303,171.94954,225.28601,214.10092,167.37613,222.62054,220.74805,227.52849,148.49599,229.86098,167.05045,198.70215,181.94281,191.09705,236.80383,181.54077,173.43108,197.95279,224.76639,194.4061,209.63857,250.83649,232.96786,213.2173,206.28563,214.7785,236.36021,233.7586,116.35312,235.77359,253.38443,221.3114,227.17459,231.56395,230.73453,129.91858,224.17049,217.75195,215.54486,221.53186,233.11511,177.80899,220.20067,202.67963,218.78401,223.16147,172.20834,216.59303,215.03667,203.42111,220.27249,241.39784,117.336784,275.0651,174.81685,248.69566,209.92188,251.30655,229.07129
2758,137.17033,125.40018,192.3133,235.54875,229.34866,94.96967,226.28302,210.97998,240.74191,194.32909,118.337494,214.97011,201.12985,149.25488,214.12924,235.22968,159.34949,221.79568,121.57012,134.61856,155.18138,212.23529,203.11829,256.55145,233.9582,147.21909,155.4439,166.36133,250.97566,161.42856,151.99048,158.84569,208.3627,221.37152,203.79668,173.20433,198.34293,212.5077,112.03117,120.869576,161.53406,33.40764,177.0381,170.55539,213.94688,218.86426,133.17447,105.86636,255.06659,126.251366,192.05951,219.48154,242.85516,207.86673,169.52379,213.91461,143.91869,167.79349,225.10628,105.17293,191.39159,157.81259,196.51639,171.81752,156.50354,98.6714,226.49602,222.33377,181.61201,127.970474,140.17323,223.19888,226.08493,215.01303,187.89845,203.8832,120.1064,206.78275,226.79834,145.58743,149.21428,186.37448,216.33536,208.33441,183.80222,178.42851,205.45815,235.82617,168.56242,235.42105,188.81714,181.38809,206.94986,202.80463,203.54155,168.58815,151.14291,206.65459,244.5449,121.04971,243.29147,231.66177,147.30037,236.45923,135.50562,200.23521,236.78079,111.796555,200.4697,192.54256,108.583176,215.76695,172.57861,231.05942,101.847,183.1359,153.33713,185.76599,125.003555,140.13354,173.1016,173.645,165.92612,133.56746,229.67085,121.99774,170.99655,241.36964,201.64908,203.16739,163.142,174.64621,218.44968,222.36818,84.47467,235.27452,238.0793,217.4019,210.21918,212.19992,181.80586,90.07495,165.68889,176.47002,171.79898,177.34045,207.95135,131.81216,158.42241,121.03647,184.9494,195.60269,100.941315,168.2753,197.85579,155.63321,189.44583,233.202,187.40384,256.7917,144.17859,227.39548,165.6426,227.05652,192.12323
2759,124.463715,135.41234,175.44055,239.15613,241.85384,110.168304,241.8667,230.7443,232.72372,205.80515,123.13744,232.31427,209.91245,174.67276,229.02097,248.76752,167.08972,237.57213,113.79275,140.58965,192.25183,218.17862,239.74821,254.40579,247.40207,142.3381,114.56804,189.8046,252.79068,143.65784,174.8125,174.65186,223.44373,209.31503,190.93254,193.17767,180.6314,234.44254,131.76619,141.2383,171.11105,34.583984,181.63113,185.1323,230.27022,232.40999,80.67877,121.64496,257.37616,115.89723,223.12048,233.45818,254.04695,224.61154,185.29175,231.78835,146.53336,169.19147,210.50504,105.97518,193.46538,164.43546,209.46483,194.68285,160.08301,110.170425,227.76294,225.63362,198.98917,130.67676,144.00966,228.466,239.23756,240.37262,224.23608,214.62894,135.44482,224.065,249.45584,168.08984,142.23047,146.76068,215.29175,211.43521,178.24896,135.47214,227.5296,247.43033,193.36118,254.62653,179.02643,156.44835,213.31927,216.53125,232.33989,213.44254,168.75134,174.58853,229.91254,115.51962,251.08395,239.96529,178.74881,230.19086,136.07828,231.27834,226.12817,122.762726,212.30301,219.28387,121.26719,234.98813,175.6581,239.93248,34.195923,201.70879,170.4057,185.93977,136.79482,166.53174,172.25974,168.58936,166.1044,117.831154,231.06827,111.61836,178.69174,243.61145,207.73108,225.51971,197.51419,200.24075,235.51364,240.25357,79.51058,246.2797,245.85298,207.24893,226.1799,225.83543,198.14066,96.434044,103.19742,200.30695,115.41249,206.85318,220.05798,130.86848,170.35875,150.7096,195.47028,221.70816,65.33626,176.36682,230.53636,195.432,200.54501,239.99628,205.45886,242.16815,157.25464,215.96834,190.7492,202.97903,210.42609
2760,144.15895,129.74326,147.54999,234.14322,228.91965,115.45572,242.19241,232.20242,248.70605,206.12555,123.201004,224.83011,223.87698,172.90894,233.45288,255.58377,198.4957,235.1866,122.48003,145.4851,205.80812,226.79613,225.6756,263.93246,252.53787,144.78497,117.92119,218.04343,260.19806,162.92667,189.16818,202.1454,225.20087,227.2923,211.0911,201.76077,176.98474,241.67473,178.09456,167.62854,172.2176,42.947052,193.42041,193.46558,230.99257,247.60803,74.21602,141.32324,266.4393,129.04926,219.2858,244.1296,257.04404,240.0014,207.51192,240.88727,158.02411,192.78448,207.37929,121.202835,202.87735,189.67384,231.26028,198.04948,173.07404,148.86717,225.60886,232.74644,217.53696,134.0581,177.59302,238.31754,247.60992,245.87814,239.35933,220.19656,147.5133,230.5069,244.26758,187.31937,157.3305,168.70465,221.14426,230.74161,203.4206,158.62852,242.19522,249.73341,215.17963,261.7972,195.15974,188.6444,184.86075,222.5333,232.88002,224.08623,161.56247,188.98912,216.15036,123.96811,263.10025,245.79567,204.28058,237.54922,142.88657,226.04955,240.28113,134.07858,227.13843,232.50085,133.40485,234.0065,200.10556,230.94203,43.56814,226.04938,152.71439,170.73999,144.9401,177.08865,207.56007,161.67523,141.91714,137.8394,215.55864,143.31511,191.29504,248.55676,218.22786,228.45816,220.67563,219.23701,247.91492,247.76706,75.621956,246.04434,256.52255,199.11537,232.05818,233.29166,225.89713,97.788,124.353195,217.43405,128.49669,229.03973,234.72665,134.4716,205.6389,196.86014,214.5217,233.36996,93.46052,192.16064,236.41193,212.55034,217.40771,242.30539,131.67914,250.82967,159.13004,230.7448,215.27335,211.85802,229.77338
2763,137.69052,131.15787,166.36125,249.91968,249.75705,110.89165,257.1107,245.49443,251.59445,215.8536,120.47799,241.64563,231.61218,178.79997,242.81537,262.4167,197.08276,249.7062,119.340836,141.27249,210.69717,232.27914,245.51561,270.01465,263.60675,141.67365,109.62038,223.35893,264.4776,152.26619,190.75543,201.52112,233.02151,228.9439,212.85495,212.65135,185.56549,246.78448,171.98428,163.83775,181.13173,31.35354,198.86664,196.18674,244.70361,252.68027,66.60251,133.91139,269.75018,122.08723,229.67206,249.11807,263.81287,244.74384,215.65863,249.89873,157.51077,192.58566,218.87852,111.74176,207.45886,185.34052,237.54483,205.29837,171.86884,144.85634,241.82784,240.06332,221.6217,129.46167,175.56863,243.15878,256.4323,253.0231,245.95511,228.07553,143.72034,238.98227,259.1977,192.16914,155.30647,163.80675,224.70367,233.73094,206.18507,152.13922,245.4594,256.72418,219.08536,269.897,202.46478,185.24628,215.31537,231.2471,244.19742,231.03896,169.83151,187.99963,229.26872,114.50453,267.70004,256.3115,206.32898,241.79732,140.74976,241.53958,241.54202,130.4307,233.13815,242.39264,127.26106,249.35715,196.41415,247.55515,25.851452,233.38327,167.01828,185.04102,140.92715,177.05345,204.10434,168.3049,159.32027,130.70181,237.82028,130.94766,195.09726,260.43906,223.21448,243.23016,225.326,224.89697,254.74445,254.17923,73.038635,258.49475,263.37402,217.3216,244.76534,247.01717,229.14008,91.49596,108.362946,223.88925,119.17752,234.15845,238.24457,130.96411,204.70474,195.57095,214.5268,237.79224,73.6814,197.15564,244.9589,219.7846,226.53433,255.12622,175.16425,253.02635,157.20953,230.11015,222.41,210.68097,234.53473
2764,140.04391,132.05466,149.86687,237.0745,225.79501,112.679924,232.74867,205.37416,256.61835,206.66121,132.40955,211.58397,228.2362,172.23926,239.45573,261.09924,193.65768,236.21884,117.36546,152.1525,198.11737,238.3813,216.53867,274.2696,258.32733,148.205,146.18172,207.80528,271.77826,180.25482,182.73083,160.35204,230.8476,236.58698,181.91205,192.32204,179.09119,246.80914,144.35162,161.87651,142.71176,47.966503,176.85013,189.42136,225.69258,254.51666,105.793594,109.818344,280.56442,131.2179,217.29202,253.84483,264.09937,243.0653,187.80103,243.62689,130.70316,162.56372,211.70233,118.809494,195.51437,189.02237,224.05594,194.94098,171.88806,111.39541,220.48152,242.87701,207.35017,142.70314,157.44055,246.32076,250.67593,246.1514,215.83414,217.65407,142.37967,233.28299,242.27611,170.3353,143.42776,151.20712,233.23477,234.44571,187.3541,164.28607,249.59,256.7516,211.52094,264.93744,160.57108,181.39119,162.82936,220.91873,231.49191,203.1525,158.38469,194.00352,221.29515,133.08368,272.8798,246.4,178.07715,251.59743,134.54225,221.02045,254.06082,125.94704,226.42114,218.83966,128.05801,222.55441,202.87094,230.62274,77.06665,207.46863,144.47003,165.7463,129.02072,155.93594,193.79147,170.82864,139.20746,123.88478,195.69211,147.30803,171.63425,253.7243,226.56476,227.41393,202.91373,210.27231,254.8027,254.98776,84.75219,251.72504,262.99698,188.08652,217.29395,201.79465,211.07114,105.82487,151.62996,183.31087,146.31546,199.657,244.58864,139.6337,180.6655,152.29712,224.77509,229.21811,112.00003,187.42743,231.30847,184.4864,214.21667,245.71045,107.39429,264.93134,165.52219,243.19217,204.4991,231.70802,231.6093
2765,198.30127,150.4083,176.75333,236.03802,229.93544,129.10548,241.31729,234.1925,263.1009,208.15013,142.1895,226.85439,231.66966,168.73123,230.20027,252.31477,218.92285,233.81635,174.9895,164.83618,200.51979,227.39014,212.0115,269.3039,255.19443,179.8095,174.54549,226.24998,257.8645,216.42096,192.54373,217.19922,219.1038,251.75797,242.34967,209.07967,212.78964,237.33856,196.72583,178.92642,196.1831,32.42128,216.12091,196.87936,228.53705,250.12802,157.32481,169.33461,267.30286,174.72012,206.40382,244.50171,250.86607,242.22137,216.38235,239.93857,188.1285,216.95815,231.3965,158.79083,220.48247,213.5229,236.96924,201.8359,198.15134,186.84717,232.27057,233.78339,221.11133,161.20819,201.3741,237.94104,245.95642,237.22882,234.5198,223.09346,169.98604,227.4176,236.6301,195.9876,197.27345,239.9408,222.04163,239.41907,238.88051,234.03079,243.24327,243.45511,216.65738,257.2797,232.26854,248.99342,198.52287,224.8391,225.24265,210.61998,172.7818,237.99144,236.45682,154.55205,265.17236,246.73363,191.09601,242.56754,179.1055,215.69937,259.1366,166.37817,231.08023,228.0214,160.82936,232.08878,223.35635,230.90749,160.71976,229.55371,163.30026,190.83665,168.12672,178.87643,235.9833,171.94662,165.91847,191.57498,230.22302,203.91498,211.71016,256.22733,219.63052,227.81824,218.7713,219.28998,249.76524,245.10971,92.53731,244.98828,255.00223,220.6596,235.02946,242.49225,226.14459,110.458,241.01308,218.80511,214.59372,227.76556,239.49023,165.75128,230.55777,206.41124,221.87993,227.91159,192.3865,211.22809,226.03073,198.18414,228.2577,244.88763,126.52198,267.08893,163.12888,245.83899,219.05011,242.46735,233.61842
2766,104.49233,111.34056,93.024376,203.99661,183.1738,91.39361,181.56834,117.365814,248.4723,179.42447,128.08745,137.94312,209.12344,165.22795,228.3415,262.68246,185.25984,202.36607,91.37581,157.50046,190.36705,237.50026,199.40482,268.24628,240.29848,120.475334,155.15817,192.15747,272.0121,201.00517,163.69452,76.507355,213.67065,243.71303,107.06724,153.64624,132.48619,247.10385,137.69534,173.33911,50.194168,65.45653,123.711426,156.73663,185.39478,255.52893,91.05607,35.600777,282.03772,121.93584,207.93323,252.82617,261.68854,237.53915,165.80698,219.23299,52.58277,86.18812,172.97261,108.7857,145.55742,181.30365,213.86172,162.27919,149.48923,66.73488,183.16632,228.80576,172.03708,143.63336,147.08838,228.00829,226.44183,244.24857,142.89978,175.88058,131.12805,213.25226,221.74536,137.42166,89.499466,98.99472,233.7165,227.96602,137.08401,169.13055,252.33934,254.95486,201.93893,261.56995,82.9868,185.6979,88.70998,185.89027,227.004,151.39798,131.38347,184.59045,174.77861,146.07973,273.06592,211.79459,168.37953,238.5347,102.4601,193.15276,263.6961,102.96089,210.28014,195.03665,123.44088,168.34073,190.6821,180.08609,96.90768,181.24385,90.607254,95.60669,77.237724,95.2233,184.54312,149.35834,77.94096,78.45351,112.93739,166.1224,108.509155,225.71729,219.914,205.57062,182.10022,190.64685,249.8962,254.28241,69.80318,228.71016,254.82397,129.41513,162.2802,119.00902,202.85373,108.19303,180.0922,101.85756,141.95016,132.31905,252.82953,122.116684,146.97389,111.55346,234.57538,195.78738,134.23679,162.48537,206.53265,141.19066,198.93988,211.34167,35.694252,261.7704,170.30295,249.57712,194.70027,229.09306,228.30891
2767,208.12122,162.66483,202.84833,259.85886,256.60605,137.05261,264.84296,255.4457,283.2638,226.111,151.57767,249.06897,249.01472,179.66968,246.6218,268.8762,234.66135,253.85556,187.16222,175.05182,210.88852,243.20685,232.20331,288.50574,271.58453,191.81018,177.9423,239.84842,276.79614,223.25377,206.17365,230.25308,233.6286,270.47113,255.79016,227.05598,237.16551,248.82748,208.76788,194.42645,215.62317,44.094917,236.85522,209.52173,248.72816,266.2782,149.43471,176.99466,284.59415,185.93524,219.09395,258.75082,267.8096,256.23193,235.71481,255.27399,201.0442,230.804,256.15637,166.2355,241.09769,225.22604,253.01534,211.81604,211.97995,195.2211,259.47824,250.97902,235.90303,171.4527,218.3394,255.12918,263.9903,250.46002,245.57898,239.85997,181.07092,243.59778,256.256,212.00624,209.53949,243.47498,239.14688,258.15775,252.3613,240.25525,253.92915,259.9712,230.87564,273.03888,246.5024,260.3489,232.98065,240.99585,239.43341,221.46906,189.1838,249.21895,262.8124,165.67203,281.97598,267.31927,207.18161,262.08228,195.25952,232.16104,278.65994,175.68962,249.4856,245.88284,170.14671,255.24295,236.49704,255.18974,137.10773,244.7211,189.08939,216.95152,180.49345,187.4636,251.39256,187.74036,195.68188,201.42218,260.3629,211.97324,228.82928,277.26398,238.27872,244.66592,233.22197,234.51273,263.67734,258.4211,102.21748,263.8422,273.30853,249.19191,256.94116,265.1765,243.95197,116.89418,232.0171,234.57547,213.31537,239.72653,253.91705,175.3226,243.09988,216.39304,236.09317,238.39084,185.56238,231.10492,239.31384,213.58014,244.81412,265.67535,179.84138,286.06354,171.92488,264.73798,234.31516,259.07007,249.37085
2768,134.759,101.94275,125.53258,207.11087,179.76907,84.552864,187.14346,145.76282,263.1347,176.55515,121.51088,156.7234,220.86816,138.89584,213.20274,237.36221,195.36288,197.45355,106.32933,143.75206,157.2547,232.26715,158.82018,276.73602,232.24203,134.87865,173.63383,191.34381,262.93442,188.29422,161.62546,120.65833,203.9864,260.96896,166.45482,161.3099,164.60655,217.61292,139.8241,153.75359,92.097336,48.967106,149.17929,170.36105,184.7612,244.42738,123.632935,73.736176,276.10504,133.02243,173.15283,240.07626,239.42783,220.5183,167.34286,219.4303,97.52307,139.20786,191.72095,114.30874,171.353,184.80441,215.00632,158.49487,161.61703,95.89105,189.17632,236.38727,186.7893,133.63425,165.90234,231.60435,224.41255,209.98047,158.19084,186.91495,125.8823,204.9486,195.95639,145.53268,130.9479,165.16681,224.12175,232.59177,175.19083,208.81737,229.8136,231.66757,195.76315,235.4997,134.75482,220.28745,104.41034,188.1644,189.93044,143.50835,120.84323,221.16739,201.38644,134.5408,261.25745,217.66129,162.29668,248.02457,116.07509,169.04395,275.38507,102.94906,203.84894,180.07162,109.5692,172.3671,200.012,187.59889,127.31742,192.80988,90.268585,124.811935,96.365364,115.34935,202.2096,150.1333,96.41908,118.464905,145.76474,161.58179,136.75815,235.20355,224.29941,189.7285,166.4266,183.90948,234.06857,230.56516,71.22611,220.7142,249.05127,159.49405,173.51308,151.17006,201.7774,86.53312,210.82484,136.2398,186.4548,156.1848,239.39444,123.79216,164.53561,129.93494,224.16081,194.21088,137.61102,174.89716,186.65689,137.97568,201.06824,218.4282,27.748976,279.93198,151.89328,249.91008,183.74207,252.52924,218.887
2769,99.08053,109.59033,161.97815,217.62274,210.9944,81.05843,202.3274,183.74075,208.57993,173.81714,104.27589,195.56476,172.89597,134.36362,200.74893,222.65634,118.274315,207.20308,81.28613,111.779396,136.78435,196.31555,194.63976,232.57724,217.3924,120.92333,126.271996,129.48106,237.94534,133.81425,127.508644,116.117424,198.06999,181.6973,155.40921,142.39536,160.57489,204.80585,55.551926,90.23469,120.56522,29.064009,138.81168,146.74837,193.4492,196.71475,107.28311,68.99936,241.3376,90.91254,188.65067,204.67664,235.96848,187.2652,124.32312,195.79318,101.91055,123.3153,192.64442,72.72484,161.81494,124.88529,157.28668,154.33087,124.679276,39.75628,196.42178,204.59422,151.78209,107.02948,83.762276,206.83244,207.56133,206.16571,169.53781,184.50568,90.09143,190.67307,218.02603,108.07775,107.37218,125.481636,204.29489,177.34982,134.98691,119.13967,192.80339,229.35132,140.01263,221.0954,131.70108,117.78728,166.50699,182.86398,193.07307,152.67574,129.24472,159.23645,218.46208,94.27406,225.1541,210.40465,105.93063,218.70523,98.78211,188.58937,204.49521,80.80976,175.72043,164.29454,78.32944,192.45123,142.49065,216.46072,68.48607,140.12027,127.03563,153.54517,96.23107,114.28223,121.81052,157.26932,132.82283,89.358475,193.16437,78.21689,135.56447,217.64241,178.94127,183.0211,134.16324,146.39015,202.26627,212.65005,77.164444,223.23776,218.5245,176.72012,180.46321,172.84348,140.77019,81.3002,119.43945,141.77902,124.82968,144.87311,189.74391,108.7225,109.77193,66.39254,165.27975,183.32127,60.87874,133.73302,186.71033,122.1141,153.99695,213.65987,157.62462,229.24304,129.51984,202.26843,129.67844,197.79694,165.68323
2770,146.15775,108.41286,148.33691,200.26697,169.53305,89.92258,174.57187,136.26926,262.30182,164.61566,131.48058,145.79634,217.01137,125.93803,192.57849,213.38303,197.7389,181.65607,130.83252,150.3765,136.23729,219.37172,128.73108,271.41507,213.81714,149.11765,193.14682,185.07898,244.87509,182.10506,155.57068,125.83075,183.80595,268.51227,180.86359,160.71576,180.02652,189.80359,165.17236,154.99902,103.206894,62.848083,152.89359,167.31708,169.9607,229.0837,155.3807,84.80551,258.88248,153.25896,147.68506,219.69205,214.36145,198.29208,178.41454,201.85698,117.87409,152.84477,197.3822,129.13951,168.02586,182.23715,217.0473,140.8946,166.91223,122.36535,187.7398,226.26006,180.30707,141.71307,198.70723,214.98593,207.29701,182.00905,135.71555,172.28455,133.079,186.68121,169.87326,150.27988,149.35687,200.75696,208.99184,227.82947,185.14072,242.04942,205.47302,207.82933,187.06879,211.38425,160.87277,253.02412,115.22931,170.53023,162.53879,119.913956,115.2314,247.74928,214.59195,147.83638,241.65982,205.45784,182.47562,240.42058,133.96326,146.11954,275.76453,114.14203,189.76868,164.0234,118.7465,158.22156,191.38388,176.74548,162.6189,200.70032,89.10678,131.54163,104.70438,114.64203,215.3927,155.1158,108.61403,142.59485,151.07057,173.17722,136.5216,228.75917,221.31287,174.699,151.02959,171.82597,212.1434,207.11188,84.93846,203.95822,234.48637,173.88916,164.54506,150.9319,206.94019,91.09646,241.03613,136.02954,219.19858,148.03154,223.69145,134.14632,169.49402,147.62735,210.33325,169.02481,153.38489,179.45221,159.71106,138.32819,197.2065,208.23181,25.876108,282.2516,146.29865,243.31277,178.90884,259.2907,205.54657
2771,189.31818,159.59132,187.7056,236.22232,236.327,138.10074,246.03523,243.61362,254.65622,210.01294,143.28442,233.91309,223.22171,181.42924,227.61969,248.86317,207.99773,234.94412,176.63074,167.92276,203.77068,219.48083,225.34622,260.70325,247.33946,178.5452,162.12634,214.09921,252.69644,205.09709,197.897,221.05235,219.67935,239.0841,237.63693,209.84598,215.80568,233.32825,196.39642,184.38315,207.4904,60.534332,220.67068,198.16605,230.0103,240.86768,137.17542,177.67706,259.1253,171.99971,216.56137,235.46599,249.10718,233.04391,218.99576,234.94305,195.42062,216.6775,232.63206,159.78477,222.40002,206.24734,229.82733,200.32904,197.96222,184.42249,236.97604,226.47281,218.95453,163.67131,204.71695,232.54865,241.99567,237.84064,232.94833,220.04187,174.38472,225.21762,239.38376,199.60065,195.0029,226.64673,217.89886,233.61061,226.9029,214.58633,232.11394,242.46576,211.98871,255.02664,232.19345,229.07983,223.05128,220.3555,227.90816,218.67642,182.95276,224.89468,240.16252,162.36635,255.64424,244.08093,207.36478,236.49648,188.21399,223.7484,248.67325,169.38751,227.44553,230.14359,167.39474,238.50128,212.86118,234.15305,123.838234,225.64297,186.61377,202.62054,179.25377,188.36809,228.20404,169.91885,185.87112,189.08344,243.49371,194.49484,214.06396,248.1763,219.59943,225.27596,220.6679,218.1353,239.19836,239.79858,98.40316,241.13373,249.3858,227.39066,239.014,249.00195,225.08655,121.24464,205.29727,224.32968,192.62662,228.08513,229.01959,165.80147,224.1312,204.82693,212.18028,225.8146,166.46968,210.89996,229.8465,211.69368,218.64584,240.15192,192.0854,259.5538,173.15222,239.34097,213.48566,232.63275,227.13531
2772,193.04172,139.68213,199.72104,227.44951,203.51895,121.8667,207.36746,191.71161,273.1624,187.49088,158.65268,195.28717,231.32922,133.46957,207.50554,223.88295,205.33997,208.65793,172.737,160.41397,142.43828,228.46988,148.08566,280.58862,231.9154,188.42825,206.26826,193.923,253.67715,195.50688,165.7705,175.65318,198.28674,273.62103,235.3898,183.93364,222.38277,198.77316,157.76483,150.31491,165.0527,48.928802,191.27838,187.35161,197.04196,235.80548,185.89435,130.33997,266.5061,188.69022,159.71347,228.60086,225.98334,208.59875,186.88242,220.13864,165.91193,200.51657,230.94873,159.99527,207.94102,191.07147,220.35611,166.37904,189.23047,145.88797,217.20944,240.62585,199.75003,164.03003,196.26532,231.08514,225.08017,190.29398,177.1337,202.77629,147.71207,203.19653,190.55765,166.08896,193.04669,247.38556,220.20023,235.84622,219.26518,258.0231,212.3581,219.13306,192.4078,220.64243,211.81812,262.77267,169.06549,196.2797,174.38327,144.70784,143.22845,264.0766,253.4611,161.63715,250.42264,229.03815,168.31561,254.0653,166.79535,165.22343,280.32904,145.47803,204.79068,178.07002,130.73224,193.0011,207.19395,213.50381,190.15514,207.74878,133.57983,185.28203,142.91101,142.5785,222.87173,178.74619,162.74825,188.11618,211.3942,181.06943,179.61792,252.32129,227.5724,191.61646,163.53601,183.57214,224.05922,216.90346,113.95227,224.79337,244.49095,221.07703,198.40805,202.95062,206.21036,110.79805,267.51337,179.91391,243.05272,181.3887,230.27856,169.91747,190.05171,157.44214,213.23383,190.85919,179.40836,201.71268,176.76686,148.51822,210.85542,234.48273,83.49274,291.4944,148.548,251.98798,183.98538,271.28943,212.8848
2773,215.33841,164.26036,167.8388,234.79375,221.42206,156.95474,240.39589,230.19302,277.33722,214.1421,163.84818,223.87764,248.62668,183.8771,236.55174,254.98938,239.78479,236.1438,191.95891,184.01591,211.93414,238.96426,204.32494,282.2583,258.57993,194.31616,181.69807,241.23445,264.91342,228.08588,215.21764,225.13135,228.46841,268.3896,241.63725,222.51114,213.74213,242.68869,219.93591,206.683,194.18202,68.2004,225.14496,215.84439,228.65398,263.1676,149.70198,186.9469,277.29398,197.68762,212.53326,254.21808,253.45251,248.24655,231.0682,251.91516,194.94673,226.3505,229.72446,185.66826,230.72015,232.10611,250.84718,210.80154,219.41254,206.35815,229.88461,245.69064,238.28882,182.95126,229.29237,248.88254,254.09476,240.1268,239.56975,228.45808,194.9967,236.70628,230.5756,217.06287,209.32443,237.75891,227.86107,256.39407,243.40604,244.25806,254.1254,246.52187,236.53629,262.10214,227.47905,264.3181,180.81451,227.8078,225.79086,219.68767,179.58664,246.57791,232.01697,180.006,272.75104,251.52917,219.09961,253.99164,196.37982,216.68535,274.8625,187.83458,240.10359,232.982,183.13898,230.6567,239.9337,227.40543,154.37614,244.98499,162.63007,185.45746,183.85846,195.93134,255.82951,173.25726,155.529,206.2855,217.71378,227.4372,217.26767,259.8839,240.79572,230.7797,233.51385,234.74731,257.78876,252.89034,113.85498,245.73853,265.07037,214.08978,236.13744,237.41304,243.98444,137.21512,246.40134,226.02095,217.41753,237.51437,252.34308,183.70972,245.08209,226.37227,237.81761,238.92093,208.44217,232.16339,234.32462,214.53207,238.84444,248.61867,91.51535,280.82025,183.22096,256.4763,234.91339,254.81238,250.95341
2774,196.48546,150.26276,138.0092,210.55708,196.22656,153.93857,219.42358,209.28885,261.14688,196.27411,153.56065,198.08339,234.20093,183.4636,222.24376,244.13608,232.39465,215.90085,172.80283,180.08018,214.37914,225.11026,191.97028,265.86835,241.81433,177.61263,172.05988,235.55978,251.566,215.35536,214.4493,216.90227,216.3725,254.57892,224.91176,208.46976,185.53041,235.52502,230.46799,212.11874,174.11896,93.709015,206.50476,207.59958,209.17967,251.93475,135.79822,186.34293,264.5994,183.88513,207.39697,242.83493,240.78079,239.02328,223.77171,237.95598,183.86766,213.98819,205.00327,180.12263,209.72647,226.2204,242.90465,198.46399,209.88776,205.17462,205.0813,229.42082,229.93192,174.65982,230.89487,233.8031,238.67525,233.87674,229.14778,210.20775,194.10681,223.0863,214.54575,213.47467,194.1002,223.551,215.9552,244.17303,226.9544,227.38171,247.15744,234.20221,233.30223,251.83044,210.11406,249.61195,148.51956,211.55984,217.77948,219.61185,162.53748,230.73343,205.63065,176.93808,260.1315,232.24983,235.72853,236.93474,183.12315,205.00978,261.46576,179.84152,226.60759,224.24405,183.23593,210.05232,230.2314,200.86053,137.86494,239.93521,137.93275,155.75566,177.19316,197.63263,247.98218,153.72621,122.79718,190.02727,186.01404,218.50539,199.80693,238.18698,230.26944,215.67296,232.15326,229.47052,245.37155,242.59087,103.53181,226.47311,250.34128,183.21164,217.21066,216.34088,241.03279,137.56726,219.95924,215.85507,200.68701,232.03563,242.75293,169.71863,238.16231,235.53386,230.54297,231.16925,187.73602,217.29265,227.64325,220.46156,224.85443,226.13458,56.29947,266.50613,185.2431,243.331,230.37659,240.68375,243.14209
2775,120.599976,118.79873,195.44388,251.3839,249.13432,83.73323,236.81223,220.77689,241.23097,202.13031,111.12814,230.87436,208.35938,151.02304,230.50864,254.02008,149.97896,239.34427,95.24954,125.16954,159.63577,226.81866,222.9238,265.69073,253.17047,133.6932,138.49959,165.52353,267.34735,149.97224,147.38596,146.92635,220.85281,220.04343,189.46204,173.9914,191.28622,230.49864,77.636154,105.77443,152.44098,11.764109,168.32144,169.3649,226.15567,230.23686,108.78654,82.90808,272.66855,103.43187,205.61624,236.89536,261.4477,220.71245,152.34048,228.36981,121.57591,151.90897,227.05121,81.352875,191.58922,147.84555,190.13956,182.44675,145.89377,62.194576,232.3536,234.68625,181.40875,116.51156,105.021194,234.70726,238.58334,230.97662,205.81175,215.91064,105.929306,220.40477,248.8111,133.55257,129.6716,149.65366,232.0745,207.52295,172.92618,146.90652,223.37961,254.37973,169.38393,250.70096,165.19022,154.40271,205.95178,216.4947,220.83258,178.07578,150.48209,185.12064,252.4064,100.61755,260.26395,243.01283,122.643654,246.52234,112.16646,215.00925,241.97467,94.43977,206.509,194.27435,88.49977,227.07385,172.43355,250.4851,62.69542,170.77118,152.26953,184.67094,107.676506,131.94153,149.8168,178.76952,162.75713,102.610886,234.6592,90.64716,164.75826,257.32922,204.74246,217.3995,159.8975,174.87079,236.84766,240.82709,76.93358,255.38347,248.89252,214.36333,214.97964,213.11768,168.49866,77.53235,132.90465,173.65495,134.88486,178.01376,223.72418,119.490395,139.49823,94.99634,196.52647,210.02045,64.92434,160.85345,212.74525,145.36264,192.06274,249.00711,203.29626,260.89078,140.44803,231.58484,162.18051,227.7329,197.49762
2776,120.99199,141.95258,199.21736,247.75633,246.13457,103.457794,228.31442,201.09074,235.57231,204.9513,135.2269,218.89851,202.68884,168.89775,229.89827,255.60745,142.73276,238.34804,112.595955,148.1927,166.65216,225.01872,230.67853,260.5047,248.31564,150.03638,151.86618,157.53992,264.13058,163.26892,148.42941,121.23329,220.47478,215.27032,165.65875,171.79346,194.25432,234.50038,72.218124,117.49509,142.73712,30.515139,160.48114,166.90244,220.49838,228.14658,128.15697,71.152664,269.59357,119.430756,215.40158,234.11047,262.10852,217.31508,150.17188,221.97025,113.39714,131.27682,225.89594,95.33732,184.9657,146.14838,184.03528,183.56067,149.34409,52.30642,228.7742,228.13432,169.55426,141.57986,105.081406,229.21652,233.58052,235.79291,184.67468,207.20602,116.32617,218.0476,249.15475,129.465,125.010155,138.45435,231.6202,204.00299,155.4375,147.46988,224.94273,255.87772,167.03873,253.08737,146.79242,146.56601,205.19876,208.96713,227.29633,168.4133,170.12703,184.73293,250.45764,126.220825,256.06534,235.80836,123.82083,242.75484,125.9671,218.6164,237.47496,110.35693,203.20251,189.37682,105.11366,219.06256,164.86926,243.44617,82.83991,160.54028,171.42691,192.18008,117.147,122.48393,141.97981,190.34967,179.82693,102.41899,221.23486,103.00022,154.51794,249.94704,207.1298,218.02594,157.5123,170.60548,235.10904,244.26866,97.413345,252.69156,245.12564,208.54822,204.35864,192.0334,162.04437,104.774536,142.22351,150.46393,142.75446,156.26433,224.25226,138.60236,127.78601,79.76991,197.09634,200.31122,80.38153,161.73552,210.85733,137.55118,186.05612,242.78372,206.67685,258.08334,160.68657,230.85684,160.26227,227.40494,196.66214
2777,173.47772,119.73894,171.92297,202.86703,173.84868,106.327835,185.57547,170.10442,260.87085,166.20633,141.37057,171.21783,219.71698,117.56279,186.1753,199.49402,203.7885,183.423,156.02692,147.95822,128.47139,210.75919,117.94334,266.79614,210.51334,171.35419,194.71994,188.32352,233.99536,171.491,162.22885,170.87634,182.20966,264.7402,223.98273,172.42206,198.69502,176.6871,183.9903,149.1756,148.2452,59.9173,177.61963,182.78043,175.30424,220.0502,170.71747,131.0415,248.59189,173.35168,138.61304,210.91026,203.02432,188.8807,186.70807,204.5921,161.77713,195.86371,205.71321,149.97913,188.78178,185.01495,217.4014,148.10904,180.91124,159.78697,192.71329,225.69841,194.52448,147.0368,216.65353,214.03113,207.32907,167.83646,161.9242,183.9032,144.61874,185.099,162.88638,166.98358,183.21799,242.94592,198.21268,225.09937,209.83263,252.89687,193.24591,195.89108,187.2128,198.6803,205.62854,267.63156,139.47446,175.7279,149.11923,134.37386,120.5528,256.16678,230.06853,150.90465,231.30148,209.74599,193.21121,237.65176,157.33783,142.41544,268.8693,134.02493,186.92896,164.81967,127.143036,170.56651,196.08394,188.78761,175.40933,212.93439,106.15408,159.26065,137.13971,146.79094,227.78232,157.81693,130.9857,178.27641,184.07933,175.14078,165.66089,230.7734,217.81992,169.54765,154.61066,175.06189,203.23917,194.31987,95.141754,200.95428,228.34406,195.43153,180.0025,185.43634,211.41287,93.48198,251.2583,174.48843,232.88809,177.17502,211.93643,150.67496,189.41843,178.62666,198.76495,176.67566,162.9807,189.1706,159.72447,157.25964,197.05302,212.4895,44.514614,278.70013,135.19559,233.11972,178.05228,258.20264,200.28539
2778,207.51352,142.483,148.29747,205.01788,181.73962,147.44798,205.84674,193.2695,271.27795,190.24777,165.30984,187.49449,245.01297,164.0033,215.82712,229.55896,240.77066,205.28162,178.124,183.95317,187.22217,231.51157,158.52182,274.604,236.41805,187.6452,196.25183,233.21057,249.1366,214.35107,208.60434,203.28113,213.4422,272.27747,227.91371,204.19183,192.99695,219.47862,221.25583,197.005,165.74396,74.71889,200.07465,212.74487,198.20273,252.21884,159.24738,171.56088,266.41013,200.28835,184.0217,243.17822,228.63147,229.73154,215.86456,237.43558,178.07199,214.3212,205.02686,191.44162,207.89195,230.31537,246.02092,189.68552,216.78947,201.4584,197.37564,240.93518,230.45663,181.3021,236.55917,236.49228,233.9643,211.8888,208.203,207.60205,192.02611,217.5216,191.34976,206.57506,202.16653,240.26688,214.09598,250.23878,232.38301,257.16766,237.65172,222.61673,232.61017,235.48212,211.8139,273.99384,136.00758,204.90282,193.66226,190.57101,149.64743,251.27927,207.00854,184.24385,257.18542,227.68735,221.03777,244.92593,177.99734,182.88103,276.82782,175.9968,219.06819,205.87195,174.25308,194.33777,236.26602,193.38449,176.7864,241.77965,122.51842,155.1304,164.41983,184.42133,256.09567,153.94904,120.23859,198.53061,179.55624,222.53925,190.79044,238.18347,240.6854,203.41782,209.1531,220.6521,238.23257,230.90735,108.737,217.85114,249.29022,184.53815,204.66962,203.16812,239.54199,130.89545,259.37924,203.47363,230.38663,218.6546,244.21324,176.69038,231.81667,222.4262,234.30185,222.42384,210.35454,219.01218,207.85353,197.3635,228.37682,223.80319,27.001581,278.86066,179.19315,246.38078,222.10307,257.31946,241.26846
2780,167.83463,150.26573,191.06142,247.83142,253.20995,127.25867,262.1709,256.48932,261.286,218.49588,133.51172,244.96912,237.7272,189.93015,240.47226,264.6355,223.05429,248.67487,155.21085,159.30919,227.16862,229.65244,253.11043,270.82648,262.15262,161.50285,130.96729,242.49756,262.65845,180.00436,208.76572,229.91515,229.0538,248.72223,240.10043,226.6274,207.28851,250.14597,221.90054,195.24828,211.91536,47.231697,223.38611,204.3836,245.65807,257.67566,91.17418,172.70216,269.60663,148.94887,231.89389,250.36649,261.5882,251.9217,239.58777,249.1632,191.26619,219.50859,233.25223,141.93933,222.71423,210.30356,250.28638,211.29865,193.60571,194.04349,249.62988,235.33067,233.33214,148.44627,216.08194,241.3317,255.63695,256.898,252.47188,229.59946,173.79916,238.61963,260.4065,216.91055,185.55394,208.03741,224.47905,243.78606,234.25623,192.73715,251.57439,254.51704,233.87521,272.46808,237.58318,230.00575,238.56427,233.5387,248.57346,242.13396,187.4754,216.8744,245.44536,136.49707,270.1078,256.69843,233.63834,241.56018,173.43579,243.67816,256.79095,161.39783,240.95688,253.84378,160.2384,255.58122,216.21164,245.77336,55.514874,249.27826,191.53954,202.46655,171.05359,196.79303,236.15471,170.32043,183.94278,165.36356,253.4131,173.14716,218.53195,261.73267,227.57614,245.0745,245.48749,238.41307,256.89615,254.4107,82.314514,254.46701,261.86557,234.94833,255.16676,265.01648,246.4701,103.07187,145.35416,240.07736,151.824,248.21811,245.23691,151.23949,237.8187,237.0661,227.08452,239.76556,112.73791,216.85834,248.80763,237.91925,237.20433,252.73969,214.63582,263.51904,169.24438,240.20679,240.49973,226.9172,245.68158
2781,161.56308,153.3215,183.42996,241.37778,231.15283,125.50914,228.7729,194.3504,260.44104,207.77858,150.71283,203.88753,220.72589,176.2663,229.16763,251.78992,189.6528,231.50797,159.91718,169.56885,186.14777,229.62747,212.50153,270.4342,245.84302,171.73671,184.11336,192.87363,262.21442,207.61069,176.56427,152.57167,218.21808,245.87695,190.8627,191.982,211.0228,231.05496,156.42252,171.4385,153.17279,70.888885,188.90916,181.26859,220.40848,241.40779,162.41483,112.544266,268.42407,164.79842,208.55008,236.27101,253.5274,227.15134,200.32677,226.06161,147.42018,165.55045,234.90448,140.85448,200.41797,187.94937,220.2157,184.08101,180.5881,126.58066,234.604,232.72179,194.199,164.80724,182.02783,234.61972,238.29802,232.85925,181.79947,206.9613,152.93108,221.27496,234.17047,169.6861,163.34795,194.36157,229.88205,233.24179,194.62656,214.50146,229.29094,247.41788,196.45322,253.84506,182.7848,216.73422,195.41118,209.48422,221.7443,175.26146,173.02809,231.74176,242.63548,163.97156,259.06818,239.95734,183.57867,249.27356,167.83926,212.37286,257.63055,145.6682,222.20885,209.91483,148.93451,217.39722,196.34387,227.97049,153.1732,202.87314,165.50801,184.80528,143.01926,141.93286,205.32326,186.1138,172.65149,157.77502,209.8406,180.18832,175.39447,251.60109,225.00739,221.59995,191.17609,198.02887,238.7316,242.13031,111.53449,245.0998,253.82735,215.8249,214.1211,200.21655,209.65338,127.01834,222.01614,168.32089,206.49847,176.26297,231.66113,161.1372,183.25684,147.36617,213.44574,202.57298,160.82828,197.40453,210.7199,172.05286,210.9336,241.34804,144.37387,271.54517,172.48453,250.74681,197.25372,247.62012,220.30652
2782,169.81511,138.63824,185.19559,254.21442,244.54663,112.89826,251.24957,232.83902,277.52478,216.34918,134.83185,231.09088,239.85327,167.02924,240.03235,260.8328,209.26904,243.87161,147.45831,157.41132,189.36066,240.28397,216.38516,287.6463,263.96323,167.49608,173.17409,217.81412,275.2977,192.46342,185.9356,199.35701,229.34238,261.60577,238.28696,208.57986,216.87343,238.37764,171.0423,161.22441,183.50255,39.161026,209.17838,197.99289,238.75961,255.45892,139.70609,137.71805,282.6446,153.78952,208.11015,250.64175,262.69354,243.71754,214.07542,246.9437,171.11746,205.1044,245.70705,133.18759,218.84804,199.71231,241.54417,197.80968,188.44662,154.14418,248.22632,249.76535,220.9062,148.37949,191.58104,251.34695,256.50494,238.7301,223.75615,229.84158,151.63443,235.39268,245.29346,187.09973,180.6699,222.78159,238.02832,247.12042,231.92204,220.19171,240.22107,255.41205,211.20428,263.36478,225.03677,235.98663,208.3966,231.95981,226.40958,201.43652,169.27524,241.11014,252.84682,141.10175,275.22327,260.1661,190.24396,262.35535,160.13873,220.41928,272.23535,140.76999,235.67719,228.60727,137.10403,239.6122,214.61389,245.83313,116.07396,230.70782,161.93123,195.95969,146.95311,167.63641,225.46214,183.23584,170.44765,163.54893,238.62099,164.79315,201.38676,272.05917,231.62952,233.73273,205.91647,215.15405,253.0163,249.82167,91.0367,258.46353,268.69196,233.06053,240.19894,241.77419,227.21866,102.04289,196.17058,211.91809,198.11652,219.88164,241.9264,152.19366,212.1757,182.70636,221.16486,226.78009,135.51038,206.66156,225.56105,194.27475,231.86002,259.74408,140.06038,285.82864,160.56206,258.4897,212.20245,255.63583,232.59216
2783,106.51604,111.93071,142.40805,240.47864,231.97159,97.49999,239.22412,220.8327,243.07034,200.57248,110.00429,221.94212,222.96689,162.98941,234.82596,252.2158,183.46173,235.98872,92.37175,123.36252,195.11086,228.34708,223.9516,267.85962,258.05316,119.21734,92.4643,214.81903,260.32193,124.07146,175.24991,178.58939,226.48607,220.30246,197.34308,196.36559,157.54144,236.59293,172.87576,149.39407,151.88641,40.26676,173.40833,182.07516,230.61334,245.80984,44.300076,109.51995,265.06854,99.76368,219.28146,243.4451,257.06802,233.67998,205.53157,244.17795,133.16876,170.88593,198.81372,93.27657,182.37793,166.86334,235.42618,188.85992,150.26855,127.84088,225.02007,237.56113,209.97318,111.2414,172.31113,235.18977,247.14401,241.19339,229.44612,213.72275,124.5381,228.78973,245.0938,176.79727,131.17679,144.25778,218.81328,224.05026,189.87105,135.82483,236.70535,249.595,209.9245,259.50177,185.66951,175.47218,185.71716,217.54929,230.35432,215.57648,147.83295,175.88219,211.71013,95.53676,261.04126,245.19952,217.19308,235.28255,115.55507,227.23886,232.80719,108.86319,218.72003,228.94174,108.85469,229.50058,177.71454,233.51512,3.7486987,233.50046,137.29805,157.62894,117.75401,162.44589,194.13417,155.98112,128.25757,103.12409,212.92,106.65192,169.90518,253.50795,214.58072,232.23083,209.88998,212.50844,247.81134,246.11551,64.04366,251.56223,258.61215,196.6055,225.85791,225.21313,228.32014,83.05824,85.71861,207.60812,99.514175,221.40485,229.43414,112.68777,188.7084,193.05246,203.05273,226.8616,43.25759,176.98032,233.2034,215.95,217.34808,246.40918,124.93387,246.53993,142.04102,218.15317,214.28639,198.29106,224.4881
2784,158.74695,144.38892,212.0281,237.99449,213.29433,114.17092,211.06364,184.66246,272.69702,189.87857,154.0433,193.16222,223.07062,144.5242,211.61595,230.94856,189.7822,211.84384,161.5413,159.2786,146.46841,228.37793,161.80713,283.1458,231.33565,178.00351,202.88763,183.41254,258.31744,182.40015,158.54987,156.96231,201.81305,271.78882,222.7147,180.48993,222.58174,202.32993,161.23616,150.78844,157.30663,67.866776,184.3737,179.08005,200.64496,234.67776,184.4338,109.928635,267.333,171.66321,171.34985,226.25119,233.473,205.00998,193.91888,216.38687,160.23807,182.81288,238.59497,138.3093,195.2755,173.20763,223.58028,159.13333,174.00356,132.03334,228.64731,236.51805,189.64777,156.71732,201.2109,227.6776,224.87021,197.36139,162.07208,194.95862,136.56677,203.40277,199.02907,161.24675,177.43137,237.22592,224.1395,232.88673,204.99008,248.4485,209.82285,227.86798,184.87698,227.98834,211.935,258.22906,190.4029,191.56104,183.75008,140.65265,148.85297,264.8222,266.74628,157.1978,251.23572,230.63885,192.37506,255.75806,165.63066,173.93898,278.78683,131.22278,203.78244,182.01628,127.5453,195.43777,186.78596,220.83533,173.51529,209.5475,144.27075,190.6784,137.92242,135.88254,214.63634,190.58871,177.14427,169.34775,218.43727,161.59595,167.36397,254.87271,225.93567,196.23639,158.75473,178.12715,222.29565,220.76962,114.503044,230.67285,249.454,232.46024,198.32286,199.55916,212.64787,113.46536,241.63449,169.3257,234.63959,170.41974,226.96571,162.10919,176.33102,152.91678,207.676,181.08289,143.00862,190.31558,178.44571,160.83072,206.06,238.09438,122.96922,293.0196,152.99295,253.5327,182.32335,269.48248,207.43439
2785,197.05573,169.38583,206.4967,237.9057,222.83914,150.01993,235.40591,233.51721,269.8032,208.55351,164.55011,228.72693,234.96915,171.34613,222.78659,235.82674,214.28183,227.42572,188.64304,176.02145,181.06422,228.76213,181.99722,275.49777,241.05266,199.65512,190.3137,210.06244,254.74301,200.05826,198.21194,218.24112,219.30914,259.63654,248.19693,210.49957,231.38712,216.77652,195.68405,179.8216,208.4687,79.04704,221.32837,212.09085,220.91902,242.56067,171.10023,179.46722,264.45374,191.41946,194.68527,234.77028,237.91284,220.95813,215.49393,236.16429,205.42851,227.63008,239.52576,172.99776,227.9696,205.01234,234.9104,195.18063,206.95132,182.07773,233.4854,239.59512,224.4638,174.87888,220.10162,238.7727,240.1817,214.14758,219.27565,220.71455,177.57939,222.24246,212.25519,200.97186,209.96484,246.93872,221.21844,242.37741,230.5341,237.82176,223.55707,232.03503,212.41002,239.51463,238.37892,249.66006,208.68884,214.94592,201.21654,197.79898,177.1788,249.10558,257.27002,174.36063,254.29587,243.97128,218.424,252.14795,198.27345,200.01053,267.24127,173.47496,222.0552,210.5351,166.36667,224.78062,215.8612,233.89679,161.02505,230.73117,178.7266,213.46953,188.8276,194.44476,235.45654,186.28967,192.64777,203.8948,242.33386,191.40216,211.6243,254.08745,233.65869,211.84491,200.11993,210.88083,232.65396,230.18234,122.12311,235.84746,253.18704,235.87828,228.95245,239.93112,230.38098,133.60013,234.70764,222.89932,223.33372,222.89893,231.22934,183.07603,216.55359,201.30376,215.98245,219.25844,172.54224,216.18268,212.07162,206.66264,218.99252,244.5323,148.1908,278.99982,173.42462,248.6239,206.416,255.89943,225.9736
2786,69.51491,71.731834,58.65035,175.42758,158.52446,63.017,166.53064,127.540886,203.40907,153.681,85.990685,140.97266,177.90314,126.78378,205.95258,235.98094,149.76097,181.03265,34.370598,111.66532,164.13916,207.47122,182.63596,231.14822,219.93375,80.99707,89.28729,165.99913,247.16553,139.98946,134.77127,83.32064,199.84613,185.9843,98.340355,127.258255,87.36842,231.19656,91.54533,119.100525,49.85952,27.840868,99.489624,138.45833,169.97362,223.78244,25.298445,36.536415,255.5166,65.75162,192.45325,234.0058,245.40616,214.83246,119.41701,204.18047,42.49894,81.04616,128.40065,65.41813,126.74303,146.74982,177.40704,146.00676,111.66406,33.42666,145.80003,208.14088,158.2441,94.645386,84.777794,208.70897,206.3883,227.00902,164.16301,168.34958,89.77719,192.26843,206.43155,109.288025,64.4447,57.583107,203.17706,188.1315,111.20018,91.64147,231.61066,236.83109,174.38507,234.6643,64.29083,115.12117,62.391777,173.36636,205.25269,159.39352,96.62686,118.896965,135.90388,85.68561,247.49908,190.6986,123.985634,206.08263,55.431984,176.82709,212.16226,62.69136,179.48593,174.16867,76.48126,157.23808,163.04543,167.95923,12.875202,154.1679,67.09684,79.74486,59.065083,98.3904,138.3387,115.669876,47.101967,38.602757,102.16702,96.46635,99.76721,194.52866,181.64511,176.48799,159.46576,167.14362,225.50696,228.79456,33.917656,207.00613,227.05898,94.46159,148.4354,117.29558,167.56247,66.97861,89.373146,113.308136,68.36396,141.7233,220.83252,80.6125,117.34765,89.64189,201.84427,197.25504,64.214485,120.122894,198.73929,129.20972,162.96924,187.64359,19.480764,213.23242,126.07453,197.87381,158.94936,174.37296,194.96661
2788,206.53297,140.611,149.70609,211.04895,187.16989,145.53127,209.51324,197.13348,274.45068,193.2081,165.21661,191.31586,243.88754,158.398,218.09544,234.12657,238.54816,207.41696,176.37335,181.59833,182.46466,234.63126,160.91916,278.78824,239.6843,190.40427,201.19684,230.65506,255.52287,213.5947,203.20747,207.13953,215.05692,274.35062,234.07057,201.45004,195.50903,220.82207,216.91171,188.49948,166.76184,77.89807,200.84152,213.41042,202.07266,253.06906,165.12067,171.97641,271.2621,199.86743,182.15219,245.00317,234.50925,231.02826,212.98053,237.62611,181.26465,218.27376,208.77148,190.47948,209.82312,226.56625,246.29227,189.55391,213.45587,196.73203,201.90593,244.40363,229.91615,178.60092,231.5867,240.23642,236.20773,212.85541,210.85472,211.84029,186.18895,218.32414,196.65198,202.24979,204.39012,244.9245,220.79195,250.577,234.95715,258.95782,237.10622,227.30267,227.99078,237.18758,214.87415,275.1808,138.5686,209.23024,194.44629,189.39548,147.67984,254.13881,211.98114,179.83347,261.10657,231.44965,214.81056,249.58203,176.41896,182.49124,279.6621,173.25368,220.7838,206.4393,169.66864,197.51326,236.45926,199.18115,182.47552,240.91635,119.813354,158.70892,166.0036,185.84412,255.27594,160.37827,122.48596,200.20316,184.12888,214.8577,194.5578,242.99326,238.2552,203.862,204.71176,217.57674,240.13513,232.16223,113.64337,223.25735,252.38887,188.59377,207.4284,207.297,239.6767,130.5008,261.89764,206.69186,235.32413,219.94962,244.72061,178.36209,230.39005,219.11517,233.16263,223.06256,205.61328,215.05336,206.10228,194.83188,228.01389,228.359,34.922318,282.75665,173.23344,251.59958,218.00992,261.04227,238.2945
2789,154.44049,136.42957,200.36331,206.81604,173.09148,115.89274,177.36945,160.32794,255.10641,166.5036,164.67422,169.49176,209.35901,129.33379,186.60883,199.66858,179.13533,182.54097,154.21008,152.75824,121.52332,212.8407,119.89691,264.66968,201.05115,180.32881,208.97946,160.73645,233.44548,169.8338,149.27448,148.52899,186.21748,261.22845,218.31207,158.5798,202.9212,178.3651,154.47324,139.36533,140.5267,87.95856,164.0849,178.71799,169.64388,213.0823,198.32999,110.559875,246.78223,177.69221,149.25363,206.99643,206.02206,175.64682,167.93806,197.92783,155.79828,182.06659,209.10707,143.20499,179.86835,160.85947,202.12422,144.00061,167.02585,126.46744,191.79172,222.36267,179.30313,153.59315,200.48572,211.3393,199.2902,167.29396,143.32474,175.32861,128.45392,180.93146,160.26352,146.67444,176.28842,248.22235,203.73727,215.53839,186.39877,252.44913,189.659,201.31625,171.3565,195.99579,200.05646,257.05112,147.63574,166.19525,150.47012,120.3339,124.69508,264.14053,243.99835,158.92232,224.51721,202.93199,189.95114,240.28072,156.8693,142.74756,266.57404,118.159164,175.91833,147.46323,114.33322,161.88336,176.19812,192.83527,209.51183,192.22546,115.30191,169.63974,132.88785,136.09348,204.1658,176.39471,148.07712,172.46541,187.30408,156.07277,146.823,226.08952,217.41437,162.98651,132.30112,156.56076,195.87381,196.30737,132.21951,201.01816,225.06041,203.64876,167.0789,171.02106,194.77722,120.29213,265.03757,155.82376,246.89922,155.91013,210.02426,160.72742,158.59753,144.46439,195.77332,167.7637,153.38162,173.87405,154.34027,144.27243,179.77562,212.25821,68.349075,280.35046,149.29001,233.03986,156.85718,262.96277,188.59235
2790,204.70093,195.19135,221.03372,272.94666,275.0351,174.64296,279.49994,267.9772,288.99463,242.77917,177.10223,262.88535,260.1569,210.92827,264.96893,289.55914,234.99783,270.85956,192.82217,195.14432,233.4566,257.2954,269.37982,299.14825,284.5838,202.16246,178.50589,247.67032,291.60272,220.92943,221.20682,226.94974,252.75974,278.5589,251.40005,239.41196,240.78192,270.22253,196.2844,204.77129,227.21701,73.35817,241.32285,221.7084,264.5216,279.88715,139.92274,179.98111,297.85986,189.17807,249.41193,273.58484,286.63058,270.58807,241.33893,269.34106,201.53975,226.14143,263.802,177.3404,246.93494,227.01903,260.481,229.5122,220.40814,185.57378,272.68698,262.7353,243.77327,192.40207,212.53616,266.42163,277.182,273.73553,255.32397,250.31577,195.61978,259.45557,278.4001,221.08275,207.76054,227.17902,253.94637,266.3388,247.5636,228.36603,269.49973,280.27982,243.08641,293.56903,242.96408,250.41937,260.42633,253.2644,267.3177,240.67198,217.31929,244.83966,272.53052,178.32187,296.02603,278.2975,215.44254,271.88638,201.21848,259.8837,289.49493,194.69745,260.33786,261.49597,185.04218,271.75708,238.80026,268.8294,113.20529,248.18536,224.44621,232.94461,193.84952,196.88478,244.06375,200.39935,221.23178,191.11572,274.70267,198.99928,232.66641,286.47183,254.21918,262.97498,245.38367,246.77823,278.1808,276.87335,138.4649,278.14243,286.36307,258.3159,268.71204,272.7354,246.43568,157.78769,198.23766,238.1741,195.01309,245.7265,269.63605,197.04045,238.01944,209.47969,248.88242,253.01414,157.419,239.35303,261.2393,224.61548,255.8083,276.91522,249.3582,295.61728,198.66132,272.7683,245.9051,263.69928,263.4642
2792,95.801704,96.11459,178.72328,237.39722,225.517,62.153526,208.13773,169.29477,241.62991,175.32568,97.980064,185.80063,190.6956,126.980965,210.66156,239.91351,137.10544,213.84384,83.017044,109.34659,135.16663,215.77754,195.13129,263.3711,232.39873,113.6219,150.2309,145.97836,260.24707,151.54105,119.8461,102.03935,196.94179,227.54984,165.98485,146.35693,173.8186,210.24481,75.58107,99.99126,108.71102,26.204922,140.20947,137.68764,199.54831,217.6596,124.86089,43.02716,263.71115,92.773056,180.876,219.30975,247.1641,202.6282,146.26277,201.46425,91.8111,118.96782,218.09581,65.72951,160.07043,132.9495,184.97604,144.65411,122.00328,44.76217,220.17252,220.01407,152.11533,102.07303,109.78771,216.2714,217.95227,211.34053,147.96419,183.1729,81.99272,196.19746,224.87186,108.48571,105.731964,153.12901,224.28345,200.40823,155.67188,170.78275,203.07166,240.9628,148.61061,234.74557,146.12799,172.31433,177.47546,186.62628,198.98941,129.6381,119.540695,207.00003,247.42732,93.61749,247.73965,223.284,118.70248,240.54076,94.27551,185.95032,246.41296,71.187256,189.2764,173.02501,71.507355,193.84357,150.15158,222.16228,98.80884,159.30345,115.3747,150.49368,76.311584,89.49305,148.07181,160.94116,132.67593,87.28946,198.90218,96.306625,129.65521,244.6039,193.5761,196.95294,134.77328,150.79337,217.62656,223.9588,74.2388,237.72269,239.01917,199.70772,184.89743,172.81514,163.50446,72.17409,163.97874,127.84054,163.47977,133.87285,210.72897,102.55885,121.52374,73.07529,184.18828,170.58278,75.061005,142.50732,178.97527,116.380356,178.1109,229.97467,153.2221,266.5139,123.231186,235.54626,147.51834,235.87756,181.05528
2793,97.04119,110.97816,152.8761,253.46304,255.35828,74.94231,231.99168,189.68738,234.56305,205.19818,108.29956,214.43976,213.27377,164.60706,246.65167,276.8218,146.18484,252.96434,69.76739,125.86179,182.4929,238.15164,256.39664,265.22363,270.7161,108.89,112.88901,174.86765,277.275,156.57317,148.76349,99.73386,228.00899,211.52068,131.11415,174.33578,161.32094,256.32706,64.37285,120.31584,104.86428,2.8049517,144.4614,155.89944,229.14314,244.07785,67.817825,32.766365,284.42712,84.33032,231.03271,252.96786,279.86365,239.40836,151.23163,236.99626,61.823677,98.29114,209.0701,63.315117,175.20523,146.67894,187.93918,187.02277,134.9223,30.962841,227.41989,239.01949,170.5505,116.213264,84.63986,238.19577,247.02704,257.9472,194.91472,213.13075,101.061615,232.11356,274.72943,126.70269,84.60239,82.36652,243.01791,209.3501,142.86731,114.85611,249.25793,272.5904,179.9151,272.18506,105.06734,126.80295,173.19885,218.73322,250.25996,177.75871,154.48615,153.09062,219.11667,94.34742,273.8179,243.56628,112.63559,244.59732,83.780014,234.55093,236.77695,82.70355,216.61807,203.55508,82.01697,223.59161,169.42163,245.24045,28.945839,161.9764,144.84558,156.36246,75.17857,101.68353,132.91905,174.96617,138.52281,51.46507,190.95473,88.16083,138.35469,260.32974,212.42947,237.39653,173.94537,183.50897,260.76605,265.8326,60.891018,269.68298,257.28156,180.12442,204.85951,177.41476,163.15805,75.076065,107.728424,137.99689,92.61351,155.3916,243.65732,104.491776,124.358215,76.31887,215.18394,213.77216,50.853043,161.39641,228.76941,131.77225,199.86722,250.87663,161.28629,250.93596,148.43942,232.22562,176.8407,213.9744,213.47525
2796,54.584347,98.6352,30.805801,165.27429,148.5966,87.42695,149.30504,81.88356,205.82321,162.23383,120.086395,107.002396,183.8541,179.67255,225.93622,263.76874,172.68082,179.7643,29.220003,163.95471,212.36707,226.992,206.80446,235.0658,228.33981,74.61159,95.58421,188.36458,259.43314,188.11249,168.63977,34.79795,215.95149,199.7856,38.99136,128.69205,65.48671,263.37115,124.0173,181.2628,2.180812,59.44875,79.34486,145.39313,159.93137,253.07483,11.217945,-3.0262966,270.74786,79.26996,226.6277,259.79868,263.93335,239.96536,133.04205,210.61678,-4.974027,31.351934,112.48132,89.23682,106.04924,174.57642,192.7539,163.90436,127.5238,25.954248,135.29367,210.36026,155.43835,139.84158,102.86554,210.30295,208.76782,259.39606,132.73174,154.90298,131.21646,206.77621,216.75883,120.59616,28.256155,11.138084,217.77791,203.60101,82.48241,92.32968,268.15503,256.9816,208.41138,263.38245,14.145238,121.874916,33.254475,168.17717,240.61719,158.96417,122.019104,106.50119,110.01735,143.00766,269.5747,180.37161,155.86232,202.90985,50.57377,190.82074,229.28049,82.09134,195.12776,188.78291,125.7673,140.12881,182.39035,147.49841,18.610632,155.57144,62.68672,43.49465,39.955635,79.21501,150.84872,116.233864,23.872496,10.279114,58.175835,149.1384,67.97221,186.43071,200.72589,190.09067,186.8991,191.33942,249.95506,257.67514,37.64666,207.19301,239.17317,64.34618,128.4073,73.06191,188.92136,107.1857,107.8584,68.90438,55.69742,111.281586,257.54016,100.22681,116.15373,90.30123,241.41107,201.74847,106.77022,130.34418,219.25116,135.15585,176.97888,176.72383,-0.53197277,212.41705,182.47083,214.53995,191.57968,172.87718,228.40451
2797,143.06357,148.13925,179.57124,249.67624,253.05812,133.07774,259.45993,253.54028,252.89929,216.56926,135.33829,245.47661,234.53075,188.43224,241.63484,265.81842,207.70952,249.84906,133.92453,149.88068,222.8807,230.00916,254.21922,270.05524,265.00977,149.66275,106.45196,236.66054,262.23785,153.76724,200.53488,220.87563,229.89844,236.53424,232.43094,222.9664,189.55847,251.32423,206.61226,181.15651,201.15245,63.199226,208.80675,202.01599,245.85953,256.61807,67.09752,162.28394,268.55798,129.44495,234.49098,250.83649,263.97534,247.93811,231.34616,251.04562,179.539,209.36607,220.9837,127.70733,210.62958,190.52274,247.33817,210.4408,177.39104,175.08118,244.7851,236.00778,228.4884,139.47195,201.18149,239.02051,255.0284,258.23254,254.66907,227.07098,161.11119,238.19928,263.1077,209.55807,169.14493,186.11368,221.99959,235.89932,219.54526,164.55992,252.79222,256.5108,228.8454,273.47842,226.91101,208.38675,229.20613,231.5106,250.3562,241.09238,183.18082,197.70335,236.7074,119.17352,269.1588,255.2317,234.23477,237.13449,155.7944,244.4101,245.52165,151.44113,234.90286,249.67404,147.20795,252.59843,199.56374,246.8512,23.014774,248.00534,182.03561,192.6143,162.67044,196.39034,219.10538,167.4121,170.61261,142.81876,248.9407,141.90671,206.38495,262.94495,223.31674,246.56958,237.85992,232.87198,258.9054,257.05206,95.97926,257.8947,262.1853,227.30223,250.25699,260.69794,242.49649,113.03804,108.41797,238.86484,121.81824,247.4099,244.19824,144.09134,221.64633,229.33691,220.57806,239.13416,74.33763,205.4932,248.79231,238.39554,233.45287,254.75388,192.36331,254.79343,163.95316,229.18,235.86116,211.37592,241.3327
2798,182.42926,131.97604,143.84679,230.87277,221.03325,115.59375,238.60425,220.01901,272.36826,207.35959,131.28284,211.437,240.55101,173.54486,236.3707,260.95767,232.49576,231.4127,154.11574,164.15128,214.05118,234.08615,216.23752,277.35605,260.3603,163.33926,166.38391,241.72423,266.59695,213.64041,202.82669,211.92166,225.83076,261.1076,232.22495,211.55002,194.51996,246.58792,220.57956,194.41739,174.54037,47.856506,210.03937,199.90921,228.17432,260.6868,122.27828,155.51218,276.269,162.34012,214.11024,253.04489,258.36737,253.24625,229.758,247.43501,172.85408,209.05127,222.47766,148.75177,213.05069,223.85254,251.45532,200.0106,199.07489,190.92389,226.98761,240.3786,229.90813,153.20598,219.96613,244.95535,252.499,247.62637,231.87555,221.94777,169.79932,233.52599,239.31375,204.6431,185.21002,224.67242,228.34183,251.3768,240.29279,231.18347,253.50038,250.80368,231.20116,267.17563,221.08759,255.71504,173.07599,227.08868,233.48346,218.35739,161.92969,236.70433,217.66,151.77422,274.41644,248.93079,215.01808,247.8988,165.38675,220.04579,268.2063,153.4669,239.48242,240.27328,156.06299,228.1427,231.64777,219.82123,120.5459,245.48662,139.97345,164.59041,151.70425,177.86269,250.8942,158.31747,132.1135,173.56395,205.79436,206.84915,203.29802,256.77542,230.51663,232.67801,234.30905,232.67102,258.2473,252.99596,75.27658,245.84032,263.51068,202.09195,233.77834,232.00763,244.02171,101.66457,213.99796,215.70587,198.29156,232.3649,247.7111,149.3588,241.84569,226.49265,232.06558,235.38034,171.53583,215.2573,235.03537,212.70277,237.9449,243.16263,86.10025,274.91357,167.68585,253.94681,234.47252,245.91858,246.62547
2804,124.09158,137.31345,179.74252,244.55295,239.29095,106.172806,233.84799,213.9779,236.03333,206.20189,129.0594,224.28111,205.96059,165.98196,227.30484,244.454,150.84125,235.77817,111.881294,139.55023,167.04514,221.43134,219.71468,259.04742,244.38333,146.13986,135.27106,166.93683,258.56247,146.44028,160.77638,148.22989,223.58623,209.18506,177.07513,181.42744,187.32597,224.65721,93.379196,120.294464,154.98769,33.054462,172.32275,179.4194,224.61792,224.79907,104.17505,99.571106,262.18143,119.163795,211.54126,228.5481,254.29614,214.17108,165.66452,225.42667,132.33804,151.534,218.80118,100.505875,191.64655,152.50172,193.05656,187.03596,156.41025,77.58525,228.25903,231.5105,185.51979,133.43619,121.10089,231.77104,236.4014,227.76593,199.42477,213.90146,124.30655,220.33414,240.72897,147.92749,136.67975,138.64832,223.96986,207.79524,165.87207,138.78506,215.2572,248.11671,173.79639,245.9016,160.62772,146.07893,201.0511,212.56996,217.54962,186.03622,164.60207,178.85837,237.00189,118.77317,249.12596,239.37366,145.33514,241.53934,130.79897,218.69864,229.47296,113.756546,206.48196,199.01782,110.24385,225.01164,168.17934,242.37784,61.715313,179.17041,164.1832,185.8424,126.54239,148.90814,154.7547,183.56,165.37863,113.60695,221.17188,100.04638,168.33673,246.15198,209.00674,215.90039,169.82861,181.75363,228.22984,234.95572,88.228455,247.72269,245.5903,206.43832,214.4476,205.97908,177.21896,99.56218,122.838745,176.92122,131.2576,180.32889,214.10976,135.1641,145.2813,108.05192,188.8532,210.09352,68.32109,168.96982,215.21408,162.61087,190.5877,241.75104,181.38269,251.8256,154.03812,224.16457,168.3265,215.90579,197.38315
2805,175.60837,152.4051,158.569,248.5886,246.06354,131.98123,252.33041,226.01341,263.42535,223.74219,144.21582,229.1339,237.74715,189.93468,248.71936,270.43,211.27065,252.63235,152.01108,170.48718,218.7009,239.66998,243.66962,274.78195,268.07874,167.2586,150.95981,224.53452,273.69727,210.38528,202.31314,183.90318,236.479,240.8317,193.74088,214.24802,200.99141,255.61609,165.30933,188.16667,168.5528,48.26936,206.4704,199.20476,242.56117,259.7597,111.43233,137.4717,280.94824,158.60263,231.26701,256.37878,270.4118,255.16473,212.45764,251.21239,150.49457,179.80595,228.9468,143.71057,220.5199,211.63449,230.77151,211.7959,195.87187,144.6681,240.78484,245.20122,220.17664,162.98355,175.86172,252.26917,260.8623,258.89703,231.19444,232.19434,168.76047,244.76068,260.68738,193.18742,165.34833,164.99786,236.4007,245.62761,207.77179,182.84119,255.95549,263.00134,223.73932,276.1488,177.46536,197.6188,191.88779,235.24353,247.97227,221.06279,185.73547,202.99725,227.26688,155.614,276.8111,258.33887,182.55713,253.89633,164.56638,240.40779,256.21457,155.74875,245.21265,240.16818,155.31592,244.5373,222.13998,242.945,95.53804,216.85114,175.94318,183.7103,152.30577,167.29305,213.392,178.6113,162.37318,153.33147,215.07599,185.63495,199.09015,262.33063,235.0871,244.42247,230.55298,229.0974,263.5899,262.77118,93.38393,261.2191,267.83783,206.88979,239.48221,224.23009,220.10608,118.670845,179.57236,199.74846,161.36398,213.90686,248.57095,158.2829,209.22299,173.47705,231.69775,239.15231,150.59317,216.25053,246.05586,194.84491,229.68823,254.94662,142.74919,266.02347,178.1641,251.54448,223.19627,235.99013,244.43991
2806,172.16928,147.46939,186.55106,237.39877,243.15373,127.338005,252.70471,248.98236,254.65628,209.03937,130.26166,234.7156,229.56311,180.54675,233.14508,261.3962,219.1025,239.13809,155.42532,156.34006,222.31699,223.19113,251.62958,263.6889,254.28539,158.87662,130.79233,236.9285,256.6413,184.3927,200.14755,226.44122,219.90845,244.89934,234.78401,216.48828,200.53677,247.57176,204.39479,187.78615,208.5965,30.133257,216.88882,194.96848,235.87427,253.12949,89.67903,174.9451,263.94943,148.92511,224.8213,245.74693,256.7221,248.71301,227.29031,240.25462,188.0782,215.45631,224.58568,144.50334,216.6135,208.41466,241.11012,202.92068,189.33556,188.61047,240.22705,226.89491,224.53398,147.23775,200.10641,233.28241,247.30197,254.3976,246.06407,220.45724,170.35333,230.35803,254.88568,207.14934,183.71054,204.24063,218.15222,237.10391,228.28326,191.57303,249.90149,249.84282,226.9696,268.6458,229.7345,226.21768,229.12123,225.08578,246.02872,232.7507,180.26274,212.3858,237.24893,134.47237,265.76025,247.23152,206.65256,233.6279,168.35167,235.363,253.36108,163.26982,234.49658,246.44324,158.01828,246.29495,214.34525,234.84357,57.851337,236.22272,184.8953,194.92372,169.20079,187.58618,229.3695,162.0987,178.35313,165.49107,244.4589,174.73166,214.02237,251.77791,219.199,237.46729,239.31279,230.8435,252.09308,250.39462,83.167206,245.48943,254.49031,225.75017,246.06827,256.76578,234.04558,103.2652,147.31711,231.44168,150.59564,239.58115,243.2121,150.22842,232.21869,223.11902,224.82494,232.18317,119.14188,211.12967,241.12947,219.016,230.48004,242.5284,216.74588,257.59384,163.68495,236.11255,232.98056,222.12868,240.71837
2807,146.24786,131.46274,169.41666,247.42253,241.88797,109.41081,249.8306,229.87546,261.826,211.87962,122.62937,229.36903,231.4315,172.70282,238.92322,257.36572,199.29831,244.29932,127.48092,144.46103,200.71883,233.21858,225.90875,273.90112,258.5075,146.89154,139.285,214.16974,266.11786,178.35934,186.22833,187.28764,229.63077,239.48686,208.43744,204.19165,197.5141,240.10489,166.53947,167.57841,168.79541,40.700687,197.612,188.89056,236.5436,250.63657,99.288925,122.92985,272.75464,131.91191,219.06415,245.84854,259.15027,241.21283,210.95938,244.1644,149.76314,185.43777,229.63582,116.93942,208.591,192.5997,232.56392,195.9137,174.26968,139.97285,241.21124,241.17633,214.88977,135.42334,179.78712,245.05347,254.04242,243.31944,225.29309,223.68988,142.21219,235.12616,246.61435,182.82315,155.40323,177.1673,228.54193,239.07306,208.21031,178.81361,238.8477,252.5886,212.84665,263.60602,197.3482,199.69615,203.80032,225.5983,232.18817,212.09375,162.71762,207.04477,236.13924,126.44095,266.92035,254.89082,194.307,250.82422,144.34149,229.2316,252.83035,130.16342,232.58208,231.58388,129.0471,239.95267,203.13177,242.11292,70.4581,222.69614,158.14816,181.54984,136.17072,161.1328,210.5156,171.84012,156.11392,137.34009,228.16672,154.95863,188.49768,260.0899,227.44368,234.30232,214.97116,217.41145,249.60603,249.2316,77.93254,254.01993,262.9346,217.21985,236.818,232.82988,222.45908,97.07138,152.64827,205.50563,153.7136,215.71832,236.37965,136.08365,202.57695,178.1352,216.49466,228.79678,111.7512,199.1679,234.51808,200.98984,222.74123,252.32552,150.46658,265.60883,160.09846,243.72742,213.69583,230.45447,232.19261
2809,208.57245,165.97191,206.72704,245.1146,235.17009,150.81561,244.5816,244.70222,272.5503,212.05759,159.82436,239.254,240.57477,169.78851,231.53964,247.52731,226.5333,236.83241,195.24353,172.35701,190.69778,234.8508,198.66849,279.37958,255.13162,195.7548,185.08206,226.83524,262.13495,211.96658,198.23102,229.58136,223.59372,265.16107,258.54803,216.41357,229.95364,229.24628,212.36761,184.07607,215.84932,52.70999,226.88736,208.39948,229.88295,253.28014,171.64583,186.741,272.1271,192.23764,201.90144,246.88544,248.8815,235.88962,224.67636,244.93982,208.7784,233.10736,241.95905,176.32076,230.919,214.40656,244.93988,202.02145,206.25954,200.30464,240.77191,244.2786,229.03119,171.8617,223.45647,243.06311,248.23727,227.20728,234.86447,227.87141,177.85385,229.58636,229.00444,205.20987,213.5589,257.90787,226.58858,246.77304,244.30879,248.61505,238.68172,242.13654,221.5193,251.04884,251.7218,268.2025,218.2369,224.70908,214.92468,206.76306,179.13977,250.8733,257.56866,168.35406,266.13623,250.98451,213.93973,252.19577,197.3831,210.27116,271.44482,178.18246,230.75919,223.5347,167.36089,234.7702,225.10724,242.42444,176.11932,241.02615,180.14664,212.90005,186.99438,192.39384,247.66862,185.52412,192.5987,211.58813,251.73438,208.77301,219.43909,263.4443,231.7966,224.96268,213.13863,220.41937,246.77591,241.79474,117.95097,246.6036,260.24875,241.06854,238.48935,253.67586,238.7276,130.55276,259.4099,232.19238,226.98697,234.08502,243.63089,181.66386,232.9333,218.07298,226.49123,227.71692,199.3882,219.42693,222.06717,209.99173,231.77693,252.19392,158.71494,278.27487,168.02287,251.3052,220.56256,253.72348,235.86671
2810,172.64743,152.7915,196.68604,244.85501,249.90268,122.811104,251.40022,245.29459,254.62839,213.48517,138.39865,238.98154,225.0696,175.41705,235.43959,263.07513,194.08711,242.72736,148.8838,159.44417,198.38834,227.46878,251.59714,268.0462,257.89548,170.47516,157.2885,207.02675,264.93436,190.44907,183.77884,200.1394,224.55847,241.47913,226.35294,202.22028,210.28107,244.48499,144.70145,155.91618,198.31247,22.764013,207.20375,192.13492,237.19183,245.6886,122.52269,149.30176,271.3833,149.53156,221.59962,245.07816,262.93124,242.21811,195.22449,238.98094,171.15463,197.19585,234.27426,137.4682,216.71367,192.70264,220.09885,202.24467,185.86032,139.24905,241.12823,233.92984,211.15933,155.15775,159.68622,238.36273,247.45119,249.77423,234.49428,225.37077,155.12434,229.96844,258.66962,178.15694,176.33603,198.74721,228.87228,228.93533,215.58937,192.55731,240.2027,255.72194,203.66452,265.48083,209.91805,203.70963,229.73894,228.46982,241.64102,214.69644,182.6513,213.19409,245.93822,139.38974,267.2659,249.36552,164.9964,243.16447,159.92139,233.54938,256.1563,151.38,226.72119,228.82529,142.03192,244.40741,207.43544,242.87192,93.228455,208.34969,188.50676,205.37068,158.80043,170.50166,199.64365,172.93268,189.92685,156.1485,247.22827,154.49265,204.05963,256.46533,217.90425,232.5894,207.41745,209.5683,248.14207,249.3936,89.816025,252.05106,254.61607,225.75403,238.95584,245.00262,203.34592,105.36531,171.14719,211.8266,169.51213,218.74326,237.48938,157.76328,198.13914,163.0216,215.75461,228.07422,124.982956,196.49512,233.40923,185.89914,218.40799,247.38568,233.0492,266.7778,164.96046,241.80014,202.17296,236.81982,225.0321
2811,131.66602,129.59927,137.86151,223.54135,202.69833,105.44301,191.27347,128.13306,264.87494,187.92874,151.05151,150.14424,221.5242,174.15976,230.75937,267.574,195.91368,215.05075,128.49493,178.21872,189.32118,245.61215,200.444,280.84778,245.91452,139.87268,192.70119,198.63538,275.9333,229.28539,165.83638,88.893616,208.91353,268.1955,129.52768,167.462,170.25269,244.99756,149.87447,192.24867,71.448044,78.668976,142.44089,155.94093,192.10895,261.39087,145.14873,44.853943,286.16522,151.99457,205.84659,252.99219,261.30585,237.97032,184.42796,220.93996,70.78484,104.15411,205.06134,125.82588,161.94409,190.35143,221.78857,161.76825,163.3689,87.46477,207.70813,233.5091,173.17378,169.35175,172.06564,229.81635,230.14395,242.82138,140.69,178.33185,142.29752,215.3937,224.08308,146.62405,110.86607,138.21469,242.88556,239.26273,158.0474,214.1191,254.64714,255.7901,205.27725,263.77646,111.02994,222.34941,120.951256,187.00455,228.24268,141.17825,146.52638,223.75514,212.37961,175.73962,275.58154,220.81644,173.42252,249.96912,128.14561,193.85109,281.91168,118.67544,217.63197,194.44217,137.72339,176.68402,196.56567,192.95126,156.06116,188.84723,111.81347,120.336075,83.100174,89.47993,200.39157,173.53998,112.48737,108.04291,138.43039,197.46918,120.36397,244.25241,232.78473,216.3698,183.6541,192.53362,254.69801,259.4619,97.56911,237.59424,260.14136,164.93245,172.36177,134.77576,208.07076,124.187546,239.25043,109.32596,190.08191,133.45117,263.76443,143.73752,160.34781,121.78255,244.03856,186.43343,174.31161,186.2045,199.46692,138.34143,212.55486,225.6167,61.232693,283.64728,185.10167,268.90405,204.96136,257.21027,235.46014
2812,162.5733,115.37526,104.08662,198.16049,175.88333,119.194214,199.90775,174.77051,266.15808,180.7176,137.36075,169.10281,234.11188,155.50244,217.13557,240.38675,236.25388,198.40707,134.59932,165.07584,192.59998,228.47287,167.73782,273.24457,239.48721,149.7005,158.30954,238.52959,258.33838,192.63231,199.98169,184.94147,212.34012,265.02966,203.26413,189.35289,155.26065,227.44786,238.82056,196.5387,128.3603,82.76715,178.81503,195.94739,193.90648,255.17406,96.880585,142.26855,272.75647,160.73248,187.68489,246.98264,239.17293,237.52911,215.05103,235.06201,145.67636,185.34558,183.89731,157.31519,184.318,220.20236,249.72832,178.26898,191.07164,185.11797,187.69968,235.86752,222.80261,153.15819,232.19226,233.92072,233.29578,222.29808,202.00354,198.40396,171.26797,214.86444,200.03055,197.17648,165.03757,198.63828,217.16049,246.80246,216.78542,224.28156,242.97089,231.19781,231.75162,244.33412,185.32574,261.60187,109.71849,201.53462,202.23604,192.99934,129.32329,223.63564,183.87592,156.87933,265.79166,223.25536,236.59311,238.6185,145.43309,183.72726,273.4322,147.0548,218.69348,214.36003,157.00696,187.34769,228.06366,183.37863,104.6398,244.49402,90.80466,119.24196,136.5591,169.22021,254.83199,135.22208,80.471664,155.09196,153.4899,200.09422,171.2807,233.26785,229.79053,201.44043,215.72061,221.64716,243.51231,234.94872,79.09288,218.40295,251.82097,157.34561,196.81967,187.8712,248.81134,109.208206,201.86276,189.43826,179.5571,213.24448,244.59476,144.89145,229.23917,233.25204,232.75958,221.35553,159.5209,199.19081,212.11243,205.41464,225.3774,216.64873,15.143049,272.1621,164.95242,244.24133,227.0291,239.75966,241.65277
2814,128.461,111.58411,180.96869,247.55257,245.65222,86.87898,249.17958,237.76045,253.0351,203.4975,100.71922,235.12546,222.5815,157.41978,235.10123,257.714,186.65132,241.0541,103.50479,123.69101,191.51501,228.82452,231.45456,269.562,257.9109,130.59698,132.97897,204.9107,264.80353,163.60027,169.94589,188.66,225.24258,233.6222,220.19876,192.30212,191.013,240.15988,146.03973,143.6581,165.2353,22.53591,187.6006,177.73187,235.37143,245.08948,96.6277,110.12311,270.6639,106.92641,215.60188,244.44458,260.62662,238.51646,194.0137,240.18788,141.35709,185.12692,227.23997,91.76036,199.92776,178.41418,224.15634,187.55252,156.30835,123.14844,238.20181,235.56168,207.76584,111.640625,156.19812,239.55176,248.67567,243.71274,232.95396,220.80315,118.996124,229.43881,251.75604,166.6768,143.24289,183.13927,227.03693,226.93503,206.9901,170.07333,237.7272,253.54654,201.33893,261.93182,204.22403,190.78772,210.61288,224.31305,232.798,210.48059,147.87369,203.00545,243.1214,99.22771,266.02335,251.48625,175.518,245.11115,122.69687,227.28741,248.22272,107.02813,223.45064,225.63823,103.028366,239.42136,193.80638,245.4078,56.9971,213.76822,146.37631,177.763,120.11647,151.88318,194.67824,165.68576,149.59386,119.53874,239.27051,128.42758,179.86801,259.3669,213.6109,230.68666,201.76242,205.9036,247.0688,246.88437,65.3409,254.33752,257.61786,219.35449,234.4979,239.89783,209.79556,74.02286,138.6278,207.8439,147.01932,217.58682,232.16754,116.04993,190.92633,165.53244,210.07794,226.44894,88.0509,181.35632,230.81308,192.75996,214.71292,251.30017,177.3009,261.35605,143.00317,235.76254,200.45107,226.18143,221.15205
2815,146.2988,139.05272,174.46494,241.91232,233.16809,112.68949,230.76508,201.46213,252.25119,205.95912,136.59154,212.14886,217.91818,170.79187,232.99847,256.29935,176.33319,235.7502,129.25476,154.78635,184.3995,230.99338,218.16093,268.8554,251.16911,155.80173,162.91397,185.32285,267.01144,189.34346,171.31934,147.23282,223.92528,230.9057,181.66254,184.81622,195.84961,238.78088,120.619095,152.0744,146.0197,49.462685,177.48291,180.7359,222.72305,241.4779,136.32605,101.46838,274.10458,139.10611,213.55423,242.20016,261.09622,230.38608,177.31174,231.45692,131.53369,156.47702,224.7471,118.88914,197.1037,178.08513,206.99312,187.83383,170.07037,96.30385,227.15808,235.3012,191.9164,147.73889,145.39752,239.26653,242.31981,239.41057,196.45044,212.31122,138.73224,225.04257,242.16835,156.57632,146.4169,163.45511,231.92258,225.13458,180.85394,175.1438,236.05522,253.94708,192.04654,257.88895,162.3732,178.1417,182.45828,214.14804,226.18008,183.63153,163.54524,203.5767,237.78162,140.77841,263.34506,242.3552,156.76509,249.87805,142.59431,216.54349,248.89873,125.80584,218.74722,205.93411,126.99785,220.1505,192.31628,234.18895,110.25409,187.92145,156.21863,179.29857,129.63068,141.25554,179.99088,180.21542,159.86612,132.06339,207.5545,147.78278,169.18524,252.24774,220.58,221.06892,185.20703,193.78351,243.67514,247.58966,96.220795,250.28165,254.60136,202.8263,212.653,198.40851,191.83609,110.5923,176.5249,168.20459,169.00526,178.25134,233.00558,145.08969,164.95445,123.412964,212.97398,213.50635,125.91275,184.44452,218.99446,161.2785,202.38289,243.92117,139.29153,265.7304,166.3555,243.17847,185.7009,237.5971,216.96094
2817,106.969696,138.07745,195.90063,253.15787,252.31447,98.98076,230.65881,200.23676,235.69855,205.64828,131.72244,221.07826,205.23564,170.75739,234.2876,259.50323,139.74716,243.3696,101.75017,143.74092,168.09976,228.8959,236.85016,263.33017,251.45818,139.74312,134.56256,158.24855,267.01297,152.84108,148.36029,114.1646,222.6527,215.08711,154.88113,173.39398,187.6625,236.63362,68.74751,120.201324,136.28398,29.951715,156.84181,164.38669,223.07591,231.84695,102.826096,60.493317,271.82657,109.32675,220.25743,236.99353,264.93732,217.64102,152.71692,224.8474,100.634796,121.47046,222.51099,84.966805,182.39026,139.01483,184.99248,182.53175,143.01678,43.147728,232.37178,231.52592,168.2239,135.89227,102.895645,230.00684,236.18126,238.26144,183.44608,206.59694,111.86724,220.76897,253.42325,129.24506,111.77954,117.69856,233.34703,205.34955,145.60779,132.72644,227.39589,259.25082,169.40384,256.01535,135.91483,139.69312,208.63193,207.864,231.64783,168.44641,169.17645,173.9602,248.86897,120.32857,258.1515,237.47876,128.69261,243.54494,117.62455,222.55556,238.0629,103.34733,204.76537,191.75827,98.68401,221.59442,158.86047,247.77223,56.523293,161.8516,171.97812,187.70271,108.69897,117.961426,137.71333,188.45026,176.35132,86.28537,221.4235,93.63841,147.90248,253.25053,211.52097,221.68484,159.72363,172.54889,238.40604,247.73506,91.31088,256.65717,248.89117,208.24954,204.87947,190.5434,164.5368,100.51705,123.678024,148.52391,120.040825,154.38568,228.88098,130.11514,122.02049,77.05806,200.0297,199.91322,59.209145,162.61513,213.61276,139.61118,187.8599,246.36275,222.26486,256.99677,159.5385,230.65242,163.47357,222.20459,200.24112
2818,185.1358,142.29166,195.64201,247.52383,237.05862,114.77479,241.2055,225.39224,275.15698,208.25189,139.42563,223.65302,234.23676,156.61772,228.68596,248.91907,211.45613,233.73038,165.4851,160.59189,176.30591,232.18866,198.73132,281.54855,254.15298,175.93393,183.0657,212.86945,266.01257,202.82326,180.11392,199.86923,216.65546,263.40414,245.64842,203.65675,226.24968,224.71542,181.81213,163.74426,188.64171,40.735363,212.37097,191.43527,227.66837,247.1138,158.56882,144.72946,273.88248,169.1902,192.8627,240.85611,250.20627,232.90646,214.37357,235.85822,179.80937,210.34592,246.6611,145.0784,219.54263,201.11447,237.23322,187.28543,191.36423,168.12552,243.96895,242.7685,213.50778,155.38469,203.18024,241.59554,245.55177,223.72444,208.70142,221.25374,155.23209,223.41687,230.96829,185.09354,192.15903,244.90608,229.88824,243.33249,236.8995,242.66498,228.85677,243.02438,204.41222,249.88683,235.80505,256.27084,211.14311,221.19708,211.36702,183.0726,165.98187,251.81332,256.5949,152.16046,265.67828,250.65152,187.52528,255.58246,172.6359,204.14224,271.4397,148.86232,227.86656,217.19165,144.28424,228.99387,214.05942,238.06938,149.36577,227.48012,161.61264,199.63673,153.21124,159.61426,234.0069,182.62473,178.63206,182.21619,241.08588,185.26956,202.89465,266.02103,226.2656,221.80936,197.15884,206.81339,242.45995,237.64297,95.44917,248.06702,259.16345,238.7544,232.15549,238.97272,224.85258,103.31549,233.58961,205.77429,220.70975,209.31348,235.23927,158.19402,215.9922,185.79095,216.10947,212.21921,165.82916,208.97372,209.41255,182.88824,227.43991,251.4649,142.19708,283.38928,156.00613,255.96132,206.91818,257.5443,225.51852
2820,168.5052,153.30652,169.77695,250.33336,249.73985,135.71136,262.35666,254.66232,265.28943,222.18954,140.39265,243.34,242.85095,192.95377,245.30426,267.1809,223.88062,251.88596,153.87035,160.08928,228.31812,235.07571,244.89127,276.8695,268.08606,162.42111,125.58886,247.18298,267.39755,174.92905,212.51794,234.86049,233.92194,249.16913,242.36876,231.51477,198.03839,252.08109,227.37463,196.0371,205.93448,56.867138,222.6943,210.49664,248.2109,261.57837,82.26372,178.06885,274.26578,150.86565,233.71576,253.5942,264.62595,253.99518,245.3227,255.86812,191.61554,222.71556,229.72296,145.70482,223.30353,209.04953,255.84871,216.71426,194.91629,199.91785,248.35239,241.48895,239.47441,151.34314,221.8325,246.79922,260.95795,257.4113,258.78796,234.35083,176.7656,243.88211,259.3495,222.92871,186.82979,205.87143,228.95447,247.73248,237.28928,189.6399,254.90247,257.73938,236.97873,275.44568,237.70888,231.41628,218.07347,237.97086,248.3364,246.93683,187.73752,216.1709,235.82472,135.76707,273.94717,261.01382,242.78725,246.4722,172.7546,244.53831,256.69446,166.2285,244.80502,255.65572,163.17857,254.91165,216.36975,245.72253,49.45643,256.84177,181.25934,191.64288,173.82973,204.46443,239.70328,172.47008,165.35892,165.94876,241.29169,169.19107,219.01102,267.22382,231.42744,249.26115,248.96301,242.9094,262.3988,259.32935,89.33145,259.44672,267.67368,226.90533,256.28378,263.2912,252.57365,112.89053,138.9007,245.6442,146.7221,255.979,248.0342,155.34074,242.52298,247.8568,227.15475,245.81325,106.02495,220.72963,252.36133,245.79921,242.5622,257.72488,157.21124,266.34015,170.47864,242.89714,245.56592,226.03613,249.2732
2823,137.90982,134.74321,189.66956,259.62863,263.79828,103.70926,259.60526,244.03229,251.7893,221.98059,121.10919,249.67212,231.94006,184.33554,250.19989,272.24008,184.98741,259.62134,114.44125,145.40182,208.24574,239.25122,258.08658,273.12146,270.78577,143.02388,124.11091,207.74002,273.4226,169.63162,185.0726,177.11188,239.0906,229.74763,194.85205,207.42203,197.2457,256.5097,127.69159,155.99048,175.79376,19.63761,194.53555,192.21375,248.082,255.23805,84.68636,113.732414,280.49554,118.449,237.47037,256.7118,274.07703,247.90201,192.15262,252.00476,140.15585,171.99261,229.89078,100.757126,211.50145,180.30869,219.62175,209.57089,170.73273,105.40248,246.22318,244.44147,210.85498,133.09837,142.20053,248.26855,259.49768,259.8767,240.30545,232.17355,137.28871,243.53389,270.81976,174.76575,144.21469,147.26315,235.62282,230.62723,191.70407,147.77267,253.64607,267.1362,210.79623,276.01328,177.55344,168.5798,224.83336,235.61429,252.48846,222.43489,176.9479,183.1203,245.04117,117.68159,275.4661,259.50858,169.04126,249.75522,134.90033,247.34799,248.6774,121.14053,233.5885,232.5954,117.93182,252.563,198.38518,260.16562,42.11887,205.6026,179.0316,197.39746,130.37827,162.16951,180.88158,180.64008,174.74866,116.65761,244.89941,127.47144,188.75328,267.2034,226.78903,245.98315,211.28653,215.10625,261.41656,263.2769,73.05968,268.16266,265.19135,221.21469,241.41428,236.9876,203.2456,87.769104,124.99071,204.31812,123.72981,213.96368,246.7684,130.41359,179.24765,146.90372,223.7662,237.97874,81.92256,194.28899,247.45654,191.09734,219.69778,261.63867,218.26083,259.7427,165.62045,237.60854,206.41377,223.25491,232.81918
2824,157.67094,115.140854,196.65945,223.01254,195.57898,85.04834,195.72083,172.5137,268.76016,174.44864,128.13168,178.92603,219.41885,117.52211,197.76872,217.5759,188.00394,196.90097,136.80402,142.25623,124.94501,221.7659,137.44229,278.64645,222.51208,158.9028,198.4299,176.85048,251.10077,174.75714,145.2275,149.15173,187.51161,271.86908,220.8496,165.87279,210.49796,188.68135,136.74039,130.3789,142.25575,35.036404,171.55591,169.62009,185.77591,227.16974,174.59503,96.00873,263.0892,152.7356,146.99628,220.15933,220.4117,197.81975,171.64555,207.38782,142.54079,178.14685,226.04579,121.03351,188.59619,171.28854,211.0789,146.4483,166.33994,115.78906,211.77596,232.8252,182.37042,136.42839,178.62961,221.7771,214.92883,181.00111,154.03882,188.0828,121.514404,191.20978,181.94284,144.14992,167.41031,233.8841,215.26384,225.99268,203.66142,248.31735,201.61288,213.66754,175.69717,213.07478,197.76175,253.72089,160.5684,182.93869,163.69644,122.442665,124.29213,261.27676,254.56082,137.13315,245.31198,220.34094,156.33725,250.5509,140.8071,152.0032,279.74377,112.29661,192.42128,164.2408,104.64624,179.32922,188.30759,205.6818,170.10757,194.64035,114.92743,172.67932,116.30899,118.68751,205.90622,172.74759,150.85564,155.25345,201.23248,151.57936,157.54651,247.25632,217.76282,180.099,141.96994,165.36987,213.7542,208.07185,88.24484,217.4968,239.28589,215.1308,183.89322,186.59775,194.5481,79.45183,245.2156,157.71075,232.39871,160.45084,221.75566,137.51077,166.91864,133.52295,203.96002,172.57924,142.0246,180.09758,161.64114,131.29402,198.44887,226.93637,81.0587,291.76895,133.71703,247.99287,168.0831,270.08713,198.94206
2825,183.2444,123.67824,175.6897,232.2988,217.37267,100.73053,223.41281,206.9557,271.28946,192.0242,129.30786,205.09195,229.90579,134.32117,216.41138,238.94785,214.10828,217.13269,154.22073,149.11903,161.80566,227.06735,175.97278,278.54068,246.87833,166.48083,182.78978,213.52724,260.4007,197.6662,169.06363,192.8507,203.54134,266.55392,242.69673,190.50893,210.3539,215.05109,182.23119,154.31831,169.48392,25.74616,198.29303,182.21259,211.5215,243.38237,158.36194,135.67358,270.8838,162.85106,172.97357,237.17294,240.2493,228.04398,202.25574,227.36246,166.53822,204.9183,230.065,139.89912,207.2138,199.66914,233.04396,174.57603,183.28204,166.52592,225.42557,238.18274,206.66895,144.69357,198.00522,233.96234,235.33661,211.04439,200.8463,211.54219,145.31972,211.71747,215.69833,174.73532,185.48207,246.16754,222.90341,237.41275,235.66397,249.2084,225.51979,231.39743,200.16348,237.93823,224.71007,266.48447,177.31435,211.04498,195.30566,168.37494,142.9346,252.07512,242.36778,140.52118,262.1276,238.77986,174.14426,248.56836,156.91483,183.49133,273.3327,138.32822,217.42833,203.90363,131.59363,210.11531,214.40446,220.61896,159.58934,223.07013,128.7876,176.7732,137.65668,147.4212,234.51318,167.79823,149.12068,176.14758,217.69086,184.64116,191.81673,258.76166,216.73495,208.0377,186.76944,197.87703,237.59995,228.04895,82.05185,236.41837,250.83278,218.57094,215.74614,223.05467,219.47289,86.303246,247.20795,195.29724,224.56921,201.7533,233.2392,147.09299,213.65083,185.99193,214.93338,203.62987,172.99345,199.0946,194.87277,166.87796,222.82648,239.8281,95.144806,281.79956,139.26047,250.59586,201.44199,256.88998,220.24805
2827,147.68158,124.64744,163.44742,241.14258,227.8375,98.587326,227.25848,197.1854,263.35156,202.37288,127.07894,207.43843,224.69766,156.51717,233.38365,257.731,185.7635,232.91794,119.19671,146.78925,174.66399,237.39511,204.57693,278.8426,255.21262,149.0371,167.948,190.66476,274.0675,195.02325,166.95331,148.85086,221.87015,247.2193,188.78989,180.73492,192.47554,236.92711,120.73514,146.57437,135.57347,35.42,175.85217,178.84207,219.89424,247.55481,133.30414,93.86095,283.3546,134.3937,201.21225,247.85997,261.4339,234.41705,172.6972,234.95099,122.589645,158.42648,223.82236,112.48836,198.27869,182.68082,210.84009,184.4214,168.51889,95.51936,224.00522,242.56296,195.13594,139.07233,145.2084,244.75926,244.60672,233.62442,198.5212,214.8235,130.54364,225.18443,237.32971,151.99124,144.85751,170.73868,237.26492,231.86414,190.2879,191.0661,239.56499,253.52411,193.48566,256.34628,160.82285,197.50186,162.32167,216.56087,218.50836,176.19395,151.0774,214.04791,234.93741,131.77792,271.4151,244.2688,147.48373,257.52893,131.13733,205.97235,265.15234,115.75103,220.81506,201.73038,115.35011,215.31073,202.604,232.07137,119.25865,189.27051,138.16022,169.4208,117.28272,133.10997,188.95425,175.74574,144.46133,128.91498,198.84299,150.92923,167.2761,258.77637,222.97327,217.2839,180.62747,192.49988,248.693,247.92987,84.1922,251.18068,259.33408,197.10306,209.82388,195.5538,193.02933,95.19409,197.28421,166.75356,178.58752,179.87567,240.31812,136.7344,170.01825,124.06128,220.93843,215.26025,133.20068,184.17078,213.93091,151.00955,207.57414,246.7998,108.87434,277.77478,156.0485,253.3145,184.92993,250.54369,220.4767
2829,191.52281,135.31366,173.71162,250.69376,239.80031,116.18084,251.37668,237.74335,288.76477,215.37123,140.06519,227.12747,253.02577,159.31616,241.6457,266.26404,238.40129,240.18326,158.90825,160.75723,195.5018,247.04515,211.04599,297.09454,271.7013,173.64143,167.36127,248.73557,282.30365,193.25566,197.77429,231.1482,228.44533,280.85602,263.7547,219.98775,211.60092,241.59317,212.42865,174.50769,196.08469,20.424244,221.23717,207.60086,238.6203,267.64514,115.740776,166.60452,291.16888,168.33035,201.76642,259.70953,264.76758,257.41565,234.4466,253.13525,188.91345,230.64398,241.78189,152.4863,225.66606,219.55927,262.04376,202.11438,201.55391,199.10947,246.86111,257.89816,237.997,153.94904,217.53152,255.8454,261.1596,240.68774,239.53096,237.10477,167.84373,238.53679,245.19275,208.85428,201.79964,241.09305,244.62302,259.4017,262.0482,237.91006,249.80473,256.61432,229.31296,266.5082,249.28491,272.8916,194.71512,239.6856,227.16797,210.9729,164.4589,251.6049,245.77603,138.05042,285.7766,262.91852,203.7124,265.13336,163.99203,215.29184,288.04752,159.56796,244.84573,240.61426,149.91855,239.40771,234.54161,238.82233,99.31589,255.96788,145.84198,186.4195,157.87415,184.1823,255.83908,178.24966,152.67278,181.07388,233.68262,179.27524,219.11833,278.71945,235.70758,237.35385,224.08191,231.53719,262.65643,252.85016,79.63436,258.50372,273.59485,230.20247,246.5879,255.20999,248.83315,93.71248,196.8776,233.99883,195.10745,244.03596,255.50092,159.67561,246.38858,230.8428,234.86288,235.16002,139.06201,220.14696,227.74759,207.04395,252.21092,259.8008,109.51949,295.32935,153.94406,267.4359,235.15375,260.55255,247.2456
2830,120.90233,106.232666,173.2456,248.13808,242.5736,81.66255,242.52814,224.57626,254.01952,197.2543,102.22136,225.58426,219.86136,145.51361,232.19023,256.06183,176.29756,237.36807,94.86881,117.88219,174.30074,229.40108,222.24164,273.21753,258.15253,126.58682,131.0051,195.58408,268.32028,151.10718,157.24681,171.34488,220.72078,233.35977,213.0755,182.77835,183.74313,234.32271,123.262276,123.910675,151.12149,14.010251,175.69151,169.2277,230.03064,241.72354,93.165146,93.84886,273.54465,102.587006,204.62595,242.5021,260.79657,234.56418,182.47023,236.02864,127.953804,172.25586,224.22394,86.26372,190.8584,166.73836,218.3367,178.38177,147.34943,103.78087,235.57767,238.67564,197.96799,108.5188,139.73137,238.96649,246.28284,236.87596,217.96349,216.12784,108.34123,224.40015,248.51642,153.74539,134.27072,173.43588,229.38463,223.17865,199.45395,165.24518,230.93304,252.89099,189.85577,257.36053,192.53882,184.37335,198.31023,219.56706,224.64465,191.928,139.00409,200.68703,240.18954,92.94027,266.40863,249.53287,153.51195,247.87857,110.72269,217.55899,248.90448,98.05924,217.63431,215.31482,91.95474,231.06483,184.94466,242.0224,53.439663,204.94142,133.81946,168.67427,107.1354,137.63374,183.52994,162.87173,140.34596,109.48672,230.09857,109.255,169.1672,261.6356,210.10889,225.60077,185.59726,194.6449,244.7081,243.27847,68.24081,254.87158,257.43506,214.13937,225.75728,228.07578,199.31387,71.55397,131.44917,193.16196,141.90414,202.5264,229.07263,113.97649,175.87735,143.59686,203.61446,217.2977,73.449196,172.06012,219.59784,172.02078,211.27127,250.75421,154.00122,264.7306,133.22162,236.31789,189.95784,227.04169,213.73639
2831,171.06567,104.08078,90.70566,177.00446,154.19785,117.815,181.8194,163.34923,251.02011,166.6279,131.84021,154.00874,222.02411,151.32193,205.41669,232.23482,233.00113,181.79288,134.23721,167.70612,194.08609,218.22174,159.2009,258.3625,225.55197,147.60211,167.49281,231.88513,244.86276,205.04291,196.46286,181.42096,201.46298,255.4256,192.75955,176.46786,142.7924,225.4873,223.25397,195.22629,122.36951,67.3513,167.76666,190.61247,177.25406,248.64572,112.24493,148.32626,260.79333,164.26414,181.9273,241.59537,229.13022,232.04529,197.86572,223.42426,140.9021,181.36264,165.66083,165.65005,173.89574,222.99057,237.26268,171.34763,190.70944,181.46959,166.24988,222.05386,214.16171,154.46713,215.44284,220.3694,218.99773,219.75287,197.52324,184.41261,173.97758,202.80428,185.97992,188.48349,163.46281,198.07149,203.79907,235.17313,204.91449,226.23647,243.67223,221.338,227.76138,237.39822,170.27274,252.44003,90.36689,187.90422,198.5063,188.05377,117.33125,217.08083,164.33295,163.36703,256.55725,205.33533,213.26376,222.03252,140.30437,172.54875,264.07452,148.6445,206.54132,203.01666,159.65314,170.5125,227.82437,161.47342,133.69626,229.26334,77.50148,104.711136,134.04259,167.52733,244.64372,118.68208,65.320496,158.85474,134.45477,212.47336,162.73515,213.0657,218.50723,189.22928,210.87875,214.50409,235.84863,229.36392,68.34425,201.20894,238.72827,137.32544,180.5289,172.47821,234.95747,106.38039,222.65675,180.36534,191.48515,205.46411,242.04892,141.90851,221.53409,218.86884,231.32361,215.53943,186.11453,189.2693,205.19478,190.05786,213.08496,197.71469,-6.1430664,258.84018,167.0354,233.04413,219.17993,230.93744,235.86182
2832,211.51797,164.13599,158.30128,228.30684,212.53268,161.816,234.44809,221.25763,277.57623,211.16344,167.37805,214.89233,250.1347,186.94824,233.90266,250.88254,245.08221,230.64487,190.15633,189.1116,214.36296,238.38048,195.17761,281.51776,255.1504,194.18488,185.00827,244.58475,262.8911,226.71384,222.74857,220.924,228.13217,269.2334,233.45483,222.72153,207.1232,239.35016,235.34076,217.21175,185.324,91.68547,221.3665,220.41158,223.74539,263.13846,151.22049,187.06743,276.41357,200.28003,210.12686,253.20523,248.91096,246.56622,234.57108,251.47153,191.82834,222.51004,223.91214,191.23578,226.56381,236.74692,254.26454,209.50394,223.31555,210.72784,222.58337,245.6272,241.50986,186.42194,241.70607,248.48987,252.33234,236.3349,235.28253,225.29796,202.51248,235.34326,222.7815,223.15814,207.08488,231.86317,226.0852,258.63312,240.07574,243.16809,252.64194,242.17535,242.67415,258.69403,219.84431,264.0058,166.9733,224.6594,220.65692,221.12404,176.07301,245.16522,224.42232,187.3117,270.82806,248.0875,238.23102,253.54956,197.59396,212.84787,275.66302,190.23575,238.84415,231.94427,190.55797,224.32205,242.51666,219.7081,157.35579,250.17188,154.95755,176.51137,185.88762,201.64871,260.7555,169.8441,144.7063,203.79391,204.84659,232.30042,212.17667,255.47601,244.93954,226.93877,236.01883,238.12079,255.33243,249.63063,116.757324,240.6933,263.81348,203.59503,231.14853,228.5545,251.14131,143.76695,245.17595,223.19064,217.67123,237.75574,251.84647,184.87357,246.89812,237.50166,239.74068,239.52835,208.52551,233.163,233.39978,224.32959,238.26562,243.89542,72.4012,281.01447,188.71838,255.82971,238.85895,255.93979,253.64491
2833,218.97723,172.87718,156.45992,245.78583,238.12729,176.88324,256.50336,238.88553,284.9655,228.38127,169.54584,231.81004,258.79352,211.2655,255.71384,278.24158,256.87256,251.66533,198.63757,197.33662,246.47742,249.63605,242.41562,290.91617,278.3924,190.4923,181.15573,266.55023,280.52966,242.58183,237.405,236.30682,246.31253,275.5802,242.25037,239.52628,207.30708,266.90085,262.86072,236.72551,195.93658,113.67437,234.9856,224.84221,246.0512,278.78363,139.58093,201.10146,290.51083,203.27072,244.06769,269.8119,275.34448,270.5642,259.71118,268.56805,197.89255,226.63745,234.88216,201.8282,233.703,250.01013,271.68408,227.45296,231.01111,237.52267,242.24539,255.28485,253.4985,194.59122,256.82077,259.81702,269.9785,268.82874,257.7226,239.96475,218.33987,254.3805,259.2399,241.51488,209.74248,234.3708,242.93852,269.1593,255.11884,249.24136,273.82098,268.30066,257.89233,286.7981,234.61853,278.3883,190.41116,244.50098,257.3741,251.17924,196.20673,248.06561,227.46968,193.35277,289.33167,264.2089,259.38013,260.0777,205.90657,246.42487,282.1996,208.37994,259.1479,263.81726,211.66655,248.05847,253.20308,236.40253,146.71681,269.8003,173.2309,180.10437,192.56343,213.07422,276.07965,177.06183,150.61319,206.91571,218.55325,249.81384,226.46275,270.79794,251.31538,254.53925,267.6208,260.22906,277.42078,273.6197,115.41472,262.49457,279.45197,213.87292,252.98407,248.8801,269.33722,160.41048,244.26263,239.50542,213.14696,257.30695,265.5428,189.64218,270.71454,265.71863,250.74588,258.1444,216.77383,245.09807,262.69165,251.42444,257.84555,258.80933,107.56565,287.1795,201.66476,266.50916,263.412,257.7229,270.11942
2834,127.64173,106.36049,165.22363,238.13966,219.32695,78.50163,213.11458,169.75406,268.8402,187.59848,115.80232,181.94539,219.17328,140.13159,223.13531,251.56203,182.58939,218.58118,109.864044,134.64595,159.00494,234.39818,188.95352,283.67926,246.03601,133.47963,172.88603,187.01137,272.2284,183.08427,148.48676,126.88763,206.56857,262.24365,185.8912,168.69786,187.6433,223.62354,131.30356,141.10226,115.28993,39.636543,160.45355,159.69482,206.60864,244.79349,137.93562,68.62038,279.9548,124.69241,183.92609,239.86378,252.76157,225.50806,179.25284,221.00769,109.90692,144.5707,224.55107,99.15292,177.46103,170.44247,219.61621,158.85281,151.45432,92.63084,224.46564,237.44379,180.39098,125.3399,160.53148,233.44846,233.50133,221.07843,162.8379,194.86131,113.61386,211.01498,223.32565,141.66034,133.18887,182.73288,234.90913,231.29666,187.96046,213.30276,228.12067,245.63322,184.86537,248.1622,165.10956,223.88185,160.53207,199.70462,206.60027,144.84814,132.0067,235.55702,240.01321,122.279175,267.3993,234.83714,157.93416,255.36745,118.95352,188.28387,275.04532,98.556305,211.77652,193.28163,101.60449,197.64716,186.39064,217.58046,125.483,195.58835,116.41398,153.56293,96.05215,107.89073,196.20805,169.12114,133.19965,118.12627,188.89738,145.8996,147.30957,257.8819,218.41129,209.69601,165.9118,180.79102,239.59851,238.34802,78.81282,242.77582,257.03833,201.47531,195.77441,180.55212,201.72144,84.98093,204.62564,145.69164,193.044,158.47006,237.17377,122.19441,164.15283,124.31258,215.17491,188.47966,119.14051,174.18231,191.02116,142.01778,208.14003,239.42004,98.155785,286.83334,142.70927,257.63092,184.30858,258.04688,213.7642
2835,122.94835,119.49389,183.8674,249.91078,254.073,92.40877,250.8134,232.1031,245.55356,208.24568,108.45409,235.59839,222.84885,167.23538,239.22302,261.42886,181.64287,247.1087,102.702644,129.68405,200.103,229.38669,250.50113,265.69983,261.1388,128.96451,117.50232,205.5462,263.53348,155.31534,172.21867,169.34274,227.20349,225.50792,193.1088,196.78502,186.91634,245.48523,134.86554,146.24176,163.21527,21.747416,182.90585,178.24893,238.07248,247.20604,78.947876,101.207726,269.48282,105.80415,225.02585,246.83195,263.53033,241.1421,192.93518,241.40536,132.81577,166.1452,222.69743,91.55473,195.83366,174.06519,221.21725,192.5441,156.4964,107.39418,240.04678,235.4484,202.67618,117.83233,145.48541,237.6832,249.89091,250.84387,226.00919,219.31735,123.43666,232.28065,261.42627,167.56503,135.41576,149.10297,224.65671,223.97324,189.80177,147.21451,242.16168,256.27142,204.48999,267.06238,180.74857,170.44446,220.41934,224.19598,243.26007,210.45639,158.73477,183.97531,239.2915,103.863,266.16766,250.69688,170.99538,240.4165,121.8349,237.18585,241.58578,109.579704,224.4685,229.13733,107.49888,242.52844,187.13696,247.78227,33.043545,208.4454,160.0156,181.37106,116.94686,148.97714,181.69563,166.22087,159.35876,109.33208,238.31192,120.25183,177.01694,258.14996,215.39122,238.15305,205.6737,208.51614,250.9788,251.83002,69.14986,257.56607,257.4289,217.16905,233.53131,231.15027,205.97614,80.83467,113.57555,196.43085,120.843155,206.2228,235.70712,117.95431,178.27292,151.40613,211.57535,224.99863,71.7401,181.27939,235.93835,189.65045,215.63318,251.35318,212.9751,253.09088,148.71991,228.21593,204.66887,214.7337,224.43466
