beataml_drug_id,chembl_id,target_chembl_id,target_uniprot,target_name,standard_type,standard_value_nM,pIC50,assay_chembl_id
17-AAG (Tanespimycin),CHEMBL109480,CHEMBL2095165,,Heat shock protein HSP90,IC50,13400.0,4.87,CHEMBL636772
17-AAG (Tanespimycin),CHEMBL109480,CHEMBL613834,,SK-BR-3,IC50,31.0,7.51,CHEMBL806403
17-AAG (Tanespimycin),CHEMBL109480,CHEMBL3142,P78527,DNA-dependent protein kinase catalytic subunit,IC50,40000.0,4.4,CHEMBL662174
17-AAG (Tanespimycin),CHEMBL109480,CHEMBL613834,,SK-BR-3,IC50,31.0,7.51,CHEMBL806578
17-AAG (Tanespimycin),CHEMBL109480,CHEMBL3880,P07900,Heat shock protein HSP 90-alpha,IC50,1270.0,5.9,CHEMBL832973
17-AAG (Tanespimycin),CHEMBL109480,CHEMBL2095165,,Heat shock protein HSP90,IC50,1270.0,5.9,CHEMBL863358
17-AAG (Tanespimycin),CHEMBL109480,CHEMBL2095165,,Heat shock protein HSP90,IC50,1540.0,5.81,CHEMBL870734
17-AAG (Tanespimycin),CHEMBL109480,CHEMBL2095165,,Heat shock protein HSP90,IC50,17700.0,4.75,CHEMBL870044
17-AAG (Tanespimycin),CHEMBL109480,CHEMBL394,,HCT-116,IC50,170.0,6.77,CHEMBL870045
17-AAG (Tanespimycin),CHEMBL109480,CHEMBL613508,,DU-145,IC50,68300.0,4.17,CHEMBL911063
17-AAG (Tanespimycin),CHEMBL109480,CHEMBL399,,HeLa,IC50,108200.0,3.97,CHEMBL911064
17-AAG (Tanespimycin),CHEMBL109480,CHEMBL2095165,,Heat shock protein HSP90,IC50,7.0,8.15,CHEMBL904863
17-AAG (Tanespimycin),CHEMBL109480,CHEMBL2095165,,Heat shock protein HSP90,IC50,700.0,6.15,CHEMBL904865
17-AAG (Tanespimycin),CHEMBL109480,CHEMBL2095165,,Heat shock protein HSP90,IC50,20.0,7.7,CHEMBL904860
17-AAG (Tanespimycin),CHEMBL109480,CHEMBL387,,MCF7,IC50,10.0,8.0,CHEMBL904864
17-AAG (Tanespimycin),CHEMBL109480,CHEMBL614529,,BT-474,IC50,10.0,8.0,CHEMBL904866
17-AAG (Tanespimycin),CHEMBL109480,CHEMBL2095165,,Heat shock protein HSP90,IC50,50000.0,4.3,CHEMBL904868
17-AAG (Tanespimycin),CHEMBL109480,CHEMBL2095165,,Heat shock protein HSP90,IC50,1000.0,6.0,CHEMBL904867
17-AAG (Tanespimycin),CHEMBL109480,CHEMBL614883,,RPTEC,IC50,100.0,7.0,CHEMBL904861
17-AAG (Tanespimycin),CHEMBL109480,CHEMBL384,,HT-29,IC50,2.0,8.7,CHEMBL904862
17-AAG (Tanespimycin),CHEMBL109480,CHEMBL614883,,RPTEC,IC50,50000.0,4.3,CHEMBL904869
17-AAG (Tanespimycin),CHEMBL109480,CHEMBL614883,,RPTEC,IC50,10000.0,5.0,CHEMBL904870
17-AAG (Tanespimycin),CHEMBL109480,CHEMBL2095165,,Heat shock protein HSP90,IC50,1270.0,5.9,CHEMBL943064
17-AAG (Tanespimycin),CHEMBL109480,CHEMBL613834,,SK-BR-3,IC50,33.0,7.48,CHEMBL1021923
17-AAG (Tanespimycin),CHEMBL109480,CHEMBL4303,P08238,Heat shock protein HSP 90-beta,Kd,1300.0,5.89,CHEMBL1021924
17-AAG (Tanespimycin),CHEMBL109480,CHEMBL613834,,SK-BR-3,IC50,27.0,7.57,CHEMBL972976
17-AAG (Tanespimycin),CHEMBL109480,CHEMBL3880,P07900,Heat shock protein HSP 90-alpha,Kd,200.0,6.7,CHEMBL1028139
17-AAG (Tanespimycin),CHEMBL109480,CHEMBL2095165,,Heat shock protein HSP90,Kd,240.0,6.62,CHEMBL1028140
17-AAG (Tanespimycin),CHEMBL109480,CHEMBL3880,P07900,Heat shock protein HSP 90-alpha,Kd,760.0,6.12,CHEMBL1015016
17-AAG (Tanespimycin),CHEMBL109480,CHEMBL3880,P07900,Heat shock protein HSP 90-alpha,Kd,160.0,6.8,CHEMBL1015017
17-AAG (Tanespimycin),CHEMBL109480,CHEMBL613834,,SK-BR-3,IC50,44.0,7.36,CHEMBL1015018
17-AAG (Tanespimycin),CHEMBL109480,CHEMBL614925,,SK-OV-3,IC50,240.0,6.62,CHEMBL1015019
17-AAG (Tanespimycin),CHEMBL109480,CHEMBL394,,HCT-116,IC50,202.0,6.69,CHEMBL1015020
17-AAG (Tanespimycin),CHEMBL109480,CHEMBL387,,MCF7,IC50,58.0,7.24,CHEMBL1015021
17-AAG (Tanespimycin),CHEMBL109480,CHEMBL612256,,NCI-H596,IC50,1600.0,5.8,CHEMBL1015023
17-AAG (Tanespimycin),CHEMBL109480,CHEMBL613834,,SK-BR-3,IC50,410.0,6.39,CHEMBL1014218
17-AAG (Tanespimycin),CHEMBL109480,CHEMBL387,,MCF7,IC50,662.0,6.18,CHEMBL1014217
17-AAG (Tanespimycin),CHEMBL109480,CHEMBL1824,P04626,Receptor tyrosine-protein kinase erbB-2,IC50,31.0,7.51,CHEMBL1020355
17-AAG (Tanespimycin),CHEMBL109480,CHEMBL4303,P08238,Heat shock protein HSP 90-beta,IC50,33.0,7.48,CHEMBL1020356
17-AAG (Tanespimycin),CHEMBL109480,CHEMBL4303,P08238,Heat shock protein HSP 90-beta,IC50,15.0,7.82,CHEMBL1020361
17-AAG (Tanespimycin),CHEMBL109480,CHEMBL2095165,,Heat shock protein HSP90,IC50,3.0,8.52,CHEMBL1026068
17-AAG (Tanespimycin),CHEMBL109480,CHEMBL613859,,A-375,IC50,1287.0,5.89,CHEMBL1026071
17-AAG (Tanespimycin),CHEMBL109480,CHEMBL612518,,LNCaP,IC50,82.0,7.09,CHEMBL1026072
17-AAG (Tanespimycin),CHEMBL109480,CHEMBL387,,MCF7,IC50,0.3,9.52,CHEMBL1026073
17-AAG (Tanespimycin),CHEMBL109480,CHEMBL384,,HT-29,IC50,0.1,10.0,CHEMBL1026074
17-AAG (Tanespimycin),CHEMBL109480,CHEMBL612262,,SW-620,IC50,328.0,6.48,CHEMBL1026075
17-AAG (Tanespimycin),CHEMBL109480,CHEMBL614922,,SK-MEL-5,IC50,134.0,6.87,CHEMBL1026851
17-AAG (Tanespimycin),CHEMBL109480,CHEMBL390,,PC-3,IC50,9.0,8.05,CHEMBL1026852
17-AAG (Tanespimycin),CHEMBL109480,CHEMBL400,,MDA-MB-231,IC50,194.0,6.71,CHEMBL1026853
17-AAG (Tanespimycin),CHEMBL109480,CHEMBL396,,NCI-H460,IC50,255.0,6.59,CHEMBL1026854
ABT-737,CHEMBL376408,CHEMBL4625,Q07817,Bcl-2-like protein 1,IC50,60.0,7.22,CHEMBL909612
ABT-737,CHEMBL376408,CHEMBL4625,Q07817,Bcl-2-like protein 1,Ki,0.5,9.3,CHEMBL909601
ABT-737,CHEMBL376408,CHEMBL4860,P10415,Apoptosis regulator Bcl-2,Ki,1.0,9.0,CHEMBL909602
ABT-737,CHEMBL376408,CHEMBL4860,P10415,Apoptosis regulator Bcl-2,Ki,1.0,9.0,CHEMBL937576
ABT-737,CHEMBL376408,CHEMBL3817,Q92934,Bcl2-associated agonist of cell death,Ki,0.6,9.22,CHEMBL930242
ABT-737,CHEMBL376408,CHEMBL4860,P10415,Apoptosis regulator Bcl-2,Ki,1.0,9.0,CHEMBL985386
ABT-737,CHEMBL376408,CHEMBL3817,Q92934,Bcl2-associated agonist of cell death,Ki,1.0,9.0,CHEMBL985385
ABT-737,CHEMBL376408,CHEMBL613508,,DU-145,IC50,27600.0,4.56,CHEMBL1055743
ABT-737,CHEMBL376408,CHEMBL387,,MCF7,IC50,21260.0,4.67,CHEMBL1055747
ABT-737,CHEMBL376408,CHEMBL396,,NCI-H460,IC50,8030.0,5.1,CHEMBL1055746
ABT-737,CHEMBL376408,CHEMBL394,,HCT-116,IC50,4060.0,5.39,CHEMBL1055744
ABT-737,CHEMBL376408,CHEMBL397,,Jurkat,IC50,1380.0,5.86,CHEMBL1054990
ABT-737,CHEMBL376408,CHEMBL4625,Q07817,Bcl-2-like protein 1,Ki,188.4,6.72,CHEMBL1055757
ABT-737,CHEMBL376408,CHEMBL4625,Q07817,Bcl-2-like protein 1,IC50,64.0,7.19,CHEMBL1072271
ABT-737,CHEMBL376408,CHEMBL3137283,,Bcl-xL/BAK,IC50,10.0,8.0,CHEMBL1251000
ABT-737,CHEMBL376408,CHEMBL3883286,,Bcl-xL/BAX,IC50,23.0,7.64,CHEMBL1250999
ABT-737,CHEMBL376408,CHEMBL3883285,,Bcl-xL/BH3-interacting domain death agonist,IC50,48.5,7.31,CHEMBL1251001
ABT-737,CHEMBL376408,CHEMBL3883287,,Bcl-xL/Bcl-2-like protein 11,IC50,2.0,8.7,CHEMBL1251002
ABT-737,CHEMBL376408,CHEMBL3883288,,Bcl-xL/Bcl-2-binding component 3,IC50,0.3,9.52,CHEMBL1251003
ABT-737,CHEMBL376408,CHEMBL4860,P10415,Apoptosis regulator Bcl-2,Ki,8.0,8.1,CHEMBL1274438
ABT-737,CHEMBL376408,CHEMBL4625,Q07817,Bcl-2-like protein 1,Ki,30.0,7.52,CHEMBL1274437
ABT-737,CHEMBL376408,CHEMBL4361,Q07820,Induced myeloid leukemia cell differentiation protein Mcl-1,IC50,1000.0,6.0,CHEMBL1693338
ABT-737,CHEMBL376408,CHEMBL4625,Q07817,Bcl-2-like protein 1,Kd,0.37,9.43,CHEMBL1693052
ABT-737,CHEMBL376408,CHEMBL4677,Q92843,Bcl-2-like protein 2,IC50,40.0,7.4,CHEMBL1693159
ABT-737,CHEMBL376408,CHEMBL4860,P10415,Apoptosis regulator Bcl-2,IC50,6.1,8.21,CHEMBL1693055
ABT-737,CHEMBL376408,CHEMBL4625,Q07817,Bcl-2-like protein 1,IC50,3.0,8.52,CHEMBL1693053
ABT-737,CHEMBL376408,CHEMBL6044,Q16548,Bcl-2-related protein A1,Kd,1000.0,6.0,CHEMBL1920921
ABT-737,CHEMBL376408,CHEMBL4625,Q07817,Bcl-2-like protein 1,Ki,3.4,8.47,CHEMBL1921059
ABT-737,CHEMBL376408,CHEMBL4625,Q07817,Bcl-2-like protein 1,Ki,1.4,8.85,CHEMBL1921060
ABT-737,CHEMBL376408,CHEMBL4625,Q07817,Bcl-2-like protein 1,Ki,5.8,8.24,CHEMBL1921061
ABT-737,CHEMBL376408,CHEMBL4625,Q07817,Bcl-2-like protein 1,Ki,300.0,6.52,CHEMBL1921062
ABT-737,CHEMBL376408,CHEMBL4625,Q07817,Bcl-2-like protein 1,Ki,160.0,6.8,CHEMBL1921063
ABT-737,CHEMBL376408,CHEMBL4625,Q07817,Bcl-2-like protein 1,Ki,380.0,6.42,CHEMBL1921064
ABT-737,CHEMBL376408,CHEMBL4625,Q07817,Bcl-2-like protein 1,Ki,4.5,8.35,CHEMBL1921065
ABT-737,CHEMBL376408,CHEMBL4625,Q07817,Bcl-2-like protein 1,Ki,73.0,7.14,CHEMBL1921066
ABT-737,CHEMBL376408,CHEMBL4625,Q07817,Bcl-2-like protein 1,Ki,290.0,6.54,CHEMBL1921067
ABT-737,CHEMBL376408,CHEMBL4625,Q07817,Bcl-2-like protein 1,Ki,58.0,7.24,CHEMBL1921068
ABT-737,CHEMBL376408,CHEMBL4625,Q07817,Bcl-2-like protein 1,Ki,190.0,6.72,CHEMBL1921242
ABT-737,CHEMBL376408,CHEMBL4625,Q07817,Bcl-2-like protein 1,Ki,21.0,7.68,CHEMBL1921243
ABT-737,CHEMBL376408,CHEMBL4625,Q07817,Bcl-2-like protein 1,Ki,270.0,6.57,CHEMBL1921244
ABT-737,CHEMBL376408,CHEMBL4625,Q07817,Bcl-2-like protein 1,Ki,1.5,8.82,CHEMBL1921245
ABT-737,CHEMBL376408,CHEMBL4625,Q07817,Bcl-2-like protein 1,Ki,1.0,9.0,CHEMBL1921246
ABT-737,CHEMBL376408,CHEMBL4625,Q07817,Bcl-2-like protein 1,Ki,1.0,9.0,CHEMBL1943218
ABT-737,CHEMBL376408,CHEMBL4860,P10415,Apoptosis regulator Bcl-2,Ki,1.0,9.0,CHEMBL1943219
ABT-737,CHEMBL376408,CHEMBL4361,Q07820,Induced myeloid leukemia cell differentiation protein Mcl-1,Ki,100000.0,4.0,CHEMBL1943220
ABT-737,CHEMBL376408,CHEMBL394,,HCT-116,IC50,47700.0,4.32,CHEMBL1943223
ABT-737,CHEMBL376408,CHEMBL614628,,Raji,IC50,93490.0,4.03,CHEMBL1943456
ABT-737,CHEMBL376408,CHEMBL614697,,MDA-MB-435,IC50,122940.0,3.91,CHEMBL1943457
ABT-737,CHEMBL376408,CHEMBL4625,Q07817,Bcl-2-like protein 1,Ki,0.5,9.3,CHEMBL2013888
ABT-737,CHEMBL376408,CHEMBL4860,P10415,Apoptosis regulator Bcl-2,Ki,1.0,9.0,CHEMBL2013887
AST-487,CHEMBL574738,CHEMBL1974,P36888,Receptor-type tyrosine-protein kinase FLT3,Kd,2.3,8.64,CHEMBL1061073
AST-487,CHEMBL574738,CHEMBL1955,P35916,Vascular endothelial growth factor receptor 3,Kd,120.0,6.92,CHEMBL1060246
AST-487,CHEMBL574738,CHEMBL4223,P42685,Tyrosine-protein kinase FRK,Kd,26.0,7.59,CHEMBL1060247
AST-487,CHEMBL574738,CHEMBL2999,O75914,Serine/threonine-protein kinase PAK 3,Kd,10000.0,5.0,CHEMBL1062779
AST-487,CHEMBL574738,CHEMBL5790,Q00537,Cyclin-dependent kinase 17,Kd,15.0,7.82,CHEMBL1051349
AST-487,CHEMBL574738,CHEMBL5316,Q07002,Cyclin-dependent kinase 18,Kd,54.0,7.27,CHEMBL1062782
AST-487,CHEMBL574738,CHEMBL2534,O15530,3-phosphoinositide-dependent protein kinase 1,Kd,10000.0,5.0,CHEMBL1061922
AST-487,CHEMBL574738,CHEMBL6162,O94921,Cyclin-dependent kinase 14,Kd,17.0,7.77,CHEMBL1051350
AST-487,CHEMBL574738,CHEMBL4004,Q16816,"Phosphorylase b kinase gamma catalytic chain, skeletal muscle/heart isoform",Kd,10000.0,5.0,CHEMBL1061153
AST-487,CHEMBL574738,CHEMBL5969,Q99755,Phosphatidylinositol 4-phosphate 5-kinase type-1 alpha,Kd,10000.0,5.0,CHEMBL1061923
AST-487,CHEMBL574738,CHEMBL5667,P78356,Phosphatidylinositol 5-phosphate 4-kinase type-2 beta,Kd,10000.0,5.0,CHEMBL1062784
AST-487,CHEMBL574738,CHEMBL4924,Q9UK32,Ribosomal protein S6 kinase alpha-6,Kd,10000.0,5.0,CHEMBL1039275
AST-487,CHEMBL574738,CHEMBL4924,Q9UK32,Ribosomal protein S6 kinase alpha-6,Kd,4600.0,5.34,CHEMBL1061926
AST-487,CHEMBL574738,CHEMBL5426,Q86YV6,Myosin light chain kinase family member 4,Kd,10000.0,5.0,CHEMBL1051352
AST-487,CHEMBL574738,CHEMBL4202,Q9H2G2,STE20-like serine/threonine-protein kinase,Kd,23.0,7.64,CHEMBL1062787
AST-487,CHEMBL574738,CHEMBL279,P35968,Vascular endothelial growth factor receptor 2,Kd,200.0,6.7,CHEMBL1051261
AST-487,CHEMBL574738,CHEMBL5491,P30291,Wee1-like protein kinase,Kd,10000.0,5.0,CHEMBL1061935
AST-487,CHEMBL574738,CHEMBL5405,Q86UX6,Serine/threonine-protein kinase 32C,Kd,10000.0,5.0,CHEMBL1062789
AST-487,CHEMBL574738,CHEMBL2073,P07947,Tyrosine-protein kinase Yes,Kd,260.0,6.59,CHEMBL1051262
AST-487,CHEMBL574738,CHEMBL5552,O00506,Serine/threonine-protein kinase 25,Kd,1200.0,5.92,CHEMBL1051263
AST-487,CHEMBL574738,CHEMBL3886,Q9NYL2,Mitogen-activated protein kinase kinase kinase 20,Kd,2.3,8.64,CHEMBL1051317
AST-487,CHEMBL574738,CHEMBL2803,P43403,Tyrosine-protein kinase ZAP-70,Kd,10000.0,5.0,CHEMBL1061189
AST-487,CHEMBL574738,CHEMBL2918,P22694,cAMP-dependent protein kinase catalytic subunit beta,Kd,260.0,6.59,CHEMBL1039274
AST-487,CHEMBL574738,CHEMBL5818,P51817,cAMP-dependent protein kinase catalytic subunit PRKX,Kd,10000.0,5.0,CHEMBL1061157
AST-487,CHEMBL574738,CHEMBL5469,Q14289,Protein-tyrosine kinase 2-beta,Kd,520.0,6.28,CHEMBL1061158
AST-487,CHEMBL574738,CHEMBL5975,Q9BRS2,Serine/threonine-protein kinase RIO1,Kd,10000.0,5.0,CHEMBL1051258
AST-487,CHEMBL574738,CHEMBL4226,P49761,Dual specificity protein kinase CLK3,Kd,10000.0,5.0,CHEMBL1060240
AST-487,CHEMBL574738,CHEMBL2634,P41240,Tyrosine-protein kinase CSK,Kd,2300.0,5.64,CHEMBL1037547
AST-487,CHEMBL574738,CHEMBL5520,Q8N752,Casein kinase I isoform alpha-like,Kd,10000.0,5.0,CHEMBL1063703
AST-487,CHEMBL574738,CHEMBL2828,P48730,Casein kinase I isoform delta,Kd,2500.0,5.6,CHEMBL1050829
AST-487,CHEMBL574738,CHEMBL4937,P49674,Casein kinase I isoform epsilon,Kd,4000.0,5.4,CHEMBL1050834
AST-487,CHEMBL574738,CHEMBL2543,P78368,Casein kinase I isoform gamma-2,Kd,950.0,6.02,CHEMBL1063704
AST-487,CHEMBL574738,CHEMBL5084,Q9Y6M4,Casein kinase I isoform gamma-3,Kd,97.0,7.01,CHEMBL1051284
AST-487,CHEMBL574738,CHEMBL4128,Q02763,Angiopoietin-1 receptor,Kd,19.0,7.72,CHEMBL1051315
AST-487,CHEMBL574738,CHEMBL5388,Q9UKI8,Serine/threonine-protein kinase tousled-like 1,Kd,10000.0,5.0,CHEMBL1061931
AST-487,CHEMBL574738,CHEMBL5404,Q86UE8,Serine/threonine-protein kinase tousled-like 2,Kd,10000.0,5.0,CHEMBL1061984
AST-487,CHEMBL574738,CHEMBL4527,Q9UKE5,TRAF2 and NCK-interacting protein kinase,Kd,69.0,7.16,CHEMBL1062874
AST-487,CHEMBL574738,CHEMBL4599,Q07912,Activated CDC42 kinase 1,Kd,10000.0,5.0,CHEMBL1051355
AST-487,CHEMBL574738,CHEMBL2815,P04629,High affinity nerve growth factor receptor,Kd,320.0,6.49,CHEMBL1061933
AST-487,CHEMBL574738,CHEMBL4898,Q16620,BDNF/NT-3 growth factors receptor,Kd,190.0,6.72,CHEMBL1062875
AST-487,CHEMBL574738,CHEMBL5608,Q16288,NT-3 growth factor receptor,Kd,34.0,7.47,CHEMBL1041998
AST-487,CHEMBL574738,CHEMBL3983,P33981,Dual specificity protein kinase TTK,Kd,230.0,6.64,CHEMBL1061934
AST-487,CHEMBL574738,CHEMBL4367,P42681,Tyrosine-protein kinase TXK,Kd,10000.0,5.0,CHEMBL1061187
AST-487,CHEMBL574738,CHEMBL3629,P68400,Casein kinase II subunit alpha,Kd,10000.0,5.0,CHEMBL1060241
AST-487,CHEMBL574738,CHEMBL4070,P19784,Casein kinase II subunit alpha',Kd,10000.0,5.0,CHEMBL1061141
AST-487,CHEMBL574738,CHEMBL3123,Q9UIK4,Death-associated protein kinase 2,Kd,10000.0,5.0,CHEMBL1053760
AST-487,CHEMBL574738,CHEMBL2468,O43293,Death-associated protein kinase 3,Kd,2500.0,5.6,CHEMBL1060181
AST-487,CHEMBL574738,CHEMBL3980,O94768,Serine/threonine-protein kinase 17B,Kd,10000.0,5.0,CHEMBL1060189
AST-487,CHEMBL574738,CHEMBL5543,Q9Y463,Dual specificity tyrosine-phosphorylation-regulated kinase 1B,Kd,10000.0,5.0,CHEMBL1060243
AST-487,CHEMBL574738,CHEMBL3385,P27361,Mitogen-activated protein kinase 3,Kd,10000.0,5.0,CHEMBL1037552
AST-487,CHEMBL574738,CHEMBL4040,P28482,Mitogen-activated protein kinase 1,Kd,10000.0,5.0,CHEMBL1063798
AST-487,CHEMBL574738,CHEMBL2850,P49840,Glycogen synthase kinase-3 alpha,Kd,10000.0,5.0,CHEMBL1061900
AST-487,CHEMBL574738,CHEMBL262,P49841,Glycogen synthase kinase-3 beta,Kd,10000.0,5.0,CHEMBL1061074
AST-487,CHEMBL574738,CHEMBL3529,Q14164,Inhibitor of nuclear factor kappa-B kinase subunit epsilon,Kd,10000.0,5.0,CHEMBL1050835
AST-487,CHEMBL574738,CHEMBL3553,P29597,Non-receptor tyrosine-protein kinase TYK2,Kd,2100.0,5.68,CHEMBL1061188
AST-487,CHEMBL574738,CHEMBL5314,Q06418,Tyrosine-protein kinase receptor TYRO3,Kd,10000.0,5.0,CHEMBL1051260
AST-487,CHEMBL574738,CHEMBL2276,P45983,Mitogen-activated protein kinase 8,Kd,460.0,6.34,CHEMBL1061076
AST-487,CHEMBL574738,CHEMBL4179,P45984,Mitogen-activated protein kinase 9,Kd,56.0,7.25,CHEMBL1060196
AST-487,CHEMBL574738,CHEMBL3836,P53667,LIM domain kinase 1,Kd,10000.0,5.0,CHEMBL1061902
AST-487,CHEMBL574738,CHEMBL5932,P53671,LIM domain kinase 2,Kd,10000.0,5.0,CHEMBL1063714
AST-487,CHEMBL574738,CHEMBL5606,Q15831,Serine/threonine-protein kinase STK11,Kd,10000.0,5.0,CHEMBL1051288
AST-487,CHEMBL574738,CHEMBL5600,P27448,MAP/microtubule affinity-regulating kinase 3,Kd,10000.0,5.0,CHEMBL1063802
AST-487,CHEMBL574738,CHEMBL3587,Q02750,Dual specificity mitogen-activated protein kinase kinase 1,Kd,10000.0,5.0,CHEMBL1061906
AST-487,CHEMBL574738,CHEMBL2964,P36507,Dual specificity mitogen-activated protein kinase kinase 2,Kd,10000.0,5.0,CHEMBL1061079
AST-487,CHEMBL574738,CHEMBL2109,P46734,Dual specificity mitogen-activated protein kinase kinase 3,Kd,10000.0,5.0,CHEMBL1060250
AST-487,CHEMBL574738,CHEMBL4578,Q14680,Maternal embryonic leucine zipper kinase,Kd,830.0,6.08,CHEMBL1063803
AST-487,CHEMBL574738,CHEMBL4718,Q9BUB5,MAP kinase-interacting serine/threonine-protein kinase 1,Kd,26.0,7.59,CHEMBL1063804
AST-487,CHEMBL574738,CHEMBL3830,Q2M2I8,AP2-associated protein kinase 1,Kd,10000.0,5.0,CHEMBL1037546
AST-487,CHEMBL574738,CHEMBL1862,P00519,Tyrosine-protein kinase ABL1,Kd,5.6,8.25,CHEMBL1061129
AST-487,CHEMBL574738,CHEMBL1862,P00519,Tyrosine-protein kinase ABL1,Kd,35.0,7.46,CHEMBL1063789
AST-487,CHEMBL574738,CHEMBL4598,Q13043,Serine/threonine-protein kinase 4,Kd,10000.0,5.0,CHEMBL1061178
AST-487,CHEMBL574738,CHEMBL5941,Q9P289,Serine/threonine-protein kinase 26,Kd,10000.0,5.0,CHEMBL1063806
AST-487,CHEMBL574738,CHEMBL4849,Q8TDX7,Serine/threonine-protein kinase Nek7,Kd,10000.0,5.0,CHEMBL1063808
AST-487,CHEMBL574738,CHEMBL5364,Q9UBE8,Serine/threonine-protein kinase NLK,Kd,160.0,6.8,CHEMBL1063809
AST-487,CHEMBL574738,CHEMBL260,Q16539,Mitogen-activated protein kinase 14,Kd,73.0,7.14,CHEMBL1061091
AST-487,CHEMBL574738,CHEMBL3961,Q15759,Mitogen-activated protein kinase 11,Kd,430.0,6.37,CHEMBL1062864
AST-487,CHEMBL574738,CHEMBL4674,P53778,Mitogen-activated protein kinase 12,Kd,29.0,7.54,CHEMBL1061183
AST-487,CHEMBL574738,CHEMBL3234,P08631,Tyrosine-protein kinase HCK,Kd,880.0,6.06,CHEMBL1063730
AST-487,CHEMBL574738,CHEMBL1957,P08069,Insulin-like growth factor 1 receptor,Kd,10000.0,5.0,CHEMBL1061075
AST-487,CHEMBL574738,CHEMBL1981,P06213,Insulin receptor,Kd,10000.0,5.0,CHEMBL1060195
AST-487,CHEMBL574738,CHEMBL5483,P14616,Insulin receptor-related protein,Kd,1400.0,5.85,CHEMBL1061175
AST-487,CHEMBL574738,CHEMBL5081,Q9Y616,Interleukin-1 receptor-associated kinase 3,Kd,10000.0,5.0,CHEMBL1062842
AST-487,CHEMBL574738,CHEMBL1862,P00519,Tyrosine-protein kinase ABL1,Kd,23.0,7.64,CHEMBL1060174
AST-487,CHEMBL574738,CHEMBL1862,P00519,Tyrosine-protein kinase ABL1,Kd,6.2,8.21,CHEMBL1062829
AST-487,CHEMBL574738,CHEMBL1862,P00519,Tyrosine-protein kinase ABL1,Kd,8.4,8.08,CHEMBL1062830
AST-487,CHEMBL574738,CHEMBL1862,P00519,Tyrosine-protein kinase ABL1,Kd,2.3,8.64,CHEMBL1051277
AST-487,CHEMBL574738,CHEMBL1862,P00519,Tyrosine-protein kinase ABL1,Kd,5.0,8.3,CHEMBL1061130
AST-487,CHEMBL574738,CHEMBL4014,P42684,Tyrosine-protein kinase ABL2,Kd,3.4,8.47,CHEMBL1061131
AST-487,CHEMBL574738,CHEMBL5903,Q04771,Activin receptor type-1,Kd,10000.0,5.0,CHEMBL1063697
AST-487,CHEMBL574738,CHEMBL2959,Q08881,Tyrosine-protein kinase ITK/TSK,Kd,990.0,6.0,CHEMBL1063712
AST-487,CHEMBL574738,CHEMBL2835,P23458,Tyrosine-protein kinase JAK1,Kd,10000.0,5.0,CHEMBL1057717
AST-487,CHEMBL574738,CHEMBL2971,O60674,Tyrosine-protein kinase JAK2,Kd,910.0,6.04,CHEMBL1063801
AST-487,CHEMBL574738,CHEMBL2148,P52333,Tyrosine-protein kinase JAK3,Kd,260.0,6.59,CHEMBL1051335
AST-487,CHEMBL574738,CHEMBL2637,P53779,Mitogen-activated protein kinase 10,Kd,760.0,6.12,CHEMBL1063713
AST-487,CHEMBL574738,CHEMBL1936,P10721,Mast/stem cell growth factor receptor Kit,Kd,5.4,8.27,CHEMBL1060197
AST-487,CHEMBL574738,CHEMBL1936,P10721,Mast/stem cell growth factor receptor Kit,Kd,360.0,6.44,CHEMBL1060198
AST-487,CHEMBL574738,CHEMBL5659,O14730,Serine/threonine-protein kinase RIO3,Kd,10000.0,5.0,CHEMBL1061924
AST-487,CHEMBL574738,CHEMBL5699,Q9H0K1,Serine/threonine-protein kinase SIK2,Kd,10000.0,5.0,CHEMBL1061982
AST-487,CHEMBL574738,CHEMBL4375,Q96SB4,SRSF protein kinase 1,Kd,10000.0,5.0,CHEMBL1051313
AST-487,CHEMBL574738,CHEMBL5668,P78362,SRSF protein kinase 2,Kd,10000.0,5.0,CHEMBL1061928
AT7519,CHEMBL445813,CHEMBL301,P24941,Cyclin-dependent kinase 2,IC50,47.0,7.33,CHEMBL971698
AT7519,CHEMBL445813,CHEMBL394,,HCT-116,IC50,82.0,7.09,CHEMBL971707
AT7519,CHEMBL445813,CHEMBL614004,,A2780,IC50,350.0,6.46,CHEMBL972617
AT7519,CHEMBL445813,CHEMBL614181,,MRC5,IC50,980.0,6.01,CHEMBL972618
AT7519,CHEMBL445813,CHEMBL614181,,MRC5,IC50,10000.0,5.0,CHEMBL972619
AT7519,CHEMBL445813,CHEMBL1907601,,Cyclin-dependent kinase 4/cyclin D1,IC50,67.0,7.17,CHEMBL971701
AT7519,CHEMBL445813,CHEMBL4722,O14965,Aurora kinase A,IC50,10000.0,5.0,CHEMBL971702
AT7519,CHEMBL445813,CHEMBL1981,P06213,Insulin receptor,IC50,10000.0,5.0,CHEMBL971703
AT7519,CHEMBL445813,CHEMBL3587,Q02750,Dual specificity mitogen-activated protein kinase kinase 1,IC50,10000.0,5.0,CHEMBL971704
AT7519,CHEMBL445813,CHEMBL4766,Q15118,"[Pyruvate dehydrogenase (acetyl-transferring)] kinase isozyme 1, mitochondrial",IC50,10000.0,5.0,CHEMBL971705
AT7519,CHEMBL445813,CHEMBL1862,P00519,Tyrosine-protein kinase ABL1,IC50,10000.0,5.0,CHEMBL971706
AT7519,CHEMBL445813,CHEMBL1907600,,Cyclin-dependent kinase 5/CDK5 activator 1,IC50,10000.0,5.0,CHEMBL975445
AT7519,CHEMBL445813,CHEMBL1907602,,Cyclin-dependent kinase 1/cyclin B1,IC50,190.0,6.72,CHEMBL971700
AT7519,CHEMBL445813,CHEMBL4224,P49759,Dual specificity protein kinase CLK1,Kd,990.0,6.0,CHEMBL1908461
AT7519,CHEMBL445813,CHEMBL5608,Q16288,NT-3 growth factor receptor,Kd,10000.0,5.0,CHEMBL1908462
AT7519,CHEMBL445813,CHEMBL4674,P53778,Mitogen-activated protein kinase 12,Kd,10000.0,5.0,CHEMBL1908463
AT7519,CHEMBL445813,CHEMBL5331,Q12866,Tyrosine-protein kinase Mer,Kd,10000.0,5.0,CHEMBL1908464
AT7519,CHEMBL445813,CHEMBL5668,P78362,SRSF protein kinase 2,Kd,10000.0,5.0,CHEMBL1908465
AT7519,CHEMBL445813,CHEMBL3935,Q9UQB9,Aurora kinase C,Kd,10000.0,5.0,CHEMBL1908466
AT7519,CHEMBL445813,CHEMBL2801,Q13557,Calcium/calmodulin-dependent protein kinase type II subunit delta,Kd,10000.0,5.0,CHEMBL1908467
AT7519,CHEMBL445813,CHEMBL5404,Q86UE8,Serine/threonine-protein kinase tousled-like 2,Kd,10000.0,5.0,CHEMBL1908468
AT7519,CHEMBL445813,CHEMBL2185,Q96GD4,Aurora kinase B,Kd,10000.0,5.0,CHEMBL1908469
AT7519,CHEMBL445813,CHEMBL4045,Q13131,5'-AMP-activated protein kinase catalytic subunit alpha-1,Kd,10000.0,5.0,CHEMBL1908470
AT7519,CHEMBL445813,CHEMBL6149,Q9Y2K2,Serine/threonine-protein kinase SIK3,Kd,10000.0,5.0,CHEMBL1908471
AT7519,CHEMBL445813,CHEMBL3938,O75716,Serine/threonine-protein kinase 16,Kd,10000.0,5.0,CHEMBL1908472
AT7519,CHEMBL445813,CHEMBL5790,Q00537,Cyclin-dependent kinase 17,Kd,0.95,9.02,CHEMBL1908473
AT7519,CHEMBL445813,CHEMBL5122,Q16832,Discoidin domain-containing receptor 2,Kd,10000.0,5.0,CHEMBL1908474
AT7519,CHEMBL445813,CHEMBL5311,P37023,Activin receptor type-1-like,Kd,10000.0,5.0,CHEMBL1908475
AT7519,CHEMBL445813,CHEMBL5251,Q06187,Tyrosine-protein kinase BTK,Kd,10000.0,5.0,CHEMBL1908476
AT7519,CHEMBL445813,CHEMBL331,P11802,Cyclin-dependent kinase 4,Kd,20.0,7.7,CHEMBL1908477
AT7519,CHEMBL445813,CHEMBL331,P11802,Cyclin-dependent kinase 4,Kd,12.0,7.92,CHEMBL1908478
AT7519,CHEMBL445813,CHEMBL2742,P22607,Fibroblast growth factor receptor 3,Kd,10000.0,5.0,CHEMBL1908479
AT7519,CHEMBL445813,CHEMBL2742,P22607,Fibroblast growth factor receptor 3,Kd,10000.0,5.0,CHEMBL1908480
AT7519,CHEMBL445813,CHEMBL1981,P06213,Insulin receptor,Kd,10000.0,5.0,CHEMBL1908481
AT7519,CHEMBL445813,CHEMBL2148,P52333,Tyrosine-protein kinase JAK3,Kd,10000.0,5.0,CHEMBL1908482
AT7519,CHEMBL445813,CHEMBL1936,P10721,Mast/stem cell growth factor receptor Kit,Kd,10000.0,5.0,CHEMBL1908483
AT7519,CHEMBL445813,CHEMBL1936,P10721,Mast/stem cell growth factor receptor Kit,Kd,10000.0,5.0,CHEMBL1908484
AT7519,CHEMBL445813,CHEMBL1936,P10721,Mast/stem cell growth factor receptor Kit,Kd,10000.0,5.0,CHEMBL1908485
AT7519,CHEMBL445813,CHEMBL1936,P10721,Mast/stem cell growth factor receptor Kit,Kd,10000.0,5.0,CHEMBL1908486
AT7519,CHEMBL445813,CHEMBL1936,P10721,Mast/stem cell growth factor receptor Kit,Kd,10000.0,5.0,CHEMBL1908487
AT7519,CHEMBL445813,CHEMBL1936,P10721,Mast/stem cell growth factor receptor Kit,Kd,10000.0,5.0,CHEMBL1908488
AT7519,CHEMBL445813,CHEMBL1936,P10721,Mast/stem cell growth factor receptor Kit,Kd,10000.0,5.0,CHEMBL1908489
AT7519,CHEMBL445813,CHEMBL1936,P10721,Mast/stem cell growth factor receptor Kit,Kd,10000.0,5.0,CHEMBL1908490
AT7519,CHEMBL445813,CHEMBL3717,P08581,Hepatocyte growth factor receptor,Kd,10000.0,5.0,CHEMBL1908491
AT7519,CHEMBL445813,CHEMBL3717,P08581,Hepatocyte growth factor receptor,Kd,10000.0,5.0,CHEMBL1908492
AT7519,CHEMBL445813,CHEMBL3717,P08581,Hepatocyte growth factor receptor,Kd,10000.0,5.0,CHEMBL1908493
AT7519,CHEMBL445813,CHEMBL2349,P15735,"Phosphorylase b kinase gamma catalytic chain, liver/testis isoform",Kd,10000.0,5.0,CHEMBL1908494
AT7519,CHEMBL445813,CHEMBL5606,Q15831,Serine/threonine-protein kinase STK11,Kd,10000.0,5.0,CHEMBL1908495
AT7519,CHEMBL445813,CHEMBL4128,Q02763,Angiopoietin-1 receptor,Kd,10000.0,5.0,CHEMBL1908496
AT7519,CHEMBL445813,CHEMBL1957,P08069,Insulin-like growth factor 1 receptor,Kd,10000.0,5.0,CHEMBL1908497
AT7519,CHEMBL445813,CHEMBL1163127,Q6ZN16,Mitogen-activated protein kinase kinase kinase 15,Kd,10000.0,5.0,CHEMBL1908498
AT7519,CHEMBL445813,CHEMBL5407,Q86V86,Serine/threonine-protein kinase pim-3,Kd,10000.0,5.0,CHEMBL1908499
AT7519,CHEMBL445813,CHEMBL2527,O96017,Serine/threonine-protein kinase Chk2,Kd,10000.0,5.0,CHEMBL1908500
AT7519,CHEMBL445813,CHEMBL1824,P04626,Receptor tyrosine-protein kinase erbB-2,Kd,10000.0,5.0,CHEMBL1908501
AT7519,CHEMBL445813,CHEMBL3906,Q15349,Ribosomal protein S6 kinase alpha-2,Kd,10000.0,5.0,CHEMBL1908502
AT7519,CHEMBL445813,CHEMBL3125,O75676,Ribosomal protein S6 kinase alpha-4,Kd,10000.0,5.0,CHEMBL1908503
AT7519,CHEMBL445813,CHEMBL4599,Q07912,Activated CDC42 kinase 1,Kd,10000.0,5.0,CHEMBL1908504
AT7519,CHEMBL445813,CHEMBL2815,P04629,High affinity nerve growth factor receptor,Kd,10000.0,5.0,CHEMBL1908505
AT7519,CHEMBL445813,CHEMBL5426,Q86YV6,Myosin light chain kinase family member 4,Kd,10000.0,5.0,CHEMBL1908506
AT7519,CHEMBL445813,CHEMBL5358,Q9P2K8,eIF-2-alpha kinase GCN2,Kd,10000.0,5.0,CHEMBL1908507
AT7519,CHEMBL445813,CHEMBL4482,O96013,Serine/threonine-protein kinase PAK 4,Kd,10000.0,5.0,CHEMBL1908508
AT7519,CHEMBL445813,CHEMBL1163129,Q52WX2,Serine/threonine-protein kinase SBK1,Kd,10000.0,5.0,CHEMBL1908509
AT7519,CHEMBL445813,CHEMBL5518,Q8N4C8,Misshapen-like kinase 1,Kd,10000.0,5.0,CHEMBL1908510
AT7519,CHEMBL445813,CHEMBL5519,Q8N568,Serine/threonine-protein kinase DCLK2,Kd,2600.0,5.59,CHEMBL1908511
AT7519,CHEMBL445813,CHEMBL3009,Q15303,Receptor tyrosine-protein kinase erbB-4,Kd,10000.0,5.0,CHEMBL1908512
AT7519,CHEMBL445813,CHEMBL5749,Q92918,Mitogen-activated protein kinase kinase kinase kinase 1,Kd,10000.0,5.0,CHEMBL1908513
AT7519,CHEMBL445813,CHEMBL4526,Q9UF33,Ephrin type-A receptor 6,Kd,10000.0,5.0,CHEMBL1908445
AT7519,CHEMBL445813,CHEMBL5654,Q8WXR4,Myosin-IIIb,Kd,10000.0,5.0,CHEMBL1908514
AT7519,CHEMBL445813,CHEMBL5047,Q6PHR2,Serine/threonine-protein kinase ULK3,Kd,10000.0,5.0,CHEMBL1908515
AT7519,CHEMBL445813,CHEMBL5903,Q04771,Activin receptor type-1,Kd,10000.0,5.0,CHEMBL1908516
AT7519,CHEMBL445813,CHEMBL5466,Q13705,Activin receptor type-2B,Kd,10000.0,5.0,CHEMBL1908517
AT7519,CHEMBL445813,CHEMBL6150,Q8WU08,Serine/threonine-protein kinase 32A,Kd,10000.0,5.0,CHEMBL1908518
AT7519,CHEMBL445813,CHEMBL1163117,Q8IVW4,Cyclin-dependent kinase-like 3,Kd,10000.0,5.0,CHEMBL1908519
AT7519,CHEMBL445813,CHEMBL4718,Q9BUB5,MAP kinase-interacting serine/threonine-protein kinase 1,Kd,10000.0,5.0,CHEMBL1908520
AT7519,CHEMBL445813,CHEMBL5969,Q99755,Phosphatidylinositol 4-phosphate 5-kinase type-1 alpha,Kd,10000.0,5.0,CHEMBL1908521
AT7519,CHEMBL445813,CHEMBL5476,O00238,Bone morphogenetic protein receptor type-1B,Kd,10000.0,5.0,CHEMBL1908522
AT7519,CHEMBL445813,CHEMBL5467,Q13873,Bone morphogenetic protein receptor type-2,Kd,10000.0,5.0,CHEMBL1908523
AT7519,CHEMBL445813,CHEMBL4121,Q13554,Calcium/calmodulin-dependent protein kinase type II subunit beta,Kd,10000.0,5.0,CHEMBL1908524
AT7519,CHEMBL445813,CHEMBL4442,Q00526,Cyclin-dependent kinase 3,Kd,60.0,7.22,CHEMBL1908525
AT7519,CHEMBL445813,CHEMBL5719,P49336,Cyclin-dependent kinase 8,Kd,10000.0,5.0,CHEMBL1908526
AT7519,CHEMBL445813,CHEMBL3116,P50750,Cyclin-dependent kinase 9,Kd,5.8,8.24,CHEMBL1908527
AT7519,CHEMBL445813,CHEMBL4630,O14757,Serine/threonine-protein kinase Chk1,Kd,10000.0,5.0,CHEMBL1908528
AT7519,CHEMBL445813,CHEMBL3476,O15111,Inhibitor of nuclear factor kappa-B kinase subunit alpha,Kd,10000.0,5.0,CHEMBL1908529
AT7519,CHEMBL445813,CHEMBL2543,P78368,Casein kinase I isoform gamma-2,Kd,10000.0,5.0,CHEMBL1908530
AT7519,CHEMBL445813,CHEMBL2468,O43293,Death-associated protein kinase 3,Kd,10000.0,5.0,CHEMBL1908531
AT7519,CHEMBL445813,CHEMBL1163101,O75460,Serine/threonine-protein kinase/endoribonuclease IRE1,Kd,10000.0,5.0,CHEMBL1908532
AT7519,CHEMBL445813,CHEMBL1991,O14920,Inhibitor of nuclear factor kappa-B kinase subunit beta,Kd,10000.0,5.0,CHEMBL1908533
AT7519,CHEMBL445813,CHEMBL3357,P51617,Interleukin-1 receptor-associated kinase 1,Kd,10000.0,5.0,CHEMBL1908534
AT7519,CHEMBL445813,CHEMBL5616,P27037,Activin receptor type-2A,Kd,10000.0,5.0,CHEMBL1908535
AT7519,CHEMBL445813,CHEMBL2431,P31751,RAC-beta serine/threonine-protein kinase,Kd,10000.0,5.0,CHEMBL1908536
AT7519,CHEMBL445813,CHEMBL4895,P30530,Tyrosine-protein kinase receptor UFO,Kd,10000.0,5.0,CHEMBL1908537
AT7519,CHEMBL445813,CHEMBL2250,P51451,Tyrosine-protein kinase Blk,Kd,10000.0,5.0,CHEMBL1908538
AT7519,CHEMBL445813,CHEMBL3834,P51813,Cytoplasmic tyrosine-protein kinase BMX,Kd,10000.0,5.0,CHEMBL1908539
AT7519,CHEMBL445813,CHEMBL2494,Q16566,Calcium/calmodulin-dependent protein kinase type IV,Kd,10000.0,5.0,CHEMBL1908540
AT7519,CHEMBL445813,CHEMBL301,P24941,Cyclin-dependent kinase 2,Kd,30.0,7.52,CHEMBL1908541
AT7519,CHEMBL445813,CHEMBL3055,P50613,Cyclin-dependent kinase 7,Kd,2.8,8.55,CHEMBL1908542
AT7519,CHEMBL445813,CHEMBL2793,P48729,Casein kinase I isoform alpha,Kd,10000.0,5.0,CHEMBL1908543
AT7519,CHEMBL445813,CHEMBL4937,P49674,Casein kinase I isoform epsilon,Kd,10000.0,5.0,CHEMBL1908544
AT7519,CHEMBL445813,CHEMBL3629,P68400,Casein kinase II subunit alpha,Kd,10000.0,5.0,CHEMBL1908545
AT7519,CHEMBL445813,CHEMBL4070,P19784,Casein kinase II subunit alpha',Kd,10000.0,5.0,CHEMBL1908546
AZD1152-HQPA (AZD2811),CHEMBL215152,CHEMBL203,P00533,Epidermal growth factor receptor,Ki,10000.0,5.0,CHEMBL856412
AZD1152-HQPA (AZD2811),CHEMBL215152,CHEMBL240,Q12809,Voltage-gated inwardly rectifying potassium channel KCNH2,IC50,30000.0,4.52,CHEMBL856405
AZD1152-HQPA (AZD2811),CHEMBL215152,CHEMBL1957,P08069,Insulin-like growth factor 1 receptor,Ki,10000.0,5.0,CHEMBL856413
AZD1152-HQPA (AZD2811),CHEMBL215152,CHEMBL258,P06239,Tyrosine-protein kinase Lck,Ki,170.0,6.77,CHEMBL856414
AZD1152-HQPA (AZD2811),CHEMBL215152,CHEMBL260,Q16539,Mitogen-activated protein kinase 14,Ki,10000.0,5.0,CHEMBL856415
AZD1152-HQPA (AZD2811),CHEMBL215152,CHEMBL267,P12931,Proto-oncogene tyrosine-protein kinase Src,Ki,10000.0,5.0,CHEMBL856416
AZD1152-HQPA (AZD2811),CHEMBL215152,CHEMBL2185,Q96GD4,Aurora kinase B,Ki,1.0,9.0,CHEMBL856404
AZD1152-HQPA (AZD2811),CHEMBL215152,CHEMBL2634,P41240,Tyrosine-protein kinase CSK,Ki,10000.0,5.0,CHEMBL856417
AZD1152-HQPA (AZD2811),CHEMBL215152,CHEMBL2148,P52333,Tyrosine-protein kinase JAK3,Ki,10000.0,5.0,CHEMBL856418
AZD1152-HQPA (AZD2811),CHEMBL215152,CHEMBL3024,P53350,Serine/threonine-protein kinase PLK1,Ki,10000.0,5.0,CHEMBL856419
AZD1152-HQPA (AZD2811),CHEMBL215152,CHEMBL279,P35968,Vascular endothelial growth factor receptor 2,Ki,1800.0,5.74,CHEMBL856420
AZD1152-HQPA (AZD2811),CHEMBL215152,CHEMBL2111289,,Dual specificity mitogen-activated protein kinase kinase; MEK1/2,Ki,10000.0,5.0,CHEMBL856421
AZD1152-HQPA (AZD2811),CHEMBL215152,CHEMBL301,P24941,Cyclin-dependent kinase 2,Ki,10000.0,5.0,CHEMBL856422
AZD1152-HQPA (AZD2811),CHEMBL215152,CHEMBL2095217,,Fibroblast growth factor receptor,Ki,10000.0,5.0,CHEMBL856423
AZD1152-HQPA (AZD2811),CHEMBL215152,CHEMBL2803,P43403,Tyrosine-protein kinase ZAP-70,Ki,8200.0,5.09,CHEMBL856424
AZD1152-HQPA (AZD2811),CHEMBL215152,CHEMBL2276,P45983,Mitogen-activated protein kinase 8,Ki,10000.0,5.0,CHEMBL856425
AZD1152-HQPA (AZD2811),CHEMBL215152,CHEMBL4630,O14757,Serine/threonine-protein kinase Chk1,Ki,10000.0,5.0,CHEMBL856427
AZD1152-HQPA (AZD2811),CHEMBL215152,CHEMBL2695,Q05397,Focal adhesion kinase 1,Ki,10000.0,5.0,CHEMBL856428
AZD1152-HQPA (AZD2811),CHEMBL215152,CHEMBL4722,O14965,Aurora kinase A,Ki,1400.0,5.85,CHEMBL856402
AZD1152-HQPA (AZD2811),CHEMBL215152,CHEMBL3935,Q9UQB9,Aurora kinase C,Ki,17.0,7.77,CHEMBL856429
AZD1152-HQPA (AZD2811),CHEMBL215152,CHEMBL4600,Q13153,Serine/threonine-protein kinase PAK 1,Ki,10000.0,5.0,CHEMBL856431
AZD1152-HQPA (AZD2811),CHEMBL215152,CHEMBL612262,,SW-620,Ki,17.0,7.77,CHEMBL856403
AZD1152-HQPA (AZD2811),CHEMBL215152,CHEMBL2094138,,cAMP-dependent protein kinase (PKA),Ki,10000.0,5.0,CHEMBL856432
AZD1152-HQPA (AZD2811),CHEMBL215152,CHEMBL4722,O14965,Aurora kinase A,IC50,1400.0,5.85,CHEMBL993738
AZD1152-HQPA (AZD2811),CHEMBL215152,CHEMBL2185,Q96GD4,Aurora kinase B,IC50,1.0,9.0,CHEMBL993739
AZD1152-HQPA (AZD2811),CHEMBL215152,CHEMBL2185,Q96GD4,Aurora kinase B,IC50,17.0,7.77,CHEMBL981431
AZD1152-HQPA (AZD2811),CHEMBL215152,CHEMBL1974,P36888,Receptor-type tyrosine-protein kinase FLT3,Kd,43.0,7.37,CHEMBL1061073
AZD1152-HQPA (AZD2811),CHEMBL215152,CHEMBL1955,P35916,Vascular endothelial growth factor receptor 3,Kd,10000.0,5.0,CHEMBL1060246
AZD1152-HQPA (AZD2811),CHEMBL215152,CHEMBL4223,P42685,Tyrosine-protein kinase FRK,Kd,10000.0,5.0,CHEMBL1060247
AZD1152-HQPA (AZD2811),CHEMBL215152,CHEMBL2999,O75914,Serine/threonine-protein kinase PAK 3,Kd,10000.0,5.0,CHEMBL1062779
AZD1152-HQPA (AZD2811),CHEMBL215152,CHEMBL5790,Q00537,Cyclin-dependent kinase 17,Kd,10000.0,5.0,CHEMBL1051349
AZD1152-HQPA (AZD2811),CHEMBL215152,CHEMBL5316,Q07002,Cyclin-dependent kinase 18,Kd,10000.0,5.0,CHEMBL1062782
AZD1152-HQPA (AZD2811),CHEMBL215152,CHEMBL2534,O15530,3-phosphoinositide-dependent protein kinase 1,Kd,10000.0,5.0,CHEMBL1061922
AZD1152-HQPA (AZD2811),CHEMBL215152,CHEMBL6162,O94921,Cyclin-dependent kinase 14,Kd,10000.0,5.0,CHEMBL1051350
AZD1152-HQPA (AZD2811),CHEMBL215152,CHEMBL4004,Q16816,"Phosphorylase b kinase gamma catalytic chain, skeletal muscle/heart isoform",Kd,10000.0,5.0,CHEMBL1061153
AZD1152-HQPA (AZD2811),CHEMBL215152,CHEMBL5969,Q99755,Phosphatidylinositol 4-phosphate 5-kinase type-1 alpha,Kd,10000.0,5.0,CHEMBL1061923
AZD1152-HQPA (AZD2811),CHEMBL215152,CHEMBL5667,P78356,Phosphatidylinositol 5-phosphate 4-kinase type-2 beta,Kd,10000.0,5.0,CHEMBL1062784
AZD1152-HQPA (AZD2811),CHEMBL215152,CHEMBL4924,Q9UK32,Ribosomal protein S6 kinase alpha-6,Kd,10000.0,5.0,CHEMBL1039275
AZD1152-HQPA (AZD2811),CHEMBL215152,CHEMBL4924,Q9UK32,Ribosomal protein S6 kinase alpha-6,Kd,10000.0,5.0,CHEMBL1061926
AZD1152-HQPA (AZD2811),CHEMBL215152,CHEMBL5426,Q86YV6,Myosin light chain kinase family member 4,Kd,10000.0,5.0,CHEMBL1051352
AZD1152-HQPA (AZD2811),CHEMBL215152,CHEMBL4202,Q9H2G2,STE20-like serine/threonine-protein kinase,Kd,10000.0,5.0,CHEMBL1062787
AZD1152-HQPA (AZD2811),CHEMBL215152,CHEMBL279,P35968,Vascular endothelial growth factor receptor 2,Kd,500.0,6.3,CHEMBL1051261
AZD1152-HQPA (AZD2811),CHEMBL215152,CHEMBL5491,P30291,Wee1-like protein kinase,Kd,10000.0,5.0,CHEMBL1061935
AZD1152-HQPA (AZD2811),CHEMBL215152,CHEMBL5405,Q86UX6,Serine/threonine-protein kinase 32C,Kd,10000.0,5.0,CHEMBL1062789
AZD1152-HQPA (AZD2811),CHEMBL215152,CHEMBL2073,P07947,Tyrosine-protein kinase Yes,Kd,3800.0,5.42,CHEMBL1051262
AZD1152-HQPA (AZD2811),CHEMBL215152,CHEMBL5552,O00506,Serine/threonine-protein kinase 25,Kd,10000.0,5.0,CHEMBL1051263
AZD1152-HQPA (AZD2811),CHEMBL215152,CHEMBL3886,Q9NYL2,Mitogen-activated protein kinase kinase kinase 20,Kd,1700.0,5.77,CHEMBL1051317
AZD1152-HQPA (AZD2811),CHEMBL215152,CHEMBL2803,P43403,Tyrosine-protein kinase ZAP-70,Kd,10000.0,5.0,CHEMBL1061189
AZD1152-HQPA (AZD2811),CHEMBL215152,CHEMBL2918,P22694,cAMP-dependent protein kinase catalytic subunit beta,Kd,10000.0,5.0,CHEMBL1039274
AZD1152-HQPA (AZD2811),CHEMBL215152,CHEMBL5818,P51817,cAMP-dependent protein kinase catalytic subunit PRKX,Kd,10000.0,5.0,CHEMBL1061157
AZD1152-HQPA (AZD2811),CHEMBL215152,CHEMBL5469,Q14289,Protein-tyrosine kinase 2-beta,Kd,10000.0,5.0,CHEMBL1061158
AZD1152-HQPA (AZD2811),CHEMBL215152,CHEMBL5975,Q9BRS2,Serine/threonine-protein kinase RIO1,Kd,10000.0,5.0,CHEMBL1051258
AZD1152-HQPA (AZD2811),CHEMBL215152,CHEMBL4226,P49761,Dual specificity protein kinase CLK3,Kd,10000.0,5.0,CHEMBL1060240
AZD1152-HQPA (AZD2811),CHEMBL215152,CHEMBL2634,P41240,Tyrosine-protein kinase CSK,Kd,10000.0,5.0,CHEMBL1037547
AZD1152-HQPA (AZD2811),CHEMBL215152,CHEMBL5520,Q8N752,Casein kinase I isoform alpha-like,Kd,10000.0,5.0,CHEMBL1063703
AZD1152-HQPA (AZD2811),CHEMBL215152,CHEMBL2828,P48730,Casein kinase I isoform delta,Kd,10000.0,5.0,CHEMBL1050829
AZD1152-HQPA (AZD2811),CHEMBL215152,CHEMBL4937,P49674,Casein kinase I isoform epsilon,Kd,10000.0,5.0,CHEMBL1050834
AZD1152-HQPA (AZD2811),CHEMBL215152,CHEMBL2543,P78368,Casein kinase I isoform gamma-2,Kd,10000.0,5.0,CHEMBL1063704
AZD1152-HQPA (AZD2811),CHEMBL215152,CHEMBL5084,Q9Y6M4,Casein kinase I isoform gamma-3,Kd,10000.0,5.0,CHEMBL1051284
AZD1152-HQPA (AZD2811),CHEMBL215152,CHEMBL4128,Q02763,Angiopoietin-1 receptor,Kd,1900.0,5.72,CHEMBL1051315
AZD1152-HQPA (AZD2811),CHEMBL215152,CHEMBL5388,Q9UKI8,Serine/threonine-protein kinase tousled-like 1,Kd,10000.0,5.0,CHEMBL1061931
AZD1152-HQPA (AZD2811),CHEMBL215152,CHEMBL5404,Q86UE8,Serine/threonine-protein kinase tousled-like 2,Kd,10000.0,5.0,CHEMBL1061984
AZD1152-HQPA (AZD2811),CHEMBL215152,CHEMBL4527,Q9UKE5,TRAF2 and NCK-interacting protein kinase,Kd,10000.0,5.0,CHEMBL1062874
AZD1152-HQPA (AZD2811),CHEMBL215152,CHEMBL4599,Q07912,Activated CDC42 kinase 1,Kd,10000.0,5.0,CHEMBL1051355
AZD1152-HQPA (AZD2811),CHEMBL215152,CHEMBL2815,P04629,High affinity nerve growth factor receptor,Kd,10000.0,5.0,CHEMBL1061933
AZD1152-HQPA (AZD2811),CHEMBL215152,CHEMBL4898,Q16620,BDNF/NT-3 growth factors receptor,Kd,10000.0,5.0,CHEMBL1062875
AZD1152-HQPA (AZD2811),CHEMBL215152,CHEMBL5608,Q16288,NT-3 growth factor receptor,Kd,10000.0,5.0,CHEMBL1041998
AZD1152-HQPA (AZD2811),CHEMBL215152,CHEMBL3983,P33981,Dual specificity protein kinase TTK,Kd,8500.0,5.07,CHEMBL1061934
AZD1152-HQPA (AZD2811),CHEMBL215152,CHEMBL4367,P42681,Tyrosine-protein kinase TXK,Kd,10000.0,5.0,CHEMBL1061187
AZD1152-HQPA (AZD2811),CHEMBL215152,CHEMBL3629,P68400,Casein kinase II subunit alpha,Kd,10000.0,5.0,CHEMBL1060241
AZD1152-HQPA (AZD2811),CHEMBL215152,CHEMBL4070,P19784,Casein kinase II subunit alpha',Kd,10000.0,5.0,CHEMBL1061141
AZD1152-HQPA (AZD2811),CHEMBL215152,CHEMBL3123,Q9UIK4,Death-associated protein kinase 2,Kd,10000.0,5.0,CHEMBL1053760
AZD1152-HQPA (AZD2811),CHEMBL215152,CHEMBL2468,O43293,Death-associated protein kinase 3,Kd,10000.0,5.0,CHEMBL1060181
AZD1152-HQPA (AZD2811),CHEMBL215152,CHEMBL3980,O94768,Serine/threonine-protein kinase 17B,Kd,10000.0,5.0,CHEMBL1060189
AZD1152-HQPA (AZD2811),CHEMBL215152,CHEMBL5543,Q9Y463,Dual specificity tyrosine-phosphorylation-regulated kinase 1B,Kd,10000.0,5.0,CHEMBL1060243
AZD1152-HQPA (AZD2811),CHEMBL215152,CHEMBL3385,P27361,Mitogen-activated protein kinase 3,Kd,10000.0,5.0,CHEMBL1037552
AZD1152-HQPA (AZD2811),CHEMBL215152,CHEMBL4040,P28482,Mitogen-activated protein kinase 1,Kd,10000.0,5.0,CHEMBL1063798
AZD1152-HQPA (AZD2811),CHEMBL215152,CHEMBL2850,P49840,Glycogen synthase kinase-3 alpha,Kd,10000.0,5.0,CHEMBL1061900
AZD1152-HQPA (AZD2811),CHEMBL215152,CHEMBL262,P49841,Glycogen synthase kinase-3 beta,Kd,10000.0,5.0,CHEMBL1061074
AZD1152-HQPA (AZD2811),CHEMBL215152,CHEMBL3529,Q14164,Inhibitor of nuclear factor kappa-B kinase subunit epsilon,Kd,10000.0,5.0,CHEMBL1050835
AZD1152-HQPA (AZD2811),CHEMBL215152,CHEMBL3553,P29597,Non-receptor tyrosine-protein kinase TYK2,Kd,10000.0,5.0,CHEMBL1061188
AZD1152-HQPA (AZD2811),CHEMBL215152,CHEMBL5314,Q06418,Tyrosine-protein kinase receptor TYRO3,Kd,10000.0,5.0,CHEMBL1051260
AZD1152-HQPA (AZD2811),CHEMBL215152,CHEMBL2276,P45983,Mitogen-activated protein kinase 8,Kd,10000.0,5.0,CHEMBL1061076
AZD1152-HQPA (AZD2811),CHEMBL215152,CHEMBL4179,P45984,Mitogen-activated protein kinase 9,Kd,10000.0,5.0,CHEMBL1060196
AZD1152-HQPA (AZD2811),CHEMBL215152,CHEMBL3836,P53667,LIM domain kinase 1,Kd,10000.0,5.0,CHEMBL1061902
AZD1152-HQPA (AZD2811),CHEMBL215152,CHEMBL5932,P53671,LIM domain kinase 2,Kd,10000.0,5.0,CHEMBL1063714
AZD1152-HQPA (AZD2811),CHEMBL215152,CHEMBL5606,Q15831,Serine/threonine-protein kinase STK11,Kd,10000.0,5.0,CHEMBL1051288
AZD1152-HQPA (AZD2811),CHEMBL215152,CHEMBL5600,P27448,MAP/microtubule affinity-regulating kinase 3,Kd,10000.0,5.0,CHEMBL1063802
AZD1152-HQPA (AZD2811),CHEMBL215152,CHEMBL3587,Q02750,Dual specificity mitogen-activated protein kinase kinase 1,Kd,10000.0,5.0,CHEMBL1061906
AZD1152-HQPA (AZD2811),CHEMBL215152,CHEMBL2964,P36507,Dual specificity mitogen-activated protein kinase kinase 2,Kd,5700.0,5.24,CHEMBL1061079
AZD1152-HQPA (AZD2811),CHEMBL215152,CHEMBL2109,P46734,Dual specificity mitogen-activated protein kinase kinase 3,Kd,10000.0,5.0,CHEMBL1060250
AZD1152-HQPA (AZD2811),CHEMBL215152,CHEMBL4578,Q14680,Maternal embryonic leucine zipper kinase,Kd,10000.0,5.0,CHEMBL1063803
AZD1152-HQPA (AZD2811),CHEMBL215152,CHEMBL4718,Q9BUB5,MAP kinase-interacting serine/threonine-protein kinase 1,Kd,10000.0,5.0,CHEMBL1063804
AZD1152-HQPA (AZD2811),CHEMBL215152,CHEMBL3830,Q2M2I8,AP2-associated protein kinase 1,Kd,10000.0,5.0,CHEMBL1037546
AZD1152-HQPA (AZD2811),CHEMBL215152,CHEMBL1862,P00519,Tyrosine-protein kinase ABL1,Kd,10000.0,5.0,CHEMBL1061129
AZD1152-HQPA (AZD2811),CHEMBL215152,CHEMBL1862,P00519,Tyrosine-protein kinase ABL1,Kd,10000.0,5.0,CHEMBL1063789
AZD1152-HQPA (AZD2811),CHEMBL215152,CHEMBL4598,Q13043,Serine/threonine-protein kinase 4,Kd,10000.0,5.0,CHEMBL1061178
AZD1152-HQPA (AZD2811),CHEMBL215152,CHEMBL5941,Q9P289,Serine/threonine-protein kinase 26,Kd,10000.0,5.0,CHEMBL1063806
AZD1152-HQPA (AZD2811),CHEMBL215152,CHEMBL4849,Q8TDX7,Serine/threonine-protein kinase Nek7,Kd,10000.0,5.0,CHEMBL1063808
AZD1152-HQPA (AZD2811),CHEMBL215152,CHEMBL5364,Q9UBE8,Serine/threonine-protein kinase NLK,Kd,10000.0,5.0,CHEMBL1063809
AZD1480,CHEMBL1231124,CHEMBL2971,O60674,Tyrosine-protein kinase JAK2,IC50,3.0,8.52,CHEMBL1656588
AZD1480,CHEMBL1231124,CHEMBL2971,O60674,Tyrosine-protein kinase JAK2,IC50,58.0,7.24,CHEMBL1656589
AZD1480,CHEMBL1231124,CHEMBL2148,P52333,Tyrosine-protein kinase JAK3,IC50,1360.0,5.87,CHEMBL1656590
AZD1480,CHEMBL1231124,CHEMBL2815,P04629,High affinity nerve growth factor receptor,IC50,3.0,8.52,CHEMBL1656736
AZD1480,CHEMBL1231124,CHEMBL5403,P42229,Signal transducer and activator of transcription 5A,IC50,41.0,7.39,CHEMBL1656964
AZD1480,CHEMBL1231124,CHEMBL4026,P40763,Signal transducer and activator of transcription 3,IC50,80.0,7.1,CHEMBL1656965
AZD1480,CHEMBL1231124,CHEMBL5403,P42229,Signal transducer and activator of transcription 5A,IC50,25.0,7.6,CHEMBL1656586
AZD1480,CHEMBL1231124,CHEMBL4026,P40763,Signal transducer and activator of transcription 3,IC50,23.0,7.64,CHEMBL1656587
AZD1480,CHEMBL1231124,CHEMBL3830,Q2M2I8,AP2-associated protein kinase 1,Kd,30000.0,4.52,CHEMBL3991602
AZD1480,CHEMBL1231124,CHEMBL1862,P00519,Tyrosine-protein kinase ABL1,Kd,30000.0,4.52,CHEMBL3991603
AZD1480,CHEMBL1231124,CHEMBL4014,P42684,Tyrosine-protein kinase ABL2,Kd,30000.0,4.52,CHEMBL3991604
AZD1480,CHEMBL1231124,CHEMBL4105816,Q6JQN1,Acyl-CoA dehydrogenase family member 10,Kd,30000.0,4.52,CHEMBL3991605
AZD1480,CHEMBL1231124,CHEMBL4105707,Q709F0,Acyl-CoA dehydrogenase family member 11,Kd,30000.0,4.52,CHEMBL3991606
AZD1480,CHEMBL1231124,CHEMBL4105892,P49748,"Very long-chain specific acyl-CoA dehydrogenase, mitochondrial",Kd,30000.0,4.52,CHEMBL3991607
AZD1480,CHEMBL1231124,CHEMBL4105748,Q15067,Peroxisomal acyl-coenzyme A oxidase 1,Kd,30000.0,4.52,CHEMBL3991608
AZD1480,CHEMBL1231124,CHEMBL4105817,O15254,Peroxisomal acyl-coenzyme A oxidase 3,Kd,30000.0,4.52,CHEMBL3991609
AZD1480,CHEMBL1231124,CHEMBL6090,P61160,Actin-related protein 2,Kd,30000.0,4.52,CHEMBL3991611
AZD1480,CHEMBL1231124,CHEMBL4105857,P61158,Actin-related protein 3,Kd,30000.0,4.52,CHEMBL3991612
AZD1480,CHEMBL1231124,CHEMBL5903,Q04771,Activin receptor type-1,Kd,30000.0,4.52,CHEMBL3991613
AZD1480,CHEMBL1231124,CHEMBL5310,P36896,Activin receptor type-1B,Kd,30000.0,4.52,CHEMBL3991614
AZD1480,CHEMBL1231124,CHEMBL5466,Q13705,Activin receptor type-2B,Kd,30000.0,4.52,CHEMBL3991615
AZD1480,CHEMBL1231124,CHEMBL4105885,Q86TW2,AarF domain-containing protein kinase 1,Kd,30000.0,4.52,CHEMBL3991617
AZD1480,CHEMBL1231124,CHEMBL5550,Q8NI60,"Atypical kinase COQ8A, mitochondrial",Kd,30000.0,4.52,CHEMBL3991618
AZD1480,CHEMBL1231124,CHEMBL3589,P55263,Adenosine kinase,Kd,30000.0,4.52,CHEMBL3991620
AZD1480,CHEMBL1231124,CHEMBL4079,P25098,Beta-adrenergic receptor kinase 1,Kd,30000.0,4.52,CHEMBL3991621
AZD1480,CHEMBL1231124,CHEMBL4938,P54819,"Adenylate kinase 2, mitochondrial",Kd,30000.0,4.52,CHEMBL3991622
AZD1480,CHEMBL1231124,CHEMBL4282,P31749,RAC-alpha serine/threonine-protein kinase,Kd,30000.0,4.52,CHEMBL3991623
AZD1480,CHEMBL1231124,CHEMBL2431,P31751,RAC-beta serine/threonine-protein kinase,Kd,30000.0,4.52,CHEMBL3991624
AZD1480,CHEMBL1231124,CHEMBL4816,Q9Y243,RAC-gamma serine/threonine-protein kinase,Kd,30000.0,4.52,CHEMBL3991625
AZD1480,CHEMBL1231124,CHEMBL4105819,P07741,Adenine phosphoribosyltransferase,Kd,30000.0,4.52,CHEMBL3991627
AZD1480,CHEMBL1231124,CHEMBL1169596,P10398,Serine/threonine-protein kinase A-Raf,Kd,30000.0,4.52,CHEMBL3991628
AZD1480,CHEMBL1231124,CHEMBL5024,Q13535,Serine/threonine-protein kinase ATR,Kd,30000.0,4.52,CHEMBL3991629
AZD1480,CHEMBL1231124,CHEMBL4722,O14965,Aurora kinase A,Kd,306.0,6.51,CHEMBL3991630
AZD1480,CHEMBL1231124,CHEMBL2185,Q96GD4,Aurora kinase B,Kd,1559.0,5.81,CHEMBL3991631
AZD1480,CHEMBL1231124,CHEMBL5146,P11274,Breakpoint cluster region protein,Kd,30000.0,4.52,CHEMBL3991632
AZD1480,CHEMBL1231124,CHEMBL4522,Q9NSY1,BMP-2-inducible protein kinase,Kd,30000.0,4.52,CHEMBL3991633
AZD1480,CHEMBL1231124,CHEMBL5275,P36894,Bone morphogenetic protein receptor type-1A,Kd,30000.0,4.52,CHEMBL3991634
AZD1480,CHEMBL1231124,CHEMBL5476,O00238,Bone morphogenetic protein receptor type-1B,Kd,30000.0,4.52,CHEMBL3991635
AZD1480,CHEMBL1231124,CHEMBL5467,Q13873,Bone morphogenetic protein receptor type-2,Kd,30000.0,4.52,CHEMBL3991636
AZD1480,CHEMBL1231124,CHEMBL5145,P15056,Serine/threonine-protein kinase B-raf,Kd,30000.0,4.52,CHEMBL3991637
AZD1480,CHEMBL1231124,CHEMBL5251,Q06187,Tyrosine-protein kinase BTK,Kd,30000.0,4.52,CHEMBL3991638
AZD1480,CHEMBL1231124,CHEMBL1772932,O43683,Mitotic checkpoint serine/threonine-protein kinase BUB1,Kd,30000.0,4.52,CHEMBL3991639
AZD1480,CHEMBL1231124,CHEMBL2801,Q13557,Calcium/calmodulin-dependent protein kinase type II subunit delta,Kd,30000.0,4.52,CHEMBL3991641
AZD1480,CHEMBL1231124,CHEMBL3829,Q13555,Calcium/calmodulin-dependent protein kinase type II subunit gamma,Kd,30000.0,4.52,CHEMBL3991642
AZD1480,CHEMBL1231124,CHEMBL2494,Q16566,Calcium/calmodulin-dependent protein kinase type IV,Kd,30000.0,4.52,CHEMBL3991643
AZD1480,CHEMBL1231124,CHEMBL5284,Q96RR4,Calcium/calmodulin-dependent protein kinase kinase 2,Kd,30000.0,4.52,CHEMBL3991644
AZD1480,CHEMBL1231124,CHEMBL4105937,P49589,"Cysteine--tRNA ligase, cytoplasmic",Kd,30000.0,4.52,CHEMBL3991645
AZD1480,CHEMBL1231124,CHEMBL4516,Q5VT25,Serine/threonine-protein kinase MRCK alpha,Kd,30000.0,4.52,CHEMBL3991646
AZD1480,CHEMBL1231124,CHEMBL5052,Q9Y5S2,Serine/threonine-protein kinase MRCK beta,Kd,30000.0,4.52,CHEMBL3991647
AZD1480,CHEMBL1231124,CHEMBL5615,Q6DT37,Serine/threonine-protein kinase MRCK gamma,Kd,30000.0,4.52,CHEMBL3991648
AZD1480,CHEMBL1231124,CHEMBL5443,O00311,Cell division cycle 7-related protein kinase,Kd,30000.0,4.52,CHEMBL3991649
AZD1480,CHEMBL1231124,CHEMBL308,P06493,Cyclin-dependent kinase 1,Kd,30000.0,4.52,CHEMBL3991650
AZD1480,CHEMBL1231124,CHEMBL1795191,Q15131,Cyclin-dependent kinase 10,Kd,30000.0,4.52,CHEMBL3991651
AZD1480,CHEMBL1231124,CHEMBL3559692,Q9NYV4,Cyclin-dependent kinase 12,Kd,30000.0,4.52,CHEMBL3991652
AZD1480,CHEMBL1231124,CHEMBL1795192,Q14004,Cyclin-dependent kinase 13,Kd,30000.0,4.52,CHEMBL3991653
AZD1480,CHEMBL1231124,CHEMBL4597,Q00536,Cyclin-dependent kinase 16,Kd,30000.0,4.52,CHEMBL3991654
AZD1480,CHEMBL1231124,CHEMBL5790,Q00537,Cyclin-dependent kinase 17,Kd,30000.0,4.52,CHEMBL3991655
AZD1480,CHEMBL1231124,CHEMBL301,P24941,Cyclin-dependent kinase 2,Kd,30000.0,4.52,CHEMBL3991657
AZD1480,CHEMBL1231124,CHEMBL4442,Q00526,Cyclin-dependent kinase 3,Kd,942.0,6.03,CHEMBL3991658
AZD1480,CHEMBL1231124,CHEMBL331,P11802,Cyclin-dependent kinase 4,Kd,30000.0,4.52,CHEMBL3991659
AZD1480,CHEMBL1231124,CHEMBL4036,Q00535,Cyclin-dependent kinase 5,Kd,30000.0,4.52,CHEMBL3991660
AZD1480,CHEMBL1231124,CHEMBL2508,Q00534,Cyclin-dependent kinase 6,Kd,30000.0,4.52,CHEMBL3991661
AZD1480,CHEMBL1231124,CHEMBL3055,P50613,Cyclin-dependent kinase 7,Kd,30000.0,4.52,CHEMBL3991662
AZD1480,CHEMBL1231124,CHEMBL3116,P50750,Cyclin-dependent kinase 9,Kd,30000.0,4.52,CHEMBL3991663
AZD1480,CHEMBL1231124,CHEMBL1163112,O76039,Cyclin-dependent kinase-like 5,Kd,30000.0,4.52,CHEMBL3991664
AZD1480,CHEMBL1231124,CHEMBL4105742,Q14839,Chromodomain-helicase-DNA-binding protein 4,Kd,30000.0,4.52,CHEMBL3991665
AZD1480,CHEMBL1231124,CHEMBL4630,O14757,Serine/threonine-protein kinase Chk1,Kd,30000.0,4.52,CHEMBL3991666
AZD1480,CHEMBL1231124,CHEMBL5579,O14578,Citron Rho-interacting kinase,Kd,30000.0,4.52,CHEMBL3991667
AZD1480,CHEMBL1231124,CHEMBL4224,P49759,Dual specificity protein kinase CLK1,Kd,30000.0,4.52,CHEMBL3991668
AZD1480,CHEMBL1231124,CHEMBL4225,P49760,Dual specificity protein kinase CLK2,Kd,30000.0,4.52,CHEMBL3991669
AZD1480,CHEMBL1231124,CHEMBL4226,P49761,Dual specificity protein kinase CLK3,Kd,30000.0,4.52,CHEMBL3991670
AZD1480,CHEMBL1231124,CHEMBL4203,Q9HAZ1,Dual specificity protein kinase CLK4,Kd,30000.0,4.52,CHEMBL3991671
AZD1480,CHEMBL1231124,CHEMBL5681,P30085,UMP-CMP kinase,Kd,30000.0,4.52,CHEMBL3991672
AZD1480,CHEMBL1231124,CHEMBL2634,P41240,Tyrosine-protein kinase CSK,Kd,30000.0,4.52,CHEMBL3991673
AZD1480,CHEMBL1231124,CHEMBL2793,P48729,Casein kinase I isoform alpha,Kd,30000.0,4.52,CHEMBL3991674
AZD1480,CHEMBL1231124,CHEMBL2828,P48730,Casein kinase I isoform delta,Kd,30000.0,4.52,CHEMBL3991675
AZD1480,CHEMBL1231124,CHEMBL4937,P49674,Casein kinase I isoform epsilon,Kd,30000.0,4.52,CHEMBL3991676
AZD1480,CHEMBL1231124,CHEMBL2426,Q9HCP0,Casein kinase I isoform gamma-1,Kd,30000.0,4.52,CHEMBL3991677
AZD1480,CHEMBL1231124,CHEMBL2543,P78368,Casein kinase I isoform gamma-2,Kd,30000.0,4.52,CHEMBL3991678
AZD1480,CHEMBL1231124,CHEMBL5084,Q9Y6M4,Casein kinase I isoform gamma-3,Kd,30000.0,4.52,CHEMBL3991679
AZD1480,CHEMBL1231124,CHEMBL4070,P19784,Casein kinase II subunit alpha',Kd,3956.0,5.4,CHEMBL3991681
AZD1480,CHEMBL1231124,CHEMBL4105975,P08574,"Cytochrome c1, heme protein, mitochondrial",Kd,30000.0,4.52,CHEMBL3991682
AZD1480,CHEMBL1231124,CHEMBL2447,P27707,Deoxycytidine kinase,Kd,30000.0,4.52,CHEMBL3991683
AZD1480,CHEMBL1231124,CHEMBL3769292,Q9H773,dCTP pyrophosphatase 1,Kd,30000.0,4.52,CHEMBL3991684
AZD1480,CHEMBL1231124,CHEMBL5319,Q08345,Epithelial discoidin domain-containing receptor 1,Kd,30000.0,4.52,CHEMBL3991685
AZD1480,CHEMBL1231124,CHEMBL5122,Q16832,Discoidin domain-containing receptor 2,Kd,30000.0,4.52,CHEMBL3991686
AZD1480,CHEMBL1231124,CHEMBL2010634,Q92499,ATP-dependent RNA helicase DDX1,Kd,30000.0,4.52,CHEMBL3991687
AZD1480,CHEMBL1231124,CHEMBL5553,O00571,ATP-dependent RNA helicase DDX3X,Kd,30000.0,4.52,CHEMBL3991688
AZD1480,CHEMBL1231124,CHEMBL4105782,Q86XP3,ATP-dependent RNA helicase DDX42,Kd,30000.0,4.52,CHEMBL3991689
AZD1480,CHEMBL1231124,CHEMBL4105783,P26196,Probable ATP-dependent RNA helicase DDX6,Kd,30000.0,4.52,CHEMBL3991690
AZD1480,CHEMBL1231124,CHEMBL2331059,Q15392,Delta(24)-sterol reductase,Kd,30000.0,4.52,CHEMBL3991691
AZD1480,CHEMBL1231124,CHEMBL4105814,Q7L2E3,ATP-dependent RNA helicase DHX30,Kd,30000.0,4.52,CHEMBL3991692
AZD1480,CHEMBL1231124,CHEMBL2189122,P31689,DnaJ homolog subfamily A member 1,Kd,30000.0,4.52,CHEMBL3991693
AZD1480,CHEMBL1231124,CHEMBL2292,Q13627,Dual specificity tyrosine-phosphorylation-regulated kinase 1A,Kd,30000.0,4.52,CHEMBL3991694
AZD1480,CHEMBL1231124,CHEMBL203,P00533,Epidermal growth factor receptor,Kd,30000.0,4.52,CHEMBL3991696
AZD1480,CHEMBL1231124,CHEMBL6029,Q9BQI3,Eukaryotic translation initiation factor 2-alpha kinase 1,Kd,30000.0,4.52,CHEMBL3991697
AZD1480,CHEMBL1231124,CHEMBL4105852,O60841,Eukaryotic translation initiation factor 5B,Kd,30000.0,4.52,CHEMBL3991699
AZD1480,CHEMBL1231124,CHEMBL5810,P21709,Ephrin type-A receptor 1,Kd,30000.0,4.52,CHEMBL3991700
AZD1480,CHEMBL1231124,CHEMBL2068,P29317,Ephrin type-A receptor 2,Kd,30000.0,4.52,CHEMBL3991701
AZD1480,CHEMBL1231124,CHEMBL3988,P54764,Ephrin type-A receptor 4,Kd,30000.0,4.52,CHEMBL3991702
Afatinib (BIBW-2992),CHEMBL1173655,CHEMBL203,P00533,Epidermal growth factor receptor,IC50,6.0,8.22,CHEMBL1009318
Afatinib (BIBW-2992),CHEMBL1173655,CHEMBL1824,P04626,Receptor tyrosine-protein kinase erbB-2,IC50,2.0,8.7,CHEMBL1009319
Afatinib (BIBW-2992),CHEMBL1173655,CHEMBL203,P00533,Epidermal growth factor receptor,IC50,11.0,7.96,CHEMBL1176122
Afatinib (BIBW-2992),CHEMBL1173655,CHEMBL203,P00533,Epidermal growth factor receptor,IC50,15.0,7.82,CHEMBL1176123
Afatinib (BIBW-2992),CHEMBL1173655,CHEMBL4224,P49759,Dual specificity protein kinase CLK1,Kd,10000.0,5.0,CHEMBL1908461
Afatinib (BIBW-2992),CHEMBL1173655,CHEMBL5608,Q16288,NT-3 growth factor receptor,Kd,10000.0,5.0,CHEMBL1908462
Afatinib (BIBW-2992),CHEMBL1173655,CHEMBL4674,P53778,Mitogen-activated protein kinase 12,Kd,10000.0,5.0,CHEMBL1908463
Afatinib (BIBW-2992),CHEMBL1173655,CHEMBL5331,Q12866,Tyrosine-protein kinase Mer,Kd,10000.0,5.0,CHEMBL1908464
Afatinib (BIBW-2992),CHEMBL1173655,CHEMBL5668,P78362,SRSF protein kinase 2,Kd,10000.0,5.0,CHEMBL1908465
Afatinib (BIBW-2992),CHEMBL1173655,CHEMBL3935,Q9UQB9,Aurora kinase C,Kd,10000.0,5.0,CHEMBL1908466
Afatinib (BIBW-2992),CHEMBL1173655,CHEMBL2801,Q13557,Calcium/calmodulin-dependent protein kinase type II subunit delta,Kd,10000.0,5.0,CHEMBL1908467
Afatinib (BIBW-2992),CHEMBL1173655,CHEMBL5404,Q86UE8,Serine/threonine-protein kinase tousled-like 2,Kd,10000.0,5.0,CHEMBL1908468
Afatinib (BIBW-2992),CHEMBL1173655,CHEMBL2185,Q96GD4,Aurora kinase B,Kd,10000.0,5.0,CHEMBL1908469
Afatinib (BIBW-2992),CHEMBL1173655,CHEMBL4045,Q13131,5'-AMP-activated protein kinase catalytic subunit alpha-1,Kd,10000.0,5.0,CHEMBL1908470
Afatinib (BIBW-2992),CHEMBL1173655,CHEMBL6149,Q9Y2K2,Serine/threonine-protein kinase SIK3,Kd,10000.0,5.0,CHEMBL1908471
Afatinib (BIBW-2992),CHEMBL1173655,CHEMBL3938,O75716,Serine/threonine-protein kinase 16,Kd,10000.0,5.0,CHEMBL1908472
Afatinib (BIBW-2992),CHEMBL1173655,CHEMBL5790,Q00537,Cyclin-dependent kinase 17,Kd,10000.0,5.0,CHEMBL1908473
Afatinib (BIBW-2992),CHEMBL1173655,CHEMBL5122,Q16832,Discoidin domain-containing receptor 2,Kd,10000.0,5.0,CHEMBL1908474
Afatinib (BIBW-2992),CHEMBL1173655,CHEMBL5311,P37023,Activin receptor type-1-like,Kd,10000.0,5.0,CHEMBL1908475
Afatinib (BIBW-2992),CHEMBL1173655,CHEMBL5251,Q06187,Tyrosine-protein kinase BTK,Kd,10000.0,5.0,CHEMBL1908476
Afatinib (BIBW-2992),CHEMBL1173655,CHEMBL331,P11802,Cyclin-dependent kinase 4,Kd,10000.0,5.0,CHEMBL1908477
Afatinib (BIBW-2992),CHEMBL1173655,CHEMBL331,P11802,Cyclin-dependent kinase 4,Kd,10000.0,5.0,CHEMBL1908478
Afatinib (BIBW-2992),CHEMBL1173655,CHEMBL2742,P22607,Fibroblast growth factor receptor 3,Kd,10000.0,5.0,CHEMBL1908479
Afatinib (BIBW-2992),CHEMBL1173655,CHEMBL2742,P22607,Fibroblast growth factor receptor 3,Kd,10000.0,5.0,CHEMBL1908480
Afatinib (BIBW-2992),CHEMBL1173655,CHEMBL1981,P06213,Insulin receptor,Kd,10000.0,5.0,CHEMBL1908481
Afatinib (BIBW-2992),CHEMBL1173655,CHEMBL2148,P52333,Tyrosine-protein kinase JAK3,Kd,10000.0,5.0,CHEMBL1908482
Afatinib (BIBW-2992),CHEMBL1173655,CHEMBL1936,P10721,Mast/stem cell growth factor receptor Kit,Kd,10000.0,5.0,CHEMBL1908483
Afatinib (BIBW-2992),CHEMBL1173655,CHEMBL1936,P10721,Mast/stem cell growth factor receptor Kit,Kd,10000.0,5.0,CHEMBL1908484
Afatinib (BIBW-2992),CHEMBL1173655,CHEMBL1936,P10721,Mast/stem cell growth factor receptor Kit,Kd,10000.0,5.0,CHEMBL1908485
Afatinib (BIBW-2992),CHEMBL1173655,CHEMBL1936,P10721,Mast/stem cell growth factor receptor Kit,Kd,10000.0,5.0,CHEMBL1908486
Afatinib (BIBW-2992),CHEMBL1173655,CHEMBL1936,P10721,Mast/stem cell growth factor receptor Kit,Kd,10000.0,5.0,CHEMBL1908487
Afatinib (BIBW-2992),CHEMBL1173655,CHEMBL1936,P10721,Mast/stem cell growth factor receptor Kit,Kd,10000.0,5.0,CHEMBL1908488
Afatinib (BIBW-2992),CHEMBL1173655,CHEMBL1936,P10721,Mast/stem cell growth factor receptor Kit,Kd,10000.0,5.0,CHEMBL1908489
Afatinib (BIBW-2992),CHEMBL1173655,CHEMBL1936,P10721,Mast/stem cell growth factor receptor Kit,Kd,10000.0,5.0,CHEMBL1908490
Afatinib (BIBW-2992),CHEMBL1173655,CHEMBL3717,P08581,Hepatocyte growth factor receptor,Kd,2200.0,5.66,CHEMBL1908491
Afatinib (BIBW-2992),CHEMBL1173655,CHEMBL3717,P08581,Hepatocyte growth factor receptor,Kd,6000.0,5.22,CHEMBL1908492
Afatinib (BIBW-2992),CHEMBL1173655,CHEMBL3717,P08581,Hepatocyte growth factor receptor,Kd,2600.0,5.59,CHEMBL1908493
Afatinib (BIBW-2992),CHEMBL1173655,CHEMBL2349,P15735,"Phosphorylase b kinase gamma catalytic chain, liver/testis isoform",Kd,470.0,6.33,CHEMBL1908494
Afatinib (BIBW-2992),CHEMBL1173655,CHEMBL5606,Q15831,Serine/threonine-protein kinase STK11,Kd,10000.0,5.0,CHEMBL1908495
Afatinib (BIBW-2992),CHEMBL1173655,CHEMBL4128,Q02763,Angiopoietin-1 receptor,Kd,10000.0,5.0,CHEMBL1908496
Afatinib (BIBW-2992),CHEMBL1173655,CHEMBL1957,P08069,Insulin-like growth factor 1 receptor,Kd,10000.0,5.0,CHEMBL1908497
Afatinib (BIBW-2992),CHEMBL1173655,CHEMBL1163127,Q6ZN16,Mitogen-activated protein kinase kinase kinase 15,Kd,10000.0,5.0,CHEMBL1908498
Afatinib (BIBW-2992),CHEMBL1173655,CHEMBL5407,Q86V86,Serine/threonine-protein kinase pim-3,Kd,10000.0,5.0,CHEMBL1908499
Afatinib (BIBW-2992),CHEMBL1173655,CHEMBL2527,O96017,Serine/threonine-protein kinase Chk2,Kd,10000.0,5.0,CHEMBL1908500
Afatinib (BIBW-2992),CHEMBL1173655,CHEMBL1824,P04626,Receptor tyrosine-protein kinase erbB-2,Kd,5.0,8.3,CHEMBL1908501
Afatinib (BIBW-2992),CHEMBL1173655,CHEMBL3906,Q15349,Ribosomal protein S6 kinase alpha-2,Kd,10000.0,5.0,CHEMBL1908502
Afatinib (BIBW-2992),CHEMBL1173655,CHEMBL3125,O75676,Ribosomal protein S6 kinase alpha-4,Kd,10000.0,5.0,CHEMBL1908503
Afatinib (BIBW-2992),CHEMBL1173655,CHEMBL4599,Q07912,Activated CDC42 kinase 1,Kd,10000.0,5.0,CHEMBL1908504
Afatinib (BIBW-2992),CHEMBL1173655,CHEMBL2815,P04629,High affinity nerve growth factor receptor,Kd,10000.0,5.0,CHEMBL1908505
Afatinib (BIBW-2992),CHEMBL1173655,CHEMBL5426,Q86YV6,Myosin light chain kinase family member 4,Kd,10000.0,5.0,CHEMBL1908506
Afatinib (BIBW-2992),CHEMBL1173655,CHEMBL5358,Q9P2K8,eIF-2-alpha kinase GCN2,Kd,10000.0,5.0,CHEMBL1908507
Afatinib (BIBW-2992),CHEMBL1173655,CHEMBL4482,O96013,Serine/threonine-protein kinase PAK 4,Kd,10000.0,5.0,CHEMBL1908508
Afatinib (BIBW-2992),CHEMBL1173655,CHEMBL1163129,Q52WX2,Serine/threonine-protein kinase SBK1,Kd,4800.0,5.32,CHEMBL1908509
Afatinib (BIBW-2992),CHEMBL1173655,CHEMBL5518,Q8N4C8,Misshapen-like kinase 1,Kd,10000.0,5.0,CHEMBL1908510
Afatinib (BIBW-2992),CHEMBL1173655,CHEMBL5519,Q8N568,Serine/threonine-protein kinase DCLK2,Kd,10000.0,5.0,CHEMBL1908511
Afatinib (BIBW-2992),CHEMBL1173655,CHEMBL3009,Q15303,Receptor tyrosine-protein kinase erbB-4,Kd,6.3,8.2,CHEMBL1908512
Afatinib (BIBW-2992),CHEMBL1173655,CHEMBL5749,Q92918,Mitogen-activated protein kinase kinase kinase kinase 1,Kd,10000.0,5.0,CHEMBL1908513
Afatinib (BIBW-2992),CHEMBL1173655,CHEMBL4526,Q9UF33,Ephrin type-A receptor 6,Kd,340.0,6.47,CHEMBL1908445
Afatinib (BIBW-2992),CHEMBL1173655,CHEMBL5654,Q8WXR4,Myosin-IIIb,Kd,10000.0,5.0,CHEMBL1908514
Afatinib (BIBW-2992),CHEMBL1173655,CHEMBL5047,Q6PHR2,Serine/threonine-protein kinase ULK3,Kd,10000.0,5.0,CHEMBL1908515
Afatinib (BIBW-2992),CHEMBL1173655,CHEMBL5903,Q04771,Activin receptor type-1,Kd,10000.0,5.0,CHEMBL1908516
Afatinib (BIBW-2992),CHEMBL1173655,CHEMBL5466,Q13705,Activin receptor type-2B,Kd,10000.0,5.0,CHEMBL1908517
Afatinib (BIBW-2992),CHEMBL1173655,CHEMBL6150,Q8WU08,Serine/threonine-protein kinase 32A,Kd,10000.0,5.0,CHEMBL1908518
Afatinib (BIBW-2992),CHEMBL1173655,CHEMBL1163117,Q8IVW4,Cyclin-dependent kinase-like 3,Kd,10000.0,5.0,CHEMBL1908519
Afatinib (BIBW-2992),CHEMBL1173655,CHEMBL4718,Q9BUB5,MAP kinase-interacting serine/threonine-protein kinase 1,Kd,1800.0,5.74,CHEMBL1908520
Afatinib (BIBW-2992),CHEMBL1173655,CHEMBL5969,Q99755,Phosphatidylinositol 4-phosphate 5-kinase type-1 alpha,Kd,10000.0,5.0,CHEMBL1908521
Afatinib (BIBW-2992),CHEMBL1173655,CHEMBL5476,O00238,Bone morphogenetic protein receptor type-1B,Kd,10000.0,5.0,CHEMBL1908522
Afatinib (BIBW-2992),CHEMBL1173655,CHEMBL5467,Q13873,Bone morphogenetic protein receptor type-2,Kd,10000.0,5.0,CHEMBL1908523
Afatinib (BIBW-2992),CHEMBL1173655,CHEMBL4121,Q13554,Calcium/calmodulin-dependent protein kinase type II subunit beta,Kd,10000.0,5.0,CHEMBL1908524
Afatinib (BIBW-2992),CHEMBL1173655,CHEMBL4442,Q00526,Cyclin-dependent kinase 3,Kd,10000.0,5.0,CHEMBL1908525
Afatinib (BIBW-2992),CHEMBL1173655,CHEMBL5719,P49336,Cyclin-dependent kinase 8,Kd,10000.0,5.0,CHEMBL1908526
Afatinib (BIBW-2992),CHEMBL1173655,CHEMBL3116,P50750,Cyclin-dependent kinase 9,Kd,10000.0,5.0,CHEMBL1908527
Afatinib (BIBW-2992),CHEMBL1173655,CHEMBL4630,O14757,Serine/threonine-protein kinase Chk1,Kd,10000.0,5.0,CHEMBL1908528
Afatinib (BIBW-2992),CHEMBL1173655,CHEMBL3476,O15111,Inhibitor of nuclear factor kappa-B kinase subunit alpha,Kd,10000.0,5.0,CHEMBL1908529
Afatinib (BIBW-2992),CHEMBL1173655,CHEMBL2543,P78368,Casein kinase I isoform gamma-2,Kd,10000.0,5.0,CHEMBL1908530
Afatinib (BIBW-2992),CHEMBL1173655,CHEMBL2468,O43293,Death-associated protein kinase 3,Kd,10000.0,5.0,CHEMBL1908531
Afatinib (BIBW-2992),CHEMBL1173655,CHEMBL1163101,O75460,Serine/threonine-protein kinase/endoribonuclease IRE1,Kd,10000.0,5.0,CHEMBL1908532
Afatinib (BIBW-2992),CHEMBL1173655,CHEMBL1991,O14920,Inhibitor of nuclear factor kappa-B kinase subunit beta,Kd,10000.0,5.0,CHEMBL1908533
Afatinib (BIBW-2992),CHEMBL1173655,CHEMBL3357,P51617,Interleukin-1 receptor-associated kinase 1,Kd,240.0,6.62,CHEMBL1908534
Afatinib (BIBW-2992),CHEMBL1173655,CHEMBL5616,P27037,Activin receptor type-2A,Kd,10000.0,5.0,CHEMBL1908535
Afatinib (BIBW-2992),CHEMBL1173655,CHEMBL2431,P31751,RAC-beta serine/threonine-protein kinase,Kd,10000.0,5.0,CHEMBL1908536
Afatinib (BIBW-2992),CHEMBL1173655,CHEMBL4895,P30530,Tyrosine-protein kinase receptor UFO,Kd,5300.0,5.28,CHEMBL1908537
Afatinib (BIBW-2992),CHEMBL1173655,CHEMBL2250,P51451,Tyrosine-protein kinase Blk,Kd,220.0,6.66,CHEMBL1908538
Afatinib (BIBW-2992),CHEMBL1173655,CHEMBL3834,P51813,Cytoplasmic tyrosine-protein kinase BMX,Kd,10000.0,5.0,CHEMBL1908539
Afatinib (BIBW-2992),CHEMBL1173655,CHEMBL2494,Q16566,Calcium/calmodulin-dependent protein kinase type IV,Kd,10000.0,5.0,CHEMBL1908540
Afatinib (BIBW-2992),CHEMBL1173655,CHEMBL301,P24941,Cyclin-dependent kinase 2,Kd,10000.0,5.0,CHEMBL1908541
Afatinib (BIBW-2992),CHEMBL1173655,CHEMBL3055,P50613,Cyclin-dependent kinase 7,Kd,10000.0,5.0,CHEMBL1908542
Afatinib (BIBW-2992),CHEMBL1173655,CHEMBL2793,P48729,Casein kinase I isoform alpha,Kd,10000.0,5.0,CHEMBL1908543
Afatinib (BIBW-2992),CHEMBL1173655,CHEMBL4937,P49674,Casein kinase I isoform epsilon,Kd,1300.0,5.89,CHEMBL1908544
Afatinib (BIBW-2992),CHEMBL1173655,CHEMBL3629,P68400,Casein kinase II subunit alpha,Kd,10000.0,5.0,CHEMBL1908545
Afatinib (BIBW-2992),CHEMBL1173655,CHEMBL4070,P19784,Casein kinase II subunit alpha',Kd,10000.0,5.0,CHEMBL1908546
Afatinib (BIBW-2992),CHEMBL1173655,CHEMBL5319,Q08345,Epithelial discoidin domain-containing receptor 1,Kd,10000.0,5.0,CHEMBL1908547
Afatinib (BIBW-2992),CHEMBL1173655,CHEMBL5838,P21860,Receptor tyrosine-protein kinase erbB-3,Kd,4500.0,5.35,CHEMBL1908548
Afatinib (BIBW-2992),CHEMBL1173655,CHEMBL5455,P07332,Tyrosine-protein kinase Fes/Fps,Kd,10000.0,5.0,CHEMBL1908549
Afatinib (BIBW-2992),CHEMBL1173655,CHEMBL1868,P17948,Vascular endothelial growth factor receptor 1,Kd,10000.0,5.0,CHEMBL1908550
Afatinib (BIBW-2992),CHEMBL1173655,CHEMBL1955,P35916,Vascular endothelial growth factor receptor 3,Kd,10000.0,5.0,CHEMBL1908551
Afatinib (BIBW-2992),CHEMBL1173655,CHEMBL4223,P42685,Tyrosine-protein kinase FRK,Kd,1400.0,5.85,CHEMBL1908552
Afatinib (BIBW-2992),CHEMBL1173655,CHEMBL262,P49841,Glycogen synthase kinase-3 beta,Kd,10000.0,5.0,CHEMBL1908553
Afatinib (BIBW-2992),CHEMBL1173655,CHEMBL3234,P08631,Tyrosine-protein kinase HCK,Kd,2200.0,5.66,CHEMBL1908554
Afatinib (BIBW-2992),CHEMBL1173655,CHEMBL2835,P23458,Tyrosine-protein kinase JAK1,Kd,10000.0,5.0,CHEMBL1908555
Alisertib (MLN8237),CHEMBL483158,CHEMBL4722,O14965,Aurora kinase A,IC50,1.0,9.0,CHEMBL993738
Alisertib (MLN8237),CHEMBL483158,CHEMBL2185,Q96GD4,Aurora kinase B,IC50,1100.0,5.96,CHEMBL993739
Alisertib (MLN8237),CHEMBL483158,CHEMBL258,P06239,Tyrosine-protein kinase Lck,IC50,320.0,6.49,CHEMBL993743
Alisertib (MLN8237),CHEMBL483158,CHEMBL3529,Q14164,Inhibitor of nuclear factor kappa-B kinase subunit epsilon,Ki,3162.28,5.5,CHEMBL1964108
Alisertib (MLN8237),CHEMBL483158,CHEMBL4708,Q13188,Serine/threonine-protein kinase 3,Ki,7943.28,5.1,CHEMBL1964119
Alisertib (MLN8237),CHEMBL483158,CHEMBL4225,P49760,Dual specificity protein kinase CLK2,Ki,3162.28,5.5,CHEMBL1963691
Alisertib (MLN8237),CHEMBL483158,CHEMBL4516,Q5VT25,Serine/threonine-protein kinase MRCK alpha,Ki,10000.0,5.0,CHEMBL1964102
Alisertib (MLN8237),CHEMBL483158,CHEMBL4897,Q9H4B4,Serine/threonine-protein kinase PLK3,Ki,7943.28,5.1,CHEMBL1963697
Alisertib (MLN8237),CHEMBL483158,CHEMBL2689,Q04912,Macrophage-stimulating protein receptor,Ki,3981.07,5.4,CHEMBL1964103
Alisertib (MLN8237),CHEMBL483158,CHEMBL4147,Q9UQM7,Calcium/calmodulin-dependent protein kinase type II subunit alpha,Ki,6309.57,5.2,CHEMBL1964111
Alisertib (MLN8237),CHEMBL483158,CHEMBL2543,P78368,Casein kinase I isoform gamma-2,Ki,7943.28,5.1,CHEMBL1963686
Alisertib (MLN8237),CHEMBL483158,CHEMBL3587,Q02750,Dual specificity mitogen-activated protein kinase kinase 1,Ki,1995.26,5.7,CHEMBL1963692
Alisertib (MLN8237),CHEMBL483158,CHEMBL5408,Q9UHD2,Serine/threonine-protein kinase TBK1,Ki,3162.28,5.5,CHEMBL1963698
Alisertib (MLN8237),CHEMBL483158,CHEMBL4247,Q9UM73,ALK tyrosine kinase receptor,Ki,1995.26,5.7,CHEMBL1963704
Alisertib (MLN8237),CHEMBL483158,CHEMBL2599,P43405,Tyrosine-protein kinase SYK,Ki,1584.89,5.8,CHEMBL1963712
Alisertib (MLN8237),CHEMBL483158,CHEMBL3920,Q04759,Protein kinase C theta type,Ki,2511.89,5.6,CHEMBL1963687
Alisertib (MLN8237),CHEMBL483158,CHEMBL3829,Q13555,Calcium/calmodulin-dependent protein kinase type II subunit gamma,Ki,6309.57,5.2,CHEMBL1963710
Alisertib (MLN8237),CHEMBL483158,CHEMBL4816,Q9Y243,RAC-gamma serine/threonine-protein kinase,Ki,10000.0,5.0,CHEMBL1963699
Alisertib (MLN8237),CHEMBL483158,CHEMBL3788,O00444,Serine/threonine-protein kinase PLK4,Ki,39.81,7.4,CHEMBL1963705
Alisertib (MLN8237),CHEMBL483158,CHEMBL1844,P07333,Macrophage colony-stimulating factor 1 receptor,Ki,1995.26,5.7,CHEMBL1964104
Alisertib (MLN8237),CHEMBL483158,CHEMBL2971,O60674,Tyrosine-protein kinase JAK2,Ki,1995.26,5.7,CHEMBL1963693
Alisertib (MLN8237),CHEMBL483158,CHEMBL5627,P29376,Leukocyte tyrosine kinase receptor,Ki,398.11,6.4,CHEMBL1964115
Alisertib (MLN8237),CHEMBL483158,CHEMBL5608,Q16288,NT-3 growth factor receptor,Ki,398.11,6.4,CHEMBL1963688
Alisertib (MLN8237),CHEMBL483158,CHEMBL4175,P42679,Megakaryocyte-associated tyrosine-protein kinase,Ki,1995.26,5.7,CHEMBL1963689
Alisertib (MLN8237),CHEMBL483158,CHEMBL2041,P07949,Proto-oncogene tyrosine-protein kinase receptor Ret,Ki,398.11,6.4,CHEMBL1963706
Alisertib (MLN8237),CHEMBL483158,CHEMBL5650,Q8TDC3,Serine/threonine-protein kinase BRSK1,Ki,1995.26,5.7,CHEMBL1964105
Alisertib (MLN8237),CHEMBL483158,CHEMBL5084,Q9Y6M4,Casein kinase I isoform gamma-3,Ki,6309.57,5.2,CHEMBL1964116
Alisertib (MLN8237),CHEMBL483158,CHEMBL3438,Q05513,Protein kinase C zeta type,Ki,7943.28,5.1,CHEMBL1963694
Alisertib (MLN8237),CHEMBL483158,CHEMBL4045,Q13131,5'-AMP-activated protein kinase catalytic subunit alpha-1,Ki,1258.93,5.9,CHEMBL1963701
Alisertib (MLN8237),CHEMBL483158,CHEMBL4896,Q96KB5,Lymphokine-activated killer T-cell-originated protein kinase,Ki,10000.0,5.0,CHEMBL1964100
Alisertib (MLN8237),CHEMBL483158,CHEMBL2964,P36507,Dual specificity mitogen-activated protein kinase kinase 2,Ki,3981.07,5.4,CHEMBL1964106
Alisertib (MLN8237),CHEMBL483158,CHEMBL260,Q16539,Mitogen-activated protein kinase 14,Ki,3981.07,5.4,CHEMBL1964117
Alisertib (MLN8237),CHEMBL483158,CHEMBL4273,Q13976,cGMP-dependent protein kinase 1,Ki,1995.26,5.7,CHEMBL1963695
Alisertib (MLN8237),CHEMBL483158,CHEMBL4900,Q9BZL6,Serine/threonine-protein kinase D2,Ki,10000.0,5.0,CHEMBL1963707
Alisertib (MLN8237),CHEMBL483158,CHEMBL4223,P42685,Tyrosine-protein kinase FRK,Ki,100.0,7.0,CHEMBL1964118
Alisertib (MLN8237),CHEMBL483158,CHEMBL2896,Q13237,cGMP-dependent protein kinase 2,Ki,1584.89,5.8,CHEMBL1963702
Alisertib (MLN8237),CHEMBL483158,CHEMBL2345,P51812,Ribosomal protein S6 kinase alpha-3,Ki,794.33,6.1,CHEMBL1963690
Alisertib (MLN8237),CHEMBL483158,CHEMBL6166,O95819,Mitogen-activated protein kinase kinase kinase kinase 4,Ki,5011.87,5.3,CHEMBL1964101
Alisertib (MLN8237),CHEMBL483158,CHEMBL2349,P15735,"Phosphorylase b kinase gamma catalytic chain, liver/testis isoform",Ki,5011.87,5.3,CHEMBL1963696
Alisertib (MLN8237),CHEMBL483158,CHEMBL4501,P23443,Ribosomal protein S6 kinase beta-1,Ki,6309.57,5.2,CHEMBL1963708
Alisertib (MLN8237),CHEMBL483158,CHEMBL2292,Q13627,Dual specificity tyrosine-phosphorylation-regulated kinase 1A,Ki,3162.28,5.5,CHEMBL1964107
Alisertib (MLN8237),CHEMBL483158,CHEMBL2996,Q05655,Protein kinase C delta type,Ki,7943.28,5.1,CHEMBL1963703
Alisertib (MLN8237),CHEMBL483158,CHEMBL2939,O15264,Mitogen-activated protein kinase 13,Ki,7943.28,5.1,CHEMBL1963761
Alisertib (MLN8237),CHEMBL483158,CHEMBL5543,Q9Y463,Dual specificity tyrosine-phosphorylation-regulated kinase 1B,Ki,2511.89,5.6,CHEMBL1963799
Alisertib (MLN8237),CHEMBL483158,CHEMBL1075104,Q5S007,Leucine-rich repeat serine/threonine-protein kinase 2,Ki,794.33,6.1,CHEMBL1963806
Alisertib (MLN8237),CHEMBL483158,CHEMBL2973,O75116,Rho-associated protein kinase 2,Ki,3981.07,5.4,CHEMBL1963722
Alisertib (MLN8237),CHEMBL483158,CHEMBL2147,P11309,Serine/threonine-protein kinase pim-1,Ki,6309.57,5.2,CHEMBL1963726
Alisertib (MLN8237),CHEMBL483158,CHEMBL2426,Q9HCP0,Casein kinase I isoform gamma-1,Ki,6309.57,5.2,CHEMBL1963743
Alisertib (MLN8237),CHEMBL483158,CHEMBL267,P12931,Proto-oncogene tyrosine-protein kinase Src,Ki,316.23,6.5,CHEMBL1963768
Alisertib (MLN8237),CHEMBL483158,CHEMBL3717,P08581,Hepatocyte growth factor receptor,Ki,2511.89,5.6,CHEMBL1963775
Alisertib (MLN8237),CHEMBL483158,CHEMBL2185,Q96GD4,Aurora kinase B,Ki,3.162,8.5,CHEMBL1963807
Alisertib (MLN8237),CHEMBL483158,CHEMBL4525,Q9UEE5,Serine/threonine-protein kinase 17A,Ki,3981.07,5.4,CHEMBL1963717
Alisertib (MLN8237),CHEMBL483158,CHEMBL3836,P53667,LIM domain kinase 1,Ki,1000.0,6.0,CHEMBL1963749
Alisertib (MLN8237),CHEMBL483158,CHEMBL5703,Q9H3Y6,Tyrosine-protein kinase Srms,Ki,1584.89,5.8,CHEMBL1963770
Alisertib (MLN8237),CHEMBL483158,CHEMBL4630,O14757,Serine/threonine-protein kinase Chk1,Ki,6309.57,5.2,CHEMBL1963782
Alisertib (MLN8237),CHEMBL483158,CHEMBL5794,Q9HBY8,Serine/threonine-protein kinase Sgk2,Ki,10000.0,5.0,CHEMBL1963793
Alisertib (MLN8237),CHEMBL483158,CHEMBL1936,P10721,Mast/stem cell growth factor receptor Kit,Ki,1258.93,5.9,CHEMBL1963734
Alisertib (MLN8237),CHEMBL483158,CHEMBL2431,P31751,RAC-beta serine/threonine-protein kinase,Ki,7943.28,5.1,CHEMBL1963739
Alisertib (MLN8237),CHEMBL483158,CHEMBL5600,P27448,MAP/microtubule affinity-regulating kinase 3,Ki,6309.57,5.2,CHEMBL1963756
Alisertib (MLN8237),CHEMBL483158,CHEMBL3886,Q9NYL2,Mitogen-activated protein kinase kinase kinase 20,Ki,7943.28,5.1,CHEMBL1963763
Alisertib (MLN8237),CHEMBL483158,CHEMBL279,P35968,Vascular endothelial growth factor receptor 2,Ki,316.23,6.5,CHEMBL1963788
Alisertib (MLN8237),CHEMBL483158,CHEMBL4722,O14965,Aurora kinase A,Ki,0.5012,9.3,CHEMBL1963727
Alisertib (MLN8237),CHEMBL483158,CHEMBL4599,Q07912,Activated CDC42 kinase 1,Ki,794.33,6.1,CHEMBL1963777
Alisertib (MLN8237),CHEMBL483158,CHEMBL5678,P34947,G protein-coupled receptor kinase 5,Ki,3981.07,5.4,CHEMBL1963789
Alisertib (MLN8237),CHEMBL483158,CHEMBL5818,P51817,cAMP-dependent protein kinase catalytic subunit PRKX,Ki,2511.89,5.6,CHEMBL1963800
Alisertib (MLN8237),CHEMBL483158,CHEMBL301,P24941,Cyclin-dependent kinase 2,Ki,7943.28,5.1,CHEMBL1963723
Alisertib (MLN8237),CHEMBL483158,CHEMBL5261,Q7L7X3,Serine/threonine-protein kinase TAO1,Ki,7943.28,5.1,CHEMBL1963750
Alisertib (MLN8237),CHEMBL483158,CHEMBL5407,Q86V86,Serine/threonine-protein kinase pim-3,Ki,7943.28,5.1,CHEMBL1963764
Alisertib (MLN8237),CHEMBL483158,CHEMBL1913,P09619,Platelet-derived growth factor receptor beta,Ki,1000.0,6.0,CHEMBL1963778
Alisertib (MLN8237),CHEMBL483158,CHEMBL4040,P28482,Mitogen-activated protein kinase 1,Ki,7943.28,5.1,CHEMBL1963794
Alisertib (MLN8237),CHEMBL483158,CHEMBL258,P06239,Tyrosine-protein kinase Lck,Ki,316.23,6.5,CHEMBL1963718
Alisertib (MLN8237),CHEMBL483158,CHEMBL3629,P68400,Casein kinase II subunit alpha,Ki,1995.26,5.7,CHEMBL1963735
Alisertib (MLN8237),CHEMBL483158,CHEMBL2815,P04629,High affinity nerve growth factor receptor,Ki,1584.89,5.8,CHEMBL1963757
Alisertib (MLN8237),CHEMBL483158,CHEMBL2828,P48730,Casein kinase I isoform delta,Ki,7943.28,5.1,CHEMBL1963783
Alisertib (MLN8237),CHEMBL483158,CHEMBL3094,Q8IW41,MAP kinase-activated protein kinase 5,Ki,1584.89,5.8,CHEMBL1963728
Alisertib (MLN8237),CHEMBL483158,CHEMBL3650,P11362,Fibroblast growth factor receptor 1,Ki,316.23,6.5,CHEMBL1963740
Alisertib (MLN8237),CHEMBL483158,CHEMBL5568,P08922,Proto-oncogene tyrosine-protein kinase ROS,Ki,158.49,6.8,CHEMBL1963751
Alisertib (MLN8237),CHEMBL483158,CHEMBL2850,P49840,Glycogen synthase kinase-3 alpha,Ki,5011.87,5.3,CHEMBL1963771
Alisertib (MLN8237),CHEMBL483158,CHEMBL2695,Q05397,Focal adhesion kinase 1,Ki,125.89,6.9,CHEMBL1963801
Alisertib (MLN8237),CHEMBL483158,CHEMBL4375,Q96SB4,SRSF protein kinase 1,Ki,2511.89,5.6,CHEMBL1963724
Alisertib (MLN8237),CHEMBL483158,CHEMBL5455,P07332,Tyrosine-protein kinase Fes/Fps,Ki,1995.26,5.7,CHEMBL1963758
Alisertib (MLN8237),CHEMBL483158,CHEMBL3553,P29597,Non-receptor tyrosine-protein kinase TYK2,Ki,1995.26,5.7,CHEMBL1963765
Alisertib (MLN8237),CHEMBL483158,CHEMBL5518,Q8N4C8,Misshapen-like kinase 1,Ki,7943.28,5.1,CHEMBL1963795
Alisertib (MLN8237),CHEMBL483158,CHEMBL5314,Q06418,Tyrosine-protein kinase receptor TYRO3,Ki,1258.93,5.9,CHEMBL1963714
Alisertib (MLN8237),CHEMBL483158,CHEMBL2468,O43293,Death-associated protein kinase 3,Ki,3162.28,5.5,CHEMBL1963719
Alisertib (MLN8237),CHEMBL483158,CHEMBL4179,P45984,Mitogen-activated protein kinase 9,Ki,3981.07,5.4,CHEMBL1963746
Alisertib (MLN8237),CHEMBL483158,CHEMBL1974,P36888,Receptor-type tyrosine-protein kinase FLT3,Ki,2511.89,5.6,CHEMBL1963779
Alisertib (MLN8237),CHEMBL483158,CHEMBL1862,P00519,Tyrosine-protein kinase ABL1,Ki,501.19,6.3,CHEMBL1963785
Alisertib (MLN8237),CHEMBL483158,CHEMBL4036,Q00535,Cyclin-dependent kinase 5,Ki,6309.57,5.2,CHEMBL1963790
Alisertib (MLN8237),CHEMBL483158,CHEMBL3357,P51617,Interleukin-1 receptor-associated kinase 1,Ki,7943.28,5.1,CHEMBL1963802
Alisertib (MLN8237),CHEMBL483158,CHEMBL2208,P49137,MAP kinase-activated protein kinase 2,Ki,7943.28,5.1,CHEMBL1963729
Alisertib (MLN8237),CHEMBL483158,CHEMBL4482,O96013,Serine/threonine-protein kinase PAK 4,Ki,5011.87,5.3,CHEMBL1963736
Alisertib (MLN8237),CHEMBL483158,CHEMBL2250,P51451,Tyrosine-protein kinase Blk,Ki,39.81,7.4,CHEMBL1963752
Alisertib (MLN8237),CHEMBL483158,CHEMBL5330,Q12851,Mitogen-activated protein kinase kinase kinase kinase 2,Ki,5011.87,5.3,CHEMBL1963772
Alisertib (MLN8237),CHEMBL483158,CHEMBL5819,P51957,Serine/threonine-protein kinase Nek4,Ki,6309.57,5.2,CHEMBL1963796
Alisertib (MLN8237),CHEMBL483158,CHEMBL2793,P48729,Casein kinase I isoform alpha,Ki,5011.87,5.3,CHEMBL1963741
Alisertib (MLN8237),CHEMBL483158,CHEMBL1981,P06213,Insulin receptor,Ki,5011.87,5.3,CHEMBL1963759
Alisertib (MLN8237),CHEMBL483158,CHEMBL203,P00533,Epidermal growth factor receptor,Ki,199.53,6.7,CHEMBL1963766
Alisertib (MLN8237),CHEMBL483158,CHEMBL1824,P04626,Receptor tyrosine-protein kinase erbB-2,Ki,1258.93,5.9,CHEMBL1963780
Alisertib (MLN8237),CHEMBL483158,CHEMBL2068,P29317,Ephrin type-A receptor 2,Ki,31.62,7.5,CHEMBL1963791
Artemisinin,CHEMBL269671,CHEMBL613979,,HUVEC,IC50,50000.0,4.3,CHEMBL691550
Artemisinin,CHEMBL269671,CHEMBL398,,KB,IC50,354000.0,3.45,CHEMBL1041448
Artemisinin,CHEMBL269671,CHEMBL392,,A549,IC50,15200.0,4.82,CHEMBL1041738
Artemisinin,CHEMBL269671,CHEMBL614925,,SK-OV-3,IC50,14300.0,4.84,CHEMBL1041739
Artemisinin,CHEMBL269671,CHEMBL614917,,SK-MEL-2,IC50,12900.0,4.89,CHEMBL1041737
Artemisinin,CHEMBL269671,CHEMBL613533,,XF498,IC50,16200.0,4.79,CHEMBL1041736
Artemisinin,CHEMBL269671,CHEMBL612263,,HCT-15,IC50,17200.0,4.76,CHEMBL1041741
Artemisinin,CHEMBL269671,CHEMBL382,,CCRF-CEM,IC50,36900.0,4.43,CHEMBL1176072
Artemisinin,CHEMBL269671,CHEMBL614266,,ADR5000 cell line,IC50,26900.0,4.57,CHEMBL1176073
Artemisinin,CHEMBL269671,CHEMBL3356,P05177,Cytochrome P450 1A2,IC50,2000.0,5.7,CHEMBL1909132
Artemisinin,CHEMBL269671,CHEMBL382,,CCRF-CEM,IC50,36900.0,4.43,CHEMBL2090229
Artemisinin,CHEMBL269671,CHEMBL383,,HL-60,IC50,50000.0,4.3,CHEMBL2212509
Artemisinin,CHEMBL269671,CHEMBL614912,,SK-HEP1,IC50,200000.0,3.7,CHEMBL2401499
Artemisinin,CHEMBL269671,CHEMBL395,,HepG2,IC50,200000.0,3.7,CHEMBL2401501
Artemisinin,CHEMBL269671,CHEMBL382,,CCRF-CEM,IC50,36900.0,4.43,CHEMBL3132227
Artemisinin,CHEMBL269671,CHEMBL340,P08684,Cytochrome P450 3A4,IC50,50000.0,4.3,CHEMBL3528884
Artemisinin,CHEMBL269671,CHEMBL340,P08684,Cytochrome P450 3A4,IC50,50000.0,4.3,CHEMBL3528883
Artemisinin,CHEMBL269671,CHEMBL4729,P20813,Cytochrome P450 2B6,Ki,4600.0,5.34,CHEMBL3528881
Artemisinin,CHEMBL269671,CHEMBL4729,P20813,Cytochrome P450 2B6,IC50,12100.0,4.92,CHEMBL3528880
Artemisinin,CHEMBL269671,CHEMBL4729,P20813,Cytochrome P450 2B6,IC50,8400.0,5.08,CHEMBL3528879
Artemisinin,CHEMBL269671,CHEMBL340,P08684,Cytochrome P450 3A4,Ki,25000.0,4.6,CHEMBL3535226
Artemisinin,CHEMBL269671,CHEMBL382,,CCRF-CEM,IC50,36900.0,4.43,CHEMBL3602174
Artemisinin,CHEMBL269671,CHEMBL399,,HeLa,IC50,493380.0,3.31,CHEMBL3602549
Artemisinin,CHEMBL269671,CHEMBL392,,A549,IC50,20000.0,4.7,CHEMBL3636023
Artemisinin,CHEMBL269671,CHEMBL614818,,HEK293,IC50,120.0,6.92,CHEMBL3817355
Artemisinin,CHEMBL269671,CHEMBL6020,O95342,Bile salt export pump,IC50,133000.0,3.88,CHEMBL4028921
Artemisinin,CHEMBL269671,CHEMBL5748,Q92887,ATP-binding cassette sub-family C member 2,IC50,133000.0,3.88,CHEMBL4028922
Artemisinin,CHEMBL269671,CHEMBL5918,O15438,ATP-binding cassette sub-family C member 3,IC50,133000.0,3.88,CHEMBL4028923
Artemisinin,CHEMBL269671,CHEMBL1743128,O15439,ATP-binding cassette sub-family C member 4,IC50,133000.0,3.88,CHEMBL4028924
Artemisinin,CHEMBL269671,CHEMBL387,,MCF7,IC50,0.14,9.85,CHEMBL4055282
Artemisinin,CHEMBL269671,CHEMBL613979,,HUVEC,IC50,1100.0,5.96,CHEMBL4055289
Artemisinin,CHEMBL269671,CHEMBL614247,,U-87 MG,IC50,50000.0,4.3,CHEMBL4123814
Artemisinin,CHEMBL269671,CHEMBL614910,,SH-SY5Y,IC50,50000.0,4.3,CHEMBL4123815
Artemisinin,CHEMBL269671,CHEMBL387,,MCF7,IC50,50000.0,4.3,CHEMBL4123816
Artemisinin,CHEMBL269671,CHEMBL400,,MDA-MB-231,IC50,50000.0,4.3,CHEMBL4123817
Artemisinin,CHEMBL269671,CHEMBL392,,A549,IC50,50000.0,4.3,CHEMBL4123818
Artemisinin,CHEMBL269671,CHEMBL613859,,A-375,IC50,50000.0,4.3,CHEMBL4123819
Artemisinin,CHEMBL269671,CHEMBL4296457,,L02,IC50,50000.0,4.3,CHEMBL4123820
Artemisinin,CHEMBL269671,CHEMBL613859,,A-375,IC50,50000.0,4.3,CHEMBL4231567
Artemisinin,CHEMBL269671,CHEMBL392,,A549,IC50,50000.0,4.3,CHEMBL4231568
Artemisinin,CHEMBL269671,CHEMBL614910,,SH-SY5Y,IC50,50000.0,4.3,CHEMBL4231569
Artemisinin,CHEMBL269671,CHEMBL394,,HCT-116,IC50,50000.0,4.3,CHEMBL4231570
Artemisinin,CHEMBL269671,CHEMBL4296457,,L02,IC50,50000.0,4.3,CHEMBL4231572
Artemisinin,CHEMBL269671,CHEMBL387,,MCF7,IC50,50000.0,4.3,CHEMBL4321009
Artemisinin,CHEMBL269671,CHEMBL392,,A549,IC50,50000.0,4.3,CHEMBL4321010
Artemisinin,CHEMBL269671,CHEMBL395,,HepG2,IC50,50000.0,4.3,CHEMBL4321011
Artemisinin,CHEMBL269671,CHEMBL400,,MDA-MB-231,IC50,100000.0,4.0,CHEMBL4321012
Artemisinin,CHEMBL269671,CHEMBL4296457,,L02,IC50,100000.0,4.0,CHEMBL4321013
Artemisinin,CHEMBL269671,CHEMBL385,,K562,IC50,39030.0,4.41,CHEMBL4343211
Artemisinin,CHEMBL269671,CHEMBL390,,PC-3,IC50,39030.0,4.41,CHEMBL4343212
Artemisinin,CHEMBL269671,CHEMBL614069,,A-431,IC50,39030.0,4.41,CHEMBL4343213
Artemisinin,CHEMBL269671,CHEMBL400,,MDA-MB-231,IC50,39030.0,4.41,CHEMBL4343214
Artemisinin,CHEMBL269671,CHEMBL614561,,COLO 205,IC50,39030.0,4.41,CHEMBL4343215
Artemisinin,CHEMBL269671,CHEMBL392,,A549,IC50,39030.0,4.41,CHEMBL4343216
Artemisinin,CHEMBL269671,CHEMBL613831,,SMMC-7721,IC50,630.0,6.2,CHEMBL4738989
Artemisinin,CHEMBL269671,CHEMBL4296457,,L02,IC50,430.0,6.37,CHEMBL4738990
Artemisinin,CHEMBL269671,CHEMBL392,,A549,IC50,9850.0,5.01,CHEMBL5053848
Artemisinin,CHEMBL269671,CHEMBL395,,HepG2,IC50,4090.0,5.39,CHEMBL5053849
Artemisinin,CHEMBL269671,CHEMBL4296403,,BEAS-2B,IC50,7530.0,5.12,CHEMBL5053850
Artemisinin,CHEMBL269671,CHEMBL4296457,,L02,IC50,8250.0,5.08,CHEMBL5053851
Artemisinin,CHEMBL269671,CHEMBL614181,,MRC5,IC50,50300.0,4.3,CHEMBL5139170
Artemisinin,CHEMBL269671,CHEMBL400,,MDA-MB-231,IC50,50000.0,4.3,CHEMBL5245334
Artemisinin,CHEMBL269671,CHEMBL387,,MCF7,IC50,50000.0,4.3,CHEMBL5245350
Artemisinin,CHEMBL269671,CHEMBL392,,A549,IC50,50000.0,4.3,CHEMBL5245356
Artemisinin,CHEMBL269671,CHEMBL613895,,Ovarian cancer cell line,IC50,40000.0,4.4,CHEMBL5245365
Artemisinin,CHEMBL269671,CHEMBL613892,,Melanoma cell line,IC50,40000.0,4.4,CHEMBL5245366
Artemisinin,CHEMBL269671,CHEMBL385,,K562,IC50,39030.0,4.41,CHEMBL5245378
Artemisinin,CHEMBL269671,CHEMBL390,,PC-3,IC50,39030.0,4.41,CHEMBL5245379
Artemisinin,CHEMBL269671,CHEMBL614069,,A-431,IC50,39030.0,4.41,CHEMBL5245380
Artemisinin,CHEMBL269671,CHEMBL400,,MDA-MB-231,IC50,39030.0,4.41,CHEMBL5245381
Artemisinin,CHEMBL269671,CHEMBL614561,,COLO 205,IC50,39030.0,4.41,CHEMBL5245382
Artemisinin,CHEMBL269671,CHEMBL614818,,HEK293,IC50,39030.0,4.41,CHEMBL5245383
Artemisinin,CHEMBL269671,CHEMBL395,,HepG2,IC50,300000.0,3.52,CHEMBL5245399
Artemisinin,CHEMBL269671,CHEMBL392,,A549,IC50,300000.0,3.52,CHEMBL5245403
Artemisinin,CHEMBL269671,CHEMBL612263,,HCT-15,IC50,300000.0,3.52,CHEMBL5245404
Artemisinin,CHEMBL269671,CHEMBL614026,,Breast carcinoma cell,IC50,40000.0,4.4,CHEMBL5245405
Artemisinin,CHEMBL269671,CHEMBL613831,,SMMC-7721,IC50,440.0,6.36,CHEMBL5245420
Artemisinin,CHEMBL269671,CHEMBL613852,,CAKI-2,IC50,40000.0,4.4,CHEMBL5257582
Artemisinin,CHEMBL269671,CHEMBL383,,HL-60,IC50,40000.0,4.4,CHEMBL5257583
Artemisinin,CHEMBL269671,CHEMBL614072,,BT-549,IC50,40000.0,4.4,CHEMBL5257584
Artemisinin,CHEMBL269671,CHEMBL614181,,MRC5,IC50,25000.0,4.6,CHEMBL5337799
Artemisinin,CHEMBL269671,CHEMBL395,,HepG2,IC50,97000.0,4.01,CHEMBL5355837
Artemisinin,CHEMBL269671,CHEMBL399,,HeLa,IC50,493380.0,3.31,CHEMBL5355839
Artemisinin,CHEMBL269671,CHEMBL4411,Q9H7Z7,Prostaglandin E synthase 2,IC50,8800.0,5.06,CHEMBL5541512
Artemisinin,CHEMBL269671,CHEMBL394,,HCT-116,IC50,7200.0,5.14,CHEMBL5541513
Artemisinin,CHEMBL269671,CHEMBL4411,Q9H7Z7,Prostaglandin E synthase 2,IC50,10800.0,4.97,CHEMBL5541534
Artemisinin,CHEMBL269671,CHEMBL4411,Q9H7Z7,Prostaglandin E synthase 2,IC50,9900.0,5.0,CHEMBL5541535
Artemisinin,CHEMBL269671,CHEMBL4411,Q9H7Z7,Prostaglandin E synthase 2,IC50,10300.0,4.99,CHEMBL5541536
Artemisinin,CHEMBL269671,CHEMBL4411,Q9H7Z7,Prostaglandin E synthase 2,IC50,8800.0,5.06,CHEMBL5541537
Artemisinin,CHEMBL269671,CHEMBL4411,Q9H7Z7,Prostaglandin E synthase 2,Kd,530.0,6.28,CHEMBL5541554
Artemisinin,CHEMBL269671,CHEMBL4411,Q9H7Z7,Prostaglandin E synthase 2,IC50,8900.0,5.05,CHEMBL5541555
Axitinib (AG-013736),CHEMBL1289926,CHEMBL279,P35968,Vascular endothelial growth factor receptor 2,IC50,0.25,9.6,CHEMBL1292980
Axitinib (AG-013736),CHEMBL1289926,CHEMBL4224,P49759,Dual specificity protein kinase CLK1,Kd,10000.0,5.0,CHEMBL1908461
Axitinib (AG-013736),CHEMBL1289926,CHEMBL5608,Q16288,NT-3 growth factor receptor,Kd,10000.0,5.0,CHEMBL1908462
Axitinib (AG-013736),CHEMBL1289926,CHEMBL4674,P53778,Mitogen-activated protein kinase 12,Kd,10000.0,5.0,CHEMBL1908463
Axitinib (AG-013736),CHEMBL1289926,CHEMBL5331,Q12866,Tyrosine-protein kinase Mer,Kd,3200.0,5.49,CHEMBL1908464
Axitinib (AG-013736),CHEMBL1289926,CHEMBL5668,P78362,SRSF protein kinase 2,Kd,10000.0,5.0,CHEMBL1908465
Axitinib (AG-013736),CHEMBL1289926,CHEMBL3935,Q9UQB9,Aurora kinase C,Kd,1.3,8.89,CHEMBL1908466
Axitinib (AG-013736),CHEMBL1289926,CHEMBL2801,Q13557,Calcium/calmodulin-dependent protein kinase type II subunit delta,Kd,10000.0,5.0,CHEMBL1908467
Axitinib (AG-013736),CHEMBL1289926,CHEMBL5404,Q86UE8,Serine/threonine-protein kinase tousled-like 2,Kd,10000.0,5.0,CHEMBL1908468
Axitinib (AG-013736),CHEMBL1289926,CHEMBL2185,Q96GD4,Aurora kinase B,Kd,11.0,7.96,CHEMBL1908469
Axitinib (AG-013736),CHEMBL1289926,CHEMBL4045,Q13131,5'-AMP-activated protein kinase catalytic subunit alpha-1,Kd,10000.0,5.0,CHEMBL1908470
Axitinib (AG-013736),CHEMBL1289926,CHEMBL6149,Q9Y2K2,Serine/threonine-protein kinase SIK3,Kd,10000.0,5.0,CHEMBL1908471
Axitinib (AG-013736),CHEMBL1289926,CHEMBL3938,O75716,Serine/threonine-protein kinase 16,Kd,370.0,6.43,CHEMBL1908472
Axitinib (AG-013736),CHEMBL1289926,CHEMBL5790,Q00537,Cyclin-dependent kinase 17,Kd,10000.0,5.0,CHEMBL1908473
Axitinib (AG-013736),CHEMBL1289926,CHEMBL5122,Q16832,Discoidin domain-containing receptor 2,Kd,5300.0,5.28,CHEMBL1908474
Axitinib (AG-013736),CHEMBL1289926,CHEMBL5311,P37023,Activin receptor type-1-like,Kd,10000.0,5.0,CHEMBL1908475
Axitinib (AG-013736),CHEMBL1289926,CHEMBL5251,Q06187,Tyrosine-protein kinase BTK,Kd,10000.0,5.0,CHEMBL1908476
Axitinib (AG-013736),CHEMBL1289926,CHEMBL331,P11802,Cyclin-dependent kinase 4,Kd,10000.0,5.0,CHEMBL1908477
Axitinib (AG-013736),CHEMBL1289926,CHEMBL331,P11802,Cyclin-dependent kinase 4,Kd,10000.0,5.0,CHEMBL1908478
Axitinib (AG-013736),CHEMBL1289926,CHEMBL2742,P22607,Fibroblast growth factor receptor 3,Kd,210.0,6.68,CHEMBL1908479
Axitinib (AG-013736),CHEMBL1289926,CHEMBL2742,P22607,Fibroblast growth factor receptor 3,Kd,210.0,6.68,CHEMBL1908480
Axitinib (AG-013736),CHEMBL1289926,CHEMBL1981,P06213,Insulin receptor,Kd,10000.0,5.0,CHEMBL1908481
Axitinib (AG-013736),CHEMBL1289926,CHEMBL2148,P52333,Tyrosine-protein kinase JAK3,Kd,3100.0,5.51,CHEMBL1908482
Axitinib (AG-013736),CHEMBL1289926,CHEMBL1936,P10721,Mast/stem cell growth factor receptor Kit,Kd,3.2,8.49,CHEMBL1908483
Axitinib (AG-013736),CHEMBL1289926,CHEMBL1936,P10721,Mast/stem cell growth factor receptor Kit,Kd,1800.0,5.74,CHEMBL1908484
Axitinib (AG-013736),CHEMBL1289926,CHEMBL1936,P10721,Mast/stem cell growth factor receptor Kit,Kd,4200.0,5.38,CHEMBL1908485
Axitinib (AG-013736),CHEMBL1289926,CHEMBL1936,P10721,Mast/stem cell growth factor receptor Kit,Kd,1300.0,5.89,CHEMBL1908486
Axitinib (AG-013736),CHEMBL1289926,CHEMBL1936,P10721,Mast/stem cell growth factor receptor Kit,Kd,1.7,8.77,CHEMBL1908487
Axitinib (AG-013736),CHEMBL1289926,CHEMBL1936,P10721,Mast/stem cell growth factor receptor Kit,Kd,0.49,9.31,CHEMBL1908488
Axitinib (AG-013736),CHEMBL1289926,CHEMBL1936,P10721,Mast/stem cell growth factor receptor Kit,Kd,1.4,8.85,CHEMBL1908489
Axitinib (AG-013736),CHEMBL1289926,CHEMBL1936,P10721,Mast/stem cell growth factor receptor Kit,Kd,3.5,8.46,CHEMBL1908490
Axitinib (AG-013736),CHEMBL1289926,CHEMBL3717,P08581,Hepatocyte growth factor receptor,Kd,820.0,6.09,CHEMBL1908491
Axitinib (AG-013736),CHEMBL1289926,CHEMBL3717,P08581,Hepatocyte growth factor receptor,Kd,1100.0,5.96,CHEMBL1908492
Axitinib (AG-013736),CHEMBL1289926,CHEMBL3717,P08581,Hepatocyte growth factor receptor,Kd,990.0,6.0,CHEMBL1908493
Axitinib (AG-013736),CHEMBL1289926,CHEMBL2349,P15735,"Phosphorylase b kinase gamma catalytic chain, liver/testis isoform",Kd,10000.0,5.0,CHEMBL1908494
Axitinib (AG-013736),CHEMBL1289926,CHEMBL5606,Q15831,Serine/threonine-protein kinase STK11,Kd,10000.0,5.0,CHEMBL1908495
Axitinib (AG-013736),CHEMBL1289926,CHEMBL4128,Q02763,Angiopoietin-1 receptor,Kd,310.0,6.51,CHEMBL1908496
Axitinib (AG-013736),CHEMBL1289926,CHEMBL1957,P08069,Insulin-like growth factor 1 receptor,Kd,10000.0,5.0,CHEMBL1908497
Axitinib (AG-013736),CHEMBL1289926,CHEMBL1163127,Q6ZN16,Mitogen-activated protein kinase kinase kinase 15,Kd,10000.0,5.0,CHEMBL1908498
Axitinib (AG-013736),CHEMBL1289926,CHEMBL5407,Q86V86,Serine/threonine-protein kinase pim-3,Kd,10000.0,5.0,CHEMBL1908499
Axitinib (AG-013736),CHEMBL1289926,CHEMBL2527,O96017,Serine/threonine-protein kinase Chk2,Kd,10000.0,5.0,CHEMBL1908500
Axitinib (AG-013736),CHEMBL1289926,CHEMBL1824,P04626,Receptor tyrosine-protein kinase erbB-2,Kd,10000.0,5.0,CHEMBL1908501
Axitinib (AG-013736),CHEMBL1289926,CHEMBL3906,Q15349,Ribosomal protein S6 kinase alpha-2,Kd,10000.0,5.0,CHEMBL1908502
Axitinib (AG-013736),CHEMBL1289926,CHEMBL3125,O75676,Ribosomal protein S6 kinase alpha-4,Kd,10000.0,5.0,CHEMBL1908503
Axitinib (AG-013736),CHEMBL1289926,CHEMBL4599,Q07912,Activated CDC42 kinase 1,Kd,6000.0,5.22,CHEMBL1908504
Axitinib (AG-013736),CHEMBL1289926,CHEMBL2815,P04629,High affinity nerve growth factor receptor,Kd,1800.0,5.74,CHEMBL1908505
Axitinib (AG-013736),CHEMBL1289926,CHEMBL5426,Q86YV6,Myosin light chain kinase family member 4,Kd,10000.0,5.0,CHEMBL1908506
Axitinib (AG-013736),CHEMBL1289926,CHEMBL5358,Q9P2K8,eIF-2-alpha kinase GCN2,Kd,10000.0,5.0,CHEMBL1908507
Axitinib (AG-013736),CHEMBL1289926,CHEMBL4482,O96013,Serine/threonine-protein kinase PAK 4,Kd,4500.0,5.35,CHEMBL1908508
Axitinib (AG-013736),CHEMBL1289926,CHEMBL1163129,Q52WX2,Serine/threonine-protein kinase SBK1,Kd,10000.0,5.0,CHEMBL1908509
Axitinib (AG-013736),CHEMBL1289926,CHEMBL5518,Q8N4C8,Misshapen-like kinase 1,Kd,560.0,6.25,CHEMBL1908510
Axitinib (AG-013736),CHEMBL1289926,CHEMBL5519,Q8N568,Serine/threonine-protein kinase DCLK2,Kd,10000.0,5.0,CHEMBL1908511
Axitinib (AG-013736),CHEMBL1289926,CHEMBL3009,Q15303,Receptor tyrosine-protein kinase erbB-4,Kd,10000.0,5.0,CHEMBL1908512
Axitinib (AG-013736),CHEMBL1289926,CHEMBL5749,Q92918,Mitogen-activated protein kinase kinase kinase kinase 1,Kd,330.0,6.48,CHEMBL1908513
Axitinib (AG-013736),CHEMBL1289926,CHEMBL4526,Q9UF33,Ephrin type-A receptor 6,Kd,10000.0,5.0,CHEMBL1908445
Axitinib (AG-013736),CHEMBL1289926,CHEMBL5654,Q8WXR4,Myosin-IIIb,Kd,10000.0,5.0,CHEMBL1908514
Axitinib (AG-013736),CHEMBL1289926,CHEMBL5047,Q6PHR2,Serine/threonine-protein kinase ULK3,Kd,670.0,6.17,CHEMBL1908515
Axitinib (AG-013736),CHEMBL1289926,CHEMBL5903,Q04771,Activin receptor type-1,Kd,10000.0,5.0,CHEMBL1908516
Axitinib (AG-013736),CHEMBL1289926,CHEMBL5466,Q13705,Activin receptor type-2B,Kd,5200.0,5.28,CHEMBL1908517
Axitinib (AG-013736),CHEMBL1289926,CHEMBL6150,Q8WU08,Serine/threonine-protein kinase 32A,Kd,10000.0,5.0,CHEMBL1908518
Axitinib (AG-013736),CHEMBL1289926,CHEMBL1163117,Q8IVW4,Cyclin-dependent kinase-like 3,Kd,10000.0,5.0,CHEMBL1908519
Axitinib (AG-013736),CHEMBL1289926,CHEMBL4718,Q9BUB5,MAP kinase-interacting serine/threonine-protein kinase 1,Kd,10000.0,5.0,CHEMBL1908520
Axitinib (AG-013736),CHEMBL1289926,CHEMBL5969,Q99755,Phosphatidylinositol 4-phosphate 5-kinase type-1 alpha,Kd,10000.0,5.0,CHEMBL1908521
Axitinib (AG-013736),CHEMBL1289926,CHEMBL5476,O00238,Bone morphogenetic protein receptor type-1B,Kd,2900.0,5.54,CHEMBL1908522
Axitinib (AG-013736),CHEMBL1289926,CHEMBL5467,Q13873,Bone morphogenetic protein receptor type-2,Kd,10000.0,5.0,CHEMBL1908523
Axitinib (AG-013736),CHEMBL1289926,CHEMBL4121,Q13554,Calcium/calmodulin-dependent protein kinase type II subunit beta,Kd,10000.0,5.0,CHEMBL1908524
Axitinib (AG-013736),CHEMBL1289926,CHEMBL4442,Q00526,Cyclin-dependent kinase 3,Kd,10000.0,5.0,CHEMBL1908525
Axitinib (AG-013736),CHEMBL1289926,CHEMBL5719,P49336,Cyclin-dependent kinase 8,Kd,10000.0,5.0,CHEMBL1908526
Axitinib (AG-013736),CHEMBL1289926,CHEMBL3116,P50750,Cyclin-dependent kinase 9,Kd,10000.0,5.0,CHEMBL1908527
Axitinib (AG-013736),CHEMBL1289926,CHEMBL4630,O14757,Serine/threonine-protein kinase Chk1,Kd,10000.0,5.0,CHEMBL1908528
Axitinib (AG-013736),CHEMBL1289926,CHEMBL3476,O15111,Inhibitor of nuclear factor kappa-B kinase subunit alpha,Kd,10000.0,5.0,CHEMBL1908529
Axitinib (AG-013736),CHEMBL1289926,CHEMBL2543,P78368,Casein kinase I isoform gamma-2,Kd,10000.0,5.0,CHEMBL1908530
Axitinib (AG-013736),CHEMBL1289926,CHEMBL2468,O43293,Death-associated protein kinase 3,Kd,10000.0,5.0,CHEMBL1908531
Axitinib (AG-013736),CHEMBL1289926,CHEMBL1163101,O75460,Serine/threonine-protein kinase/endoribonuclease IRE1,Kd,10000.0,5.0,CHEMBL1908532
Axitinib (AG-013736),CHEMBL1289926,CHEMBL1991,O14920,Inhibitor of nuclear factor kappa-B kinase subunit beta,Kd,10000.0,5.0,CHEMBL1908533
Axitinib (AG-013736),CHEMBL1289926,CHEMBL3357,P51617,Interleukin-1 receptor-associated kinase 1,Kd,3100.0,5.51,CHEMBL1908534
Axitinib (AG-013736),CHEMBL1289926,CHEMBL5616,P27037,Activin receptor type-2A,Kd,10000.0,5.0,CHEMBL1908535
Axitinib (AG-013736),CHEMBL1289926,CHEMBL2431,P31751,RAC-beta serine/threonine-protein kinase,Kd,10000.0,5.0,CHEMBL1908536
Axitinib (AG-013736),CHEMBL1289926,CHEMBL4895,P30530,Tyrosine-protein kinase receptor UFO,Kd,420.0,6.38,CHEMBL1908537
Axitinib (AG-013736),CHEMBL1289926,CHEMBL2250,P51451,Tyrosine-protein kinase Blk,Kd,3100.0,5.51,CHEMBL1908538
Axitinib (AG-013736),CHEMBL1289926,CHEMBL3834,P51813,Cytoplasmic tyrosine-protein kinase BMX,Kd,10000.0,5.0,CHEMBL1908539
Axitinib (AG-013736),CHEMBL1289926,CHEMBL2494,Q16566,Calcium/calmodulin-dependent protein kinase type IV,Kd,10000.0,5.0,CHEMBL1908540
Axitinib (AG-013736),CHEMBL1289926,CHEMBL301,P24941,Cyclin-dependent kinase 2,Kd,10000.0,5.0,CHEMBL1908541
Axitinib (AG-013736),CHEMBL1289926,CHEMBL3055,P50613,Cyclin-dependent kinase 7,Kd,10000.0,5.0,CHEMBL1908542
Axitinib (AG-013736),CHEMBL1289926,CHEMBL2793,P48729,Casein kinase I isoform alpha,Kd,10000.0,5.0,CHEMBL1908543
Axitinib (AG-013736),CHEMBL1289926,CHEMBL4937,P49674,Casein kinase I isoform epsilon,Kd,10000.0,5.0,CHEMBL1908544
Axitinib (AG-013736),CHEMBL1289926,CHEMBL3629,P68400,Casein kinase II subunit alpha,Kd,10000.0,5.0,CHEMBL1908545
Axitinib (AG-013736),CHEMBL1289926,CHEMBL4070,P19784,Casein kinase II subunit alpha',Kd,2800.0,5.55,CHEMBL1908546
Axitinib (AG-013736),CHEMBL1289926,CHEMBL5319,Q08345,Epithelial discoidin domain-containing receptor 1,Kd,340.0,6.47,CHEMBL1908547
Axitinib (AG-013736),CHEMBL1289926,CHEMBL5838,P21860,Receptor tyrosine-protein kinase erbB-3,Kd,10000.0,5.0,CHEMBL1908548
Axitinib (AG-013736),CHEMBL1289926,CHEMBL5455,P07332,Tyrosine-protein kinase Fes/Fps,Kd,10000.0,5.0,CHEMBL1908549
Axitinib (AG-013736),CHEMBL1289926,CHEMBL1868,P17948,Vascular endothelial growth factor receptor 1,Kd,5.8,8.24,CHEMBL1908550
Axitinib (AG-013736),CHEMBL1289926,CHEMBL1955,P35916,Vascular endothelial growth factor receptor 3,Kd,170.0,6.77,CHEMBL1908551
Axitinib (AG-013736),CHEMBL1289926,CHEMBL4223,P42685,Tyrosine-protein kinase FRK,Kd,10000.0,5.0,CHEMBL1908552
Axitinib (AG-013736),CHEMBL1289926,CHEMBL262,P49841,Glycogen synthase kinase-3 beta,Kd,10000.0,5.0,CHEMBL1908553
Axitinib (AG-013736),CHEMBL1289926,CHEMBL3234,P08631,Tyrosine-protein kinase HCK,Kd,10000.0,5.0,CHEMBL1908554
Axitinib (AG-013736),CHEMBL1289926,CHEMBL2835,P23458,Tyrosine-protein kinase JAK1,Kd,10000.0,5.0,CHEMBL1908555
Axitinib (AG-013736),CHEMBL1289926,CHEMBL2835,P23458,Tyrosine-protein kinase JAK1,Kd,10000.0,5.0,CHEMBL1908556
Axitinib (AG-013736),CHEMBL1289926,CHEMBL279,P35968,Vascular endothelial growth factor receptor 2,Kd,5.9,8.23,CHEMBL1908557
Axitinib (AG-013736),CHEMBL1289926,CHEMBL3836,P53667,LIM domain kinase 1,Kd,10000.0,5.0,CHEMBL1908558
BEZ235,CHEMBL1879463,CHEMBL4247,Q9UM73,ALK tyrosine kinase receptor,Ki,794.33,6.1,CHEMBL1963704
BEZ235,CHEMBL1879463,CHEMBL4147,Q9UQM7,Calcium/calmodulin-dependent protein kinase type II subunit alpha,Ki,6309.57,5.2,CHEMBL1964111
BEZ235,CHEMBL1879463,CHEMBL3587,Q02750,Dual specificity mitogen-activated protein kinase kinase 1,Ki,1995.26,5.7,CHEMBL1963692
BEZ235,CHEMBL1879463,CHEMBL5408,Q9UHD2,Serine/threonine-protein kinase TBK1,Ki,3162.28,5.5,CHEMBL1963698
BEZ235,CHEMBL1879463,CHEMBL2689,Q04912,Macrophage-stimulating protein receptor,Ki,2511.89,5.6,CHEMBL1964103
BEZ235,CHEMBL1879463,CHEMBL1844,P07333,Macrophage colony-stimulating factor 1 receptor,Ki,316.23,6.5,CHEMBL1964104
BEZ235,CHEMBL1879463,CHEMBL3920,Q04759,Protein kinase C theta type,Ki,1584.89,5.8,CHEMBL1963687
BEZ235,CHEMBL1879463,CHEMBL2971,O60674,Tyrosine-protein kinase JAK2,Ki,1584.89,5.8,CHEMBL1963693
BEZ235,CHEMBL1879463,CHEMBL5314,Q06418,Tyrosine-protein kinase receptor TYRO3,Ki,1995.26,5.7,CHEMBL1963714
BEZ235,CHEMBL1879463,CHEMBL5608,Q16288,NT-3 growth factor receptor,Ki,3162.28,5.5,CHEMBL1963688
BEZ235,CHEMBL1879463,CHEMBL5627,P29376,Leukocyte tyrosine kinase receptor,Ki,316.23,6.5,CHEMBL1964115
BEZ235,CHEMBL1879463,CHEMBL4045,Q13131,5'-AMP-activated protein kinase catalytic subunit alpha-1,Ki,3162.28,5.5,CHEMBL1963701
BEZ235,CHEMBL1879463,CHEMBL2041,P07949,Proto-oncogene tyrosine-protein kinase receptor Ret,Ki,2511.89,5.6,CHEMBL1963706
BEZ235,CHEMBL1879463,CHEMBL2345,P51812,Ribosomal protein S6 kinase alpha-3,Ki,3162.28,5.5,CHEMBL1963690
BEZ235,CHEMBL1879463,CHEMBL2964,P36507,Dual specificity mitogen-activated protein kinase kinase 2,Ki,2511.89,5.6,CHEMBL1964106
BEZ235,CHEMBL1879463,CHEMBL260,Q16539,Mitogen-activated protein kinase 14,Ki,3981.07,5.4,CHEMBL1964117
BEZ235,CHEMBL1879463,CHEMBL6166,O95819,Mitogen-activated protein kinase kinase kinase kinase 4,Ki,3981.07,5.4,CHEMBL1964101
BEZ235,CHEMBL1879463,CHEMBL2292,Q13627,Dual specificity tyrosine-phosphorylation-regulated kinase 1A,Ki,1584.89,5.8,CHEMBL1964107
BEZ235,CHEMBL1879463,CHEMBL4225,P49760,Dual specificity protein kinase CLK2,Ki,3981.07,5.4,CHEMBL1963691
BEZ235,CHEMBL1879463,CHEMBL3529,Q14164,Inhibitor of nuclear factor kappa-B kinase subunit epsilon,Ki,3162.28,5.5,CHEMBL1964108
BEZ235,CHEMBL1879463,CHEMBL5543,Q9Y463,Dual specificity tyrosine-phosphorylation-regulated kinase 1B,Ki,2511.89,5.6,CHEMBL1963799
BEZ235,CHEMBL1879463,CHEMBL4722,O14965,Aurora kinase A,Ki,1584.89,5.8,CHEMBL1963727
BEZ235,CHEMBL1879463,CHEMBL1936,P10721,Mast/stem cell growth factor receptor Kit,Ki,3981.07,5.4,CHEMBL1963734
BEZ235,CHEMBL1879463,CHEMBL5818,P51817,cAMP-dependent protein kinase catalytic subunit PRKX,Ki,3162.28,5.5,CHEMBL1963800
BEZ235,CHEMBL1879463,CHEMBL258,P06239,Tyrosine-protein kinase Lck,Ki,6309.57,5.2,CHEMBL1963718
BEZ235,CHEMBL1879463,CHEMBL5261,Q7L7X3,Serine/threonine-protein kinase TAO1,Ki,6309.57,5.2,CHEMBL1963750
BEZ235,CHEMBL1879463,CHEMBL2815,P04629,High affinity nerve growth factor receptor,Ki,2511.89,5.6,CHEMBL1963757
BEZ235,CHEMBL1879463,CHEMBL4599,Q07912,Activated CDC42 kinase 1,Ki,3981.07,5.4,CHEMBL1963777
BEZ235,CHEMBL1879463,CHEMBL5678,P34947,G protein-coupled receptor kinase 5,Ki,3981.07,5.4,CHEMBL1963789
BEZ235,CHEMBL1879463,CHEMBL3650,P11362,Fibroblast growth factor receptor 1,Ki,3981.07,5.4,CHEMBL1963740
BEZ235,CHEMBL1879463,CHEMBL2850,P49840,Glycogen synthase kinase-3 alpha,Ki,3981.07,5.4,CHEMBL1963771
BEZ235,CHEMBL1879463,CHEMBL1913,P09619,Platelet-derived growth factor receptor beta,Ki,1584.89,5.8,CHEMBL1963778
BEZ235,CHEMBL1879463,CHEMBL2695,Q05397,Focal adhesion kinase 1,Ki,6309.57,5.2,CHEMBL1963801
BEZ235,CHEMBL1879463,CHEMBL2185,Q96GD4,Aurora kinase B,Ki,1995.26,5.7,CHEMBL1963807
BEZ235,CHEMBL1879463,CHEMBL4036,Q00535,Cyclin-dependent kinase 5,Ki,1995.26,5.7,CHEMBL1963790
BEZ235,CHEMBL1879463,CHEMBL2468,O43293,Death-associated protein kinase 3,Ki,5011.87,5.3,CHEMBL1963719
BEZ235,CHEMBL1879463,CHEMBL4179,P45984,Mitogen-activated protein kinase 9,Ki,3981.07,5.4,CHEMBL1963746
BEZ235,CHEMBL1879463,CHEMBL1974,P36888,Receptor-type tyrosine-protein kinase FLT3,Ki,2511.89,5.6,CHEMBL1963779
BEZ235,CHEMBL1879463,CHEMBL1862,P00519,Tyrosine-protein kinase ABL1,Ki,2511.89,5.6,CHEMBL1963785
BEZ235,CHEMBL1879463,CHEMBL4482,O96013,Serine/threonine-protein kinase PAK 4,Ki,5011.87,5.3,CHEMBL1963736
BEZ235,CHEMBL1879463,CHEMBL2276,P45983,Mitogen-activated protein kinase 8,Ki,3162.28,5.5,CHEMBL1963725
BEZ235,CHEMBL1879463,CHEMBL2793,P48729,Casein kinase I isoform alpha,Ki,3981.07,5.4,CHEMBL1963741
BEZ235,CHEMBL1879463,CHEMBL5330,Q12851,Mitogen-activated protein kinase kinase kinase kinase 2,Ki,50.12,7.3,CHEMBL1963772
BEZ235,CHEMBL1879463,CHEMBL2595,O94806,Serine/threonine-protein kinase D3,Ki,3981.07,5.4,CHEMBL1963715
BEZ235,CHEMBL1879463,CHEMBL2147,P11309,Serine/threonine-protein kinase pim-1,Ki,3162.28,5.5,CHEMBL1963726
BEZ235,CHEMBL1879463,CHEMBL2148,P52333,Tyrosine-protein kinase JAK3,Ki,3981.07,5.4,CHEMBL1963742
BEZ235,CHEMBL1879463,CHEMBL3032,Q16513,Serine/threonine-protein kinase N2,Ki,5011.87,5.3,CHEMBL1963748
BEZ235,CHEMBL1879463,CHEMBL1957,P08069,Insulin-like growth factor 1 receptor,Ki,2511.89,5.6,CHEMBL1963792
BEZ235,CHEMBL1879463,CHEMBL5903,Q04771,Activin receptor type-1,Ki,1258.93,5.9,CHEMBL1963721
BEZ235,CHEMBL1879463,CHEMBL5251,Q06187,Tyrosine-protein kinase BTK,Ki,6309.57,5.2,CHEMBL1963733
BEZ235,CHEMBL1879463,CHEMBL3717,P08581,Hepatocyte growth factor receptor,Ki,794.33,6.1,CHEMBL1963775
BEZ235,CHEMBL1879463,CHEMBL2007,P16234,Platelet-derived growth factor receptor alpha,Ki,2511.89,5.6,CHEMBL1963805
BEZ235,CHEMBL1879463,CHEMBL3836,P53667,LIM domain kinase 1,Ki,794.33,6.1,CHEMBL1963749
BEZ235,CHEMBL1879463,CHEMBL4630,O14757,Serine/threonine-protein kinase Chk1,Ki,50.12,7.3,CHEMBL1963782
BEZ235,CHEMBL1879463,CHEMBL279,P35968,Vascular endothelial growth factor receptor 2,Ki,1995.26,5.7,CHEMBL1963788
BEZ235,CHEMBL1879463,CHEMBL1075104,Q5S007,Leucine-rich repeat serine/threonine-protein kinase 2,Ki,1000.0,6.0,CHEMBL1963806
BEZ235,CHEMBL1879463,CHEMBL262,P49841,Glycogen synthase kinase-3 beta,Ki,3162.28,5.5,CHEMBL1963830
BEZ235,CHEMBL1879463,CHEMBL5719,P49336,Cyclin-dependent kinase 8,Ki,3162.28,5.5,CHEMBL1963824
BEZ235,CHEMBL1879463,CHEMBL4101,P17612,cAMP-dependent protein kinase catalytic subunit alpha,Ki,1258.93,5.9,CHEMBL1963835
BEZ235,CHEMBL1879463,CHEMBL3231,Q13464,Rho-associated protein kinase 1,Ki,3981.07,5.4,CHEMBL1963814
BEZ235,CHEMBL1879463,CHEMBL3055,P50613,Cyclin-dependent kinase 7,Ki,501.19,6.3,CHEMBL1963825
BEZ235,CHEMBL1879463,CHEMBL1868,P17948,Vascular endothelial growth factor receptor 1,Ki,3162.28,5.5,CHEMBL1963826
BEZ235,CHEMBL1879463,CHEMBL3116,P50750,Cyclin-dependent kinase 9,Ki,1000.0,6.0,CHEMBL1963831
BEZ235,CHEMBL1879463,CHEMBL4898,Q16620,BDNF/NT-3 growth factors receptor,Ki,3981.07,5.4,CHEMBL1963832
BEZ235,CHEMBL1879463,CHEMBL4203,Q9HAZ1,Dual specificity protein kinase CLK4,Ki,31.62,7.5,CHEMBL1963837
BEZ235,CHEMBL1879463,CHEMBL4852,Q9Y4K4,Mitogen-activated protein kinase kinase kinase kinase 5,Ki,501.19,6.3,CHEMBL1963810
BEZ235,CHEMBL1879463,CHEMBL1841,P06241,Tyrosine-protein kinase Fyn,Ki,6309.57,5.2,CHEMBL1963817
BEZ235,CHEMBL1879463,CHEMBL5073,Q8IU85,Calcium/calmodulin-dependent protein kinase type 1D,Ki,1995.26,5.7,CHEMBL1963811
BEZ235,CHEMBL1879463,CHEMBL3835,P51955,Serine/threonine-protein kinase Nek2,Ki,1995.26,5.7,CHEMBL1963823
BEZ235,CHEMBL1879463,CHEMBL3267,P48736,"Phosphatidylinositol 4,5-bisphosphate 3-kinase catalytic subunit gamma isoform",IC50,10.0,8.0,CHEMBL2173155
BEZ235,CHEMBL1879463,CHEMBL3130,O00329,"Phosphatidylinositol 4,5-bisphosphate 3-kinase catalytic subunit delta isoform",IC50,10.0,8.0,CHEMBL2173156
BEZ235,CHEMBL1879463,CHEMBL3145,P42338,"Phosphatidylinositol 4,5-bisphosphate 3-kinase catalytic subunit beta isoform",IC50,10.0,8.0,CHEMBL2173157
BEZ235,CHEMBL1879463,CHEMBL4005,P42336,"Phosphatidylinositol 4,5-bisphosphate 3-kinase catalytic subunit alpha isoform",IC50,10.0,8.0,CHEMBL2173152
BEZ235,CHEMBL1879463,CHEMBL2842,P42345,Serine/threonine-protein kinase mTOR,IC50,10.0,8.0,CHEMBL2173150
BEZ235,CHEMBL1879463,CHEMBL2366181,,DOHH-2,IC50,46.37,7.33,CHEMBL2363185
BEZ235,CHEMBL1879463,CHEMBL1075435,,DOK,IC50,56.02,7.25,CHEMBL2363186
BEZ235,CHEMBL1879463,CHEMBL2366079,,DSH1,IC50,406.91,6.39,CHEMBL2363187
BEZ235,CHEMBL1879463,CHEMBL2366246,,DU-4475,IC50,9.438,8.03,CHEMBL2363189
BEZ235,CHEMBL1879463,CHEMBL612519,,Daoy,IC50,36.7,7.44,CHEMBL2363191
BEZ235,CHEMBL1879463,CHEMBL613508,,DU-145,IC50,14505.18,4.84,CHEMBL2363188
BEZ235,CHEMBL1879463,CHEMBL614487,,EKVX,IC50,100.6,7.0,CHEMBL2363207
BEZ235,CHEMBL1879463,CHEMBL2366281,,EM-2,IC50,54.4,7.26,CHEMBL2363208
BEZ235,CHEMBL1879463,CHEMBL1075443,,EPLC-272H,IC50,44.39,7.35,CHEMBL2363209
BEZ235,CHEMBL1879463,CHEMBL2366118,,ES4,IC50,21.08,7.68,CHEMBL2363212
BEZ235,CHEMBL1879463,CHEMBL2366312,,ES5,IC50,14.74,7.83,CHEMBL2363213
BEZ235,CHEMBL1879463,CHEMBL2366146,,ES1,IC50,28.84,7.54,CHEMBL2363210
BEZ235,CHEMBL1879463,CHEMBL2366135,,ES3,IC50,25.22,7.6,CHEMBL2363211
BEZ235,CHEMBL1879463,CHEMBL1075432,,Detroit 562,IC50,102.17,6.99,CHEMBL2363193
BEZ235,CHEMBL1879463,CHEMBL1075436,,DoTc2-4510,IC50,1073.76,5.97,CHEMBL2363194
BEZ235,CHEMBL1879463,CHEMBL2366117,,ECC10,IC50,31.95,7.5,CHEMBL2363198
BEZ235,CHEMBL1879463,CHEMBL1075439,,EFM-19,IC50,67.5,7.17,CHEMBL2363202
BEZ235,CHEMBL1879463,CHEMBL1075440,,EFO-21,IC50,287.68,6.54,CHEMBL2363203
BEZ235,CHEMBL1879463,CHEMBL1075441,,EFO-27,IC50,24.33,7.61,CHEMBL2363204
BEZ235,CHEMBL1879463,CHEMBL1075442,,EGI-1,IC50,16.43,7.78,CHEMBL2363205
BEZ235,CHEMBL1879463,CHEMBL614516,,A498,IC50,75.15,7.12,CHEMBL2363731
BEZ235,CHEMBL1879463,CHEMBL392,,A549,IC50,10.14,7.99,CHEMBL2363732
BEZ235,CHEMBL1879463,CHEMBL614530,,BXPC-3,IC50,81.46,7.09,CHEMBL2363768
BEZ235,CHEMBL1879463,CHEMBL2366313,,C-33-A,IC50,135.97,6.87,CHEMBL2363769
BEZ235,CHEMBL1879463,CHEMBL1075428,,COLO-741,IC50,1497.71,5.82,CHEMBL2363138
BEZ235,CHEMBL1879463,CHEMBL1075429,,COLO-792,IC50,354.42,6.45,CHEMBL2363139
BI-2536,CHEMBL513909,CHEMBL3024,P53350,Serine/threonine-protein kinase PLK1,IC50,0.8,9.1,CHEMBL985261
BI-2536,CHEMBL513909,CHEMBL4224,P49759,Dual specificity protein kinase CLK1,Kd,940.0,6.03,CHEMBL1908461
BI-2536,CHEMBL513909,CHEMBL5608,Q16288,NT-3 growth factor receptor,Kd,10000.0,5.0,CHEMBL1908462
BI-2536,CHEMBL513909,CHEMBL4674,P53778,Mitogen-activated protein kinase 12,Kd,10000.0,5.0,CHEMBL1908463
BI-2536,CHEMBL513909,CHEMBL5331,Q12866,Tyrosine-protein kinase Mer,Kd,3100.0,5.51,CHEMBL1908464
BI-2536,CHEMBL513909,CHEMBL5668,P78362,SRSF protein kinase 2,Kd,10000.0,5.0,CHEMBL1908465
BI-2536,CHEMBL513909,CHEMBL3935,Q9UQB9,Aurora kinase C,Kd,10000.0,5.0,CHEMBL1908466
BI-2536,CHEMBL513909,CHEMBL2801,Q13557,Calcium/calmodulin-dependent protein kinase type II subunit delta,Kd,2400.0,5.62,CHEMBL1908467
BI-2536,CHEMBL513909,CHEMBL5404,Q86UE8,Serine/threonine-protein kinase tousled-like 2,Kd,10000.0,5.0,CHEMBL1908468
BI-2536,CHEMBL513909,CHEMBL2185,Q96GD4,Aurora kinase B,Kd,10000.0,5.0,CHEMBL1908469
BI-2536,CHEMBL513909,CHEMBL4045,Q13131,5'-AMP-activated protein kinase catalytic subunit alpha-1,Kd,10000.0,5.0,CHEMBL1908470
BI-2536,CHEMBL513909,CHEMBL6149,Q9Y2K2,Serine/threonine-protein kinase SIK3,Kd,10000.0,5.0,CHEMBL1908471
BI-2536,CHEMBL513909,CHEMBL3938,O75716,Serine/threonine-protein kinase 16,Kd,1100.0,5.96,CHEMBL1908472
BI-2536,CHEMBL513909,CHEMBL5790,Q00537,Cyclin-dependent kinase 17,Kd,10000.0,5.0,CHEMBL1908473
BI-2536,CHEMBL513909,CHEMBL5122,Q16832,Discoidin domain-containing receptor 2,Kd,10000.0,5.0,CHEMBL1908474
BI-2536,CHEMBL513909,CHEMBL5311,P37023,Activin receptor type-1-like,Kd,10000.0,5.0,CHEMBL1908475
BI-2536,CHEMBL513909,CHEMBL5251,Q06187,Tyrosine-protein kinase BTK,Kd,10000.0,5.0,CHEMBL1908476
BI-2536,CHEMBL513909,CHEMBL331,P11802,Cyclin-dependent kinase 4,Kd,10000.0,5.0,CHEMBL1908477
BI-2536,CHEMBL513909,CHEMBL331,P11802,Cyclin-dependent kinase 4,Kd,1900.0,5.72,CHEMBL1908478
BI-2536,CHEMBL513909,CHEMBL2742,P22607,Fibroblast growth factor receptor 3,Kd,10000.0,5.0,CHEMBL1908479
BI-2536,CHEMBL513909,CHEMBL2742,P22607,Fibroblast growth factor receptor 3,Kd,10000.0,5.0,CHEMBL1908480
BI-2536,CHEMBL513909,CHEMBL1981,P06213,Insulin receptor,Kd,10000.0,5.0,CHEMBL1908481
BI-2536,CHEMBL513909,CHEMBL2148,P52333,Tyrosine-protein kinase JAK3,Kd,10000.0,5.0,CHEMBL1908482
BI-2536,CHEMBL513909,CHEMBL1936,P10721,Mast/stem cell growth factor receptor Kit,Kd,10000.0,5.0,CHEMBL1908483
BI-2536,CHEMBL513909,CHEMBL1936,P10721,Mast/stem cell growth factor receptor Kit,Kd,10000.0,5.0,CHEMBL1908484
BI-2536,CHEMBL513909,CHEMBL1936,P10721,Mast/stem cell growth factor receptor Kit,Kd,10000.0,5.0,CHEMBL1908485
BI-2536,CHEMBL513909,CHEMBL1936,P10721,Mast/stem cell growth factor receptor Kit,Kd,10000.0,5.0,CHEMBL1908486
BI-2536,CHEMBL513909,CHEMBL1936,P10721,Mast/stem cell growth factor receptor Kit,Kd,10000.0,5.0,CHEMBL1908487
BI-2536,CHEMBL513909,CHEMBL1936,P10721,Mast/stem cell growth factor receptor Kit,Kd,10000.0,5.0,CHEMBL1908488
BI-2536,CHEMBL513909,CHEMBL1936,P10721,Mast/stem cell growth factor receptor Kit,Kd,10000.0,5.0,CHEMBL1908489
BI-2536,CHEMBL513909,CHEMBL1936,P10721,Mast/stem cell growth factor receptor Kit,Kd,10000.0,5.0,CHEMBL1908490
BI-2536,CHEMBL513909,CHEMBL3717,P08581,Hepatocyte growth factor receptor,Kd,2400.0,5.62,CHEMBL1908491
BI-2536,CHEMBL513909,CHEMBL3717,P08581,Hepatocyte growth factor receptor,Kd,10000.0,5.0,CHEMBL1908492
BI-2536,CHEMBL513909,CHEMBL3717,P08581,Hepatocyte growth factor receptor,Kd,10000.0,5.0,CHEMBL1908493
BI-2536,CHEMBL513909,CHEMBL2349,P15735,"Phosphorylase b kinase gamma catalytic chain, liver/testis isoform",Kd,1600.0,5.8,CHEMBL1908494
BI-2536,CHEMBL513909,CHEMBL5606,Q15831,Serine/threonine-protein kinase STK11,Kd,10000.0,5.0,CHEMBL1908495
BI-2536,CHEMBL513909,CHEMBL4128,Q02763,Angiopoietin-1 receptor,Kd,10000.0,5.0,CHEMBL1908496
BI-2536,CHEMBL513909,CHEMBL1957,P08069,Insulin-like growth factor 1 receptor,Kd,10000.0,5.0,CHEMBL1908497
BI-2536,CHEMBL513909,CHEMBL1163127,Q6ZN16,Mitogen-activated protein kinase kinase kinase 15,Kd,10000.0,5.0,CHEMBL1908498
BI-2536,CHEMBL513909,CHEMBL5407,Q86V86,Serine/threonine-protein kinase pim-3,Kd,10000.0,5.0,CHEMBL1908499
BI-2536,CHEMBL513909,CHEMBL2527,O96017,Serine/threonine-protein kinase Chk2,Kd,7700.0,5.11,CHEMBL1908500
BI-2536,CHEMBL513909,CHEMBL1824,P04626,Receptor tyrosine-protein kinase erbB-2,Kd,10000.0,5.0,CHEMBL1908501
BI-2536,CHEMBL513909,CHEMBL3906,Q15349,Ribosomal protein S6 kinase alpha-2,Kd,700.0,6.15,CHEMBL1908502
BI-2536,CHEMBL513909,CHEMBL3125,O75676,Ribosomal protein S6 kinase alpha-4,Kd,10000.0,5.0,CHEMBL1908503
BI-2536,CHEMBL513909,CHEMBL4599,Q07912,Activated CDC42 kinase 1,Kd,10000.0,5.0,CHEMBL1908504
BI-2536,CHEMBL513909,CHEMBL2815,P04629,High affinity nerve growth factor receptor,Kd,10000.0,5.0,CHEMBL1908505
BI-2536,CHEMBL513909,CHEMBL5426,Q86YV6,Myosin light chain kinase family member 4,Kd,10000.0,5.0,CHEMBL1908506
BI-2536,CHEMBL513909,CHEMBL5358,Q9P2K8,eIF-2-alpha kinase GCN2,Kd,10000.0,5.0,CHEMBL1908507
BI-2536,CHEMBL513909,CHEMBL4482,O96013,Serine/threonine-protein kinase PAK 4,Kd,10000.0,5.0,CHEMBL1908508
BI-2536,CHEMBL513909,CHEMBL1163129,Q52WX2,Serine/threonine-protein kinase SBK1,Kd,10000.0,5.0,CHEMBL1908509
BI-2536,CHEMBL513909,CHEMBL5518,Q8N4C8,Misshapen-like kinase 1,Kd,1600.0,5.8,CHEMBL1908510
BI-2536,CHEMBL513909,CHEMBL5519,Q8N568,Serine/threonine-protein kinase DCLK2,Kd,10000.0,5.0,CHEMBL1908511
BI-2536,CHEMBL513909,CHEMBL3009,Q15303,Receptor tyrosine-protein kinase erbB-4,Kd,10000.0,5.0,CHEMBL1908512
BI-2536,CHEMBL513909,CHEMBL5749,Q92918,Mitogen-activated protein kinase kinase kinase kinase 1,Kd,10000.0,5.0,CHEMBL1908513
BI-2536,CHEMBL513909,CHEMBL4526,Q9UF33,Ephrin type-A receptor 6,Kd,10000.0,5.0,CHEMBL1908445
BI-2536,CHEMBL513909,CHEMBL5654,Q8WXR4,Myosin-IIIb,Kd,3500.0,5.46,CHEMBL1908514
BI-2536,CHEMBL513909,CHEMBL5047,Q6PHR2,Serine/threonine-protein kinase ULK3,Kd,10000.0,5.0,CHEMBL1908515
BI-2536,CHEMBL513909,CHEMBL5903,Q04771,Activin receptor type-1,Kd,10000.0,5.0,CHEMBL1908516
BI-2536,CHEMBL513909,CHEMBL5466,Q13705,Activin receptor type-2B,Kd,10000.0,5.0,CHEMBL1908517
BI-2536,CHEMBL513909,CHEMBL6150,Q8WU08,Serine/threonine-protein kinase 32A,Kd,10000.0,5.0,CHEMBL1908518
BI-2536,CHEMBL513909,CHEMBL1163117,Q8IVW4,Cyclin-dependent kinase-like 3,Kd,10000.0,5.0,CHEMBL1908519
BI-2536,CHEMBL513909,CHEMBL4718,Q9BUB5,MAP kinase-interacting serine/threonine-protein kinase 1,Kd,10000.0,5.0,CHEMBL1908520
BI-2536,CHEMBL513909,CHEMBL5969,Q99755,Phosphatidylinositol 4-phosphate 5-kinase type-1 alpha,Kd,10000.0,5.0,CHEMBL1908521
BI-2536,CHEMBL513909,CHEMBL5476,O00238,Bone morphogenetic protein receptor type-1B,Kd,10000.0,5.0,CHEMBL1908522
BI-2536,CHEMBL513909,CHEMBL5467,Q13873,Bone morphogenetic protein receptor type-2,Kd,10000.0,5.0,CHEMBL1908523
BI-2536,CHEMBL513909,CHEMBL4121,Q13554,Calcium/calmodulin-dependent protein kinase type II subunit beta,Kd,4200.0,5.38,CHEMBL1908524
BI-2536,CHEMBL513909,CHEMBL4442,Q00526,Cyclin-dependent kinase 3,Kd,10000.0,5.0,CHEMBL1908525
BI-2536,CHEMBL513909,CHEMBL5719,P49336,Cyclin-dependent kinase 8,Kd,10000.0,5.0,CHEMBL1908526
BI-2536,CHEMBL513909,CHEMBL3116,P50750,Cyclin-dependent kinase 9,Kd,10000.0,5.0,CHEMBL1908527
BI-2536,CHEMBL513909,CHEMBL4630,O14757,Serine/threonine-protein kinase Chk1,Kd,10000.0,5.0,CHEMBL1908528
BI-2536,CHEMBL513909,CHEMBL3476,O15111,Inhibitor of nuclear factor kappa-B kinase subunit alpha,Kd,10000.0,5.0,CHEMBL1908529
BI-2536,CHEMBL513909,CHEMBL2543,P78368,Casein kinase I isoform gamma-2,Kd,5700.0,5.24,CHEMBL1908530
BI-2536,CHEMBL513909,CHEMBL2468,O43293,Death-associated protein kinase 3,Kd,130.0,6.89,CHEMBL1908531
BI-2536,CHEMBL513909,CHEMBL1163101,O75460,Serine/threonine-protein kinase/endoribonuclease IRE1,Kd,10000.0,5.0,CHEMBL1908532
BI-2536,CHEMBL513909,CHEMBL1991,O14920,Inhibitor of nuclear factor kappa-B kinase subunit beta,Kd,10000.0,5.0,CHEMBL1908533
BI-2536,CHEMBL513909,CHEMBL3357,P51617,Interleukin-1 receptor-associated kinase 1,Kd,1900.0,5.72,CHEMBL1908534
BI-2536,CHEMBL513909,CHEMBL5616,P27037,Activin receptor type-2A,Kd,10000.0,5.0,CHEMBL1908535
BI-2536,CHEMBL513909,CHEMBL2431,P31751,RAC-beta serine/threonine-protein kinase,Kd,10000.0,5.0,CHEMBL1908536
BI-2536,CHEMBL513909,CHEMBL4895,P30530,Tyrosine-protein kinase receptor UFO,Kd,10000.0,5.0,CHEMBL1908537
BI-2536,CHEMBL513909,CHEMBL2250,P51451,Tyrosine-protein kinase Blk,Kd,10000.0,5.0,CHEMBL1908538
BI-2536,CHEMBL513909,CHEMBL3834,P51813,Cytoplasmic tyrosine-protein kinase BMX,Kd,10000.0,5.0,CHEMBL1908539
BI-2536,CHEMBL513909,CHEMBL2494,Q16566,Calcium/calmodulin-dependent protein kinase type IV,Kd,10000.0,5.0,CHEMBL1908540
BI-2536,CHEMBL513909,CHEMBL301,P24941,Cyclin-dependent kinase 2,Kd,10000.0,5.0,CHEMBL1908541
BI-2536,CHEMBL513909,CHEMBL3055,P50613,Cyclin-dependent kinase 7,Kd,3500.0,5.46,CHEMBL1908542
BI-2536,CHEMBL513909,CHEMBL2793,P48729,Casein kinase I isoform alpha,Kd,3100.0,5.51,CHEMBL1908543
BI-2536,CHEMBL513909,CHEMBL4937,P49674,Casein kinase I isoform epsilon,Kd,380.0,6.42,CHEMBL1908544
BI-2536,CHEMBL513909,CHEMBL3629,P68400,Casein kinase II subunit alpha,Kd,10000.0,5.0,CHEMBL1908545
BI-2536,CHEMBL513909,CHEMBL4070,P19784,Casein kinase II subunit alpha',Kd,10000.0,5.0,CHEMBL1908546
BI-2536,CHEMBL513909,CHEMBL5319,Q08345,Epithelial discoidin domain-containing receptor 1,Kd,10000.0,5.0,CHEMBL1908547
BI-2536,CHEMBL513909,CHEMBL5838,P21860,Receptor tyrosine-protein kinase erbB-3,Kd,10000.0,5.0,CHEMBL1908548
BI-2536,CHEMBL513909,CHEMBL5455,P07332,Tyrosine-protein kinase Fes/Fps,Kd,1900.0,5.72,CHEMBL1908549
BI-2536,CHEMBL513909,CHEMBL1868,P17948,Vascular endothelial growth factor receptor 1,Kd,10000.0,5.0,CHEMBL1908550
BI-2536,CHEMBL513909,CHEMBL1955,P35916,Vascular endothelial growth factor receptor 3,Kd,10000.0,5.0,CHEMBL1908551
BI-2536,CHEMBL513909,CHEMBL4223,P42685,Tyrosine-protein kinase FRK,Kd,10000.0,5.0,CHEMBL1908552
BI-2536,CHEMBL513909,CHEMBL262,P49841,Glycogen synthase kinase-3 beta,Kd,10000.0,5.0,CHEMBL1908553
BI-2536,CHEMBL513909,CHEMBL3234,P08631,Tyrosine-protein kinase HCK,Kd,10000.0,5.0,CHEMBL1908554
BI-2536,CHEMBL513909,CHEMBL2835,P23458,Tyrosine-protein kinase JAK1,Kd,10000.0,5.0,CHEMBL1908555
BI-2536,CHEMBL513909,CHEMBL2835,P23458,Tyrosine-protein kinase JAK1,Kd,10000.0,5.0,CHEMBL1908556
BI-2536,CHEMBL513909,CHEMBL279,P35968,Vascular endothelial growth factor receptor 2,Kd,10000.0,5.0,CHEMBL1908557
BI-2536,CHEMBL513909,CHEMBL3836,P53667,LIM domain kinase 1,Kd,10000.0,5.0,CHEMBL1908558
BLZ945,CHEMBL4227505,CHEMBL1844,P07333,Macrophage colony-stimulating factor 1 receptor,IC50,1.2,8.92,CHEMBL4220344
BLZ945,CHEMBL4227505,CHEMBL1844,P07333,Macrophage colony-stimulating factor 1 receptor,IC50,1.0,9.0,CHEMBL4728926
BLZ945,CHEMBL4227505,CHEMBL1844,P07333,Macrophage colony-stimulating factor 1 receptor,Kd,3.4,8.47,CHEMBL4728928
BLZ945,CHEMBL4227505,CHEMBL1974,P36888,Receptor-type tyrosine-protein kinase FLT3,Kd,8700.0,5.06,CHEMBL4728929
BLZ945,CHEMBL4227505,CHEMBL1936,P10721,Mast/stem cell growth factor receptor Kit,Kd,3000.0,5.52,CHEMBL4728931
BLZ945,CHEMBL4227505,CHEMBL1913,P09619,Platelet-derived growth factor receptor beta,IC50,579.0,6.24,CHEMBL4728933
BLZ945,CHEMBL4227505,CHEMBL1844,P07333,Macrophage colony-stimulating factor 1 receptor,IC50,155.0,6.81,CHEMBL4728934
BLZ945,CHEMBL4227505,CHEMBL1913,P09619,Platelet-derived growth factor receptor beta,Kd,46.0,7.34,CHEMBL4728936
BLZ945,CHEMBL4227505,CHEMBL2007,P16234,Platelet-derived growth factor receptor alpha,Kd,210.0,6.68,CHEMBL4728938
BLZ945,CHEMBL4227505,CHEMBL1844,P07333,Macrophage colony-stimulating factor 1 receptor,IC50,1.0,9.0,CHEMBL5231408
BLZ945,CHEMBL4227505,CHEMBL1844,P07333,Macrophage colony-stimulating factor 1 receptor,IC50,1.0,9.0,CHEMBL5524445
BLZ945,CHEMBL4227505,CHEMBL1844,P07333,Macrophage colony-stimulating factor 1 receptor,IC50,6.9,8.16,CHEMBL5524447
BLZ945,CHEMBL4227505,CHEMBL1844,P07333,Macrophage colony-stimulating factor 1 receptor,IC50,1.0,9.0,CHEMBL5545071
BLZ945,CHEMBL4227505,CHEMBL1844,P07333,Macrophage colony-stimulating factor 1 receptor,IC50,1.0,9.0,CHEMBL5635793
BLZ945,CHEMBL4227505,CHEMBL1844,P07333,Macrophage colony-stimulating factor 1 receptor,IC50,1.0,9.0,CHEMBL5638751
BLZ945,CHEMBL4227505,CHEMBL1936,P10721,Mast/stem cell growth factor receptor Kit,IC50,3200.0,5.49,CHEMBL5638752
BLZ945,CHEMBL4227505,CHEMBL1974,P36888,Receptor-type tyrosine-protein kinase FLT3,IC50,9100.0,5.04,CHEMBL5638753
BLZ945,CHEMBL4227505,CHEMBL1913,P09619,Platelet-derived growth factor receptor beta,IC50,4800.0,5.32,CHEMBL5638754
BMS-754807,CHEMBL575448,CHEMBL1957,P08069,Insulin-like growth factor 1 receptor,IC50,2.0,8.7,CHEMBL1045057
BMS-754807,CHEMBL575448,CHEMBL2094126,,Cyclin-dependent kinase 2/cyclin E,IC50,1035.0,5.99,CHEMBL1050130
BMS-754807,CHEMBL575448,CHEMBL240,Q12809,Voltage-gated inwardly rectifying potassium channel KCNH2,IC50,10000.0,5.0,CHEMBL1050164
BMS-754807,CHEMBL575448,CHEMBL340,P08684,Cytochrome P450 3A4,IC50,40000.0,4.4,CHEMBL1050167
BMS-754807,CHEMBL575448,CHEMBL340,P08684,Cytochrome P450 3A4,IC50,7000.0,5.15,CHEMBL1036858
BMS-754807,CHEMBL575448,CHEMBL3622,P33261,Cytochrome P450 2C19,IC50,11000.0,4.96,CHEMBL1036859
BMS-754807,CHEMBL575448,CHEMBL3397,P11712,Cytochrome P450 2C9,IC50,23000.0,4.64,CHEMBL1036860
BMS-754807,CHEMBL575448,CHEMBL289,P10635,Cytochrome P450 2D6,IC50,40000.0,4.4,CHEMBL1036861
BMS-754807,CHEMBL575448,CHEMBL3356,P05177,Cytochrome P450 1A2,IC50,40000.0,4.4,CHEMBL1036862
BMS-754807,CHEMBL575448,CHEMBL1957,P08069,Insulin-like growth factor 1 receptor,IC50,8.4,8.08,CHEMBL1228260
BMS-754807,CHEMBL575448,CHEMBL1957,P08069,Insulin-like growth factor 1 receptor,IC50,2.1,8.68,CHEMBL1228261
BMS-754807,CHEMBL575448,CHEMBL1075435,,DOK,IC50,194.84,6.71,CHEMBL2363186
BMS-754807,CHEMBL575448,CHEMBL2366079,,DSH1,IC50,60217.08,4.22,CHEMBL2363187
BMS-754807,CHEMBL575448,CHEMBL1075437,,DV-90,IC50,3676.78,5.43,CHEMBL2363190
BMS-754807,CHEMBL575448,CHEMBL612519,,Daoy,IC50,1208.48,5.92,CHEMBL2363191
BMS-754807,CHEMBL575448,CHEMBL613508,,DU-145,IC50,1929.88,5.71,CHEMBL2363188
BMS-754807,CHEMBL575448,CHEMBL2366246,,DU-4475,IC50,5361.97,5.27,CHEMBL2363189
BMS-754807,CHEMBL575448,CHEMBL2366258,,EHEB,IC50,31188.89,4.51,CHEMBL2363206
BMS-754807,CHEMBL575448,CHEMBL614487,,EKVX,IC50,350.75,6.46,CHEMBL2363207
BMS-754807,CHEMBL575448,CHEMBL2366281,,EM-2,IC50,23302.11,4.63,CHEMBL2363208
BMS-754807,CHEMBL575448,CHEMBL2366146,,ES1,IC50,15.94,7.8,CHEMBL2363210
BMS-754807,CHEMBL575448,CHEMBL2366118,,ES4,IC50,72.93,7.14,CHEMBL2363212
BMS-754807,CHEMBL575448,CHEMBL2366312,,ES5,IC50,299483.7,3.52,CHEMBL2363213
BMS-754807,CHEMBL575448,CHEMBL2366135,,ES3,IC50,222.85,6.65,CHEMBL2363211
BMS-754807,CHEMBL575448,CHEMBL614281,,Daudi,IC50,5516.94,5.26,CHEMBL2363192
BMS-754807,CHEMBL575448,CHEMBL1075432,,Detroit 562,IC50,1176.9,5.93,CHEMBL2363193
BMS-754807,CHEMBL575448,CHEMBL1075436,,DoTc2-4510,IC50,3107.9,5.51,CHEMBL2363194
BMS-754807,CHEMBL575448,CHEMBL2366369,,EB-3,IC50,212100.88,3.67,CHEMBL2363195
BMS-754807,CHEMBL575448,CHEMBL2366338,,EB2,IC50,9858.3,5.01,CHEMBL2363196
BMS-754807,CHEMBL575448,CHEMBL2366240,,EC-GI-10,IC50,53780.18,4.27,CHEMBL2363197
BMS-754807,CHEMBL575448,CHEMBL2366367,,ECC4,IC50,4838.33,5.32,CHEMBL2363200
BMS-754807,CHEMBL575448,CHEMBL1075438,,EFE-184,IC50,2333.6,5.63,CHEMBL2363201
BMS-754807,CHEMBL575448,CHEMBL1075439,,EFM-19,IC50,26820.43,4.57,CHEMBL2363202
BMS-754807,CHEMBL575448,CHEMBL1075440,,EFO-21,IC50,1600.98,5.8,CHEMBL2363203
BMS-754807,CHEMBL575448,CHEMBL1075441,,EFO-27,IC50,24438.09,4.61,CHEMBL2363204
BMS-754807,CHEMBL575448,CHEMBL1075442,,EGI-1,IC50,2495.91,5.6,CHEMBL2363205
BMS-754807,CHEMBL575448,CHEMBL614516,,A498,IC50,20004.07,4.7,CHEMBL2363731
BMS-754807,CHEMBL575448,CHEMBL614517,,A673,IC50,604.86,6.22,CHEMBL2363733
BMS-754807,CHEMBL575448,CHEMBL614530,,BXPC-3,IC50,1384.03,5.86,CHEMBL2363768
BMS-754807,CHEMBL575448,CHEMBL2366313,,C-33-A,IC50,10797.47,4.97,CHEMBL2363769
BMS-754807,CHEMBL575448,CHEMBL1075400,,C-4-II,IC50,3257.71,5.49,CHEMBL2363770
BMS-754807,CHEMBL575448,CHEMBL1075429,,COLO-792,IC50,20878.63,4.68,CHEMBL2363139
BMS-754807,CHEMBL575448,CHEMBL2366224,,COLO-800,IC50,2356.95,5.63,CHEMBL2363140
BMS-754807,CHEMBL575448,CHEMBL2366199,,DG-75,IC50,348583.92,3.46,CHEMBL2363177
BMS-754807,CHEMBL575448,CHEMBL2366264,,DJM-1,IC50,26081.1,4.58,CHEMBL2363178
BMS-754807,CHEMBL575448,CHEMBL614567,,A704,IC50,2345.0,5.63,CHEMBL2363734
BMS-754807,CHEMBL575448,CHEMBL1075391,,ABC-1,IC50,116.95,6.93,CHEMBL2363735
BMS-754807,CHEMBL575448,CHEMBL2366283,,C2BBe1,IC50,4981.55,5.3,CHEMBL2363771
BMS-754807,CHEMBL575448,CHEMBL1075401,,C32,IC50,37621.21,4.42,CHEMBL2363772
BMS-754807,CHEMBL575448,CHEMBL1075402,,C3A,IC50,9877.09,5.01,CHEMBL2363773
BMS-754807,CHEMBL575448,CHEMBL1075430,,COLO-824,IC50,2766.02,5.56,CHEMBL2363141
BMS-754807,CHEMBL575448,CHEMBL1075433,,DK-MG,IC50,617.51,6.21,CHEMBL2363179
BMS-754807,CHEMBL575448,CHEMBL614642,,DMS-114,IC50,8667.49,5.06,CHEMBL2363180
BMS-754807,CHEMBL575448,CHEMBL614519,,ACHN,IC50,1877.09,5.73,CHEMBL2363736
BMS-754807,CHEMBL575448,CHEMBL2366195,,ACN,IC50,2450.48,5.61,CHEMBL2363737
BMS-754807,CHEMBL575448,CHEMBL614533,,C8166,IC50,333010.49,3.48,CHEMBL2363774
BMS-754807,CHEMBL575448,CHEMBL2366275,,COLO-829,IC50,4134.6,5.38,CHEMBL2363142
BMS-754807,CHEMBL575448,CHEMBL1075431,,COR-L105,IC50,132.32,6.88,CHEMBL2363143
BMS-754807,CHEMBL575448,CHEMBL613854,,COR-L23,IC50,965.3,6.02,CHEMBL2363144
BMS-754807,CHEMBL575448,CHEMBL614286,,DMS-79,IC50,66232.61,4.18,CHEMBL2363184
BMS-754807,CHEMBL575448,CHEMBL2366181,,DOHH-2,IC50,101765.28,3.99,CHEMBL2363185
BMS-754807,CHEMBL575448,CHEMBL613860,,AGS,IC50,1168.17,5.93,CHEMBL2363738
BMS-754807,CHEMBL575448,CHEMBL2366294,,ALL-PO,IC50,2186.49,5.66,CHEMBL2363739
BMS-754807,CHEMBL575448,CHEMBL612566,,CA46,IC50,4595.84,5.34,CHEMBL2363775
BMS-754807,CHEMBL575448,CHEMBL614067,,CAKI-1,IC50,1143.46,5.94,CHEMBL2363776
BMS-754807,CHEMBL575448,CHEMBL1075405,,CAL-120,IC50,2055.91,5.69,CHEMBL2363777
BMS-754807,CHEMBL575448,CHEMBL2366352,,COR-L279,IC50,37905.23,4.42,CHEMBL2363145
BMS-754807,CHEMBL575448,CHEMBL2366329,,COR-L88,IC50,53570.9,4.27,CHEMBL2363146
BMS-754807,CHEMBL575448,CHEMBL2366167,,DMS-153,IC50,2388.08,5.62,CHEMBL2363181
BMS-754807,CHEMBL575448,CHEMBL614034,,DMS-273,IC50,741.75,6.13,CHEMBL2363182
BMS-754807,CHEMBL575448,CHEMBL1075434,,DMS-53,IC50,16424.09,4.78,CHEMBL2363183
BMS-754807,CHEMBL575448,CHEMBL2366192,,AM-38,IC50,2277.15,5.64,CHEMBL2363740
BMS-754807,CHEMBL575448,CHEMBL1075392,,AN3-CA,IC50,656.46,6.18,CHEMBL2363741
BMS-754807,CHEMBL575448,CHEMBL1075406,,CAL-12T,IC50,372.16,6.43,CHEMBL2363778
BMS-754807,CHEMBL575448,CHEMBL1075407,,CAL-148,IC50,12077.59,4.92,CHEMBL2363779
BMS-754807,CHEMBL575448,CHEMBL1075408,,CAL-27,IC50,28482.19,4.55,CHEMBL2363780
BMS-754807,CHEMBL575448,CHEMBL2366076,,CP50-MEL-B,IC50,42690.1,4.37,CHEMBL2363147
BMS-754807,CHEMBL575448,CHEMBL2366363,,CP66-MEL,IC50,1696.08,5.77,CHEMBL2363148
BMS-754807,CHEMBL575448,CHEMBL612657,,CWR22R,IC50,1857.54,5.73,CHEMBL2363708
BMS-754807,CHEMBL575448,CHEMBL2366241,,ARH-77,IC50,16930.69,4.77,CHEMBL2363742
BMS-754807,CHEMBL575448,CHEMBL2366277,,ATN-1,IC50,1146.42,5.94,CHEMBL2363743
BMS-754807,CHEMBL575448,CHEMBL1075393,,AU565,IC50,54603.28,4.26,CHEMBL2363744
BMS-754807,CHEMBL575448,CHEMBL1075409,,CAL-33,IC50,4848.25,5.31,CHEMBL2363781
BMS-754807,CHEMBL575448,CHEMBL1075410,,CAL-39,IC50,82.59,7.08,CHEMBL2363782
BMS-754807,CHEMBL575448,CHEMBL2366061,,CPC-N,IC50,555.98,6.25,CHEMBL2363150
BMS-754807,CHEMBL575448,CHEMBL2366344,,CTB-1,IC50,3561.75,5.45,CHEMBL2363152
BMS-754807,CHEMBL575448,CHEMBL1075382,,23132-87,IC50,43528.55,4.36,CHEMBL2363709
BMS-754807,CHEMBL575448,CHEMBL612565,,5637,IC50,600.92,6.22,CHEMBL2363710
BMS-754807,CHEMBL575448,CHEMBL612588,,ASPC1,IC50,18863.79,4.72,CHEMBL2363745
BMS-754807,CHEMBL575448,CHEMBL1075411,,CAL-51,IC50,402.69,6.4,CHEMBL2363783
BMS-754807,CHEMBL575448,CHEMBL1075412,,CAL-54,IC50,7308.34,5.14,CHEMBL2363784
BMS-754807,CHEMBL575448,CHEMBL1075413,,CAL-62,IC50,2662.43,5.57,CHEMBL2363785
BMS-754807,CHEMBL575448,CHEMBL2366360,,CTV-1,IC50,2225.88,5.65,CHEMBL2363153
BMS-754807,CHEMBL575448,CHEMBL2366174,,CW-2,IC50,243274.39,3.61,CHEMBL2363154
BMS-754807,CHEMBL575448,CHEMBL1075383,,639-V,IC50,990.07,6.0,CHEMBL2363711
BMS-754807,CHEMBL575448,CHEMBL1075384,,647-V,IC50,41883.21,4.38,CHEMBL2363712
BMS-754807,CHEMBL575448,CHEMBL2366271,,BB30-HNC,IC50,663.81,6.18,CHEMBL2363747
BMS-754807,CHEMBL575448,CHEMBL2366295,,BB49-HNC,IC50,477.33,6.32,CHEMBL2363748
BMS-754807,CHEMBL575448,CHEMBL1075414,,CAL-72,IC50,18138.18,4.74,CHEMBL2363786
BMS-754807,CHEMBL575448,CHEMBL1075415,,CAL-85-1,IC50,167.38,6.78,CHEMBL2363787
Birinapant,CHEMBL3039522,CHEMBL400,,MDA-MB-231,IC50,10.0,8.0,CHEMBL3411462
Birinapant,CHEMBL3039522,CHEMBL5462,Q13490,Baculoviral IAP repeat-containing protein 2,IC50,50.0,7.3,CHEMBL3411458
Birinapant,CHEMBL3039522,CHEMBL4198,P98170,E3 ubiquitin-protein ligase XIAP,Kd,50.0,7.3,CHEMBL4351152
Birinapant,CHEMBL3039522,CHEMBL5462,Q13490,Baculoviral IAP repeat-containing protein 2,Kd,1.0,9.0,CHEMBL4351161
Birinapant,CHEMBL3039522,CHEMBL5335,Q13489,Baculoviral IAP repeat-containing protein 3,Kd,36.0,7.44,CHEMBL4351162
Birinapant,CHEMBL3039522,CHEMBL1075127,Q96CA5,Baculoviral IAP repeat-containing protein 7,Kd,1.0,9.0,CHEMBL4351163
Bortezomib (Velcade),CHEMBL325041,CHEMBL248,P08246,Neutrophil elastase,Ki,2300.0,5.64,CHEMBL677599
Bortezomib (Velcade),CHEMBL325041,CHEMBL4071,P08311,Cathepsin G,Ki,630.0,6.2,CHEMBL661898
Bortezomib (Velcade),CHEMBL325041,CHEMBL4796,P17538,Chymotrypsinogen B,Ki,320.0,6.49,CHEMBL662080
Bortezomib (Velcade),CHEMBL325041,CHEMBL204,P00734,Prothrombin,Ki,13000.0,4.89,CHEMBL813436
Bortezomib (Velcade),CHEMBL325041,CHEMBL614004,,A2780,IC50,1.7,8.77,CHEMBL933104
Bortezomib (Velcade),CHEMBL325041,CHEMBL4071,P08311,Cathepsin G,IC50,520.0,6.28,CHEMBL933247
Bortezomib (Velcade),CHEMBL325041,CHEMBL4068,P23946,Chymase,IC50,1190.0,5.92,CHEMBL933253
Bortezomib (Velcade),CHEMBL325041,CHEMBL396,,NCI-H460,IC50,115.0,6.94,CHEMBL1027684
Bortezomib (Velcade),CHEMBL325041,CHEMBL612544,,SW480,IC50,50.0,7.3,CHEMBL1027685
Bortezomib (Velcade),CHEMBL325041,CHEMBL614925,,SK-OV-3,IC50,130.0,6.89,CHEMBL1027686
Bortezomib (Velcade),CHEMBL325041,CHEMBL392,,A549,IC50,255.0,6.59,CHEMBL1027687
Bortezomib (Velcade),CHEMBL325041,CHEMBL399,,HeLa,IC50,92.0,7.04,CHEMBL1027688
Bortezomib (Velcade),CHEMBL325041,CHEMBL398,,KB,IC50,59.5,7.23,CHEMBL1027689
Bortezomib (Velcade),CHEMBL325041,CHEMBL395,,HepG2,IC50,37.5,7.43,CHEMBL1027690
Bortezomib (Velcade),CHEMBL325041,CHEMBL614526,,BGC-823,IC50,880.0,6.06,CHEMBL1027691
Bortezomib (Velcade),CHEMBL325041,CHEMBL383,,HL-60,IC50,5.5,8.26,CHEMBL1027692
Bortezomib (Velcade),CHEMBL325041,CHEMBL2366315,,U-266,IC50,2.45,8.61,CHEMBL1027693
Bortezomib (Velcade),CHEMBL325041,CHEMBL5620,P28062,Proteasome subunit beta type-8,IC50,8.1,8.09,CHEMBL981240
Bortezomib (Velcade),CHEMBL325041,CHEMBL383,,HL-60,IC50,6.9,8.16,CHEMBL1042436
Bortezomib (Velcade),CHEMBL325041,CHEMBL2366315,,U-266,IC50,12.2,7.91,CHEMBL1042437
Bortezomib (Velcade),CHEMBL325041,CHEMBL614526,,BGC-823,IC50,2890.0,5.54,CHEMBL1042438
Bortezomib (Velcade),CHEMBL325041,CHEMBL614530,,BXPC-3,IC50,11.8,7.93,CHEMBL1042439
Bortezomib (Velcade),CHEMBL325041,CHEMBL396,,NCI-H460,IC50,780.0,6.11,CHEMBL1074352
Bortezomib (Velcade),CHEMBL325041,CHEMBL614530,,BXPC-3,IC50,16.2,7.79,CHEMBL1074353
Bortezomib (Velcade),CHEMBL325041,CHEMBL612544,,SW480,IC50,6.1,8.21,CHEMBL1074354
Bortezomib (Velcade),CHEMBL325041,CHEMBL392,,A549,IC50,6.7,8.17,CHEMBL1074355
Bortezomib (Velcade),CHEMBL325041,CHEMBL390,,PC-3,IC50,7.0,8.15,CHEMBL1074356
Bortezomib (Velcade),CHEMBL325041,CHEMBL614925,,SK-OV-3,IC50,151.0,6.82,CHEMBL1074357
Bortezomib (Velcade),CHEMBL325041,CHEMBL395,,HepG2,IC50,7.5,8.12,CHEMBL1074358
Bortezomib (Velcade),CHEMBL325041,CHEMBL383,,HL-60,IC50,7.1,8.15,CHEMBL1074359
Bortezomib (Velcade),CHEMBL325041,CHEMBL2366315,,U-266,IC50,8.8,8.06,CHEMBL1074360
Bortezomib (Velcade),CHEMBL325041,CHEMBL614530,,BXPC-3,IC50,19.4,7.71,CHEMBL1640644
Bortezomib (Velcade),CHEMBL325041,CHEMBL612544,,SW480,IC50,12.3,7.91,CHEMBL1640645
Bortezomib (Velcade),CHEMBL325041,CHEMBL392,,A549,IC50,13.9,7.86,CHEMBL1640646
Bortezomib (Velcade),CHEMBL325041,CHEMBL390,,PC-3,IC50,8.3,8.08,CHEMBL1640647
Bortezomib (Velcade),CHEMBL325041,CHEMBL614925,,SK-OV-3,IC50,66.8,7.18,CHEMBL1640648
Bortezomib (Velcade),CHEMBL325041,CHEMBL395,,HepG2,IC50,25.2,7.6,CHEMBL1640649
Bortezomib (Velcade),CHEMBL325041,CHEMBL383,,HL-60,IC50,3.5,8.46,CHEMBL1640650
Bortezomib (Velcade),CHEMBL325041,CHEMBL399,,HeLa,IC50,20.0,7.7,CHEMBL1787361
Bortezomib (Velcade),CHEMBL325041,CHEMBL4208,P20618,Proteasome component C5,IC50,53.0,7.28,CHEMBL2184802
Bortezomib (Velcade),CHEMBL325041,CHEMBL3492,P49721,Proteasome Macropain subunit,IC50,590.0,6.23,CHEMBL2184803
Bortezomib (Velcade),CHEMBL325041,CHEMBL4662,P28074,Proteasome Macropain subunit MB1,IC50,7.9,8.1,CHEMBL2184804
Bortezomib (Velcade),CHEMBL325041,CHEMBL3492,P49721,Proteasome Macropain subunit,IC50,1880.0,5.73,CHEMBL2343626
Bortezomib (Velcade),CHEMBL325041,CHEMBL4208,P20618,Proteasome component C5,IC50,130.0,6.89,CHEMBL2343627
Bortezomib (Velcade),CHEMBL325041,CHEMBL4662,P28074,Proteasome Macropain subunit MB1,IC50,4.5,8.35,CHEMBL2343628
Bortezomib (Velcade),CHEMBL325041,CHEMBL394,,HCT-116,IC50,10.0,8.0,CHEMBL2343621
Bortezomib (Velcade),CHEMBL325041,CHEMBL2366079,,DSH1,IC50,0.4805,9.32,CHEMBL2363187
Bortezomib (Velcade),CHEMBL325041,CHEMBL614281,,Daudi,IC50,1.223,8.91,CHEMBL2363192
Bortezomib (Velcade),CHEMBL325041,CHEMBL2366246,,DU-4475,IC50,1.363,8.87,CHEMBL2363189
Bortezomib (Velcade),CHEMBL325041,CHEMBL2366258,,EHEB,IC50,1.666,8.78,CHEMBL2363206
Bortezomib (Velcade),CHEMBL325041,CHEMBL614487,,EKVX,IC50,2.136,8.67,CHEMBL2363207
Bortezomib (Velcade),CHEMBL325041,CHEMBL2366281,,EM-2,IC50,1.161,8.94,CHEMBL2363208
Bortezomib (Velcade),CHEMBL325041,CHEMBL2366146,,ES1,IC50,0.4297,9.37,CHEMBL2363210
Bortezomib (Velcade),CHEMBL325041,CHEMBL2366118,,ES4,IC50,2.161,8.67,CHEMBL2363212
Bortezomib (Velcade),CHEMBL325041,CHEMBL2366312,,ES5,IC50,10.38,7.98,CHEMBL2363213
Bortezomib (Velcade),CHEMBL325041,CHEMBL2366135,,ES3,IC50,35.19,7.45,CHEMBL2363211
Bortezomib (Velcade),CHEMBL325041,CHEMBL2366369,,EB-3,IC50,2.657,8.58,CHEMBL2363195
Bortezomib (Velcade),CHEMBL325041,CHEMBL2366338,,EB2,IC50,18.08,7.74,CHEMBL2363196
Bortezomib (Velcade),CHEMBL325041,CHEMBL2366240,,EC-GI-10,IC50,24.23,7.62,CHEMBL2363197
Bortezomib (Velcade),CHEMBL325041,CHEMBL2366180,,ECC12,IC50,1.373,8.86,CHEMBL2363199
Bortezomib (Velcade),CHEMBL325041,CHEMBL2366367,,ECC4,IC50,28.79,7.54,CHEMBL2363200
Bortezomib (Velcade),CHEMBL325041,CHEMBL2366224,,COLO-800,IC50,17.64,7.75,CHEMBL2363140
Bortezomib (Velcade),CHEMBL325041,CHEMBL2366199,,DG-75,IC50,18.61,7.73,CHEMBL2363177
Bortezomib (Velcade),CHEMBL325041,CHEMBL2366264,,DJM-1,IC50,3.628,8.44,CHEMBL2363178
Bortezomib (Velcade),CHEMBL325041,CHEMBL2366283,,C2BBe1,IC50,2.889,8.54,CHEMBL2363771
Bortezomib (Velcade),CHEMBL325041,CHEMBL1075430,,COLO-824,IC50,1261.78,5.9,CHEMBL2363141
Bortezomib (Velcade),CHEMBL325041,CHEMBL614642,,DMS-114,IC50,9.623,8.02,CHEMBL2363180
Bortezomib (Velcade),CHEMBL325041,CHEMBL2366195,,ACN,IC50,0.4171,9.38,CHEMBL2363737
Bortezomib (Velcade),CHEMBL325041,CHEMBL614533,,C8166,IC50,35.7,7.45,CHEMBL2363774
Bortezomib (Velcade),CHEMBL325041,CHEMBL612566,,CA46,IC50,373.63,6.43,CHEMBL2363775
Bortezomib (Velcade),CHEMBL325041,CHEMBL2366275,,COLO-829,IC50,0.6136,9.21,CHEMBL2363142
Bortezomib (Velcade),CHEMBL325041,CHEMBL614286,,DMS-79,IC50,50.71,7.29,CHEMBL2363184
Bortezomib (Velcade),CHEMBL325041,CHEMBL2366181,,DOHH-2,IC50,23.45,7.63,CHEMBL2363185
Bortezomib (Velcade),CHEMBL325041,CHEMBL2366294,,ALL-PO,IC50,77.66,7.11,CHEMBL2363739
Bortezomib (Velcade),CHEMBL325041,CHEMBL2366352,,COR-L279,IC50,252.17,6.6,CHEMBL2363145
Bortezomib (Velcade),CHEMBL325041,CHEMBL2366329,,COR-L88,IC50,3.475,8.46,CHEMBL2363146
Bortezomib (Velcade),CHEMBL325041,CHEMBL2366167,,DMS-153,IC50,746.83,6.13,CHEMBL2363181
Bortezomib (Velcade),CHEMBL325041,CHEMBL2366192,,AM-38,IC50,88.08,7.06,CHEMBL2363740
Bortezomib (Velcade),CHEMBL325041,CHEMBL1075407,,CAL-148,IC50,81.84,7.09,CHEMBL2363779
Bortezomib (Velcade),CHEMBL325041,CHEMBL2366363,,CP66-MEL,IC50,0.4732,9.32,CHEMBL2363148
Bortezomib (Velcade),CHEMBL325041,CHEMBL2366241,,ARH-77,IC50,2.385,8.62,CHEMBL2363742
Bortezomib (Velcade),CHEMBL325041,CHEMBL2366277,,ATN-1,IC50,8.887,8.05,CHEMBL2363743
Bortezomib (Velcade),CHEMBL325041,CHEMBL2366061,,CPC-N,IC50,403.77,6.39,CHEMBL2363150
Bortezomib (Velcade),CHEMBL325041,CHEMBL2366344,,CTB-1,IC50,9.673,8.01,CHEMBL2363152
Bortezomib (Velcade),CHEMBL325041,CHEMBL2366360,,CTV-1,IC50,2.799,8.55,CHEMBL2363153
Bortezomib (Velcade),CHEMBL325041,CHEMBL2366174,,CW-2,IC50,3.21,8.49,CHEMBL2363154
Bortezomib (Velcade),CHEMBL325041,CHEMBL2366253,,697,IC50,1.988,8.7,CHEMBL2363713
Bortezomib (Velcade),CHEMBL325041,CHEMBL2366271,,BB30-HNC,IC50,0.3353,9.47,CHEMBL2363747
Bortezomib (Velcade),CHEMBL325041,CHEMBL2366295,,BB49-HNC,IC50,0.6515,9.19,CHEMBL2363748
Bortezomib (Velcade),CHEMBL325041,CHEMBL2366247,,BB65-RCC,IC50,0.3041,9.52,CHEMBL2363749
Bortezomib (Velcade),CHEMBL325041,CHEMBL2366100,,CAS-1,IC50,1.366,8.86,CHEMBL2363834
Bortezomib (Velcade),CHEMBL325041,CHEMBL2366115,,8-MG-BA,IC50,0.2498,9.6,CHEMBL2363716
Bortezomib (Velcade),CHEMBL325041,CHEMBL2366371,,BC-3,IC50,6.612,8.18,CHEMBL2363751
Bortezomib (Velcade),CHEMBL325041,CHEMBL2366303,,BE-13,IC50,1.93,8.71,CHEMBL2363753
Bortezomib (Velcade),CHEMBL325041,CHEMBL382,,CCRF-CEM,IC50,1.127,8.95,CHEMBL2363836
Bortezomib (Velcade),CHEMBL325041,CHEMBL614535,,Calu-6,IC50,1.286,8.89,CHEMBL2363160
Bortezomib (Velcade),CHEMBL325041,CHEMBL2366306,,A101D,IC50,0.2254,9.65,CHEMBL2363719
Bortezomib (Velcade),CHEMBL325041,CHEMBL2366361,,CESS,IC50,0.5383,9.27,CHEMBL2363837
Bortezomib (Velcade),CHEMBL325041,CHEMBL2366300,,CGTH-W-1,IC50,3.101,8.51,CHEMBL2363839
Bortezomib (Velcade),CHEMBL325041,CHEMBL2366237,,D-247MG,IC50,0.4134,9.38,CHEMBL2363165
Bosutinib (SKI-606),CHEMBL288441,CHEMBL267,P12931,Proto-oncogene tyrosine-protein kinase Src,IC50,1.3,8.89,CHEMBL882727
Bosutinib (SKI-606),CHEMBL288441,CHEMBL267,P12931,Proto-oncogene tyrosine-protein kinase Src,IC50,1.2,8.92,CHEMBL806435
Bosutinib (SKI-606),CHEMBL288441,CHEMBL267,P12931,Proto-oncogene tyrosine-protein kinase Src,IC50,1.2,8.92,CHEMBL806425
Bosutinib (SKI-606),CHEMBL288441,CHEMBL267,P12931,Proto-oncogene tyrosine-protein kinase Src,IC50,100.0,7.0,CHEMBL806424
Bosutinib (SKI-606),CHEMBL288441,CHEMBL267,P12931,Proto-oncogene tyrosine-protein kinase Src,IC50,1.2,8.92,CHEMBL818278
Bosutinib (SKI-606),CHEMBL288441,CHEMBL1824,P04626,Receptor tyrosine-protein kinase erbB-2,IC50,2600.0,5.59,CHEMBL674539
Bosutinib (SKI-606),CHEMBL288441,CHEMBL1841,P06241,Tyrosine-protein kinase Fyn,IC50,410.0,6.39,CHEMBL679413
Bosutinib (SKI-606),CHEMBL288441,CHEMBL384,,HT-29,IC50,5000.0,5.3,CHEMBL695864
Bosutinib (SKI-606),CHEMBL288441,CHEMBL267,P12931,Proto-oncogene tyrosine-protein kinase Src,IC50,3.8,8.42,CHEMBL806427
Bosutinib (SKI-606),CHEMBL288441,CHEMBL2111414,,Tyrosine-protein kinase ABL,IC50,1.1,8.96,CHEMBL636888
Bosutinib (SKI-606),CHEMBL288441,CHEMBL613997,,KU812 cell line,IC50,5.0,8.3,CHEMBL700275
Bosutinib (SKI-606),CHEMBL288441,CHEMBL385,,K562,IC50,20.0,7.7,CHEMBL700224
Bosutinib (SKI-606),CHEMBL288441,CHEMBL267,P12931,Proto-oncogene tyrosine-protein kinase Src,IC50,1.2,8.92,CHEMBL805895
Bosutinib (SKI-606),CHEMBL288441,CHEMBL267,P12931,Proto-oncogene tyrosine-protein kinase Src,IC50,100.0,7.0,CHEMBL808216
Bosutinib (SKI-606),CHEMBL288441,CHEMBL1841,P06241,Tyrosine-protein kinase Fyn,IC50,410.0,6.39,CHEMBL802675
Bosutinib (SKI-606),CHEMBL288441,CHEMBL267,P12931,Proto-oncogene tyrosine-protein kinase Src,IC50,3.6,8.44,CHEMBL806430
Bosutinib (SKI-606),CHEMBL288441,CHEMBL267,P12931,Proto-oncogene tyrosine-protein kinase Src,IC50,3.6,8.44,CHEMBL832714
Bosutinib (SKI-606),CHEMBL288441,CHEMBL267,P12931,Proto-oncogene tyrosine-protein kinase Src,IC50,100.0,7.0,CHEMBL833029
Bosutinib (SKI-606),CHEMBL288441,CHEMBL267,P12931,Proto-oncogene tyrosine-protein kinase Src,IC50,3.8,8.42,CHEMBL832953
Bosutinib (SKI-606),CHEMBL288441,CHEMBL267,P12931,Proto-oncogene tyrosine-protein kinase Src,IC50,100.0,7.0,CHEMBL834682
Bosutinib (SKI-606),CHEMBL288441,CHEMBL385,,K562,IC50,20.0,7.7,CHEMBL833755
Bosutinib (SKI-606),CHEMBL288441,CHEMBL267,P12931,Proto-oncogene tyrosine-protein kinase Src,IC50,3.8,8.42,CHEMBL884219
Bosutinib (SKI-606),CHEMBL288441,CHEMBL267,P12931,Proto-oncogene tyrosine-protein kinase Src,IC50,100.0,7.0,CHEMBL885033
Bosutinib (SKI-606),CHEMBL288441,CHEMBL2111414,,Tyrosine-protein kinase ABL,IC50,1.0,9.0,CHEMBL883697
Bosutinib (SKI-606),CHEMBL288441,CHEMBL267,P12931,Proto-oncogene tyrosine-protein kinase Src,IC50,1.2,8.92,CHEMBL881508
Bosutinib (SKI-606),CHEMBL288441,CHEMBL1862,P00519,Tyrosine-protein kinase ABL1,IC50,490.0,6.31,CHEMBL885131
Bosutinib (SKI-606),CHEMBL288441,CHEMBL267,P12931,Proto-oncogene tyrosine-protein kinase Src,IC50,100.0,7.0,CHEMBL856253
Bosutinib (SKI-606),CHEMBL288441,CHEMBL267,P12931,Proto-oncogene tyrosine-protein kinase Src,IC50,3.8,8.42,CHEMBL872195
Bosutinib (SKI-606),CHEMBL288441,CHEMBL1862,P00519,Tyrosine-protein kinase ABL1,IC50,1.1,8.96,CHEMBL882911
Bosutinib (SKI-606),CHEMBL288441,CHEMBL2111387,,NPM/ALK (Nucleophosmin/ALK tyrosine kinase receptor),IC50,20000.0,4.7,CHEMBL911505
Bosutinib (SKI-606),CHEMBL288441,CHEMBL2111387,,NPM/ALK (Nucleophosmin/ALK tyrosine kinase receptor),IC50,200.0,6.7,CHEMBL911510
Bosutinib (SKI-606),CHEMBL288441,CHEMBL2111387,,NPM/ALK (Nucleophosmin/ALK tyrosine kinase receptor),IC50,10000.0,5.0,CHEMBL913213
Bosutinib (SKI-606),CHEMBL288441,CHEMBL2111387,,NPM/ALK (Nucleophosmin/ALK tyrosine kinase receptor),IC50,150.0,6.82,CHEMBL913212
Bosutinib (SKI-606),CHEMBL288441,CHEMBL2096618,,Bcr/Abl fusion protein,IC50,20.0,7.7,CHEMBL913216
Bosutinib (SKI-606),CHEMBL288441,CHEMBL267,P12931,Proto-oncogene tyrosine-protein kinase Src,IC50,3.8,8.42,CHEMBL911086
Bosutinib (SKI-606),CHEMBL288441,CHEMBL267,P12931,Proto-oncogene tyrosine-protein kinase Src,IC50,100.0,7.0,CHEMBL910456
Bosutinib (SKI-606),CHEMBL288441,CHEMBL267,P12931,Proto-oncogene tyrosine-protein kinase Src,IC50,1.2,8.92,CHEMBL956511
Bosutinib (SKI-606),CHEMBL288441,CHEMBL395,,HepG2,IC50,3910.0,5.41,CHEMBL956513
Bosutinib (SKI-606),CHEMBL288441,CHEMBL384,,HT-29,IC50,3870.0,5.41,CHEMBL956514
Bosutinib (SKI-606),CHEMBL288441,CHEMBL267,P12931,Proto-oncogene tyrosine-protein kinase Src,IC50,1.8,8.74,CHEMBL945297
Bosutinib (SKI-606),CHEMBL288441,CHEMBL267,P12931,Proto-oncogene tyrosine-protein kinase Src,IC50,1.2,8.92,CHEMBL945298
Bosutinib (SKI-606),CHEMBL288441,CHEMBL267,P12931,Proto-oncogene tyrosine-protein kinase Src,IC50,1.2,8.92,CHEMBL1022370
Bosutinib (SKI-606),CHEMBL288441,CHEMBL267,P12931,Proto-oncogene tyrosine-protein kinase Src,IC50,3.8,8.42,CHEMBL1039166
Bosutinib (SKI-606),CHEMBL288441,CHEMBL267,P12931,Proto-oncogene tyrosine-protein kinase Src,IC50,100.0,7.0,CHEMBL1039167
Bosutinib (SKI-606),CHEMBL288441,CHEMBL1862,P00519,Tyrosine-protein kinase ABL1,IC50,1.1,8.96,CHEMBL1110556
Bosutinib (SKI-606),CHEMBL288441,CHEMBL267,P12931,Proto-oncogene tyrosine-protein kinase Src,IC50,3.8,8.42,CHEMBL1110559
Bosutinib (SKI-606),CHEMBL288441,CHEMBL267,P12931,Proto-oncogene tyrosine-protein kinase Src,IC50,3.8,8.42,CHEMBL1105693
Bosutinib (SKI-606),CHEMBL288441,CHEMBL267,P12931,Proto-oncogene tyrosine-protein kinase Src,IC50,100.0,7.0,CHEMBL1105694
Bosutinib (SKI-606),CHEMBL288441,CHEMBL1862,P00519,Tyrosine-protein kinase ABL1,IC50,0.5,9.3,CHEMBL1244322
Bosutinib (SKI-606),CHEMBL288441,CHEMBL2073,P07947,Tyrosine-protein kinase Yes,IC50,0.4,9.4,CHEMBL1244321
Bosutinib (SKI-606),CHEMBL288441,CHEMBL4852,Q9Y4K4,Mitogen-activated protein kinase kinase kinase kinase 5,IC50,0.3,9.52,CHEMBL1244320
Bosutinib (SKI-606),CHEMBL288441,CHEMBL4454,P09769,Tyrosine-protein kinase Fgr,IC50,1.1,8.96,CHEMBL1244326
Bosutinib (SKI-606),CHEMBL288441,CHEMBL267,P12931,Proto-oncogene tyrosine-protein kinase Src,IC50,1.0,9.0,CHEMBL1244325
Bosutinib (SKI-606),CHEMBL288441,CHEMBL4014,P42684,Tyrosine-protein kinase ABL2,IC50,0.5,9.3,CHEMBL1244324
Bosutinib (SKI-606),CHEMBL288441,CHEMBL258,P06239,Tyrosine-protein kinase Lck,IC50,1.3,8.89,CHEMBL1244327
Bosutinib (SKI-606),CHEMBL288441,CHEMBL1841,P06241,Tyrosine-protein kinase Fyn,IC50,1.8,8.74,CHEMBL1244328
Bosutinib (SKI-606),CHEMBL288441,CHEMBL4223,P42685,Tyrosine-protein kinase FRK,IC50,2.2,8.66,CHEMBL1244329
Bosutinib (SKI-606),CHEMBL288441,CHEMBL5251,Q06187,Tyrosine-protein kinase BTK,IC50,2.5,8.6,CHEMBL1244330
Bosutinib (SKI-606),CHEMBL288441,CHEMBL4599,Q07912,Activated CDC42 kinase 1,IC50,2.7,8.57,CHEMBL1244331
Bosutinib (SKI-606),CHEMBL288441,CHEMBL3234,P08631,Tyrosine-protein kinase HCK,IC50,3.2,8.49,CHEMBL1244332
Bosutinib (SKI-606),CHEMBL288441,CHEMBL5082,Q9Y6E0,Serine/threonine-protein kinase 24,IC50,3.9,8.41,CHEMBL1244333
Bosutinib (SKI-606),CHEMBL288441,CHEMBL5147,P54760,Ephrin type-B receptor 4,IC50,5.5,8.26,CHEMBL1244334
Bosutinib (SKI-606),CHEMBL288441,CHEMBL3834,P51813,Cytoplasmic tyrosine-protein kinase BMX,IC50,7.9,8.1,CHEMBL1244335
Bosutinib (SKI-606),CHEMBL288441,CHEMBL3905,P07948,Tyrosine-protein kinase Lyn,IC50,8.0,8.1,CHEMBL1244336
Bosutinib (SKI-606),CHEMBL288441,CHEMBL3905,P07948,Tyrosine-protein kinase Lyn,IC50,8.0,8.1,CHEMBL1244337
Bosutinib (SKI-606),CHEMBL288441,CHEMBL5330,Q12851,Mitogen-activated protein kinase kinase kinase kinase 2,IC50,9.9,8.0,CHEMBL1244338
Bosutinib (SKI-606),CHEMBL288441,CHEMBL5518,Q8N4C8,Misshapen-like kinase 1,IC50,22.0,7.66,CHEMBL1244339
Bosutinib (SKI-606),CHEMBL288441,CHEMBL3981,O94804,Serine/threonine-protein kinase 10,IC50,52.0,7.28,CHEMBL1244340
Bosutinib (SKI-606),CHEMBL288441,CHEMBL2599,P43405,Tyrosine-protein kinase SYK,IC50,52.0,7.28,CHEMBL1244341
Bosutinib (SKI-606),CHEMBL288441,CHEMBL2634,P41240,Tyrosine-protein kinase CSK,IC50,63.0,7.2,CHEMBL1244342
Bosutinib (SKI-606),CHEMBL288441,CHEMBL5073,Q8IU85,Calcium/calmodulin-dependent protein kinase type 1D,IC50,92.0,7.04,CHEMBL1244343
Bosutinib (SKI-606),CHEMBL288441,CHEMBL5469,Q14289,Protein-tyrosine kinase 2-beta,IC50,134.0,6.87,CHEMBL1244344
Bosutinib (SKI-606),CHEMBL288441,CHEMBL3829,Q13555,Calcium/calmodulin-dependent protein kinase type II subunit gamma,IC50,184.0,6.74,CHEMBL1244345
Bosutinib (SKI-606),CHEMBL288441,CHEMBL4598,Q13043,Serine/threonine-protein kinase 4,IC50,191.0,6.72,CHEMBL1244346
Bosutinib (SKI-606),CHEMBL288441,CHEMBL4246,P42680,Tyrosine-protein kinase Tec,IC50,282.0,6.55,CHEMBL1244347
Bosutinib (SKI-606),CHEMBL288441,CHEMBL5408,Q9UHD2,Serine/threonine-protein kinase TBK1,IC50,471.0,6.33,CHEMBL1244348
Bosutinib (SKI-606),CHEMBL288441,CHEMBL3982,P16591,Tyrosine-protein kinase Fer,IC50,490.0,6.31,CHEMBL1244349
Bosutinib (SKI-606),CHEMBL288441,CHEMBL2695,Q05397,Focal adhesion kinase 1,IC50,538.0,6.27,CHEMBL1244350
Bosutinib (SKI-606),CHEMBL288441,CHEMBL1862,P00519,Tyrosine-protein kinase ABL1,IC50,26.0,7.59,CHEMBL1244573
Bosutinib (SKI-606),CHEMBL288441,CHEMBL4895,P30530,Tyrosine-protein kinase receptor UFO,IC50,174.0,6.76,CHEMBL1244574
Bosutinib (SKI-606),CHEMBL288441,CHEMBL1936,P10721,Mast/stem cell growth factor receptor Kit,IC50,6313.0,5.2,CHEMBL1244576
Bosutinib (SKI-606),CHEMBL288441,CHEMBL1936,P10721,Mast/stem cell growth factor receptor Kit,IC50,2772.0,5.56,CHEMBL1244577
Bosutinib (SKI-606),CHEMBL288441,CHEMBL1936,P10721,Mast/stem cell growth factor receptor Kit,IC50,32.0,7.49,CHEMBL1244578
Bosutinib (SKI-606),CHEMBL288441,CHEMBL1936,P10721,Mast/stem cell growth factor receptor Kit,IC50,181.0,6.74,CHEMBL1244579
Bosutinib (SKI-606),CHEMBL288441,CHEMBL1936,P10721,Mast/stem cell growth factor receptor Kit,IC50,132.0,6.88,CHEMBL1244580
Bosutinib (SKI-606),CHEMBL288441,CHEMBL203,P00533,Epidermal growth factor receptor,IC50,491.0,6.31,CHEMBL1244583
Bosutinib (SKI-606),CHEMBL288441,CHEMBL3290,P29323,Ephrin type-B receptor 2,IC50,8.5,8.07,CHEMBL1244584
Bosutinib (SKI-606),CHEMBL288441,CHEMBL5455,P07332,Tyrosine-protein kinase Fes/Fps,IC50,358.0,6.45,CHEMBL1244585
Bosutinib (SKI-606),CHEMBL288441,CHEMBL3778,Q9NWZ3,Interleukin-1 receptor-associated kinase 4,IC50,574.0,6.24,CHEMBL1244586
Bosutinib (SKI-606),CHEMBL288441,CHEMBL4128,Q02763,Angiopoietin-1 receptor,IC50,1191.0,5.92,CHEMBL1244590
Bosutinib (SKI-606),CHEMBL288441,CHEMBL2815,P04629,High affinity nerve growth factor receptor,IC50,22.0,7.66,CHEMBL1244591
Bosutinib (SKI-606),CHEMBL288441,CHEMBL4898,Q16620,BDNF/NT-3 growth factors receptor,IC50,27.0,7.57,CHEMBL1244592
Bosutinib (SKI-606),CHEMBL288441,CHEMBL4367,P42681,Tyrosine-protein kinase TXK,IC50,40.0,7.4,CHEMBL1244593
Bosutinib (SKI-606),CHEMBL288441,CHEMBL203,P00533,Epidermal growth factor receptor,IC50,53.0,7.28,CHEMBL1244582
Bosutinib (SKI-606),CHEMBL288441,CHEMBL267,P12931,Proto-oncogene tyrosine-protein kinase Src,IC50,1.0,9.0,CHEMBL1768404
Bosutinib (SKI-606),CHEMBL288441,CHEMBL4224,P49759,Dual specificity protein kinase CLK1,Kd,600.0,6.22,CHEMBL1908461
Bosutinib (SKI-606),CHEMBL288441,CHEMBL5608,Q16288,NT-3 growth factor receptor,Kd,3400.0,5.47,CHEMBL1908462
Bosutinib (SKI-606),CHEMBL288441,CHEMBL4674,P53778,Mitogen-activated protein kinase 12,Kd,10000.0,5.0,CHEMBL1908463
Bosutinib (SKI-606),CHEMBL288441,CHEMBL5331,Q12866,Tyrosine-protein kinase Mer,Kd,110.0,6.96,CHEMBL1908464
Bosutinib (SKI-606),CHEMBL288441,CHEMBL5668,P78362,SRSF protein kinase 2,Kd,10000.0,5.0,CHEMBL1908465
CHIR-99021,CHEMBL412142,CHEMBL262,P49841,Glycogen synthase kinase-3 beta,IC50,7.0,8.15,CHEMBL1249829
CHIR-99021,CHEMBL412142,CHEMBL2850,P49840,Glycogen synthase kinase-3 alpha,IC50,10.0,8.0,CHEMBL1249828
CHIR-99021,CHEMBL412142,CHEMBL2094127,,Cyclin-dependent kinase 1/cyclin B,IC50,8800.0,5.06,CHEMBL1249832
CHIR-99021,CHEMBL412142,CHEMBL262,P49841,Glycogen synthase kinase-3 beta,IC50,30.0,7.52,CHEMBL1942615
CHIR-99021,CHEMBL412142,CHEMBL262,P49841,Glycogen synthase kinase-3 beta,IC50,30.0,7.52,CHEMBL1942616
CHIR-99021,CHEMBL412142,CHEMBL4516,Q5VT25,Serine/threonine-protein kinase MRCK alpha,Ki,10000.0,5.0,CHEMBL1964102
CHIR-99021,CHEMBL412142,CHEMBL3829,Q13555,Calcium/calmodulin-dependent protein kinase type II subunit gamma,Ki,6309.57,5.2,CHEMBL1963710
CHIR-99021,CHEMBL412142,CHEMBL2543,P78368,Casein kinase I isoform gamma-2,Ki,7943.28,5.1,CHEMBL1963686
CHIR-99021,CHEMBL412142,CHEMBL4247,Q9UM73,ALK tyrosine kinase receptor,Ki,1258.93,5.9,CHEMBL1963704
CHIR-99021,CHEMBL412142,CHEMBL1991,O14920,Inhibitor of nuclear factor kappa-B kinase subunit beta,Ki,3162.28,5.5,CHEMBL1964112
CHIR-99021,CHEMBL412142,CHEMBL1844,P07333,Macrophage colony-stimulating factor 1 receptor,Ki,2511.89,5.6,CHEMBL1964104
CHIR-99021,CHEMBL412142,CHEMBL2971,O60674,Tyrosine-protein kinase JAK2,Ki,1584.89,5.8,CHEMBL1963693
CHIR-99021,CHEMBL412142,CHEMBL4816,Q9Y243,RAC-gamma serine/threonine-protein kinase,Ki,10000.0,5.0,CHEMBL1963699
CHIR-99021,CHEMBL412142,CHEMBL3788,O00444,Serine/threonine-protein kinase PLK4,Ki,3981.07,5.4,CHEMBL1963705
CHIR-99021,CHEMBL412142,CHEMBL4895,P30530,Tyrosine-protein kinase receptor UFO,Ki,1995.26,5.7,CHEMBL1964114
CHIR-99021,CHEMBL412142,CHEMBL6054,Q96RG2,PAS domain-containing serine/threonine-protein kinase,Ki,1584.89,5.8,CHEMBL1963700
CHIR-99021,CHEMBL412142,CHEMBL5026,O00418,Eukaryotic elongation factor 2 kinase,Ki,3981.07,5.4,CHEMBL1963711
CHIR-99021,CHEMBL412142,CHEMBL3438,Q05513,Protein kinase C zeta type,Ki,7943.28,5.1,CHEMBL1963694
CHIR-99021,CHEMBL412142,CHEMBL4045,Q13131,5'-AMP-activated protein kinase catalytic subunit alpha-1,Ki,3981.07,5.4,CHEMBL1963701
CHIR-99021,CHEMBL412142,CHEMBL2041,P07949,Proto-oncogene tyrosine-protein kinase receptor Ret,Ki,1258.93,5.9,CHEMBL1963706
CHIR-99021,CHEMBL412142,CHEMBL5650,Q8TDC3,Serine/threonine-protein kinase BRSK1,Ki,10000.0,5.0,CHEMBL1964105
CHIR-99021,CHEMBL412142,CHEMBL4896,Q96KB5,Lymphokine-activated killer T-cell-originated protein kinase,Ki,10000.0,5.0,CHEMBL1964100
CHIR-99021,CHEMBL412142,CHEMBL4273,Q13976,cGMP-dependent protein kinase 1,Ki,1995.26,5.7,CHEMBL1963695
CHIR-99021,CHEMBL412142,CHEMBL4900,Q9BZL6,Serine/threonine-protein kinase D2,Ki,10000.0,5.0,CHEMBL1963707
CHIR-99021,CHEMBL412142,CHEMBL2345,P51812,Ribosomal protein S6 kinase alpha-3,Ki,7943.28,5.1,CHEMBL1963690
CHIR-99021,CHEMBL412142,CHEMBL2896,Q13237,cGMP-dependent protein kinase 2,Ki,1584.89,5.8,CHEMBL1963702
CHIR-99021,CHEMBL412142,CHEMBL6166,O95819,Mitogen-activated protein kinase kinase kinase kinase 4,Ki,10000.0,5.0,CHEMBL1964101
CHIR-99021,CHEMBL412142,CHEMBL2349,P15735,"Phosphorylase b kinase gamma catalytic chain, liver/testis isoform",Ki,5011.87,5.3,CHEMBL1963696
CHIR-99021,CHEMBL412142,CHEMBL2996,Q05655,Protein kinase C delta type,Ki,7943.28,5.1,CHEMBL1963703
CHIR-99021,CHEMBL412142,CHEMBL4501,P23443,Ribosomal protein S6 kinase beta-1,Ki,3162.28,5.5,CHEMBL1963708
CHIR-99021,CHEMBL412142,CHEMBL2292,Q13627,Dual specificity tyrosine-phosphorylation-regulated kinase 1A,Ki,6309.57,5.2,CHEMBL1964107
CHIR-99021,CHEMBL412142,CHEMBL4708,Q13188,Serine/threonine-protein kinase 3,Ki,7943.28,5.1,CHEMBL1964119
CHIR-99021,CHEMBL412142,CHEMBL4225,P49760,Dual specificity protein kinase CLK2,Ki,7943.28,5.1,CHEMBL1963691
CHIR-99021,CHEMBL412142,CHEMBL4897,Q9H4B4,Serine/threonine-protein kinase PLK3,Ki,7943.28,5.1,CHEMBL1963697
CHIR-99021,CHEMBL412142,CHEMBL2426,Q9HCP0,Casein kinase I isoform gamma-1,Ki,3162.28,5.5,CHEMBL1963743
CHIR-99021,CHEMBL412142,CHEMBL3836,P53667,LIM domain kinase 1,Ki,6309.57,5.2,CHEMBL1963749
CHIR-99021,CHEMBL412142,CHEMBL4630,O14757,Serine/threonine-protein kinase Chk1,Ki,7943.28,5.1,CHEMBL1963782
CHIR-99021,CHEMBL412142,CHEMBL1936,P10721,Mast/stem cell growth factor receptor Kit,Ki,1258.93,5.9,CHEMBL1963734
CHIR-99021,CHEMBL412142,CHEMBL5600,P27448,MAP/microtubule affinity-regulating kinase 3,Ki,6309.57,5.2,CHEMBL1963756
CHIR-99021,CHEMBL412142,CHEMBL5794,Q9HBY8,Serine/threonine-protein kinase Sgk2,Ki,10000.0,5.0,CHEMBL1963793
CHIR-99021,CHEMBL412142,CHEMBL4722,O14965,Aurora kinase A,Ki,3162.28,5.5,CHEMBL1963727
CHIR-99021,CHEMBL412142,CHEMBL2431,P31751,RAC-beta serine/threonine-protein kinase,Ki,7943.28,5.1,CHEMBL1963739
CHIR-99021,CHEMBL412142,CHEMBL4237,O75582,Ribosomal protein S6 kinase alpha-5,Ki,1995.26,5.7,CHEMBL1963744
CHIR-99021,CHEMBL412142,CHEMBL3886,Q9NYL2,Mitogen-activated protein kinase kinase kinase 20,Ki,7943.28,5.1,CHEMBL1963763
CHIR-99021,CHEMBL412142,CHEMBL3476,O15111,Inhibitor of nuclear factor kappa-B kinase subunit alpha,Ki,3981.07,5.4,CHEMBL1963776
CHIR-99021,CHEMBL412142,CHEMBL279,P35968,Vascular endothelial growth factor receptor 2,Ki,7943.28,5.1,CHEMBL1963788
CHIR-99021,CHEMBL412142,CHEMBL5818,P51817,cAMP-dependent protein kinase catalytic subunit PRKX,Ki,1584.89,5.8,CHEMBL1963800
CHIR-99021,CHEMBL412142,CHEMBL301,P24941,Cyclin-dependent kinase 2,Ki,1584.89,5.8,CHEMBL1963723
CHIR-99021,CHEMBL412142,CHEMBL3778,Q9NWZ3,Interleukin-1 receptor-associated kinase 4,Ki,10000.0,5.0,CHEMBL1963808
CHIR-99021,CHEMBL412142,CHEMBL258,P06239,Tyrosine-protein kinase Lck,Ki,2511.89,5.6,CHEMBL1963718
CHIR-99021,CHEMBL412142,CHEMBL3629,P68400,Casein kinase II subunit alpha,Ki,6309.57,5.2,CHEMBL1963735
CHIR-99021,CHEMBL412142,CHEMBL3905,P07948,Tyrosine-protein kinase Lyn,Ki,1584.89,5.8,CHEMBL1963745
CHIR-99021,CHEMBL412142,CHEMBL5261,Q7L7X3,Serine/threonine-protein kinase TAO1,Ki,3981.07,5.4,CHEMBL1963750
CHIR-99021,CHEMBL412142,CHEMBL2828,P48730,Casein kinase I isoform delta,Ki,7943.28,5.1,CHEMBL1963783
CHIR-99021,CHEMBL412142,CHEMBL4040,P28482,Mitogen-activated protein kinase 1,Ki,7943.28,5.1,CHEMBL1963794
CHIR-99021,CHEMBL412142,CHEMBL3650,P11362,Fibroblast growth factor receptor 1,Ki,5011.87,5.3,CHEMBL1963740
CHIR-99021,CHEMBL412142,CHEMBL2815,P04629,High affinity nerve growth factor receptor,Ki,2511.89,5.6,CHEMBL1963757
CHIR-99021,CHEMBL412142,CHEMBL2850,P49840,Glycogen synthase kinase-3 alpha,Ki,10.0,8.0,CHEMBL1963771
CHIR-99021,CHEMBL412142,CHEMBL2695,Q05397,Focal adhesion kinase 1,Ki,1584.89,5.8,CHEMBL1963801
CHIR-99021,CHEMBL412142,CHEMBL2185,Q96GD4,Aurora kinase B,Ki,6309.57,5.2,CHEMBL1963807
CHIR-99021,CHEMBL412142,CHEMBL3094,Q8IW41,MAP kinase-activated protein kinase 5,Ki,1584.89,5.8,CHEMBL1963728
CHIR-99021,CHEMBL412142,CHEMBL4375,Q96SB4,SRSF protein kinase 1,Ki,7943.28,5.1,CHEMBL1963724
CHIR-99021,CHEMBL412142,CHEMBL4179,P45984,Mitogen-activated protein kinase 9,Ki,3981.07,5.4,CHEMBL1963746
CHIR-99021,CHEMBL412142,CHEMBL3553,P29597,Non-receptor tyrosine-protein kinase TYK2,Ki,1995.26,5.7,CHEMBL1963765
CHIR-99021,CHEMBL412142,CHEMBL1974,P36888,Receptor-type tyrosine-protein kinase FLT3,Ki,2511.89,5.6,CHEMBL1963779
CHIR-99021,CHEMBL412142,CHEMBL1862,P00519,Tyrosine-protein kinase ABL1,Ki,630.96,6.2,CHEMBL1963785
CHIR-99021,CHEMBL412142,CHEMBL4036,Q00535,Cyclin-dependent kinase 5,Ki,10000.0,5.0,CHEMBL1963790
CHIR-99021,CHEMBL412142,CHEMBL5518,Q8N4C8,Misshapen-like kinase 1,Ki,7943.28,5.1,CHEMBL1963795
CHIR-99021,CHEMBL412142,CHEMBL2468,O43293,Death-associated protein kinase 3,Ki,1258.93,5.9,CHEMBL1963719
CHIR-99021,CHEMBL412142,CHEMBL2208,P49137,MAP kinase-activated protein kinase 2,Ki,7943.28,5.1,CHEMBL1963729
CHIR-99021,CHEMBL412142,CHEMBL4482,O96013,Serine/threonine-protein kinase PAK 4,Ki,5011.87,5.3,CHEMBL1963736
CHIR-99021,CHEMBL412142,CHEMBL3357,P51617,Interleukin-1 receptor-associated kinase 1,Ki,7943.28,5.1,CHEMBL1963802
CHIR-99021,CHEMBL412142,CHEMBL2793,P48729,Casein kinase I isoform alpha,Ki,6309.57,5.2,CHEMBL1963741
CHIR-99021,CHEMBL412142,CHEMBL2250,P51451,Tyrosine-protein kinase Blk,Ki,1584.89,5.8,CHEMBL1963752
CHIR-99021,CHEMBL412142,CHEMBL5330,Q12851,Mitogen-activated protein kinase kinase kinase kinase 2,Ki,6309.57,5.2,CHEMBL1963772
CHIR-99021,CHEMBL412142,CHEMBL5819,P51957,Serine/threonine-protein kinase Nek4,Ki,6309.57,5.2,CHEMBL1963796
CHIR-99021,CHEMBL412142,CHEMBL2276,P45983,Mitogen-activated protein kinase 8,Ki,3162.28,5.5,CHEMBL1963725
CHIR-99021,CHEMBL412142,CHEMBL2959,Q08881,Tyrosine-protein kinase ITK/TSK,Ki,1584.89,5.8,CHEMBL1963747
CHIR-99021,CHEMBL412142,CHEMBL1981,P06213,Insulin receptor,Ki,5011.87,5.3,CHEMBL1963759
CHIR-99021,CHEMBL412142,CHEMBL203,P00533,Epidermal growth factor receptor,Ki,1995.26,5.7,CHEMBL1963766
CHIR-99021,CHEMBL412142,CHEMBL1824,P04626,Receptor tyrosine-protein kinase erbB-2,Ki,1584.89,5.8,CHEMBL1963780
CHIR-99021,CHEMBL412142,CHEMBL2068,P29317,Ephrin type-A receptor 2,Ki,3162.28,5.5,CHEMBL1963791
CHIR-99021,CHEMBL412142,CHEMBL2595,O94806,Serine/threonine-protein kinase D3,Ki,7943.28,5.1,CHEMBL1963715
CHIR-99021,CHEMBL412142,CHEMBL2527,O96017,Serine/threonine-protein kinase Chk2,Ki,3981.07,5.4,CHEMBL1963720
CHIR-99021,CHEMBL412142,CHEMBL5443,O00311,Cell division cycle 7-related protein kinase,Ki,1258.93,5.9,CHEMBL1963731
CHIR-99021,CHEMBL412142,CHEMBL4204,Q9HBH9,MAP kinase-interacting serine/threonine-protein kinase 2,Ki,10000.0,5.0,CHEMBL1963786
CHIR-99021,CHEMBL412142,CHEMBL4601,Q13882,Protein-tyrosine kinase 6,Ki,2511.89,5.6,CHEMBL1963803
CHIR-99021,CHEMBL412142,CHEMBL4600,Q13153,Serine/threonine-protein kinase PAK 1,Ki,10000.0,5.0,CHEMBL1963737
CHIR-99021,CHEMBL412142,CHEMBL6003,Q9BXA7,Testis-specific serine/threonine-protein kinase 1,Ki,1584.89,5.8,CHEMBL1963753
CHIR-99021,CHEMBL412142,CHEMBL2938,P05129,Protein kinase C gamma type,Ki,7943.28,5.1,CHEMBL1963767
CHIR-99021,CHEMBL412142,CHEMBL4575,O43781,Dual specificity tyrosine-phosphorylation-regulated kinase 3,Ki,6309.57,5.2,CHEMBL1963773
CHIR-99021,CHEMBL412142,CHEMBL4578,Q14680,Maternal embryonic leucine zipper kinase,Ki,1584.89,5.8,CHEMBL1963804
CHIR-99021,CHEMBL412142,CHEMBL2148,P52333,Tyrosine-protein kinase JAK3,Ki,1584.89,5.8,CHEMBL1963742
CHIR-99021,CHEMBL412142,CHEMBL3032,Q16513,Serine/threonine-protein kinase N2,Ki,7943.28,5.1,CHEMBL1963748
CHIR-99021,CHEMBL412142,CHEMBL5469,Q14289,Protein-tyrosine kinase 2-beta,Ki,1584.89,5.8,CHEMBL1963760
CHIR-99021,CHEMBL412142,CHEMBL4670,Q16644,MAP kinase-activated protein kinase 3,Ki,10000.0,5.0,CHEMBL1963781
CHIR-99021,CHEMBL412142,CHEMBL4121,Q13554,Calcium/calmodulin-dependent protein kinase type II subunit beta,Ki,7943.28,5.1,CHEMBL1963787
CHIR-99021,CHEMBL412142,CHEMBL1957,P08069,Insulin-like growth factor 1 receptor,Ki,1258.93,5.9,CHEMBL1963792
CHIR-99021,CHEMBL412142,CHEMBL6014,Q96PF2,Testis-specific serine/threonine-protein kinase 2,Ki,1584.89,5.8,CHEMBL1963716
CHIR-99021,CHEMBL412142,CHEMBL4576,Q9H2X6,Homeodomain-interacting protein kinase 2,Ki,3162.28,5.5,CHEMBL1963754
CI-1040 (PD184352),CHEMBL105442,CHEMBL3587,Q02750,Dual specificity mitogen-activated protein kinase kinase 1,IC50,2.0,8.7,CHEMBL734032
CI-1040 (PD184352),CHEMBL105442,CHEMBL614721,,LoVo,IC50,131.0,6.88,CHEMBL709028
CI-1040 (PD184352),CHEMBL105442,CHEMBL614058,,Caco-2,IC50,1000.0,6.0,CHEMBL655521
CI-1040 (PD184352),CHEMBL105442,CHEMBL2111289,,Dual specificity mitogen-activated protein kinase kinase; MEK1/2,IC50,16.0,7.8,CHEMBL895598
CI-1040 (PD184352),CHEMBL105442,CHEMBL2111289,,Dual specificity mitogen-activated protein kinase kinase; MEK1/2,IC50,46.0,7.34,CHEMBL895599
CI-1040 (PD184352),CHEMBL105442,CHEMBL1906,P04049,RAF proto-oncogene serine/threonine-protein kinase,IC50,12.0,7.92,CHEMBL951323
CI-1040 (PD184352),CHEMBL105442,CHEMBL5579,O14578,Citron Rho-interacting kinase,Kd,10000.0,5.0,CHEMBL1908762
CI-1040 (PD184352),CHEMBL105442,CHEMBL5081,Q9Y616,Interleukin-1 receptor-associated kinase 3,Kd,10000.0,5.0,CHEMBL1908763
CI-1040 (PD184352),CHEMBL105442,CHEMBL1075155,Q15208,Serine/threonine-protein kinase 38,Kd,10000.0,5.0,CHEMBL1908764
CI-1040 (PD184352),CHEMBL105442,CHEMBL5855,Q96PY6,Serine/threonine-protein kinase Nek1,Kd,10000.0,5.0,CHEMBL1908765
CI-1040 (PD184352),CHEMBL105442,CHEMBL5388,Q9UKI8,Serine/threonine-protein kinase tousled-like 1,Kd,10000.0,5.0,CHEMBL1908766
CI-1040 (PD184352),CHEMBL105442,CHEMBL6162,O94921,Cyclin-dependent kinase 14,Kd,10000.0,5.0,CHEMBL1908767
CI-1040 (PD184352),CHEMBL105442,CHEMBL1908383,O60331,Phosphatidylinositol 4-phosphate 5-kinase type-1 gamma,Kd,10000.0,5.0,CHEMBL1908448
CI-1040 (PD184352),CHEMBL105442,CHEMBL1163108,Q9UEW8,STE20/SPS1-related proline-alanine-rich protein kinase,Kd,10000.0,5.0,CHEMBL1908768
CI-1040 (PD184352),CHEMBL105442,CHEMBL5408,Q9UHD2,Serine/threonine-protein kinase TBK1,Kd,10000.0,5.0,CHEMBL1908769
CI-1040 (PD184352),CHEMBL105442,CHEMBL6186,Q96BR1,Serine/threonine-protein kinase Sgk3,Kd,10000.0,5.0,CHEMBL1908770
CI-1040 (PD184352),CHEMBL105442,CHEMBL3529,Q14164,Inhibitor of nuclear factor kappa-B kinase subunit epsilon,Kd,10000.0,5.0,CHEMBL1908771
CI-1040 (PD184352),CHEMBL105442,CHEMBL5483,P14616,Insulin receptor-related protein,Kd,10000.0,5.0,CHEMBL1908772
CI-1040 (PD184352),CHEMBL105442,CHEMBL3788,O00444,Serine/threonine-protein kinase PLK4,Kd,10000.0,5.0,CHEMBL1908773
CI-1040 (PD184352),CHEMBL105442,CHEMBL3123,Q9UIK4,Death-associated protein kinase 2,Kd,10000.0,5.0,CHEMBL1908774
CI-1040 (PD184352),CHEMBL105442,CHEMBL5415,Q9UPE1,SRSF protein kinase 3,Kd,10000.0,5.0,CHEMBL1908775
CI-1040 (PD184352),CHEMBL105442,CHEMBL4309,Q9HC98,Serine/threonine-protein kinase Nek6,Kd,10000.0,5.0,CHEMBL1908776
CI-1040 (PD184352),CHEMBL105442,CHEMBL6029,Q9BQI3,Eukaryotic translation initiation factor 2-alpha kinase 1,Kd,10000.0,5.0,CHEMBL1908777
CI-1040 (PD184352),CHEMBL105442,CHEMBL4924,Q9UK32,Ribosomal protein S6 kinase alpha-6,Kd,10000.0,5.0,CHEMBL1908778
CI-1040 (PD184352),CHEMBL105442,CHEMBL4924,Q9UK32,Ribosomal protein S6 kinase alpha-6,Kd,10000.0,5.0,CHEMBL1908779
CI-1040 (PD184352),CHEMBL105442,CHEMBL5907,Q9NRM7,Serine/threonine-protein kinase LATS2,Kd,10000.0,5.0,CHEMBL1908780
CI-1040 (PD184352),CHEMBL105442,CHEMBL1795165,P57058,Hormonally up-regulated neu tumor-associated kinase,Kd,10000.0,5.0,CHEMBL1908781
CI-1040 (PD184352),CHEMBL105442,CHEMBL5435,Q8IYT8,Serine/threonine-protein kinase ULK2,Kd,10000.0,5.0,CHEMBL1908782
CI-1040 (PD184352),CHEMBL105442,CHEMBL4202,Q9H2G2,STE20-like serine/threonine-protein kinase,Kd,10000.0,5.0,CHEMBL1908783
CI-1040 (PD184352),CHEMBL105442,CHEMBL4578,Q14680,Maternal embryonic leucine zipper kinase,Kd,10000.0,5.0,CHEMBL1908784
CI-1040 (PD184352),CHEMBL105442,CHEMBL5784,O60285,NUAK family SNF1-like kinase 1,Kd,10000.0,5.0,CHEMBL1908785
CI-1040 (PD184352),CHEMBL105442,CHEMBL3830,Q2M2I8,AP2-associated protein kinase 1,Kd,10000.0,5.0,CHEMBL1908786
CI-1040 (PD184352),CHEMBL105442,CHEMBL1163126,Q9UPZ9,Serine/threonine-protein kinase ICK,Kd,10000.0,5.0,CHEMBL1908787
CI-1040 (PD184352),CHEMBL105442,CHEMBL1163128,Q9Y2H9,Microtubule-associated serine/threonine-protein kinase 1,Kd,10000.0,5.0,CHEMBL1908788
CI-1040 (PD184352),CHEMBL105442,CHEMBL4851,Q9Y2H1,Serine/threonine-protein kinase 38-like,Kd,10000.0,5.0,CHEMBL1908789
CI-1040 (PD184352),CHEMBL105442,CHEMBL4527,Q9UKE5,TRAF2 and NCK-interacting protein kinase,Kd,10000.0,5.0,CHEMBL1908790
CI-1040 (PD184352),CHEMBL105442,CHEMBL6002,Q9BWU1,Cyclin-dependent kinase 19,Kd,10000.0,5.0,CHEMBL1908791
CI-1040 (PD184352),CHEMBL105442,CHEMBL5699,Q9H0K1,Serine/threonine-protein kinase SIK2,Kd,10000.0,5.0,CHEMBL1908792
CI-1040 (PD184352),CHEMBL105442,CHEMBL4312,Q9NRP7,Serine/threonine-protein kinase 36,Kd,10000.0,5.0,CHEMBL1908793
CI-1040 (PD184352),CHEMBL105442,CHEMBL5260,Q59H18,Serine/threonine-protein kinase TNNI3K,Kd,10000.0,5.0,CHEMBL1908794
CI-1040 (PD184352),CHEMBL105442,CHEMBL3778,Q9NWZ3,Interleukin-1 receptor-associated kinase 4,Kd,10000.0,5.0,CHEMBL1908795
CI-1040 (PD184352),CHEMBL105442,CHEMBL1075195,Q9UL54,Serine/threonine-protein kinase TAO2,Kd,10000.0,5.0,CHEMBL1908796
CI-1040 (PD184352),CHEMBL105442,CHEMBL5364,Q9UBE8,Serine/threonine-protein kinase NLK,Kd,10000.0,5.0,CHEMBL1908797
CI-1040 (PD184352),CHEMBL105442,CHEMBL5701,Q9H2K8,Serine/threonine-protein kinase TAO3,Kd,10000.0,5.0,CHEMBL1908798
CI-1040 (PD184352),CHEMBL105442,CHEMBL4900,Q9BZL6,Serine/threonine-protein kinase D2,Kd,10000.0,5.0,CHEMBL1908799
CI-1040 (PD184352),CHEMBL105442,CHEMBL5941,Q9P289,Serine/threonine-protein kinase 26,Kd,10000.0,5.0,CHEMBL1908800
CI-1040 (PD184352),CHEMBL105442,CHEMBL5546,Q8NEV4,Myosin-IIIa,Kd,10000.0,5.0,CHEMBL1908801
CI-1040 (PD184352),CHEMBL105442,CHEMBL3290,P29323,Ephrin type-B receptor 2,Kd,10000.0,5.0,CHEMBL1908802
CI-1040 (PD184352),CHEMBL105442,CHEMBL3831,Q7KZI7,Serine/threonine-protein kinase MARK2,Kd,10000.0,5.0,CHEMBL1908803
CI-1040 (PD184352),CHEMBL105442,CHEMBL5615,Q6DT37,Serine/threonine-protein kinase MRCK gamma,Kd,10000.0,5.0,CHEMBL1908804
CI-1040 (PD184352),CHEMBL105442,CHEMBL4204,Q9HBH9,MAP kinase-interacting serine/threonine-protein kinase 2,Kd,10000.0,5.0,CHEMBL1908805
CI-1040 (PD184352),CHEMBL105442,CHEMBL4522,Q9NSY1,BMP-2-inducible protein kinase,Kd,10000.0,5.0,CHEMBL1908806
CI-1040 (PD184352),CHEMBL105442,CHEMBL1628470,Q9BX84,Transient receptor potential cation channel subfamily M member 6,Kd,10000.0,5.0,CHEMBL1908807
CI-1040 (PD184352),CHEMBL105442,CHEMBL1908384,Q9NRH2,SNF-related serine/threonine-protein kinase,Kd,10000.0,5.0,CHEMBL1908449
CI-1040 (PD184352),CHEMBL105442,CHEMBL6000,Q9BVS4,Serine/threonine-protein kinase RIO2,Kd,10000.0,5.0,CHEMBL1908808
CI-1040 (PD184352),CHEMBL105442,CHEMBL5912,Q9NY57,Serine/threonine-protein kinase 32B,Kd,10000.0,5.0,CHEMBL1908809
CI-1040 (PD184352),CHEMBL105442,CHEMBL5940,Q9P0L2,Serine/threonine-protein kinase MARK1,Kd,10000.0,5.0,CHEMBL1908810
CI-1040 (PD184352),CHEMBL105442,CHEMBL2850,P49840,Glycogen synthase kinase-3 alpha,Kd,10000.0,5.0,CHEMBL1908811
CI-1040 (PD184352),CHEMBL105442,CHEMBL4311,Q9NQU5,Serine/threonine-protein kinase PAK 6,Kd,10000.0,5.0,CHEMBL1908812
CI-1040 (PD184352),CHEMBL105442,CHEMBL5550,Q8NI60,"Atypical kinase COQ8A, mitochondrial",Kd,10000.0,5.0,CHEMBL1908813
CI-1040 (PD184352),CHEMBL105442,CHEMBL4524,Q9P286,Serine/threonine-protein kinase PAK 5,Kd,10000.0,5.0,CHEMBL1908814
CI-1040 (PD184352),CHEMBL105442,CHEMBL5073,Q8IU85,Calcium/calmodulin-dependent protein kinase type 1D,Kd,10000.0,5.0,CHEMBL1908815
CI-1040 (PD184352),CHEMBL105442,CHEMBL5258,Q96NX5,Calcium/calmodulin-dependent protein kinase type 1G,Kd,10000.0,5.0,CHEMBL1908816
CI-1040 (PD184352),CHEMBL105442,CHEMBL4134,P29322,Ephrin type-A receptor 8,Kd,10000.0,5.0,CHEMBL1908817
CI-1040 (PD184352),CHEMBL105442,CHEMBL2041,P07949,Proto-oncogene tyrosine-protein kinase receptor Ret,Kd,10000.0,5.0,CHEMBL1908818
CI-1040 (PD184352),CHEMBL105442,CHEMBL2041,P07949,Proto-oncogene tyrosine-protein kinase receptor Ret,Kd,10000.0,5.0,CHEMBL1908819
CI-1040 (PD184352),CHEMBL105442,CHEMBL2041,P07949,Proto-oncogene tyrosine-protein kinase receptor Ret,Kd,10000.0,5.0,CHEMBL1908820
CI-1040 (PD184352),CHEMBL105442,CHEMBL2041,P07949,Proto-oncogene tyrosine-protein kinase receptor Ret,Kd,10000.0,5.0,CHEMBL1908821
CI-1040 (PD184352),CHEMBL105442,CHEMBL6083,P57078,Receptor-interacting serine/threonine-protein kinase 4,Kd,10000.0,5.0,CHEMBL1908460
CI-1040 (PD184352),CHEMBL105442,CHEMBL4203,Q9HAZ1,Dual specificity protein kinase CLK4,Kd,10000.0,5.0,CHEMBL1908822
CI-1040 (PD184352),CHEMBL105442,CHEMBL5261,Q7L7X3,Serine/threonine-protein kinase TAO1,Kd,10000.0,5.0,CHEMBL1908823
CI-1040 (PD184352),CHEMBL105442,CHEMBL3906,Q15349,Ribosomal protein S6 kinase alpha-2,Kd,10000.0,5.0,CHEMBL1908824
CI-1040 (PD184352),CHEMBL105442,CHEMBL2426,Q9HCP0,Casein kinase I isoform gamma-1,Kd,10000.0,5.0,CHEMBL1908825
CI-1040 (PD184352),CHEMBL105442,CHEMBL4576,Q9H2X6,Homeodomain-interacting protein kinase 2,Kd,10000.0,5.0,CHEMBL1908826
CI-1040 (PD184352),CHEMBL105442,CHEMBL3973,P22455,Fibroblast growth factor receptor 4,Kd,10000.0,5.0,CHEMBL1908827
CI-1040 (PD184352),CHEMBL105442,CHEMBL4142,P21802,Fibroblast growth factor receptor 2,Kd,10000.0,5.0,CHEMBL1908828
CI-1040 (PD184352),CHEMBL105442,CHEMBL3650,P11362,Fibroblast growth factor receptor 1,Kd,10000.0,5.0,CHEMBL1908829
CI-1040 (PD184352),CHEMBL105442,CHEMBL5416,Q9UQ88,Cyclin-dependent kinase 11A,Kd,10000.0,5.0,CHEMBL1908830
CI-1040 (PD184352),CHEMBL105442,CHEMBL1770034,Q8TBX8,Phosphatidylinositol 5-phosphate 4-kinase type-2 gamma,Kd,10000.0,5.0,CHEMBL1908831
CI-1040 (PD184352),CHEMBL105442,CHEMBL5753,Q96D53,"Atypical kinase COQ8B, mitochondrial",Kd,10000.0,5.0,CHEMBL1908832
CI-1040 (PD184352),CHEMBL105442,CHEMBL6191,Q56UN5,Mitogen-activated protein kinase kinase kinase 19,Kd,10000.0,5.0,CHEMBL1908833
CI-1040 (PD184352),CHEMBL105442,CHEMBL2964,P36507,Dual specificity mitogen-activated protein kinase kinase 2,Kd,370.0,6.43,CHEMBL1908834
CI-1040 (PD184352),CHEMBL105442,CHEMBL6005,Q9BYT3,Serine/threonine-protein kinase 33,Kd,10000.0,5.0,CHEMBL1908835
CI-1040 (PD184352),CHEMBL105442,CHEMBL5698,Q9H093,NUAK family SNF1-like kinase 2,Kd,10000.0,5.0,CHEMBL1908836
CI-1040 (PD184352),CHEMBL105442,CHEMBL5754,Q96L34,MAP/microtubule affinity-regulating kinase 4,Kd,10000.0,5.0,CHEMBL1908837
CI-1040 (PD184352),CHEMBL105442,CHEMBL5975,Q9BRS2,Serine/threonine-protein kinase RIO1,Kd,10000.0,5.0,CHEMBL1908838
CI-1040 (PD184352),CHEMBL105442,CHEMBL6003,Q9BXA7,Testis-specific serine/threonine-protein kinase 1,Kd,10000.0,5.0,CHEMBL1908839
CI-1040 (PD184352),CHEMBL105442,CHEMBL5256,Q8N5S9,Calcium/calmodulin-dependent protein kinase kinase 1,Kd,10000.0,5.0,CHEMBL1908840
CI-1040 (PD184352),CHEMBL105442,CHEMBL5650,Q8TDC3,Serine/threonine-protein kinase BRSK1,Kd,10000.0,5.0,CHEMBL1908399
CI-1040 (PD184352),CHEMBL105442,CHEMBL2208,P49137,MAP kinase-activated protein kinase 2,Kd,10000.0,5.0,CHEMBL1908400
CI-1040 (PD184352),CHEMBL105442,CHEMBL5257,Q8TD19,Serine/threonine-protein kinase Nek9,Kd,10000.0,5.0,CHEMBL1908401
CI-1040 (PD184352),CHEMBL105442,CHEMBL2777,Q9H1R3,"Myosin light chain kinase 2, skeletal/cardiac muscle",Kd,10000.0,5.0,CHEMBL1908402
CI-1040 (PD184352),CHEMBL105442,CHEMBL2872,P80192,Mitogen-activated protein kinase kinase kinase 9,Kd,10000.0,5.0,CHEMBL1908403
CI-1040 (PD184352),CHEMBL105442,CHEMBL6123,Q9C098,Serine/threonine-protein kinase DCLK3,Kd,10000.0,5.0,CHEMBL1908404
CI-1040 (PD184352),CHEMBL105442,CHEMBL5808,P21127,Cyclin-dependent kinase 11B,Kd,10000.0,5.0,CHEMBL1908405
CI-1040 (PD184352),CHEMBL105442,CHEMBL2428,Q15746,"Myosin light chain kinase, smooth muscle",Kd,10000.0,5.0,CHEMBL1908406
CI-1040 (PD184352),CHEMBL105442,CHEMBL5703,Q9H3Y6,Tyrosine-protein kinase Srms,Kd,10000.0,5.0,CHEMBL1908407
CI-1040 (PD184352),CHEMBL105442,CHEMBL5651,Q8TDR2,Serine/threonine-protein kinase 35,Kd,10000.0,5.0,CHEMBL1908408
CI-1040 (PD184352),CHEMBL105442,CHEMBL2292,Q13627,Dual specificity tyrosine-phosphorylation-regulated kinase 1A,Kd,10000.0,5.0,CHEMBL1908409
CI-1040 (PD184352),CHEMBL105442,CHEMBL4849,Q8TDX7,Serine/threonine-protein kinase Nek7,Kd,10000.0,5.0,CHEMBL1908451
CYT387,CHEMBL1078178,CHEMBL2971,O60674,Tyrosine-protein kinase JAK2,IC50,18.0,7.74,CHEMBL1107753
CYT387,CHEMBL1078178,CHEMBL2148,P52333,Tyrosine-protein kinase JAK3,IC50,155.0,6.81,CHEMBL1107755
CYT387,CHEMBL1078178,CHEMBL2971,O60674,Tyrosine-protein kinase JAK2,IC50,11.0,7.96,CHEMBL1108564
CYT387,CHEMBL1078178,CHEMBL613888,,HEL,IC50,1804.0,5.74,CHEMBL1111353
CYT387,CHEMBL1078178,CHEMBL385,,K562,IC50,20000.0,4.7,CHEMBL1111354
CYT387,CHEMBL1078178,CHEMBL2835,P23458,Tyrosine-protein kinase JAK1,IC50,11.0,7.96,CHEMBL1108560
CYT387,CHEMBL1078178,CHEMBL2835,P23458,Tyrosine-protein kinase JAK1,IC50,11.0,7.96,CHEMBL3225237
CYT387,CHEMBL1078178,CHEMBL5903,Q04771,Activin receptor type-1,IC50,8.0,8.1,CHEMBL3889143
CYT387,CHEMBL1078178,CHEMBL5903,Q04771,Activin receptor type-1,Kd,25.0,7.6,CHEMBL3889143
CYT387,CHEMBL1078178,CHEMBL5275,P36894,Bone morphogenetic protein receptor type-1A,IC50,405.0,6.39,CHEMBL3889144
CYT387,CHEMBL1078178,CHEMBL5275,P36894,Bone morphogenetic protein receptor type-1A,Kd,1000.0,6.0,CHEMBL3889144
CYT387,CHEMBL1078178,CHEMBL5476,O00238,Bone morphogenetic protein receptor type-1B,IC50,107.0,6.97,CHEMBL3889145
CYT387,CHEMBL1078178,CHEMBL5476,O00238,Bone morphogenetic protein receptor type-1B,Kd,19.0,7.72,CHEMBL3889145
CYT387,CHEMBL1078178,CHEMBL4439,P36897,TGF-beta receptor type-1,IC50,205.0,6.69,CHEMBL3889146
CYT387,CHEMBL1078178,CHEMBL4439,P36897,TGF-beta receptor type-1,Kd,670.0,6.17,CHEMBL3889146
CYT387,CHEMBL1078178,CHEMBL3830,Q2M2I8,AP2-associated protein kinase 1,Kd,4.0,8.4,CHEMBL3991602
CYT387,CHEMBL1078178,CHEMBL1862,P00519,Tyrosine-protein kinase ABL1,Kd,30000.0,4.52,CHEMBL3991603
CYT387,CHEMBL1078178,CHEMBL4014,P42684,Tyrosine-protein kinase ABL2,Kd,30000.0,4.52,CHEMBL3991604
CYT387,CHEMBL1078178,CHEMBL4105816,Q6JQN1,Acyl-CoA dehydrogenase family member 10,Kd,30000.0,4.52,CHEMBL3991605
CYT387,CHEMBL1078178,CHEMBL4105707,Q709F0,Acyl-CoA dehydrogenase family member 11,Kd,30000.0,4.52,CHEMBL3991606
CYT387,CHEMBL1078178,CHEMBL4105892,P49748,"Very long-chain specific acyl-CoA dehydrogenase, mitochondrial",Kd,30000.0,4.52,CHEMBL3991607
CYT387,CHEMBL1078178,CHEMBL4105817,O15254,Peroxisomal acyl-coenzyme A oxidase 3,Kd,30000.0,4.52,CHEMBL3991609
CYT387,CHEMBL1078178,CHEMBL4105818,Q9ULC5,Long-chain-fatty-acid--CoA ligase 5,Kd,30000.0,4.52,CHEMBL3991610
CYT387,CHEMBL1078178,CHEMBL6090,P61160,Actin-related protein 2,Kd,30000.0,4.52,CHEMBL3991611
CYT387,CHEMBL1078178,CHEMBL4105857,P61158,Actin-related protein 3,Kd,30000.0,4.52,CHEMBL3991612
CYT387,CHEMBL1078178,CHEMBL5903,Q04771,Activin receptor type-1,Kd,30000.0,4.52,CHEMBL3991613
CYT387,CHEMBL1078178,CHEMBL5310,P36896,Activin receptor type-1B,Kd,30000.0,4.52,CHEMBL3991614
CYT387,CHEMBL1078178,CHEMBL5466,Q13705,Activin receptor type-2B,Kd,30000.0,4.52,CHEMBL3991615
CYT387,CHEMBL1078178,CHEMBL4105885,Q86TW2,AarF domain-containing protein kinase 1,Kd,217.0,6.66,CHEMBL3991617
CYT387,CHEMBL1078178,CHEMBL5550,Q8NI60,"Atypical kinase COQ8A, mitochondrial",Kd,30000.0,4.52,CHEMBL3991618
CYT387,CHEMBL1078178,CHEMBL3589,P55263,Adenosine kinase,Kd,30000.0,4.52,CHEMBL3991620
CYT387,CHEMBL1078178,CHEMBL4079,P25098,Beta-adrenergic receptor kinase 1,Kd,30000.0,4.52,CHEMBL3991621
CYT387,CHEMBL1078178,CHEMBL4938,P54819,"Adenylate kinase 2, mitochondrial",Kd,30000.0,4.52,CHEMBL3991622
CYT387,CHEMBL1078178,CHEMBL4282,P31749,RAC-alpha serine/threonine-protein kinase,Kd,30000.0,4.52,CHEMBL3991623
CYT387,CHEMBL1078178,CHEMBL2431,P31751,RAC-beta serine/threonine-protein kinase,Kd,30000.0,4.52,CHEMBL3991624
CYT387,CHEMBL1078178,CHEMBL4816,Q9Y243,RAC-gamma serine/threonine-protein kinase,Kd,30000.0,4.52,CHEMBL3991625
CYT387,CHEMBL1078178,CHEMBL4105819,P07741,Adenine phosphoribosyltransferase,Kd,30000.0,4.52,CHEMBL3991627
CYT387,CHEMBL1078178,CHEMBL1169596,P10398,Serine/threonine-protein kinase A-Raf,Kd,30000.0,4.52,CHEMBL3991628
CYT387,CHEMBL1078178,CHEMBL4722,O14965,Aurora kinase A,Kd,30000.0,4.52,CHEMBL3991630
CYT387,CHEMBL1078178,CHEMBL2185,Q96GD4,Aurora kinase B,Kd,30000.0,4.52,CHEMBL3991631
CYT387,CHEMBL1078178,CHEMBL5146,P11274,Breakpoint cluster region protein,Kd,30000.0,4.52,CHEMBL3991632
CYT387,CHEMBL1078178,CHEMBL4522,Q9NSY1,BMP-2-inducible protein kinase,Kd,422.0,6.37,CHEMBL3991633
CYT387,CHEMBL1078178,CHEMBL5275,P36894,Bone morphogenetic protein receptor type-1A,Kd,30000.0,4.52,CHEMBL3991634
CYT387,CHEMBL1078178,CHEMBL5476,O00238,Bone morphogenetic protein receptor type-1B,Kd,30000.0,4.52,CHEMBL3991635
CYT387,CHEMBL1078178,CHEMBL5467,Q13873,Bone morphogenetic protein receptor type-2,Kd,30000.0,4.52,CHEMBL3991636
CYT387,CHEMBL1078178,CHEMBL5145,P15056,Serine/threonine-protein kinase B-raf,Kd,30000.0,4.52,CHEMBL3991637
CYT387,CHEMBL1078178,CHEMBL5251,Q06187,Tyrosine-protein kinase BTK,Kd,30000.0,4.52,CHEMBL3991638
CYT387,CHEMBL1078178,CHEMBL1772932,O43683,Mitotic checkpoint serine/threonine-protein kinase BUB1,Kd,30000.0,4.52,CHEMBL3991639
CYT387,CHEMBL1078178,CHEMBL2801,Q13557,Calcium/calmodulin-dependent protein kinase type II subunit delta,Kd,666.0,6.18,CHEMBL3991641
CYT387,CHEMBL1078178,CHEMBL3829,Q13555,Calcium/calmodulin-dependent protein kinase type II subunit gamma,Kd,597.0,6.22,CHEMBL3991642
CYT387,CHEMBL1078178,CHEMBL2494,Q16566,Calcium/calmodulin-dependent protein kinase type IV,Kd,30000.0,4.52,CHEMBL3991643
CYT387,CHEMBL1078178,CHEMBL5284,Q96RR4,Calcium/calmodulin-dependent protein kinase kinase 2,Kd,30000.0,4.52,CHEMBL3991644
CYT387,CHEMBL1078178,CHEMBL4105937,P49589,"Cysteine--tRNA ligase, cytoplasmic",Kd,30000.0,4.52,CHEMBL3991645
CYT387,CHEMBL1078178,CHEMBL4516,Q5VT25,Serine/threonine-protein kinase MRCK alpha,Kd,30000.0,4.52,CHEMBL3991646
CYT387,CHEMBL1078178,CHEMBL5052,Q9Y5S2,Serine/threonine-protein kinase MRCK beta,Kd,30000.0,4.52,CHEMBL3991647
CYT387,CHEMBL1078178,CHEMBL5615,Q6DT37,Serine/threonine-protein kinase MRCK gamma,Kd,30000.0,4.52,CHEMBL3991648
CYT387,CHEMBL1078178,CHEMBL308,P06493,Cyclin-dependent kinase 1,Kd,30000.0,4.52,CHEMBL3991650
CYT387,CHEMBL1078178,CHEMBL3559692,Q9NYV4,Cyclin-dependent kinase 12,Kd,30000.0,4.52,CHEMBL3991652
CYT387,CHEMBL1078178,CHEMBL1795192,Q14004,Cyclin-dependent kinase 13,Kd,30000.0,4.52,CHEMBL3991653
CYT387,CHEMBL1078178,CHEMBL4597,Q00536,Cyclin-dependent kinase 16,Kd,1162.0,5.93,CHEMBL3991654
CYT387,CHEMBL1078178,CHEMBL5790,Q00537,Cyclin-dependent kinase 17,Kd,1382.0,5.86,CHEMBL3991655
CYT387,CHEMBL1078178,CHEMBL301,P24941,Cyclin-dependent kinase 2,Kd,2113.0,5.68,CHEMBL3991657
CYT387,CHEMBL1078178,CHEMBL4442,Q00526,Cyclin-dependent kinase 3,Kd,30000.0,4.52,CHEMBL3991658
CYT387,CHEMBL1078178,CHEMBL331,P11802,Cyclin-dependent kinase 4,Kd,30000.0,4.52,CHEMBL3991659
CYT387,CHEMBL1078178,CHEMBL4036,Q00535,Cyclin-dependent kinase 5,Kd,30000.0,4.52,CHEMBL3991660
CYT387,CHEMBL1078178,CHEMBL2508,Q00534,Cyclin-dependent kinase 6,Kd,3356.0,5.47,CHEMBL3991661
CYT387,CHEMBL1078178,CHEMBL3055,P50613,Cyclin-dependent kinase 7,Kd,30000.0,4.52,CHEMBL3991662
CYT387,CHEMBL1078178,CHEMBL3116,P50750,Cyclin-dependent kinase 9,Kd,741.0,6.13,CHEMBL3991663
CYT387,CHEMBL1078178,CHEMBL1163112,O76039,Cyclin-dependent kinase-like 5,Kd,30000.0,4.52,CHEMBL3991664
CYT387,CHEMBL1078178,CHEMBL4630,O14757,Serine/threonine-protein kinase Chk1,Kd,30000.0,4.52,CHEMBL3991666
CYT387,CHEMBL1078178,CHEMBL5579,O14578,Citron Rho-interacting kinase,Kd,313.0,6.5,CHEMBL3991667
CYT387,CHEMBL1078178,CHEMBL4224,P49759,Dual specificity protein kinase CLK1,Kd,918.0,6.04,CHEMBL3991668
CYT387,CHEMBL1078178,CHEMBL4225,P49760,Dual specificity protein kinase CLK2,Kd,30000.0,4.52,CHEMBL3991669
CYT387,CHEMBL1078178,CHEMBL5681,P30085,UMP-CMP kinase,Kd,30000.0,4.52,CHEMBL3991672
CYT387,CHEMBL1078178,CHEMBL2634,P41240,Tyrosine-protein kinase CSK,Kd,30000.0,4.52,CHEMBL3991673
CYT387,CHEMBL1078178,CHEMBL2793,P48729,Casein kinase I isoform alpha,Kd,30000.0,4.52,CHEMBL3991674
CYT387,CHEMBL1078178,CHEMBL2828,P48730,Casein kinase I isoform delta,Kd,30000.0,4.52,CHEMBL3991675
CYT387,CHEMBL1078178,CHEMBL4937,P49674,Casein kinase I isoform epsilon,Kd,30000.0,4.52,CHEMBL3991676
CYT387,CHEMBL1078178,CHEMBL2543,P78368,Casein kinase I isoform gamma-2,Kd,30000.0,4.52,CHEMBL3991678
CYT387,CHEMBL1078178,CHEMBL5084,Q9Y6M4,Casein kinase I isoform gamma-3,Kd,30000.0,4.52,CHEMBL3991679
CYT387,CHEMBL1078178,CHEMBL4070,P19784,Casein kinase II subunit alpha',Kd,302.0,6.52,CHEMBL3991681
CYT387,CHEMBL1078178,CHEMBL4105975,P08574,"Cytochrome c1, heme protein, mitochondrial",Kd,30000.0,4.52,CHEMBL3991682
CYT387,CHEMBL1078178,CHEMBL2447,P27707,Deoxycytidine kinase,Kd,30000.0,4.52,CHEMBL3991683
CYT387,CHEMBL1078178,CHEMBL3769292,Q9H773,dCTP pyrophosphatase 1,Kd,30000.0,4.52,CHEMBL3991684
CYT387,CHEMBL1078178,CHEMBL5319,Q08345,Epithelial discoidin domain-containing receptor 1,Kd,30000.0,4.52,CHEMBL3991685
CYT387,CHEMBL1078178,CHEMBL5122,Q16832,Discoidin domain-containing receptor 2,Kd,30000.0,4.52,CHEMBL3991686
CYT387,CHEMBL1078178,CHEMBL2010634,Q92499,ATP-dependent RNA helicase DDX1,Kd,30000.0,4.52,CHEMBL3991687
CYT387,CHEMBL1078178,CHEMBL5553,O00571,ATP-dependent RNA helicase DDX3X,Kd,30000.0,4.52,CHEMBL3991688
CYT387,CHEMBL1078178,CHEMBL4105782,Q86XP3,ATP-dependent RNA helicase DDX42,Kd,30000.0,4.52,CHEMBL3991689
CYT387,CHEMBL1078178,CHEMBL4105783,P26196,Probable ATP-dependent RNA helicase DDX6,Kd,30000.0,4.52,CHEMBL3991690
CYT387,CHEMBL1078178,CHEMBL2331059,Q15392,Delta(24)-sterol reductase,Kd,30000.0,4.52,CHEMBL3991691
CYT387,CHEMBL1078178,CHEMBL2189122,P31689,DnaJ homolog subfamily A member 1,Kd,30000.0,4.52,CHEMBL3991693
CYT387,CHEMBL1078178,CHEMBL2292,Q13627,Dual specificity tyrosine-phosphorylation-regulated kinase 1A,Kd,30000.0,4.52,CHEMBL3991694
CYT387,CHEMBL1078178,CHEMBL203,P00533,Epidermal growth factor receptor,Kd,30000.0,4.52,CHEMBL3991696
CYT387,CHEMBL1078178,CHEMBL2068,P29317,Ephrin type-A receptor 2,Kd,30000.0,4.52,CHEMBL3991701
CYT387,CHEMBL1078178,CHEMBL3988,P54764,Ephrin type-A receptor 4,Kd,30000.0,4.52,CHEMBL3991702
CYT387,CHEMBL1078178,CHEMBL3987,P54756,Ephrin type-A receptor 5,Kd,30000.0,4.52,CHEMBL3991703
CYT387,CHEMBL1078178,CHEMBL4602,Q15375,Ephrin type-A receptor 7,Kd,30000.0,4.52,CHEMBL3991704
CYT387,CHEMBL1078178,CHEMBL3290,P29323,Ephrin type-B receptor 2,Kd,30000.0,4.52,CHEMBL3991705
CYT387,CHEMBL1078178,CHEMBL4901,P54753,Ephrin type-B receptor 3,Kd,30000.0,4.52,CHEMBL3991706
Cabozantinib,CHEMBL2105717,CHEMBL3717,P08581,Hepatocyte growth factor receptor,IC50,21.0,7.68,CHEMBL3293756
Cabozantinib,CHEMBL2105717,CHEMBL279,P35968,Vascular endothelial growth factor receptor 2,IC50,7.0,8.15,CHEMBL3293757
Cabozantinib,CHEMBL2105717,CHEMBL3717,P08581,Hepatocyte growth factor receptor,IC50,8.0,8.1,CHEMBL3372649
Cabozantinib,CHEMBL2105717,CHEMBL279,P35968,Vascular endothelial growth factor receptor 2,IC50,7.0,8.15,CHEMBL3372650
Cabozantinib,CHEMBL2105717,CHEMBL1936,P10721,Mast/stem cell growth factor receptor Kit,IC50,4.0,8.4,CHEMBL3372651
Cabozantinib,CHEMBL2105717,CHEMBL2041,P07949,Proto-oncogene tyrosine-protein kinase receptor Ret,IC50,16.0,7.8,CHEMBL3372652
Cabozantinib,CHEMBL2105717,CHEMBL3717,P08581,Hepatocyte growth factor receptor,IC50,3.7,8.43,CHEMBL3396121
Cabozantinib,CHEMBL2105717,CHEMBL2041,P07949,Proto-oncogene tyrosine-protein kinase receptor Ret,IC50,5.0,8.3,CHEMBL3428795
Cabozantinib,CHEMBL2105717,CHEMBL2041,P07949,Proto-oncogene tyrosine-protein kinase receptor Ret,IC50,14.0,7.85,CHEMBL3756072
Cabozantinib,CHEMBL2105717,CHEMBL2041,P07949,Proto-oncogene tyrosine-protein kinase receptor Ret,IC50,7.0,8.15,CHEMBL3756073
Cabozantinib,CHEMBL2105717,CHEMBL2041,P07949,Proto-oncogene tyrosine-protein kinase receptor Ret,IC50,230.0,6.64,CHEMBL3756074
Cabozantinib,CHEMBL2105717,CHEMBL2041,P07949,Proto-oncogene tyrosine-protein kinase receptor Ret,IC50,5.0,8.3,CHEMBL3756075
Cabozantinib,CHEMBL2105717,CHEMBL2041,P07949,Proto-oncogene tyrosine-protein kinase receptor Ret,IC50,18.0,7.74,CHEMBL3756076
Cabozantinib,CHEMBL2105717,CHEMBL2041,P07949,Proto-oncogene tyrosine-protein kinase receptor Ret,IC50,358.0,6.45,CHEMBL3756068
Cabozantinib,CHEMBL2105717,CHEMBL279,P35968,Vascular endothelial growth factor receptor 2,IC50,0.035,10.46,CHEMBL3766482
Cabozantinib,CHEMBL2105717,CHEMBL3717,P08581,Hepatocyte growth factor receptor,IC50,1.3,8.89,CHEMBL3766481
Cabozantinib,CHEMBL2105717,CHEMBL2041,P07949,Proto-oncogene tyrosine-protein kinase receptor Ret,IC50,5.2,8.28,CHEMBL3766479
Cabozantinib,CHEMBL2105717,CHEMBL1936,P10721,Mast/stem cell growth factor receptor Kit,IC50,4.6,8.34,CHEMBL3766480
Cabozantinib,CHEMBL2105717,CHEMBL4128,Q02763,Angiopoietin-1 receptor,IC50,14.3,7.84,CHEMBL3766483
Cabozantinib,CHEMBL2105717,CHEMBL1974,P36888,Receptor-type tyrosine-protein kinase FLT3,IC50,11.3,7.95,CHEMBL3766484
Cabozantinib,CHEMBL2105717,CHEMBL4895,P30530,Tyrosine-protein kinase receptor UFO,IC50,7.0,8.15,CHEMBL3766485
Cabozantinib,CHEMBL2105717,CHEMBL3717,P08581,Hepatocyte growth factor receptor,IC50,1900.0,5.72,CHEMBL3766486
Cabozantinib,CHEMBL2105717,CHEMBL279,P35968,Vascular endothelial growth factor receptor 2,IC50,7800.0,5.11,CHEMBL3766487
Cabozantinib,CHEMBL2105717,CHEMBL1974,P36888,Receptor-type tyrosine-protein kinase FLT3,IC50,7500.0,5.12,CHEMBL3766488
Cabozantinib,CHEMBL2105717,CHEMBL4895,P30530,Tyrosine-protein kinase receptor UFO,IC50,5000.0,5.3,CHEMBL3766489
Cabozantinib,CHEMBL2105717,CHEMBL1936,P10721,Mast/stem cell growth factor receptor Kit,IC50,42000.0,4.38,CHEMBL3766490
Cabozantinib,CHEMBL2105717,CHEMBL279,P35968,Vascular endothelial growth factor receptor 2,IC50,16.0,7.8,CHEMBL3778238
Cabozantinib,CHEMBL2105717,CHEMBL2041,P07949,Proto-oncogene tyrosine-protein kinase receptor Ret,IC50,650.0,6.19,CHEMBL3778237
Cabozantinib,CHEMBL2105717,CHEMBL3430888,,Kinesin-1 heavy chain/ Tyrosine-protein kinase receptor RET,IC50,190.0,6.72,CHEMBL3778240
Cabozantinib,CHEMBL2105717,CHEMBL279,P35968,Vascular endothelial growth factor receptor 2,IC50,14.0,7.85,CHEMBL3778241
Cabozantinib,CHEMBL2105717,CHEMBL3717,P08581,Hepatocyte growth factor receptor,IC50,3.2,8.49,CHEMBL3816036
Cabozantinib,CHEMBL2105717,CHEMBL279,P35968,Vascular endothelial growth factor receptor 2,IC50,3.0,8.52,CHEMBL3816037
Cabozantinib,CHEMBL2105717,CHEMBL3717,P08581,Hepatocyte growth factor receptor,IC50,1.3,8.89,CHEMBL3816038
Cabozantinib,CHEMBL2105717,CHEMBL279,P35968,Vascular endothelial growth factor receptor 2,IC50,0.035,10.46,CHEMBL3816039
Cabozantinib,CHEMBL2105717,CHEMBL2041,P07949,Proto-oncogene tyrosine-protein kinase receptor Ret,IC50,3.0,8.52,CHEMBL3830907
Cabozantinib,CHEMBL2105717,CHEMBL2041,P07949,Proto-oncogene tyrosine-protein kinase receptor Ret,IC50,811.0,6.09,CHEMBL3831010
Cabozantinib,CHEMBL2105717,CHEMBL3430904,,Coiled-coil domain-containing protein 6/Tyrosine-protein kinase receptor RET,IC50,889.0,6.05,CHEMBL3831014
Cabozantinib,CHEMBL2105717,CHEMBL4895,P30530,Tyrosine-protein kinase receptor UFO,IC50,7.0,8.15,CHEMBL3857916
Cabozantinib,CHEMBL2105717,CHEMBL4128,Q02763,Angiopoietin-1 receptor,IC50,14.3,7.84,CHEMBL3857915
Cabozantinib,CHEMBL2105717,CHEMBL1974,P36888,Receptor-type tyrosine-protein kinase FLT3,IC50,6.0,8.22,CHEMBL3857914
Cabozantinib,CHEMBL2105717,CHEMBL3650,P11362,Fibroblast growth factor receptor 1,IC50,11.3,7.95,CHEMBL3857913
Cabozantinib,CHEMBL2105717,CHEMBL1868,P17948,Vascular endothelial growth factor receptor 1,IC50,12.0,7.92,CHEMBL3857912
Cabozantinib,CHEMBL2105717,CHEMBL1936,P10721,Mast/stem cell growth factor receptor Kit,IC50,4.6,8.34,CHEMBL3857911
Cabozantinib,CHEMBL2105717,CHEMBL2041,P07949,Proto-oncogene tyrosine-protein kinase receptor Ret,IC50,4.0,8.4,CHEMBL3857910
Cabozantinib,CHEMBL2105717,CHEMBL3717,P08581,Hepatocyte growth factor receptor,IC50,1.3,8.89,CHEMBL3857909
Cabozantinib,CHEMBL2105717,CHEMBL279,P35968,Vascular endothelial growth factor receptor 2,IC50,0.035,10.46,CHEMBL3857908
Cabozantinib,CHEMBL2105717,CHEMBL4722,O14965,Aurora kinase A,Kd,3363.13,5.47,CHEMBL3885761
Cabozantinib,CHEMBL2105717,CHEMBL3830,Q2M2I8,AP2-associated protein kinase 1,Kd,30000.0,4.52,CHEMBL3991602
Cabozantinib,CHEMBL2105717,CHEMBL1862,P00519,Tyrosine-protein kinase ABL1,Kd,1098.0,5.96,CHEMBL3991603
Cabozantinib,CHEMBL2105717,CHEMBL4014,P42684,Tyrosine-protein kinase ABL2,Kd,918.0,6.04,CHEMBL3991604
Cabozantinib,CHEMBL2105717,CHEMBL4105816,Q6JQN1,Acyl-CoA dehydrogenase family member 10,Kd,30000.0,4.52,CHEMBL3991605
Cabozantinib,CHEMBL2105717,CHEMBL4105707,Q709F0,Acyl-CoA dehydrogenase family member 11,Kd,30000.0,4.52,CHEMBL3991606
Cabozantinib,CHEMBL2105717,CHEMBL4105892,P49748,"Very long-chain specific acyl-CoA dehydrogenase, mitochondrial",Kd,30000.0,4.52,CHEMBL3991607
Cabozantinib,CHEMBL2105717,CHEMBL4105748,Q15067,Peroxisomal acyl-coenzyme A oxidase 1,Kd,30000.0,4.52,CHEMBL3991608
Cabozantinib,CHEMBL2105717,CHEMBL4105817,O15254,Peroxisomal acyl-coenzyme A oxidase 3,Kd,30000.0,4.52,CHEMBL3991609
Cabozantinib,CHEMBL2105717,CHEMBL4105818,Q9ULC5,Long-chain-fatty-acid--CoA ligase 5,Kd,30000.0,4.52,CHEMBL3991610
Cabozantinib,CHEMBL2105717,CHEMBL6090,P61160,Actin-related protein 2,Kd,30000.0,4.52,CHEMBL3991611
Cabozantinib,CHEMBL2105717,CHEMBL4105857,P61158,Actin-related protein 3,Kd,30000.0,4.52,CHEMBL3991612
Cabozantinib,CHEMBL2105717,CHEMBL5903,Q04771,Activin receptor type-1,Kd,30000.0,4.52,CHEMBL3991613
Cabozantinib,CHEMBL2105717,CHEMBL5310,P36896,Activin receptor type-1B,Kd,30000.0,4.52,CHEMBL3991614
Cabozantinib,CHEMBL2105717,CHEMBL5466,Q13705,Activin receptor type-2B,Kd,30000.0,4.52,CHEMBL3991615
Cabozantinib,CHEMBL2105717,CHEMBL4105885,Q86TW2,AarF domain-containing protein kinase 1,Kd,30000.0,4.52,CHEMBL3991617
Cabozantinib,CHEMBL2105717,CHEMBL5550,Q8NI60,"Atypical kinase COQ8A, mitochondrial",Kd,30000.0,4.52,CHEMBL3991618
Cabozantinib,CHEMBL2105717,CHEMBL3589,P55263,Adenosine kinase,Kd,30000.0,4.52,CHEMBL3991620
Cabozantinib,CHEMBL2105717,CHEMBL4079,P25098,Beta-adrenergic receptor kinase 1,Kd,30000.0,4.52,CHEMBL3991621
Cabozantinib,CHEMBL2105717,CHEMBL4938,P54819,"Adenylate kinase 2, mitochondrial",Kd,30000.0,4.52,CHEMBL3991622
Cabozantinib,CHEMBL2105717,CHEMBL4282,P31749,RAC-alpha serine/threonine-protein kinase,Kd,30000.0,4.52,CHEMBL3991623
Cabozantinib,CHEMBL2105717,CHEMBL2431,P31751,RAC-beta serine/threonine-protein kinase,Kd,30000.0,4.52,CHEMBL3991624
Cabozantinib,CHEMBL2105717,CHEMBL4816,Q9Y243,RAC-gamma serine/threonine-protein kinase,Kd,30000.0,4.52,CHEMBL3991625
Cabozantinib,CHEMBL2105717,CHEMBL4247,Q9UM73,ALK tyrosine kinase receptor,Kd,30000.0,4.52,CHEMBL3991626
Cabozantinib,CHEMBL2105717,CHEMBL4105819,P07741,Adenine phosphoribosyltransferase,Kd,30000.0,4.52,CHEMBL3991627
Cabozantinib,CHEMBL2105717,CHEMBL1169596,P10398,Serine/threonine-protein kinase A-Raf,Kd,30000.0,4.52,CHEMBL3991628
Cabozantinib,CHEMBL2105717,CHEMBL4722,O14965,Aurora kinase A,Kd,30000.0,4.52,CHEMBL3991630
Cabozantinib,CHEMBL2105717,CHEMBL2185,Q96GD4,Aurora kinase B,Kd,30000.0,4.52,CHEMBL3991631
Cabozantinib,CHEMBL2105717,CHEMBL5146,P11274,Breakpoint cluster region protein,Kd,342.0,6.47,CHEMBL3991632
Cabozantinib,CHEMBL2105717,CHEMBL4522,Q9NSY1,BMP-2-inducible protein kinase,Kd,30000.0,4.52,CHEMBL3991633
Cabozantinib,CHEMBL2105717,CHEMBL5275,P36894,Bone morphogenetic protein receptor type-1A,Kd,30000.0,4.52,CHEMBL3991634
Cabozantinib,CHEMBL2105717,CHEMBL5476,O00238,Bone morphogenetic protein receptor type-1B,Kd,30000.0,4.52,CHEMBL3991635
Cabozantinib,CHEMBL2105717,CHEMBL5467,Q13873,Bone morphogenetic protein receptor type-2,Kd,30000.0,4.52,CHEMBL3991636
Cabozantinib,CHEMBL2105717,CHEMBL5145,P15056,Serine/threonine-protein kinase B-raf,Kd,30000.0,4.52,CHEMBL3991637
Cabozantinib,CHEMBL2105717,CHEMBL5251,Q06187,Tyrosine-protein kinase BTK,Kd,30000.0,4.52,CHEMBL3991638
Cabozantinib,CHEMBL2105717,CHEMBL1772932,O43683,Mitotic checkpoint serine/threonine-protein kinase BUB1,Kd,30000.0,4.52,CHEMBL3991639
Cabozantinib,CHEMBL2105717,CHEMBL2801,Q13557,Calcium/calmodulin-dependent protein kinase type II subunit delta,Kd,30000.0,4.52,CHEMBL3991641
Cabozantinib,CHEMBL2105717,CHEMBL3829,Q13555,Calcium/calmodulin-dependent protein kinase type II subunit gamma,Kd,30000.0,4.52,CHEMBL3991642
Cabozantinib,CHEMBL2105717,CHEMBL2494,Q16566,Calcium/calmodulin-dependent protein kinase type IV,Kd,30000.0,4.52,CHEMBL3991643
Cabozantinib,CHEMBL2105717,CHEMBL5284,Q96RR4,Calcium/calmodulin-dependent protein kinase kinase 2,Kd,30000.0,4.52,CHEMBL3991644
Cabozantinib,CHEMBL2105717,CHEMBL4105937,P49589,"Cysteine--tRNA ligase, cytoplasmic",Kd,30000.0,4.52,CHEMBL3991645
Cabozantinib,CHEMBL2105717,CHEMBL4516,Q5VT25,Serine/threonine-protein kinase MRCK alpha,Kd,30000.0,4.52,CHEMBL3991646
Cabozantinib,CHEMBL2105717,CHEMBL5052,Q9Y5S2,Serine/threonine-protein kinase MRCK beta,Kd,30000.0,4.52,CHEMBL3991647
Cabozantinib,CHEMBL2105717,CHEMBL5615,Q6DT37,Serine/threonine-protein kinase MRCK gamma,Kd,30000.0,4.52,CHEMBL3991648
Cabozantinib,CHEMBL2105717,CHEMBL5443,O00311,Cell division cycle 7-related protein kinase,Kd,30000.0,4.52,CHEMBL3991649
Cabozantinib,CHEMBL2105717,CHEMBL308,P06493,Cyclin-dependent kinase 1,Kd,30000.0,4.52,CHEMBL3991650
Cabozantinib,CHEMBL2105717,CHEMBL3559692,Q9NYV4,Cyclin-dependent kinase 12,Kd,30000.0,4.52,CHEMBL3991652
Cabozantinib,CHEMBL2105717,CHEMBL1795192,Q14004,Cyclin-dependent kinase 13,Kd,30000.0,4.52,CHEMBL3991653
Cabozantinib,CHEMBL2105717,CHEMBL4597,Q00536,Cyclin-dependent kinase 16,Kd,30000.0,4.52,CHEMBL3991654
Cabozantinib,CHEMBL2105717,CHEMBL5790,Q00537,Cyclin-dependent kinase 17,Kd,30000.0,4.52,CHEMBL3991655
Cabozantinib,CHEMBL2105717,CHEMBL301,P24941,Cyclin-dependent kinase 2,Kd,30000.0,4.52,CHEMBL3991657
Cabozantinib,CHEMBL2105717,CHEMBL4442,Q00526,Cyclin-dependent kinase 3,Kd,30000.0,4.52,CHEMBL3991658
Cabozantinib,CHEMBL2105717,CHEMBL331,P11802,Cyclin-dependent kinase 4,Kd,30000.0,4.52,CHEMBL3991659
Cabozantinib,CHEMBL2105717,CHEMBL4036,Q00535,Cyclin-dependent kinase 5,Kd,30000.0,4.52,CHEMBL3991660
Canertinib (CI-1033),CHEMBL31965,CHEMBL203,P00533,Epidermal growth factor receptor,IC50,74.0,7.13,CHEMBL683041
Canertinib (CI-1033),CHEMBL31965,CHEMBL1824,P04626,Receptor tyrosine-protein kinase erbB-2,IC50,529.0,6.28,CHEMBL698843
Canertinib (CI-1033),CHEMBL31965,CHEMBL203,P00533,Epidermal growth factor receptor,IC50,1.5,8.82,CHEMBL674020
Canertinib (CI-1033),CHEMBL31965,CHEMBL203,P00533,Epidermal growth factor receptor,IC50,7.4,8.13,CHEMBL674019
Canertinib (CI-1033),CHEMBL31965,CHEMBL1824,P04626,Receptor tyrosine-protein kinase erbB-2,IC50,9.0,8.05,CHEMBL673951
Canertinib (CI-1033),CHEMBL31965,CHEMBL4223,P42685,Tyrosine-protein kinase FRK,Kd,8100.0,5.09,CHEMBL860775
Canertinib (CI-1033),CHEMBL31965,CHEMBL3234,P08631,Tyrosine-protein kinase HCK,Kd,5700.0,5.24,CHEMBL860887
Canertinib (CI-1033),CHEMBL31965,CHEMBL5147,P54760,Ephrin type-B receptor 4,Kd,5000.0,5.3,CHEMBL860636
Canertinib (CI-1033),CHEMBL31965,CHEMBL4525,Q9UEE5,Serine/threonine-protein kinase 17A,Kd,3800.0,5.42,CHEMBL859487
Canertinib (CI-1033),CHEMBL31965,CHEMBL3935,Q9UQB9,Aurora kinase C,Kd,3500.0,5.46,CHEMBL860787
Canertinib (CI-1033),CHEMBL31965,CHEMBL2634,P41240,Tyrosine-protein kinase CSK,Kd,2900.0,5.54,CHEMBL860907
Canertinib (CI-1033),CHEMBL31965,CHEMBL1862,P00519,Tyrosine-protein kinase ABL1,Kd,2900.0,5.54,CHEMBL859870
Canertinib (CI-1033),CHEMBL31965,CHEMBL2637,P53779,Mitogen-activated protein kinase 10,Kd,2800.0,5.55,CHEMBL860894
Canertinib (CI-1033),CHEMBL31965,CHEMBL4312,Q9NRP7,Serine/threonine-protein kinase 36,Kd,2700.0,5.57,CHEMBL860647
Canertinib (CI-1033),CHEMBL31965,CHEMBL2073,P07947,Tyrosine-protein kinase Yes,Kd,2500.0,5.6,CHEMBL859642
Canertinib (CI-1033),CHEMBL31965,CHEMBL4853,Q9Y6R4,Mitogen-activated protein kinase kinase kinase 4,Kd,2000.0,5.7,CHEMBL860641
Canertinib (CI-1033),CHEMBL31965,CHEMBL4454,P09769,Tyrosine-protein kinase Fgr,Kd,1700.0,5.77,CHEMBL860637
Canertinib (CI-1033),CHEMBL31965,CHEMBL4522,Q9NSY1,BMP-2-inducible protein kinase,Kd,1600.0,5.8,CHEMBL860646
Canertinib (CI-1033),CHEMBL31965,CHEMBL4602,Q15375,Ephrin type-A receptor 7,Kd,1500.0,5.82,CHEMBL860660
Canertinib (CI-1033),CHEMBL31965,CHEMBL5072,P54762,Ephrin type-B receptor 1,Kd,1400.0,5.85,CHEMBL860665
Canertinib (CI-1033),CHEMBL31965,CHEMBL4204,Q9HBH9,MAP kinase-interacting serine/threonine-protein kinase 2,Kd,1300.0,5.89,CHEMBL860651
Canertinib (CI-1033),CHEMBL31965,CHEMBL4852,Q9Y4K4,Mitogen-activated protein kinase kinase kinase kinase 5,Kd,1300.0,5.89,CHEMBL860642
Canertinib (CI-1033),CHEMBL31965,CHEMBL4014,P42684,Tyrosine-protein kinase ABL2,Kd,1300.0,5.89,CHEMBL860899
Canertinib (CI-1033),CHEMBL31965,CHEMBL3834,P51813,Cytoplasmic tyrosine-protein kinase BMX,Kd,1200.0,5.92,CHEMBL860771
Canertinib (CI-1033),CHEMBL31965,CHEMBL4601,Q13882,Protein-tyrosine kinase 6,Kd,1100.0,5.96,CHEMBL861048
Canertinib (CI-1033),CHEMBL31965,CHEMBL4179,P45984,Mitogen-activated protein kinase 9,Kd,1100.0,5.96,CHEMBL860895
Canertinib (CI-1033),CHEMBL31965,CHEMBL4134,P29322,Ephrin type-A receptor 8,Kd,790.0,6.1,CHEMBL860777
Canertinib (CI-1033),CHEMBL31965,CHEMBL3905,P07948,Tyrosine-protein kinase Lyn,Kd,780.0,6.11,CHEMBL860805
Canertinib (CI-1033),CHEMBL31965,CHEMBL267,P12931,Proto-oncogene tyrosine-protein kinase Src,Kd,760.0,6.12,CHEMBL861049
Canertinib (CI-1033),CHEMBL31965,CHEMBL5251,Q06187,Tyrosine-protein kinase BTK,Kd,750.0,6.12,CHEMBL860638
Canertinib (CI-1033),CHEMBL31965,CHEMBL4954,P29320,Ephrin type-A receptor 3,Kd,650.0,6.19,CHEMBL860778
Canertinib (CI-1033),CHEMBL31965,CHEMBL1862,P00519,Tyrosine-protein kinase ABL1,Kd,560.0,6.25,CHEMBL859872
Canertinib (CI-1033),CHEMBL31965,CHEMBL258,P06239,Tyrosine-protein kinase Lck,Kd,560.0,6.25,CHEMBL860915
Canertinib (CI-1033),CHEMBL31965,CHEMBL1862,P00519,Tyrosine-protein kinase ABL1,Kd,470.0,6.33,CHEMBL859869
Canertinib (CI-1033),CHEMBL31965,CHEMBL4202,Q9H2G2,STE20-like serine/threonine-protein kinase,Kd,440.0,6.36,CHEMBL860653
Canertinib (CI-1033),CHEMBL31965,CHEMBL3981,O94804,Serine/threonine-protein kinase 10,Kd,430.0,6.37,CHEMBL860781
Canertinib (CI-1033),CHEMBL31965,CHEMBL1862,P00519,Tyrosine-protein kinase ABL1,Kd,420.0,6.38,CHEMBL861044
Canertinib (CI-1033),CHEMBL31965,CHEMBL1862,P00519,Tyrosine-protein kinase ABL1,Kd,340.0,6.47,CHEMBL859868
Canertinib (CI-1033),CHEMBL31965,CHEMBL5014,O43353,Receptor-interacting serine/threonine-protein kinase 2,Kd,330.0,6.48,CHEMBL860788
Canertinib (CI-1033),CHEMBL31965,CHEMBL1862,P00519,Tyrosine-protein kinase ABL1,Kd,320.0,6.49,CHEMBL859871
Canertinib (CI-1033),CHEMBL31965,CHEMBL3988,P54764,Ephrin type-A receptor 4,Kd,310.0,6.51,CHEMBL860664
Canertinib (CI-1033),CHEMBL31965,CHEMBL1862,P00519,Tyrosine-protein kinase ABL1,Kd,290.0,6.54,CHEMBL859873
Canertinib (CI-1033),CHEMBL31965,CHEMBL3987,P54756,Ephrin type-A receptor 5,Kd,270.0,6.57,CHEMBL860666
Canertinib (CI-1033),CHEMBL31965,CHEMBL4526,Q9UF33,Ephrin type-A receptor 6,Kd,72.0,7.14,CHEMBL859486
Canertinib (CI-1033),CHEMBL31965,CHEMBL4355,O14976,Cyclin-G-associated kinase,Kd,44.0,7.36,CHEMBL860789
Canertinib (CI-1033),CHEMBL31965,CHEMBL1824,P04626,Receptor tyrosine-protein kinase erbB-2,Kd,8.4,8.08,CHEMBL860920
Canertinib (CI-1033),CHEMBL31965,CHEMBL203,P00533,Epidermal growth factor receptor,Kd,1.4,8.85,CHEMBL859867
Canertinib (CI-1033),CHEMBL31965,CHEMBL203,P00533,Epidermal growth factor receptor,IC50,5.0,8.3,CHEMBL1009318
Canertinib (CI-1033),CHEMBL31965,CHEMBL1824,P04626,Receptor tyrosine-protein kinase erbB-2,IC50,80.0,7.1,CHEMBL1009319
Canertinib (CI-1033),CHEMBL31965,CHEMBL203,P00533,Epidermal growth factor receptor,IC50,2.3,8.64,CHEMBL1026506
Canertinib (CI-1033),CHEMBL31965,CHEMBL1824,P04626,Receptor tyrosine-protein kinase erbB-2,IC50,48.0,7.32,CHEMBL1026507
Canertinib (CI-1033),CHEMBL31965,CHEMBL3009,Q15303,Receptor tyrosine-protein kinase erbB-4,IC50,14.0,7.85,CHEMBL1026508
Canertinib (CI-1033),CHEMBL31965,CHEMBL2148,P52333,Tyrosine-protein kinase JAK3,IC50,3880.0,5.41,CHEMBL1026509
Canertinib (CI-1033),CHEMBL31965,CHEMBL2250,P51451,Tyrosine-protein kinase Blk,IC50,50.0,7.3,CHEMBL1026510
Canertinib (CI-1033),CHEMBL31965,CHEMBL5606,Q15831,Serine/threonine-protein kinase STK11,IC50,10000.0,5.0,CHEMBL1026511
Canertinib (CI-1033),CHEMBL31965,CHEMBL3834,P51813,Cytoplasmic tyrosine-protein kinase BMX,IC50,586.0,6.23,CHEMBL1026512
Canertinib (CI-1033),CHEMBL31965,CHEMBL5251,Q06187,Tyrosine-protein kinase BTK,IC50,185.0,6.73,CHEMBL1026513
Canertinib (CI-1033),CHEMBL31965,CHEMBL2959,Q08881,Tyrosine-protein kinase ITK/TSK,IC50,5650.0,5.25,CHEMBL1026514
Canertinib (CI-1033),CHEMBL31965,CHEMBL2148,P52333,Tyrosine-protein kinase JAK3,IC50,2000.0,5.7,CHEMBL1026515
Canertinib (CI-1033),CHEMBL31965,CHEMBL2250,P51451,Tyrosine-protein kinase Blk,IC50,29.0,7.54,CHEMBL1026516
Canertinib (CI-1033),CHEMBL31965,CHEMBL3834,P51813,Cytoplasmic tyrosine-protein kinase BMX,IC50,62.0,7.21,CHEMBL1026517
Canertinib (CI-1033),CHEMBL31965,CHEMBL1974,P36888,Receptor-type tyrosine-protein kinase FLT3,Kd,3000.0,5.52,CHEMBL1063729
Canertinib (CI-1033),CHEMBL31965,CHEMBL1974,P36888,Receptor-type tyrosine-protein kinase FLT3,Kd,2400.0,5.62,CHEMBL1061073
Canertinib (CI-1033),CHEMBL31965,CHEMBL1955,P35916,Vascular endothelial growth factor receptor 3,Kd,10000.0,5.0,CHEMBL1060246
Canertinib (CI-1033),CHEMBL31965,CHEMBL4223,P42685,Tyrosine-protein kinase FRK,Kd,3400.0,5.47,CHEMBL1060247
Canertinib (CI-1033),CHEMBL31965,CHEMBL2999,O75914,Serine/threonine-protein kinase PAK 3,Kd,10000.0,5.0,CHEMBL1062779
Canertinib (CI-1033),CHEMBL31965,CHEMBL5790,Q00537,Cyclin-dependent kinase 17,Kd,10000.0,5.0,CHEMBL1051349
Canertinib (CI-1033),CHEMBL31965,CHEMBL5316,Q07002,Cyclin-dependent kinase 18,Kd,10000.0,5.0,CHEMBL1062782
Canertinib (CI-1033),CHEMBL31965,CHEMBL2534,O15530,3-phosphoinositide-dependent protein kinase 1,Kd,10000.0,5.0,CHEMBL1061922
Canertinib (CI-1033),CHEMBL31965,CHEMBL6162,O94921,Cyclin-dependent kinase 14,Kd,10000.0,5.0,CHEMBL1051350
Canertinib (CI-1033),CHEMBL31965,CHEMBL4004,Q16816,"Phosphorylase b kinase gamma catalytic chain, skeletal muscle/heart isoform",Kd,10000.0,5.0,CHEMBL1061153
Canertinib (CI-1033),CHEMBL31965,CHEMBL5969,Q99755,Phosphatidylinositol 4-phosphate 5-kinase type-1 alpha,Kd,10000.0,5.0,CHEMBL1061923
Canertinib (CI-1033),CHEMBL31965,CHEMBL5667,P78356,Phosphatidylinositol 5-phosphate 4-kinase type-2 beta,Kd,10000.0,5.0,CHEMBL1062784
Canertinib (CI-1033),CHEMBL31965,CHEMBL4924,Q9UK32,Ribosomal protein S6 kinase alpha-6,Kd,10000.0,5.0,CHEMBL1039275
Canertinib (CI-1033),CHEMBL31965,CHEMBL4924,Q9UK32,Ribosomal protein S6 kinase alpha-6,Kd,10000.0,5.0,CHEMBL1061926
Canertinib (CI-1033),CHEMBL31965,CHEMBL5426,Q86YV6,Myosin light chain kinase family member 4,Kd,10000.0,5.0,CHEMBL1051352
Canertinib (CI-1033),CHEMBL31965,CHEMBL4202,Q9H2G2,STE20-like serine/threonine-protein kinase,Kd,1800.0,5.74,CHEMBL1062787
Canertinib (CI-1033),CHEMBL31965,CHEMBL279,P35968,Vascular endothelial growth factor receptor 2,Kd,10000.0,5.0,CHEMBL1051261
Canertinib (CI-1033),CHEMBL31965,CHEMBL5491,P30291,Wee1-like protein kinase,Kd,10000.0,5.0,CHEMBL1061935
Canertinib (CI-1033),CHEMBL31965,CHEMBL5405,Q86UX6,Serine/threonine-protein kinase 32C,Kd,10000.0,5.0,CHEMBL1062789
Canertinib (CI-1033),CHEMBL31965,CHEMBL2073,P07947,Tyrosine-protein kinase Yes,Kd,1600.0,5.8,CHEMBL1051262
Canertinib (CI-1033),CHEMBL31965,CHEMBL5552,O00506,Serine/threonine-protein kinase 25,Kd,10000.0,5.0,CHEMBL1051263
Canertinib (CI-1033),CHEMBL31965,CHEMBL3886,Q9NYL2,Mitogen-activated protein kinase kinase kinase 20,Kd,1200.0,5.92,CHEMBL1051317
Canertinib (CI-1033),CHEMBL31965,CHEMBL2803,P43403,Tyrosine-protein kinase ZAP-70,Kd,10000.0,5.0,CHEMBL1061189
Canertinib (CI-1033),CHEMBL31965,CHEMBL2918,P22694,cAMP-dependent protein kinase catalytic subunit beta,Kd,10000.0,5.0,CHEMBL1039274
Canertinib (CI-1033),CHEMBL31965,CHEMBL5818,P51817,cAMP-dependent protein kinase catalytic subunit PRKX,Kd,10000.0,5.0,CHEMBL1061157
Canertinib (CI-1033),CHEMBL31965,CHEMBL5469,Q14289,Protein-tyrosine kinase 2-beta,Kd,10000.0,5.0,CHEMBL1061158
Canertinib (CI-1033),CHEMBL31965,CHEMBL5975,Q9BRS2,Serine/threonine-protein kinase RIO1,Kd,10000.0,5.0,CHEMBL1051258
Canertinib (CI-1033),CHEMBL31965,CHEMBL4226,P49761,Dual specificity protein kinase CLK3,Kd,10000.0,5.0,CHEMBL1060240
Canertinib (CI-1033),CHEMBL31965,CHEMBL2634,P41240,Tyrosine-protein kinase CSK,Kd,6100.0,5.21,CHEMBL1037547
Canertinib (CI-1033),CHEMBL31965,CHEMBL5520,Q8N752,Casein kinase I isoform alpha-like,Kd,10000.0,5.0,CHEMBL1063703
Canertinib (CI-1033),CHEMBL31965,CHEMBL2828,P48730,Casein kinase I isoform delta,Kd,10000.0,5.0,CHEMBL1050829
Canertinib (CI-1033),CHEMBL31965,CHEMBL4937,P49674,Casein kinase I isoform epsilon,Kd,10000.0,5.0,CHEMBL1050834
Canertinib (CI-1033),CHEMBL31965,CHEMBL2543,P78368,Casein kinase I isoform gamma-2,Kd,10000.0,5.0,CHEMBL1063704
Canertinib (CI-1033),CHEMBL31965,CHEMBL5084,Q9Y6M4,Casein kinase I isoform gamma-3,Kd,10000.0,5.0,CHEMBL1051284
Canertinib (CI-1033),CHEMBL31965,CHEMBL4128,Q02763,Angiopoietin-1 receptor,Kd,10000.0,5.0,CHEMBL1051315
Canertinib (CI-1033),CHEMBL31965,CHEMBL5388,Q9UKI8,Serine/threonine-protein kinase tousled-like 1,Kd,10000.0,5.0,CHEMBL1061931
Canertinib (CI-1033),CHEMBL31965,CHEMBL5404,Q86UE8,Serine/threonine-protein kinase tousled-like 2,Kd,10000.0,5.0,CHEMBL1061984
Canertinib (CI-1033),CHEMBL31965,CHEMBL4527,Q9UKE5,TRAF2 and NCK-interacting protein kinase,Kd,10000.0,5.0,CHEMBL1062874
Canertinib (CI-1033),CHEMBL31965,CHEMBL4599,Q07912,Activated CDC42 kinase 1,Kd,10000.0,5.0,CHEMBL1051355
Cediranib (AZD2171),CHEMBL491473,CHEMBL279,P35968,Vascular endothelial growth factor receptor 2,IC50,4.0,8.4,CHEMBL1292980
Cediranib (AZD2171),CHEMBL491473,CHEMBL4224,P49759,Dual specificity protein kinase CLK1,Kd,10000.0,5.0,CHEMBL1908461
Cediranib (AZD2171),CHEMBL491473,CHEMBL5608,Q16288,NT-3 growth factor receptor,Kd,10000.0,5.0,CHEMBL1908462
Cediranib (AZD2171),CHEMBL491473,CHEMBL4674,P53778,Mitogen-activated protein kinase 12,Kd,10000.0,5.0,CHEMBL1908463
Cediranib (AZD2171),CHEMBL491473,CHEMBL5331,Q12866,Tyrosine-protein kinase Mer,Kd,2600.0,5.59,CHEMBL1908464
Cediranib (AZD2171),CHEMBL491473,CHEMBL5668,P78362,SRSF protein kinase 2,Kd,10000.0,5.0,CHEMBL1908465
Cediranib (AZD2171),CHEMBL491473,CHEMBL3935,Q9UQB9,Aurora kinase C,Kd,2100.0,5.68,CHEMBL1908466
Cediranib (AZD2171),CHEMBL491473,CHEMBL2801,Q13557,Calcium/calmodulin-dependent protein kinase type II subunit delta,Kd,10000.0,5.0,CHEMBL1908467
Cediranib (AZD2171),CHEMBL491473,CHEMBL5404,Q86UE8,Serine/threonine-protein kinase tousled-like 2,Kd,10000.0,5.0,CHEMBL1908468
Cediranib (AZD2171),CHEMBL491473,CHEMBL2185,Q96GD4,Aurora kinase B,Kd,3200.0,5.49,CHEMBL1908469
Cediranib (AZD2171),CHEMBL491473,CHEMBL4045,Q13131,5'-AMP-activated protein kinase catalytic subunit alpha-1,Kd,10000.0,5.0,CHEMBL1908470
Cediranib (AZD2171),CHEMBL491473,CHEMBL6149,Q9Y2K2,Serine/threonine-protein kinase SIK3,Kd,10000.0,5.0,CHEMBL1908471
Cediranib (AZD2171),CHEMBL491473,CHEMBL3938,O75716,Serine/threonine-protein kinase 16,Kd,10000.0,5.0,CHEMBL1908472
Cediranib (AZD2171),CHEMBL491473,CHEMBL5790,Q00537,Cyclin-dependent kinase 17,Kd,10000.0,5.0,CHEMBL1908473
Cediranib (AZD2171),CHEMBL491473,CHEMBL5122,Q16832,Discoidin domain-containing receptor 2,Kd,48.0,7.32,CHEMBL1908474
Cediranib (AZD2171),CHEMBL491473,CHEMBL5311,P37023,Activin receptor type-1-like,Kd,10000.0,5.0,CHEMBL1908475
Cediranib (AZD2171),CHEMBL491473,CHEMBL5251,Q06187,Tyrosine-protein kinase BTK,Kd,4300.0,5.37,CHEMBL1908476
Cediranib (AZD2171),CHEMBL491473,CHEMBL331,P11802,Cyclin-dependent kinase 4,Kd,10000.0,5.0,CHEMBL1908477
Cediranib (AZD2171),CHEMBL491473,CHEMBL331,P11802,Cyclin-dependent kinase 4,Kd,10000.0,5.0,CHEMBL1908478
Cediranib (AZD2171),CHEMBL491473,CHEMBL2742,P22607,Fibroblast growth factor receptor 3,Kd,23.0,7.64,CHEMBL1908479
Cediranib (AZD2171),CHEMBL491473,CHEMBL2742,P22607,Fibroblast growth factor receptor 3,Kd,35.0,7.46,CHEMBL1908480
Cediranib (AZD2171),CHEMBL491473,CHEMBL1981,P06213,Insulin receptor,Kd,10000.0,5.0,CHEMBL1908481
Cediranib (AZD2171),CHEMBL491473,CHEMBL2148,P52333,Tyrosine-protein kinase JAK3,Kd,10000.0,5.0,CHEMBL1908482
Cediranib (AZD2171),CHEMBL491473,CHEMBL1936,P10721,Mast/stem cell growth factor receptor Kit,Kd,0.38,9.42,CHEMBL1908483
Cediranib (AZD2171),CHEMBL491473,CHEMBL1936,P10721,Mast/stem cell growth factor receptor Kit,Kd,98.0,7.01,CHEMBL1908484
Cediranib (AZD2171),CHEMBL491473,CHEMBL1936,P10721,Mast/stem cell growth factor receptor Kit,Kd,820.0,6.09,CHEMBL1908485
Cediranib (AZD2171),CHEMBL491473,CHEMBL1936,P10721,Mast/stem cell growth factor receptor Kit,Kd,390.0,6.41,CHEMBL1908486
Cediranib (AZD2171),CHEMBL491473,CHEMBL1936,P10721,Mast/stem cell growth factor receptor Kit,Kd,0.54,9.27,CHEMBL1908487
Cediranib (AZD2171),CHEMBL491473,CHEMBL1936,P10721,Mast/stem cell growth factor receptor Kit,Kd,0.27,9.57,CHEMBL1908488
Cediranib (AZD2171),CHEMBL491473,CHEMBL1936,P10721,Mast/stem cell growth factor receptor Kit,Kd,0.32,9.49,CHEMBL1908489
Cediranib (AZD2171),CHEMBL491473,CHEMBL1936,P10721,Mast/stem cell growth factor receptor Kit,Kd,0.31,9.51,CHEMBL1908490
Cediranib (AZD2171),CHEMBL491473,CHEMBL3717,P08581,Hepatocyte growth factor receptor,Kd,370.0,6.43,CHEMBL1908491
Cediranib (AZD2171),CHEMBL491473,CHEMBL3717,P08581,Hepatocyte growth factor receptor,Kd,580.0,6.24,CHEMBL1908492
Cediranib (AZD2171),CHEMBL491473,CHEMBL3717,P08581,Hepatocyte growth factor receptor,Kd,560.0,6.25,CHEMBL1908493
Cediranib (AZD2171),CHEMBL491473,CHEMBL2349,P15735,"Phosphorylase b kinase gamma catalytic chain, liver/testis isoform",Kd,10000.0,5.0,CHEMBL1908494
Cediranib (AZD2171),CHEMBL491473,CHEMBL5606,Q15831,Serine/threonine-protein kinase STK11,Kd,10000.0,5.0,CHEMBL1908495
Cediranib (AZD2171),CHEMBL491473,CHEMBL4128,Q02763,Angiopoietin-1 receptor,Kd,140.0,6.85,CHEMBL1908496
Cediranib (AZD2171),CHEMBL491473,CHEMBL1957,P08069,Insulin-like growth factor 1 receptor,Kd,10000.0,5.0,CHEMBL1908497
Cediranib (AZD2171),CHEMBL491473,CHEMBL1163127,Q6ZN16,Mitogen-activated protein kinase kinase kinase 15,Kd,10000.0,5.0,CHEMBL1908498
Cediranib (AZD2171),CHEMBL491473,CHEMBL5407,Q86V86,Serine/threonine-protein kinase pim-3,Kd,10000.0,5.0,CHEMBL1908499
Cediranib (AZD2171),CHEMBL491473,CHEMBL2527,O96017,Serine/threonine-protein kinase Chk2,Kd,10000.0,5.0,CHEMBL1908500
Cediranib (AZD2171),CHEMBL491473,CHEMBL1824,P04626,Receptor tyrosine-protein kinase erbB-2,Kd,3000.0,5.52,CHEMBL1908501
Cediranib (AZD2171),CHEMBL491473,CHEMBL3906,Q15349,Ribosomal protein S6 kinase alpha-2,Kd,10000.0,5.0,CHEMBL1908502
Cediranib (AZD2171),CHEMBL491473,CHEMBL3125,O75676,Ribosomal protein S6 kinase alpha-4,Kd,10000.0,5.0,CHEMBL1908503
Cediranib (AZD2171),CHEMBL491473,CHEMBL4599,Q07912,Activated CDC42 kinase 1,Kd,10000.0,5.0,CHEMBL1908504
Cediranib (AZD2171),CHEMBL491473,CHEMBL2815,P04629,High affinity nerve growth factor receptor,Kd,10000.0,5.0,CHEMBL1908505
Cediranib (AZD2171),CHEMBL491473,CHEMBL5426,Q86YV6,Myosin light chain kinase family member 4,Kd,10000.0,5.0,CHEMBL1908506
Cediranib (AZD2171),CHEMBL491473,CHEMBL5358,Q9P2K8,eIF-2-alpha kinase GCN2,Kd,10000.0,5.0,CHEMBL1908507
Cediranib (AZD2171),CHEMBL491473,CHEMBL4482,O96013,Serine/threonine-protein kinase PAK 4,Kd,10000.0,5.0,CHEMBL1908508
Cediranib (AZD2171),CHEMBL491473,CHEMBL1163129,Q52WX2,Serine/threonine-protein kinase SBK1,Kd,10000.0,5.0,CHEMBL1908509
Cediranib (AZD2171),CHEMBL491473,CHEMBL5518,Q8N4C8,Misshapen-like kinase 1,Kd,540.0,6.27,CHEMBL1908510
Cediranib (AZD2171),CHEMBL491473,CHEMBL5519,Q8N568,Serine/threonine-protein kinase DCLK2,Kd,10000.0,5.0,CHEMBL1908511
Cediranib (AZD2171),CHEMBL491473,CHEMBL3009,Q15303,Receptor tyrosine-protein kinase erbB-4,Kd,1400.0,5.85,CHEMBL1908512
Cediranib (AZD2171),CHEMBL491473,CHEMBL5749,Q92918,Mitogen-activated protein kinase kinase kinase kinase 1,Kd,920.0,6.04,CHEMBL1908513
Cediranib (AZD2171),CHEMBL491473,CHEMBL4526,Q9UF33,Ephrin type-A receptor 6,Kd,36.0,7.44,CHEMBL1908445
Cediranib (AZD2171),CHEMBL491473,CHEMBL5654,Q8WXR4,Myosin-IIIb,Kd,10000.0,5.0,CHEMBL1908514
Cediranib (AZD2171),CHEMBL491473,CHEMBL5047,Q6PHR2,Serine/threonine-protein kinase ULK3,Kd,10000.0,5.0,CHEMBL1908515
Cediranib (AZD2171),CHEMBL491473,CHEMBL5903,Q04771,Activin receptor type-1,Kd,3400.0,5.47,CHEMBL1908516
Cediranib (AZD2171),CHEMBL491473,CHEMBL5466,Q13705,Activin receptor type-2B,Kd,10000.0,5.0,CHEMBL1908517
Cediranib (AZD2171),CHEMBL491473,CHEMBL6150,Q8WU08,Serine/threonine-protein kinase 32A,Kd,10000.0,5.0,CHEMBL1908518
Cediranib (AZD2171),CHEMBL491473,CHEMBL1163117,Q8IVW4,Cyclin-dependent kinase-like 3,Kd,10000.0,5.0,CHEMBL1908519
Cediranib (AZD2171),CHEMBL491473,CHEMBL4718,Q9BUB5,MAP kinase-interacting serine/threonine-protein kinase 1,Kd,10000.0,5.0,CHEMBL1908520
Cediranib (AZD2171),CHEMBL491473,CHEMBL5969,Q99755,Phosphatidylinositol 4-phosphate 5-kinase type-1 alpha,Kd,10000.0,5.0,CHEMBL1908521
Cediranib (AZD2171),CHEMBL491473,CHEMBL5476,O00238,Bone morphogenetic protein receptor type-1B,Kd,10000.0,5.0,CHEMBL1908522
Cediranib (AZD2171),CHEMBL491473,CHEMBL5467,Q13873,Bone morphogenetic protein receptor type-2,Kd,10000.0,5.0,CHEMBL1908523
Cediranib (AZD2171),CHEMBL491473,CHEMBL4121,Q13554,Calcium/calmodulin-dependent protein kinase type II subunit beta,Kd,10000.0,5.0,CHEMBL1908524
Cediranib (AZD2171),CHEMBL491473,CHEMBL4442,Q00526,Cyclin-dependent kinase 3,Kd,10000.0,5.0,CHEMBL1908525
Cediranib (AZD2171),CHEMBL491473,CHEMBL5719,P49336,Cyclin-dependent kinase 8,Kd,10000.0,5.0,CHEMBL1908526
Cediranib (AZD2171),CHEMBL491473,CHEMBL3116,P50750,Cyclin-dependent kinase 9,Kd,10000.0,5.0,CHEMBL1908527
Cediranib (AZD2171),CHEMBL491473,CHEMBL4630,O14757,Serine/threonine-protein kinase Chk1,Kd,10000.0,5.0,CHEMBL1908528
Cediranib (AZD2171),CHEMBL491473,CHEMBL3476,O15111,Inhibitor of nuclear factor kappa-B kinase subunit alpha,Kd,10000.0,5.0,CHEMBL1908529
Cediranib (AZD2171),CHEMBL491473,CHEMBL2543,P78368,Casein kinase I isoform gamma-2,Kd,10000.0,5.0,CHEMBL1908530
Cediranib (AZD2171),CHEMBL491473,CHEMBL2468,O43293,Death-associated protein kinase 3,Kd,10000.0,5.0,CHEMBL1908531
Cediranib (AZD2171),CHEMBL491473,CHEMBL1163101,O75460,Serine/threonine-protein kinase/endoribonuclease IRE1,Kd,510.0,6.29,CHEMBL1908532
Cediranib (AZD2171),CHEMBL491473,CHEMBL1991,O14920,Inhibitor of nuclear factor kappa-B kinase subunit beta,Kd,10000.0,5.0,CHEMBL1908533
Cediranib (AZD2171),CHEMBL491473,CHEMBL3357,P51617,Interleukin-1 receptor-associated kinase 1,Kd,10000.0,5.0,CHEMBL1908534
Cediranib (AZD2171),CHEMBL491473,CHEMBL5616,P27037,Activin receptor type-2A,Kd,10000.0,5.0,CHEMBL1908535
Cediranib (AZD2171),CHEMBL491473,CHEMBL2431,P31751,RAC-beta serine/threonine-protein kinase,Kd,10000.0,5.0,CHEMBL1908536
Cediranib (AZD2171),CHEMBL491473,CHEMBL4895,P30530,Tyrosine-protein kinase receptor UFO,Kd,490.0,6.31,CHEMBL1908537
Cediranib (AZD2171),CHEMBL491473,CHEMBL2250,P51451,Tyrosine-protein kinase Blk,Kd,120.0,6.92,CHEMBL1908538
Cediranib (AZD2171),CHEMBL491473,CHEMBL3834,P51813,Cytoplasmic tyrosine-protein kinase BMX,Kd,10000.0,5.0,CHEMBL1908539
Cediranib (AZD2171),CHEMBL491473,CHEMBL2494,Q16566,Calcium/calmodulin-dependent protein kinase type IV,Kd,10000.0,5.0,CHEMBL1908540
Cediranib (AZD2171),CHEMBL491473,CHEMBL301,P24941,Cyclin-dependent kinase 2,Kd,10000.0,5.0,CHEMBL1908541
Cediranib (AZD2171),CHEMBL491473,CHEMBL3055,P50613,Cyclin-dependent kinase 7,Kd,10000.0,5.0,CHEMBL1908542
Cediranib (AZD2171),CHEMBL491473,CHEMBL2793,P48729,Casein kinase I isoform alpha,Kd,10000.0,5.0,CHEMBL1908543
Cediranib (AZD2171),CHEMBL491473,CHEMBL4937,P49674,Casein kinase I isoform epsilon,Kd,2800.0,5.55,CHEMBL1908544
Cediranib (AZD2171),CHEMBL491473,CHEMBL3629,P68400,Casein kinase II subunit alpha,Kd,10000.0,5.0,CHEMBL1908545
Cediranib (AZD2171),CHEMBL491473,CHEMBL4070,P19784,Casein kinase II subunit alpha',Kd,10000.0,5.0,CHEMBL1908546
Cediranib (AZD2171),CHEMBL491473,CHEMBL5319,Q08345,Epithelial discoidin domain-containing receptor 1,Kd,1.7,8.77,CHEMBL1908547
Cediranib (AZD2171),CHEMBL491473,CHEMBL5838,P21860,Receptor tyrosine-protein kinase erbB-3,Kd,180.0,6.74,CHEMBL1908548
Cediranib (AZD2171),CHEMBL491473,CHEMBL5455,P07332,Tyrosine-protein kinase Fes/Fps,Kd,10000.0,5.0,CHEMBL1908549
Cediranib (AZD2171),CHEMBL491473,CHEMBL1868,P17948,Vascular endothelial growth factor receptor 1,Kd,0.74,9.13,CHEMBL1908550
Cediranib (AZD2171),CHEMBL491473,CHEMBL1955,P35916,Vascular endothelial growth factor receptor 3,Kd,4.3,8.37,CHEMBL1908551
Cediranib (AZD2171),CHEMBL491473,CHEMBL4223,P42685,Tyrosine-protein kinase FRK,Kd,720.0,6.14,CHEMBL1908552
Cediranib (AZD2171),CHEMBL491473,CHEMBL262,P49841,Glycogen synthase kinase-3 beta,Kd,10000.0,5.0,CHEMBL1908553
Cediranib (AZD2171),CHEMBL491473,CHEMBL3234,P08631,Tyrosine-protein kinase HCK,Kd,590.0,6.23,CHEMBL1908554
Cediranib (AZD2171),CHEMBL491473,CHEMBL2835,P23458,Tyrosine-protein kinase JAK1,Kd,10000.0,5.0,CHEMBL1908555
Cediranib (AZD2171),CHEMBL491473,CHEMBL2835,P23458,Tyrosine-protein kinase JAK1,Kd,10000.0,5.0,CHEMBL1908556
Cediranib (AZD2171),CHEMBL491473,CHEMBL279,P35968,Vascular endothelial growth factor receptor 2,Kd,1.1,8.96,CHEMBL1908557
Cediranib (AZD2171),CHEMBL491473,CHEMBL3836,P53667,LIM domain kinase 1,Kd,10000.0,5.0,CHEMBL1908558
Crenolanib,CHEMBL2105728,CHEMBL1974,P36888,Receptor-type tyrosine-protein kinase FLT3,IC50,3.0,8.52,CHEMBL3815409
Crenolanib,CHEMBL2105728,CHEMBL1974,P36888,Receptor-type tyrosine-protein kinase FLT3,IC50,4.0,8.4,CHEMBL3815408
Crenolanib,CHEMBL2105728,CHEMBL3830,Q2M2I8,AP2-associated protein kinase 1,Kd,30000.0,4.52,CHEMBL3991602
Crenolanib,CHEMBL2105728,CHEMBL1862,P00519,Tyrosine-protein kinase ABL1,Kd,30000.0,4.52,CHEMBL3991603
Crenolanib,CHEMBL2105728,CHEMBL4014,P42684,Tyrosine-protein kinase ABL2,Kd,30000.0,4.52,CHEMBL3991604
Crenolanib,CHEMBL2105728,CHEMBL4105816,Q6JQN1,Acyl-CoA dehydrogenase family member 10,Kd,30000.0,4.52,CHEMBL3991605
Crenolanib,CHEMBL2105728,CHEMBL4105707,Q709F0,Acyl-CoA dehydrogenase family member 11,Kd,30000.0,4.52,CHEMBL3991606
Crenolanib,CHEMBL2105728,CHEMBL4105892,P49748,"Very long-chain specific acyl-CoA dehydrogenase, mitochondrial",Kd,30000.0,4.52,CHEMBL3991607
Crenolanib,CHEMBL2105728,CHEMBL4105748,Q15067,Peroxisomal acyl-coenzyme A oxidase 1,Kd,30000.0,4.52,CHEMBL3991608
Crenolanib,CHEMBL2105728,CHEMBL4105817,O15254,Peroxisomal acyl-coenzyme A oxidase 3,Kd,30000.0,4.52,CHEMBL3991609
Crenolanib,CHEMBL2105728,CHEMBL4105818,Q9ULC5,Long-chain-fatty-acid--CoA ligase 5,Kd,30000.0,4.52,CHEMBL3991610
Crenolanib,CHEMBL2105728,CHEMBL6090,P61160,Actin-related protein 2,Kd,30000.0,4.52,CHEMBL3991611
Crenolanib,CHEMBL2105728,CHEMBL4105857,P61158,Actin-related protein 3,Kd,30000.0,4.52,CHEMBL3991612
Crenolanib,CHEMBL2105728,CHEMBL5903,Q04771,Activin receptor type-1,Kd,30000.0,4.52,CHEMBL3991613
Crenolanib,CHEMBL2105728,CHEMBL5310,P36896,Activin receptor type-1B,Kd,30000.0,4.52,CHEMBL3991614
Crenolanib,CHEMBL2105728,CHEMBL5466,Q13705,Activin receptor type-2B,Kd,30000.0,4.52,CHEMBL3991615
Crenolanib,CHEMBL2105728,CHEMBL4105885,Q86TW2,AarF domain-containing protein kinase 1,Kd,30000.0,4.52,CHEMBL3991617
Crenolanib,CHEMBL2105728,CHEMBL5550,Q8NI60,"Atypical kinase COQ8A, mitochondrial",Kd,30000.0,4.52,CHEMBL3991618
Crenolanib,CHEMBL2105728,CHEMBL4105886,Q3MIX3,Uncharacterized aarF domain-containing protein kinase 5,Kd,30000.0,4.52,CHEMBL3991619
Crenolanib,CHEMBL2105728,CHEMBL3589,P55263,Adenosine kinase,Kd,30000.0,4.52,CHEMBL3991620
Crenolanib,CHEMBL2105728,CHEMBL4079,P25098,Beta-adrenergic receptor kinase 1,Kd,30000.0,4.52,CHEMBL3991621
Crenolanib,CHEMBL2105728,CHEMBL4938,P54819,"Adenylate kinase 2, mitochondrial",Kd,30000.0,4.52,CHEMBL3991622
Crenolanib,CHEMBL2105728,CHEMBL4282,P31749,RAC-alpha serine/threonine-protein kinase,Kd,30000.0,4.52,CHEMBL3991623
Crenolanib,CHEMBL2105728,CHEMBL2431,P31751,RAC-beta serine/threonine-protein kinase,Kd,30000.0,4.52,CHEMBL3991624
Crenolanib,CHEMBL2105728,CHEMBL4816,Q9Y243,RAC-gamma serine/threonine-protein kinase,Kd,30000.0,4.52,CHEMBL3991625
Crenolanib,CHEMBL2105728,CHEMBL4105819,P07741,Adenine phosphoribosyltransferase,Kd,29.0,7.54,CHEMBL3991627
Crenolanib,CHEMBL2105728,CHEMBL1169596,P10398,Serine/threonine-protein kinase A-Raf,Kd,30000.0,4.52,CHEMBL3991628
Crenolanib,CHEMBL2105728,CHEMBL4722,O14965,Aurora kinase A,Kd,30000.0,4.52,CHEMBL3991630
Crenolanib,CHEMBL2105728,CHEMBL2185,Q96GD4,Aurora kinase B,Kd,30000.0,4.52,CHEMBL3991631
Crenolanib,CHEMBL2105728,CHEMBL5146,P11274,Breakpoint cluster region protein,Kd,30000.0,4.52,CHEMBL3991632
Crenolanib,CHEMBL2105728,CHEMBL4522,Q9NSY1,BMP-2-inducible protein kinase,Kd,1200.0,5.92,CHEMBL3991633
Crenolanib,CHEMBL2105728,CHEMBL5275,P36894,Bone morphogenetic protein receptor type-1A,Kd,30000.0,4.52,CHEMBL3991634
Crenolanib,CHEMBL2105728,CHEMBL5476,O00238,Bone morphogenetic protein receptor type-1B,Kd,30000.0,4.52,CHEMBL3991635
Crenolanib,CHEMBL2105728,CHEMBL5467,Q13873,Bone morphogenetic protein receptor type-2,Kd,30000.0,4.52,CHEMBL3991636
Crenolanib,CHEMBL2105728,CHEMBL5145,P15056,Serine/threonine-protein kinase B-raf,Kd,30000.0,4.52,CHEMBL3991637
Crenolanib,CHEMBL2105728,CHEMBL5251,Q06187,Tyrosine-protein kinase BTK,Kd,30000.0,4.52,CHEMBL3991638
Crenolanib,CHEMBL2105728,CHEMBL1772932,O43683,Mitotic checkpoint serine/threonine-protein kinase BUB1,Kd,30000.0,4.52,CHEMBL3991639
Crenolanib,CHEMBL2105728,CHEMBL5258,Q96NX5,Calcium/calmodulin-dependent protein kinase type 1G,Kd,30000.0,4.52,CHEMBL3991640
Crenolanib,CHEMBL2105728,CHEMBL2801,Q13557,Calcium/calmodulin-dependent protein kinase type II subunit delta,Kd,821.0,6.09,CHEMBL3991641
Crenolanib,CHEMBL2105728,CHEMBL3829,Q13555,Calcium/calmodulin-dependent protein kinase type II subunit gamma,Kd,766.0,6.12,CHEMBL3991642
Crenolanib,CHEMBL2105728,CHEMBL2494,Q16566,Calcium/calmodulin-dependent protein kinase type IV,Kd,30000.0,4.52,CHEMBL3991643
Crenolanib,CHEMBL2105728,CHEMBL5284,Q96RR4,Calcium/calmodulin-dependent protein kinase kinase 2,Kd,135.0,6.87,CHEMBL3991644
Crenolanib,CHEMBL2105728,CHEMBL4105937,P49589,"Cysteine--tRNA ligase, cytoplasmic",Kd,30000.0,4.52,CHEMBL3991645
Crenolanib,CHEMBL2105728,CHEMBL4516,Q5VT25,Serine/threonine-protein kinase MRCK alpha,Kd,30000.0,4.52,CHEMBL3991646
Crenolanib,CHEMBL2105728,CHEMBL5052,Q9Y5S2,Serine/threonine-protein kinase MRCK beta,Kd,30000.0,4.52,CHEMBL3991647
Crenolanib,CHEMBL2105728,CHEMBL5615,Q6DT37,Serine/threonine-protein kinase MRCK gamma,Kd,30000.0,4.52,CHEMBL3991648
Crenolanib,CHEMBL2105728,CHEMBL5443,O00311,Cell division cycle 7-related protein kinase,Kd,30000.0,4.52,CHEMBL3991649
Crenolanib,CHEMBL2105728,CHEMBL308,P06493,Cyclin-dependent kinase 1,Kd,1378.0,5.86,CHEMBL3991650
Crenolanib,CHEMBL2105728,CHEMBL1795191,Q15131,Cyclin-dependent kinase 10,Kd,30000.0,4.52,CHEMBL3991651
Crenolanib,CHEMBL2105728,CHEMBL3559692,Q9NYV4,Cyclin-dependent kinase 12,Kd,30000.0,4.52,CHEMBL3991652
Crenolanib,CHEMBL2105728,CHEMBL1795192,Q14004,Cyclin-dependent kinase 13,Kd,30000.0,4.52,CHEMBL3991653
Crenolanib,CHEMBL2105728,CHEMBL4597,Q00536,Cyclin-dependent kinase 16,Kd,30000.0,4.52,CHEMBL3991654
Crenolanib,CHEMBL2105728,CHEMBL5790,Q00537,Cyclin-dependent kinase 17,Kd,30000.0,4.52,CHEMBL3991655
Crenolanib,CHEMBL2105728,CHEMBL301,P24941,Cyclin-dependent kinase 2,Kd,128.0,6.89,CHEMBL3991657
Crenolanib,CHEMBL2105728,CHEMBL4442,Q00526,Cyclin-dependent kinase 3,Kd,1066.0,5.97,CHEMBL3991658
Crenolanib,CHEMBL2105728,CHEMBL331,P11802,Cyclin-dependent kinase 4,Kd,30000.0,4.52,CHEMBL3991659
Crenolanib,CHEMBL2105728,CHEMBL4036,Q00535,Cyclin-dependent kinase 5,Kd,313.0,6.5,CHEMBL3991660
Crenolanib,CHEMBL2105728,CHEMBL2508,Q00534,Cyclin-dependent kinase 6,Kd,30000.0,4.52,CHEMBL3991661
Crenolanib,CHEMBL2105728,CHEMBL3055,P50613,Cyclin-dependent kinase 7,Kd,30000.0,4.52,CHEMBL3991662
Crenolanib,CHEMBL2105728,CHEMBL3116,P50750,Cyclin-dependent kinase 9,Kd,988.0,6.01,CHEMBL3991663
Crenolanib,CHEMBL2105728,CHEMBL1163112,O76039,Cyclin-dependent kinase-like 5,Kd,30000.0,4.52,CHEMBL3991664
Crenolanib,CHEMBL2105728,CHEMBL4630,O14757,Serine/threonine-protein kinase Chk1,Kd,30000.0,4.52,CHEMBL3991666
Crenolanib,CHEMBL2105728,CHEMBL5579,O14578,Citron Rho-interacting kinase,Kd,30000.0,4.52,CHEMBL3991667
Crenolanib,CHEMBL2105728,CHEMBL4224,P49759,Dual specificity protein kinase CLK1,Kd,30000.0,4.52,CHEMBL3991668
Crenolanib,CHEMBL2105728,CHEMBL4226,P49761,Dual specificity protein kinase CLK3,Kd,30000.0,4.52,CHEMBL3991670
Crenolanib,CHEMBL2105728,CHEMBL5681,P30085,UMP-CMP kinase,Kd,3.0,8.52,CHEMBL3991672
Crenolanib,CHEMBL2105728,CHEMBL2634,P41240,Tyrosine-protein kinase CSK,Kd,30000.0,4.52,CHEMBL3991673
Crenolanib,CHEMBL2105728,CHEMBL2793,P48729,Casein kinase I isoform alpha,Kd,30000.0,4.52,CHEMBL3991674
Crenolanib,CHEMBL2105728,CHEMBL2828,P48730,Casein kinase I isoform delta,Kd,30000.0,4.52,CHEMBL3991675
Crenolanib,CHEMBL2105728,CHEMBL4937,P49674,Casein kinase I isoform epsilon,Kd,30000.0,4.52,CHEMBL3991676
Crenolanib,CHEMBL2105728,CHEMBL2426,Q9HCP0,Casein kinase I isoform gamma-1,Kd,30000.0,4.52,CHEMBL3991677
Crenolanib,CHEMBL2105728,CHEMBL2543,P78368,Casein kinase I isoform gamma-2,Kd,30000.0,4.52,CHEMBL3991678
Crenolanib,CHEMBL2105728,CHEMBL5084,Q9Y6M4,Casein kinase I isoform gamma-3,Kd,30000.0,4.52,CHEMBL3991679
Crenolanib,CHEMBL2105728,CHEMBL4070,P19784,Casein kinase II subunit alpha',Kd,30000.0,4.52,CHEMBL3991681
Crenolanib,CHEMBL2105728,CHEMBL4105975,P08574,"Cytochrome c1, heme protein, mitochondrial",Kd,30000.0,4.52,CHEMBL3991682
Crenolanib,CHEMBL2105728,CHEMBL2447,P27707,Deoxycytidine kinase,Kd,30000.0,4.52,CHEMBL3991683
Crenolanib,CHEMBL2105728,CHEMBL3769292,Q9H773,dCTP pyrophosphatase 1,Kd,30000.0,4.52,CHEMBL3991684
Crenolanib,CHEMBL2105728,CHEMBL5319,Q08345,Epithelial discoidin domain-containing receptor 1,Kd,30000.0,4.52,CHEMBL3991685
Crenolanib,CHEMBL2105728,CHEMBL5122,Q16832,Discoidin domain-containing receptor 2,Kd,30000.0,4.52,CHEMBL3991686
Crenolanib,CHEMBL2105728,CHEMBL2010634,Q92499,ATP-dependent RNA helicase DDX1,Kd,30000.0,4.52,CHEMBL3991687
Crenolanib,CHEMBL2105728,CHEMBL5553,O00571,ATP-dependent RNA helicase DDX3X,Kd,30000.0,4.52,CHEMBL3991688
Crenolanib,CHEMBL2105728,CHEMBL4105782,Q86XP3,ATP-dependent RNA helicase DDX42,Kd,30000.0,4.52,CHEMBL3991689
Crenolanib,CHEMBL2105728,CHEMBL4105783,P26196,Probable ATP-dependent RNA helicase DDX6,Kd,30000.0,4.52,CHEMBL3991690
Crenolanib,CHEMBL2105728,CHEMBL2331059,Q15392,Delta(24)-sterol reductase,Kd,30000.0,4.52,CHEMBL3991691
Crenolanib,CHEMBL2105728,CHEMBL4105814,Q7L2E3,ATP-dependent RNA helicase DHX30,Kd,30000.0,4.52,CHEMBL3991692
Crenolanib,CHEMBL2105728,CHEMBL2189122,P31689,DnaJ homolog subfamily A member 1,Kd,30000.0,4.52,CHEMBL3991693
Crenolanib,CHEMBL2105728,CHEMBL2292,Q13627,Dual specificity tyrosine-phosphorylation-regulated kinase 1A,Kd,4966.0,5.3,CHEMBL3991694
Crenolanib,CHEMBL2105728,CHEMBL203,P00533,Epidermal growth factor receptor,Kd,30000.0,4.52,CHEMBL3991696
Crenolanib,CHEMBL2105728,CHEMBL6029,Q9BQI3,Eukaryotic translation initiation factor 2-alpha kinase 1,Kd,30000.0,4.52,CHEMBL3991697
Crenolanib,CHEMBL2105728,CHEMBL4105852,O60841,Eukaryotic translation initiation factor 5B,Kd,30000.0,4.52,CHEMBL3991699
Crenolanib,CHEMBL2105728,CHEMBL5810,P21709,Ephrin type-A receptor 1,Kd,30000.0,4.52,CHEMBL3991700
Crenolanib,CHEMBL2105728,CHEMBL2068,P29317,Ephrin type-A receptor 2,Kd,30000.0,4.52,CHEMBL3991701
Crenolanib,CHEMBL2105728,CHEMBL3988,P54764,Ephrin type-A receptor 4,Kd,30000.0,4.52,CHEMBL3991702
Crenolanib,CHEMBL2105728,CHEMBL3987,P54756,Ephrin type-A receptor 5,Kd,30000.0,4.52,CHEMBL3991703
Crenolanib,CHEMBL2105728,CHEMBL4602,Q15375,Ephrin type-A receptor 7,Kd,30000.0,4.52,CHEMBL3991704
Crenolanib,CHEMBL2105728,CHEMBL3290,P29323,Ephrin type-B receptor 2,Kd,30000.0,4.52,CHEMBL3991705
Crenolanib,CHEMBL2105728,CHEMBL4901,P54753,Ephrin type-B receptor 3,Kd,30000.0,4.52,CHEMBL3991706
Crenolanib,CHEMBL2105728,CHEMBL5147,P54760,Ephrin type-B receptor 4,Kd,30000.0,4.52,CHEMBL3991707
Crenolanib,CHEMBL2105728,CHEMBL5836,O15197,Ephrin type-B receptor 6,Kd,30000.0,4.52,CHEMBL3991708
Crenolanib,CHEMBL2105728,CHEMBL4105743,P18074,General transcription and DNA repair factor IIH helicase subunit XPD,Kd,30000.0,4.52,CHEMBL3991709
Crizotinib (PF-2341066),CHEMBL601719,CHEMBL3717,P08581,Hepatocyte growth factor receptor,IC50,8.0,8.1,CHEMBL976902
Crizotinib (PF-2341066),CHEMBL601719,CHEMBL2689,Q04912,Macrophage-stimulating protein receptor,IC50,300.0,6.52,CHEMBL976904
Crizotinib (PF-2341066),CHEMBL601719,CHEMBL4247,Q9UM73,ALK tyrosine kinase receptor,IC50,20.0,7.7,CHEMBL974026
Crizotinib (PF-2341066),CHEMBL601719,CHEMBL4895,P30530,Tyrosine-protein kinase receptor UFO,IC50,294.0,6.53,CHEMBL990565
Crizotinib (PF-2341066),CHEMBL601719,CHEMBL4128,Q02763,Angiopoietin-1 receptor,IC50,448.0,6.35,CHEMBL974012
Crizotinib (PF-2341066),CHEMBL601719,CHEMBL2815,P04629,High affinity nerve growth factor receptor,IC50,580.0,6.24,CHEMBL990566
Crizotinib (PF-2341066),CHEMBL601719,CHEMBL4898,Q16620,BDNF/NT-3 growth factors receptor,IC50,399.0,6.4,CHEMBL990567
Crizotinib (PF-2341066),CHEMBL601719,CHEMBL1862,P00519,Tyrosine-protein kinase ABL1,IC50,1159.0,5.94,CHEMBL977768
Crizotinib (PF-2341066),CHEMBL601719,CHEMBL258,P06239,Tyrosine-protein kinase Lck,IC50,2741.0,5.56,CHEMBL974030
Crizotinib (PF-2341066),CHEMBL601719,CHEMBL279,P35968,Vascular endothelial growth factor receptor 2,IC50,10000.0,5.0,CHEMBL977770
Crizotinib (PF-2341066),CHEMBL601719,CHEMBL1913,P09619,Platelet-derived growth factor receptor beta,IC50,10000.0,5.0,CHEMBL966751
Crizotinib (PF-2341066),CHEMBL601719,CHEMBL5314,Q06418,Tyrosine-protein kinase receptor TYRO3,IC50,10000.0,5.0,CHEMBL966752
Crizotinib (PF-2341066),CHEMBL601719,CHEMBL1844,P07333,Macrophage colony-stimulating factor 1 receptor,IC50,10000.0,5.0,CHEMBL966753
Crizotinib (PF-2341066),CHEMBL601719,CHEMBL5147,P54760,Ephrin type-B receptor 4,IC50,10000.0,5.0,CHEMBL966754
Crizotinib (PF-2341066),CHEMBL601719,CHEMBL3834,P51813,Cytoplasmic tyrosine-protein kinase BMX,IC50,10000.0,5.0,CHEMBL974014
Crizotinib (PF-2341066),CHEMBL601719,CHEMBL3290,P29323,Ephrin type-B receptor 2,IC50,10000.0,5.0,CHEMBL966755
Crizotinib (PF-2341066),CHEMBL601719,CHEMBL4454,P09769,Tyrosine-protein kinase Fgr,IC50,10000.0,5.0,CHEMBL990524
Crizotinib (PF-2341066),CHEMBL601719,CHEMBL1841,P06241,Tyrosine-protein kinase Fyn,IC50,10000.0,5.0,CHEMBL966756
Crizotinib (PF-2341066),CHEMBL601719,CHEMBL3055,P50613,Cyclin-dependent kinase 7,IC50,10000.0,5.0,CHEMBL966757
Crizotinib (PF-2341066),CHEMBL601719,CHEMBL267,P12931,Proto-oncogene tyrosine-protein kinase Src,IC50,10000.0,5.0,CHEMBL989735
Crizotinib (PF-2341066),CHEMBL601719,CHEMBL1957,P08069,Insulin-like growth factor 1 receptor,IC50,10000.0,5.0,CHEMBL990569
Crizotinib (PF-2341066),CHEMBL601719,CHEMBL5910,Q9NWT8,Small ribosomal subunit protein mS38,IC50,10000.0,5.0,CHEMBL974017
Crizotinib (PF-2341066),CHEMBL601719,CHEMBL5575,Q15046,Lysine--tRNA ligase,IC50,10000.0,5.0,CHEMBL990563
Crizotinib (PF-2341066),CHEMBL601719,CHEMBL2742,P22607,Fibroblast growth factor receptor 3,IC50,10000.0,5.0,CHEMBL974015
Crizotinib (PF-2341066),CHEMBL601719,CHEMBL3863,Q15139,Serine/threonine-protein kinase D1,IC50,10000.0,5.0,CHEMBL966758
Crizotinib (PF-2341066),CHEMBL601719,CHEMBL5251,Q06187,Tyrosine-protein kinase BTK,IC50,10000.0,5.0,CHEMBL966759
Crizotinib (PF-2341066),CHEMBL601719,CHEMBL1907602,,Cyclin-dependent kinase 1/cyclin B1,IC50,10000.0,5.0,CHEMBL966760
Crizotinib (PF-2341066),CHEMBL601719,CHEMBL4501,P23443,Ribosomal protein S6 kinase beta-1,IC50,10000.0,5.0,CHEMBL966761
Crizotinib (PF-2341066),CHEMBL601719,CHEMBL3032,Q16513,Serine/threonine-protein kinase N2,IC50,10000.0,5.0,CHEMBL966762
Crizotinib (PF-2341066),CHEMBL601719,CHEMBL2431,P31751,RAC-beta serine/threonine-protein kinase,IC50,10000.0,5.0,CHEMBL966763
Crizotinib (PF-2341066),CHEMBL601719,CHEMBL2041,P07949,Proto-oncogene tyrosine-protein kinase receptor Ret,IC50,10000.0,5.0,CHEMBL990560
Crizotinib (PF-2341066),CHEMBL601719,CHEMBL3717,P08581,Hepatocyte growth factor receptor,IC50,8.0,8.1,CHEMBL1066393
Crizotinib (PF-2341066),CHEMBL601719,CHEMBL279,P35968,Vascular endothelial growth factor receptor 2,IC50,10000.0,5.0,CHEMBL1066394
Crizotinib (PF-2341066),CHEMBL601719,CHEMBL4247,Q9UM73,ALK tyrosine kinase receptor,IC50,600.0,6.22,CHEMBL1810103
Crizotinib (PF-2341066),CHEMBL601719,CHEMBL1981,P06213,Insulin receptor,IC50,650.0,6.19,CHEMBL1810156
Crizotinib (PF-2341066),CHEMBL601719,CHEMBL3717,P08581,Hepatocyte growth factor receptor,IC50,0.78,9.11,CHEMBL1810157
Crizotinib (PF-2341066),CHEMBL601719,CHEMBL3717,P08581,Hepatocyte growth factor receptor,IC50,4.0,8.4,CHEMBL1826790
Crizotinib (PF-2341066),CHEMBL601719,CHEMBL3717,P08581,Hepatocyte growth factor receptor,IC50,8.0,8.1,CHEMBL1826482
Crizotinib (PF-2341066),CHEMBL601719,CHEMBL3717,P08581,Hepatocyte growth factor receptor,Ki,2.0,8.7,CHEMBL1825352
Crizotinib (PF-2341066),CHEMBL601719,CHEMBL3717,P08581,Hepatocyte growth factor receptor,IC50,1.0,9.0,CHEMBL1825355
Crizotinib (PF-2341066),CHEMBL601719,CHEMBL4247,Q9UM73,ALK tyrosine kinase receptor,IC50,20.0,7.7,CHEMBL1825356
Crizotinib (PF-2341066),CHEMBL601719,CHEMBL4247,Q9UM73,ALK tyrosine kinase receptor,IC50,1.0,9.0,CHEMBL1825358
Crizotinib (PF-2341066),CHEMBL601719,CHEMBL4895,P30530,Tyrosine-protein kinase receptor UFO,IC50,294.0,6.53,CHEMBL1825361
Crizotinib (PF-2341066),CHEMBL601719,CHEMBL4895,P30530,Tyrosine-protein kinase receptor UFO,IC50,1.0,9.0,CHEMBL1825363
Crizotinib (PF-2341066),CHEMBL601719,CHEMBL4128,Q02763,Angiopoietin-1 receptor,IC50,5.0,8.3,CHEMBL1825366
Crizotinib (PF-2341066),CHEMBL601719,CHEMBL2815,P04629,High affinity nerve growth factor receptor,IC50,1.0,9.0,CHEMBL1825369
Crizotinib (PF-2341066),CHEMBL601719,CHEMBL4898,Q16620,BDNF/NT-3 growth factors receptor,IC50,2.0,8.7,CHEMBL1825460
Crizotinib (PF-2341066),CHEMBL601719,CHEMBL1862,P00519,Tyrosine-protein kinase ABL1,IC50,24.0,7.62,CHEMBL1825463
Crizotinib (PF-2341066),CHEMBL601719,CHEMBL1981,P06213,Insulin receptor,IC50,2887.0,5.54,CHEMBL1825464
Crizotinib (PF-2341066),CHEMBL601719,CHEMBL1981,P06213,Insulin receptor,IC50,102.0,6.99,CHEMBL1825466
Crizotinib (PF-2341066),CHEMBL601719,CHEMBL258,P06239,Tyrosine-protein kinase Lck,IC50,2741.0,5.56,CHEMBL1825467
Crizotinib (PF-2341066),CHEMBL601719,CHEMBL279,P35968,Vascular endothelial growth factor receptor 2,IC50,10000.0,5.0,CHEMBL1825472
Crizotinib (PF-2341066),CHEMBL601719,CHEMBL1913,P09619,Platelet-derived growth factor receptor beta,IC50,10000.0,5.0,CHEMBL1825473
Crizotinib (PF-2341066),CHEMBL601719,CHEMBL258,P06239,Tyrosine-protein kinase Lck,IC50,1.0,9.0,CHEMBL1825469
Crizotinib (PF-2341066),CHEMBL601719,CHEMBL4224,P49759,Dual specificity protein kinase CLK1,Kd,10000.0,5.0,CHEMBL1908461
Crizotinib (PF-2341066),CHEMBL601719,CHEMBL5608,Q16288,NT-3 growth factor receptor,Kd,82.0,7.09,CHEMBL1908462
Crizotinib (PF-2341066),CHEMBL601719,CHEMBL4674,P53778,Mitogen-activated protein kinase 12,Kd,10000.0,5.0,CHEMBL1908463
Crizotinib (PF-2341066),CHEMBL601719,CHEMBL5331,Q12866,Tyrosine-protein kinase Mer,Kd,3.6,8.44,CHEMBL1908464
Crizotinib (PF-2341066),CHEMBL601719,CHEMBL5668,P78362,SRSF protein kinase 2,Kd,10000.0,5.0,CHEMBL1908465
Crizotinib (PF-2341066),CHEMBL601719,CHEMBL3935,Q9UQB9,Aurora kinase C,Kd,4300.0,5.37,CHEMBL1908466
Crizotinib (PF-2341066),CHEMBL601719,CHEMBL2801,Q13557,Calcium/calmodulin-dependent protein kinase type II subunit delta,Kd,10000.0,5.0,CHEMBL1908467
Crizotinib (PF-2341066),CHEMBL601719,CHEMBL5404,Q86UE8,Serine/threonine-protein kinase tousled-like 2,Kd,10000.0,5.0,CHEMBL1908468
Crizotinib (PF-2341066),CHEMBL601719,CHEMBL2185,Q96GD4,Aurora kinase B,Kd,76.0,7.12,CHEMBL1908469
Crizotinib (PF-2341066),CHEMBL601719,CHEMBL4045,Q13131,5'-AMP-activated protein kinase catalytic subunit alpha-1,Kd,2400.0,5.62,CHEMBL1908470
Crizotinib (PF-2341066),CHEMBL601719,CHEMBL6149,Q9Y2K2,Serine/threonine-protein kinase SIK3,Kd,10000.0,5.0,CHEMBL1908471
Crizotinib (PF-2341066),CHEMBL601719,CHEMBL3938,O75716,Serine/threonine-protein kinase 16,Kd,10000.0,5.0,CHEMBL1908472
Crizotinib (PF-2341066),CHEMBL601719,CHEMBL5790,Q00537,Cyclin-dependent kinase 17,Kd,10000.0,5.0,CHEMBL1908473
Crizotinib (PF-2341066),CHEMBL601719,CHEMBL5122,Q16832,Discoidin domain-containing receptor 2,Kd,10000.0,5.0,CHEMBL1908474
Crizotinib (PF-2341066),CHEMBL601719,CHEMBL5311,P37023,Activin receptor type-1-like,Kd,10000.0,5.0,CHEMBL1908475
Crizotinib (PF-2341066),CHEMBL601719,CHEMBL5251,Q06187,Tyrosine-protein kinase BTK,Kd,7800.0,5.11,CHEMBL1908476
Crizotinib (PF-2341066),CHEMBL601719,CHEMBL331,P11802,Cyclin-dependent kinase 4,Kd,10000.0,5.0,CHEMBL1908477
Crizotinib (PF-2341066),CHEMBL601719,CHEMBL331,P11802,Cyclin-dependent kinase 4,Kd,10000.0,5.0,CHEMBL1908478
Crizotinib (PF-2341066),CHEMBL601719,CHEMBL2742,P22607,Fibroblast growth factor receptor 3,Kd,2700.0,5.57,CHEMBL1908479
Crizotinib (PF-2341066),CHEMBL601719,CHEMBL2742,P22607,Fibroblast growth factor receptor 3,Kd,3500.0,5.46,CHEMBL1908480
Crizotinib (PF-2341066),CHEMBL601719,CHEMBL1981,P06213,Insulin receptor,Kd,340.0,6.47,CHEMBL1908481
Crizotinib (PF-2341066),CHEMBL601719,CHEMBL2148,P52333,Tyrosine-protein kinase JAK3,Kd,200.0,6.7,CHEMBL1908482
Crizotinib (PF-2341066),CHEMBL601719,CHEMBL1936,P10721,Mast/stem cell growth factor receptor Kit,Kd,10000.0,5.0,CHEMBL1908483
Crizotinib (PF-2341066),CHEMBL601719,CHEMBL1936,P10721,Mast/stem cell growth factor receptor Kit,Kd,10000.0,5.0,CHEMBL1908484
Crizotinib (PF-2341066),CHEMBL601719,CHEMBL1936,P10721,Mast/stem cell growth factor receptor Kit,Kd,10000.0,5.0,CHEMBL1908485
Crizotinib (PF-2341066),CHEMBL601719,CHEMBL1936,P10721,Mast/stem cell growth factor receptor Kit,Kd,3700.0,5.43,CHEMBL1908486
Crizotinib (PF-2341066),CHEMBL601719,CHEMBL1936,P10721,Mast/stem cell growth factor receptor Kit,Kd,10000.0,5.0,CHEMBL1908487
Crizotinib (PF-2341066),CHEMBL601719,CHEMBL1936,P10721,Mast/stem cell growth factor receptor Kit,Kd,10000.0,5.0,CHEMBL1908488
Crizotinib (PF-2341066),CHEMBL601719,CHEMBL1936,P10721,Mast/stem cell growth factor receptor Kit,Kd,800.0,6.1,CHEMBL1908489
Crizotinib (PF-2341066),CHEMBL601719,CHEMBL1936,P10721,Mast/stem cell growth factor receptor Kit,Kd,10000.0,5.0,CHEMBL1908490
Crizotinib (PF-2341066),CHEMBL601719,CHEMBL3717,P08581,Hepatocyte growth factor receptor,Kd,2.1,8.68,CHEMBL1908491
Crizotinib (PF-2341066),CHEMBL601719,CHEMBL3717,P08581,Hepatocyte growth factor receptor,Kd,0.55,9.26,CHEMBL1908492
Crizotinib (PF-2341066),CHEMBL601719,CHEMBL3717,P08581,Hepatocyte growth factor receptor,Kd,1.5,8.82,CHEMBL1908493
Crizotinib (PF-2341066),CHEMBL601719,CHEMBL2349,P15735,"Phosphorylase b kinase gamma catalytic chain, liver/testis isoform",Kd,10000.0,5.0,CHEMBL1908494
Crizotinib (PF-2341066),CHEMBL601719,CHEMBL5606,Q15831,Serine/threonine-protein kinase STK11,Kd,10000.0,5.0,CHEMBL1908495
Crizotinib (PF-2341066),CHEMBL601719,CHEMBL4128,Q02763,Angiopoietin-1 receptor,Kd,270.0,6.57,CHEMBL1908496
Crizotinib (PF-2341066),CHEMBL601719,CHEMBL1957,P08069,Insulin-like growth factor 1 receptor,Kd,780.0,6.11,CHEMBL1908497
Crizotinib (PF-2341066),CHEMBL601719,CHEMBL1163127,Q6ZN16,Mitogen-activated protein kinase kinase kinase 15,Kd,2800.0,5.55,CHEMBL1908498
Crizotinib (PF-2341066),CHEMBL601719,CHEMBL5407,Q86V86,Serine/threonine-protein kinase pim-3,Kd,10000.0,5.0,CHEMBL1908499
Crizotinib (PF-2341066),CHEMBL601719,CHEMBL2527,O96017,Serine/threonine-protein kinase Chk2,Kd,10000.0,5.0,CHEMBL1908500
Crizotinib (PF-2341066),CHEMBL601719,CHEMBL1824,P04626,Receptor tyrosine-protein kinase erbB-2,Kd,10000.0,5.0,CHEMBL1908501
Crizotinib (PF-2341066),CHEMBL601719,CHEMBL3906,Q15349,Ribosomal protein S6 kinase alpha-2,Kd,10000.0,5.0,CHEMBL1908502
Crizotinib (PF-2341066),CHEMBL601719,CHEMBL3125,O75676,Ribosomal protein S6 kinase alpha-4,Kd,10000.0,5.0,CHEMBL1908503
Crizotinib (PF-2341066),CHEMBL601719,CHEMBL4599,Q07912,Activated CDC42 kinase 1,Kd,760.0,6.12,CHEMBL1908504
Crizotinib (PF-2341066),CHEMBL601719,CHEMBL2815,P04629,High affinity nerve growth factor receptor,Kd,95.0,7.02,CHEMBL1908505
Crizotinib (PF-2341066),CHEMBL601719,CHEMBL5426,Q86YV6,Myosin light chain kinase family member 4,Kd,10000.0,5.0,CHEMBL1908506
Cytarabine,CHEMBL803,CHEMBL383,,HL-60,IC50,80.0,7.1,CHEMBL689647
Cytarabine,CHEMBL803,CHEMBL383,,HL-60,IC50,350.0,6.46,CHEMBL690288
Cytarabine,CHEMBL803,CHEMBL4502,P32320,Cytidine deaminase,Ki,190000.0,3.72,CHEMBL665311
Cytarabine,CHEMBL803,CHEMBL382,,CCRF-CEM,IC50,90.0,7.05,CHEMBL656080
Cytarabine,CHEMBL803,CHEMBL614067,,CAKI-1,IC50,5000.0,5.3,CHEMBL654989
Cytarabine,CHEMBL803,CHEMBL614285,,DLD-1,IC50,5000.0,5.3,CHEMBL664537
Cytarabine,CHEMBL803,CHEMBL614997,,NCI-H23,IC50,1000.0,6.0,CHEMBL882027
Cytarabine,CHEMBL803,CHEMBL614919,,SK-MEL-28,IC50,1000.0,6.0,CHEMBL809110
Cytarabine,CHEMBL803,CHEMBL614930,,SNB-7,IC50,1000.0,6.0,CHEMBL879238
Cytarabine,CHEMBL803,CHEMBL382,,CCRF-CEM,IC50,20.0,7.7,CHEMBL656070
Cytarabine,CHEMBL803,CHEMBL614177,,MOLT-4,IC50,10.0,8.0,CHEMBL709467
Cytarabine,CHEMBL803,CHEMBL614881,,RPMI 6410,IC50,60.0,7.22,CHEMBL770692
Cytarabine,CHEMBL803,CHEMBL614539,,CCRF-CEM/ara-C,IC50,100000.0,4.0,CHEMBL653264
Cytarabine,CHEMBL803,CHEMBL387,,MCF7,IC50,1030.0,5.99,CHEMBL651490
Cytarabine,CHEMBL803,CHEMBL398,,KB,IC50,640.0,6.19,CHEMBL705481
Cytarabine,CHEMBL803,CHEMBL612700,,KATO III stomach cancer cell line,IC50,300.0,6.52,CHEMBL700751
Cytarabine,CHEMBL803,CHEMBL2883,P04183,"Thymidine kinase, cytosolic",IC50,1000000.0,3.0,CHEMBL819111
Cytarabine,CHEMBL803,CHEMBL4580,O00142,"Thymidine kinase 2, mitochondrial",IC50,1000000.0,3.0,CHEMBL815477
Cytarabine,CHEMBL803,CHEMBL385,,K562,IC50,500.0,6.3,CHEMBL705727
Cytarabine,CHEMBL803,CHEMBL614101,,PC-8,IC50,1100.0,5.96,CHEMBL761193
Cytarabine,CHEMBL803,CHEMBL614102,,PC-9,IC50,6600.0,5.18,CHEMBL761200
Cytarabine,CHEMBL803,CHEMBL614100,,PC-13,IC50,410000.0,3.39,CHEMBL764657
Cytarabine,CHEMBL803,CHEMBL614052,,QG-95,IC50,410000.0,3.39,CHEMBL765756
Cytarabine,CHEMBL803,CHEMBL613972,,ST-KM-1,IC50,410000.0,3.39,CHEMBL807503
Cytarabine,CHEMBL803,CHEMBL614354,,MKN-45,IC50,57600.0,4.24,CHEMBL707718
Cytarabine,CHEMBL803,CHEMBL612700,,KATO III stomach cancer cell line,IC50,410000.0,3.39,CHEMBL700926
Cytarabine,CHEMBL803,CHEMBL613996,,KKLS,IC50,410000.0,3.39,CHEMBL702246
Cytarabine,CHEMBL803,CHEMBL614055,,SW48,IC50,410000.0,3.39,CHEMBL802155
Cytarabine,CHEMBL803,CHEMBL614257,,COLO 320,IC50,40.0,7.4,CHEMBL872806
Cytarabine,CHEMBL803,CHEMBL387,,MCF7,IC50,620.0,6.21,CHEMBL705897
Cytarabine,CHEMBL803,CHEMBL614210,,OST,IC50,410000.0,3.39,CHEMBL753722
Cytarabine,CHEMBL803,CHEMBL614038,,HOS-TE85,IC50,10700.0,4.97,CHEMBL710604
Cytarabine,CHEMBL803,CHEMBL614580,,HT-1080,IC50,530.0,6.28,CHEMBL699064
Cytarabine,CHEMBL803,CHEMBL613859,,A-375,IC50,410000.0,3.39,CHEMBL618622
Cytarabine,CHEMBL803,CHEMBL383,,HL-60,IC50,760.0,6.12,CHEMBL871954
Cytarabine,CHEMBL803,CHEMBL383,,HL-60,IC50,130.0,6.89,CHEMBL695272
Cytarabine,CHEMBL803,CHEMBL614541,,CCRF-HSB-2,IC50,150.0,6.82,CHEMBL919716
Cytarabine,CHEMBL803,CHEMBL398,,KB,IC50,700.0,6.15,CHEMBL919717
Cytarabine,CHEMBL803,CHEMBL392,,A549,IC50,620000.0,3.21,CHEMBL912074
Cytarabine,CHEMBL803,CHEMBL2883,P04183,"Thymidine kinase, cytosolic",IC50,1000000.0,3.0,CHEMBL886766
Cytarabine,CHEMBL803,CHEMBL4580,O00142,"Thymidine kinase 2, mitochondrial",IC50,1000000.0,3.0,CHEMBL886767
Cytarabine,CHEMBL803,CHEMBL384,,HT-29,IC50,66.0,7.18,CHEMBL981345
Cytarabine,CHEMBL803,CHEMBL613977,,SF-268,IC50,7.68,8.11,CHEMBL978893
Cytarabine,CHEMBL803,CHEMBL394,,HCT-116,IC50,5300.0,5.28,CHEMBL1053106
Cytarabine,CHEMBL803,CHEMBL392,,A549,IC50,1900.0,5.72,CHEMBL1053107
Cytarabine,CHEMBL803,CHEMBL614935,,SNU-638,IC50,150.0,6.82,CHEMBL1053108
Cytarabine,CHEMBL803,CHEMBL614361,,T47D,IC50,2700.0,5.57,CHEMBL1053109
Cytarabine,CHEMBL803,CHEMBL390,,PC-3,IC50,55900.0,4.25,CHEMBL1053110
Cytarabine,CHEMBL803,CHEMBL385,,K562,IC50,50.0,7.3,CHEMBL1053111
Cytarabine,CHEMBL803,CHEMBL383,,HL-60,IC50,118.0,6.93,CHEMBL1059210
Cytarabine,CHEMBL803,CHEMBL399,,HeLa,IC50,464433.0,3.33,CHEMBL1059211
Cytarabine,CHEMBL803,CHEMBL382,,CCRF-CEM,IC50,24.0,7.62,CHEMBL1045387
Cytarabine,CHEMBL803,CHEMBL399,,HeLa,IC50,260.0,6.59,CHEMBL1045386
Cytarabine,CHEMBL803,CHEMBL382,,CCRF-CEM,IC50,1.0,9.0,CHEMBL1041582
Cytarabine,CHEMBL803,CHEMBL387,,MCF7,IC50,4.0,8.4,CHEMBL1041588
Cytarabine,CHEMBL803,CHEMBL387,,MCF7,IC50,40.0,7.4,CHEMBL1041589
Cytarabine,CHEMBL803,CHEMBL613835,,MV4-11,IC50,3360.0,5.47,CHEMBL1106929
Cytarabine,CHEMBL803,CHEMBL382,,CCRF-CEM,IC50,24.0,7.62,CHEMBL1102065
Cytarabine,CHEMBL803,CHEMBL614177,,MOLT-4,IC50,1000.0,6.0,CHEMBL1106339
Cytarabine,CHEMBL803,CHEMBL394,,HCT-116,IC50,100.0,7.0,CHEMBL1106340
Cytarabine,CHEMBL803,CHEMBL612262,,SW-620,IC50,30000.0,4.52,CHEMBL1106341
Cytarabine,CHEMBL803,CHEMBL387,,MCF7,IC50,100000.0,4.0,CHEMBL1106342
Cytarabine,CHEMBL803,CHEMBL396,,NCI-H460,IC50,100.0,7.0,CHEMBL1106343
Cytarabine,CHEMBL803,CHEMBL613977,,SF-268,IC50,7680.0,5.11,CHEMBL1168911
Cytarabine,CHEMBL803,CHEMBL395,,HepG2,IC50,200.0,6.7,CHEMBL1225703
Cytarabine,CHEMBL803,CHEMBL614279,,Bel-7402,IC50,34200.0,4.47,CHEMBL1225705
Cytarabine,CHEMBL803,CHEMBL385,,K562,IC50,33500.0,4.47,CHEMBL1225706
Cytarabine,CHEMBL803,CHEMBL395,,HepG2,IC50,26230.0,4.58,CHEMBL1810514
Cytarabine,CHEMBL803,CHEMBL385,,K562,IC50,24290.0,4.61,CHEMBL1810511
Cytarabine,CHEMBL803,CHEMBL397,,Jurkat,IC50,45800.0,4.34,CHEMBL1738197
Cytarabine,CHEMBL803,CHEMBL1615382,Q9Y6Q9,Nuclear receptor coactivator 3,IC50,7533.0,5.12,CHEMBL1963969
Cytarabine,CHEMBL803,CHEMBL1615387,Q15788,Nuclear receptor coactivator 1,IC50,25587.0,4.59,CHEMBL1963838
Cytarabine,CHEMBL803,CHEMBL383,,HL-60,IC50,49.0,7.31,CHEMBL2150100
Cytarabine,CHEMBL803,CHEMBL385,,K562,IC50,14000.0,4.85,CHEMBL2150101
Cytarabine,CHEMBL803,CHEMBL382,,CCRF-CEM,IC50,6.0,8.22,CHEMBL2150102
Cytarabine,CHEMBL803,CHEMBL1075435,,DOK,IC50,904.46,6.04,CHEMBL2363186
Cytarabine,CHEMBL803,CHEMBL2366079,,DSH1,IC50,3408.84,5.47,CHEMBL2363187
Cytarabine,CHEMBL803,CHEMBL612519,,Daoy,IC50,532.22,6.27,CHEMBL2363191
Cytarabine,CHEMBL803,CHEMBL613508,,DU-145,IC50,52125.8,4.28,CHEMBL2363188
Cytarabine,CHEMBL803,CHEMBL2366246,,DU-4475,IC50,575.4,6.24,CHEMBL2363189
Cytarabine,CHEMBL803,CHEMBL614487,,EKVX,IC50,217094.56,3.66,CHEMBL2363207
Cytarabine,CHEMBL803,CHEMBL2366281,,EM-2,IC50,211.39,6.67,CHEMBL2363208
Cytarabine,CHEMBL803,CHEMBL1075443,,EPLC-272H,IC50,1449.92,5.84,CHEMBL2363209
Cytarabine,CHEMBL803,CHEMBL2366118,,ES4,IC50,214.01,6.67,CHEMBL2363212
Cytarabine,CHEMBL803,CHEMBL2366312,,ES5,IC50,242.9,6.61,CHEMBL2363213
Cytarabine,CHEMBL803,CHEMBL2366146,,ES1,IC50,12.97,7.89,CHEMBL2363210
Cytarabine,CHEMBL803,CHEMBL2366135,,ES3,IC50,198.7,6.7,CHEMBL2363211
Cytarabine,CHEMBL803,CHEMBL1075432,,Detroit 562,IC50,2062.1,5.69,CHEMBL2363193
Cytarabine,CHEMBL803,CHEMBL1075436,,DoTc2-4510,IC50,1598.56,5.8,CHEMBL2363194
Cytarabine,CHEMBL803,CHEMBL2366240,,EC-GI-10,IC50,556.98,6.25,CHEMBL2363197
Cytarabine,CHEMBL803,CHEMBL2366117,,ECC10,IC50,15173.07,4.82,CHEMBL2363198
Cytarabine,CHEMBL803,CHEMBL1075439,,EFM-19,IC50,2980.59,5.53,CHEMBL2363202
Cytarabine,CHEMBL803,CHEMBL1075440,,EFO-21,IC50,1549.86,5.81,CHEMBL2363203
Cytarabine,CHEMBL803,CHEMBL1075441,,EFO-27,IC50,1939.66,5.71,CHEMBL2363204
Cytarabine,CHEMBL803,CHEMBL1075442,,EGI-1,IC50,1109.18,5.95,CHEMBL2363205
Cytarabine,CHEMBL803,CHEMBL614516,,A498,IC50,3729.49,5.43,CHEMBL2363731
Cytarabine,CHEMBL803,CHEMBL392,,A549,IC50,49.66,7.3,CHEMBL2363732
Cytarabine,CHEMBL803,CHEMBL614517,,A673,IC50,223.82,6.65,CHEMBL2363733
Dasatinib,CHEMBL5416410,CHEMBL258,P06239,Tyrosine-protein kinase Lck,IC50,0.4,9.4,CHEMBL910552
Dasatinib,CHEMBL5416410,CHEMBL267,P12931,Proto-oncogene tyrosine-protein kinase Src,IC50,0.5,9.3,CHEMBL910556
Dasatinib,CHEMBL5416410,CHEMBL2096618,,Bcr/Abl fusion protein,IC50,1.0,9.0,CHEMBL910557
Dasatinib,CHEMBL5416410,CHEMBL301,P24941,Cyclin-dependent kinase 2,IC50,5000.0,5.3,CHEMBL912343
Dasatinib,CHEMBL5416410,CHEMBL203,P00533,Epidermal growth factor receptor,IC50,180.0,6.74,CHEMBL912344
Dasatinib,CHEMBL5416410,CHEMBL1824,P04626,Receptor tyrosine-protein kinase erbB-2,IC50,710.0,6.15,CHEMBL912345
Dasatinib,CHEMBL5416410,CHEMBL3650,P11362,Fibroblast growth factor receptor 1,IC50,880.0,6.06,CHEMBL912346
Dasatinib,CHEMBL5416410,CHEMBL1841,P06241,Tyrosine-protein kinase Fyn,IC50,0.2,9.7,CHEMBL912340
Dasatinib,CHEMBL5416410,CHEMBL2073,P07947,Tyrosine-protein kinase Yes,IC50,0.5,9.3,CHEMBL912341
Dasatinib,CHEMBL5416410,CHEMBL2094115,,MAP kinase p38,IC50,100.0,7.0,CHEMBL910562
Dasatinib,CHEMBL5416410,CHEMBL385,,K562,IC50,1.0,9.0,CHEMBL914486
Dasatinib,CHEMBL5416410,CHEMBL390,,PC-3,IC50,9.4,8.03,CHEMBL914487
Dasatinib,CHEMBL5416410,CHEMBL400,,MDA-MB-231,IC50,12.0,7.92,CHEMBL914488
Dasatinib,CHEMBL5416410,CHEMBL614647,,WiDr,IC50,52.0,7.28,CHEMBL914489
Dasatinib,CHEMBL5416410,CHEMBL2096618,,Bcr/Abl fusion protein,IC50,1.0,9.0,CHEMBL914494
Dasatinib,CHEMBL5416410,CHEMBL267,P12931,Proto-oncogene tyrosine-protein kinase Src,IC50,0.5,9.3,CHEMBL914495
Dasatinib,CHEMBL5416410,CHEMBL258,P06239,Tyrosine-protein kinase Lck,IC50,0.4,9.4,CHEMBL914496
Dasatinib,CHEMBL5416410,CHEMBL2073,P07947,Tyrosine-protein kinase Yes,IC50,0.5,9.3,CHEMBL914497
Dasatinib,CHEMBL5416410,CHEMBL1936,P10721,Mast/stem cell growth factor receptor Kit,IC50,5.0,8.3,CHEMBL914498
Dasatinib,CHEMBL5416410,CHEMBL1913,P09619,Platelet-derived growth factor receptor beta,IC50,28.0,7.55,CHEMBL914499
Dasatinib,CHEMBL5416410,CHEMBL2094115,,MAP kinase p38,IC50,100.0,7.0,CHEMBL914500
Dasatinib,CHEMBL5416410,CHEMBL203,P00533,Epidermal growth factor receptor,IC50,180.0,6.74,CHEMBL914501
Dasatinib,CHEMBL5416410,CHEMBL1824,P04626,Receptor tyrosine-protein kinase erbB-2,IC50,710.0,6.15,CHEMBL914502
Dasatinib,CHEMBL5416410,CHEMBL3650,P11362,Fibroblast growth factor receptor 1,IC50,880.0,6.06,CHEMBL914503
Dasatinib,CHEMBL5416410,CHEMBL2111289,,Dual specificity mitogen-activated protein kinase kinase; MEK1/2,IC50,1700.0,5.77,CHEMBL914504
Dasatinib,CHEMBL5416410,CHEMBL279,P35968,Vascular endothelial growth factor receptor 2,IC50,2000.0,5.7,CHEMBL914505
Dasatinib,CHEMBL5416410,CHEMBL301,P24941,Cyclin-dependent kinase 2,IC50,5000.0,5.3,CHEMBL913893
Dasatinib,CHEMBL5416410,CHEMBL2111328,,Inhibitor of NF-kappa-B kinase (IKK),IC50,10000.0,5.0,CHEMBL913894
Dasatinib,CHEMBL5416410,CHEMBL2111353,,Serine/threonine-protein kinase AKT,IC50,50000.0,4.3,CHEMBL913895
Dasatinib,CHEMBL5416410,CHEMBL2695,Q05397,Focal adhesion kinase 1,IC50,50000.0,4.3,CHEMBL913896
Dasatinib,CHEMBL5416410,CHEMBL1957,P08069,Insulin-like growth factor 1 receptor,IC50,50000.0,4.3,CHEMBL913897
Dasatinib,CHEMBL5416410,CHEMBL1981,P06213,Insulin receptor,IC50,50000.0,4.3,CHEMBL913898
Dasatinib,CHEMBL5416410,CHEMBL2208,P49137,MAP kinase-activated protein kinase 2,IC50,50000.0,4.3,CHEMBL913899
Dasatinib,CHEMBL5416410,CHEMBL299,P17252,Protein kinase C alpha type,IC50,50000.0,4.3,CHEMBL913900
Dasatinib,CHEMBL5416410,CHEMBL2996,Q05655,Protein kinase C delta type,IC50,50000.0,4.3,CHEMBL913901
Dasatinib,CHEMBL5416410,CHEMBL3438,Q05513,Protein kinase C zeta type,IC50,50000.0,4.3,CHEMBL913903
Dasatinib,CHEMBL5416410,CHEMBL1862,P00519,Tyrosine-protein kinase ABL1,IC50,4.2,8.38,CHEMBL901542
Dasatinib,CHEMBL5416410,CHEMBL267,P12931,Proto-oncogene tyrosine-protein kinase Src,IC50,1.5,8.82,CHEMBL901543
Dasatinib,CHEMBL5416410,CHEMBL385,,K562,IC50,1.0,9.0,CHEMBL901544
Dasatinib,CHEMBL5416410,CHEMBL5251,Q06187,Tyrosine-protein kinase BTK,IC50,5.0,8.3,CHEMBL923536
Dasatinib,CHEMBL5416410,CHEMBL1862,P00519,Tyrosine-protein kinase ABL1,IC50,14.0,7.85,CHEMBL924604
Dasatinib,CHEMBL5416410,CHEMBL4246,P42680,Tyrosine-protein kinase Tec,IC50,297.0,6.53,CHEMBL924605
Dasatinib,CHEMBL5416410,CHEMBL5251,Q06187,Tyrosine-protein kinase BTK,IC50,100.0,7.0,CHEMBL924608
Dasatinib,CHEMBL5416410,CHEMBL5251,Q06187,Tyrosine-protein kinase BTK,IC50,1.3,8.89,CHEMBL924609
Dasatinib,CHEMBL5416410,CHEMBL2959,Q08881,Tyrosine-protein kinase ITK/TSK,IC50,228.0,6.64,CHEMBL924614
Dasatinib,CHEMBL5416410,CHEMBL1936,P10721,Mast/stem cell growth factor receptor Kit,IC50,13.0,7.89,CHEMBL997066
Dasatinib,CHEMBL5416410,CHEMBL2068,P29317,Ephrin type-A receptor 2,IC50,137.0,6.86,CHEMBL997067
Dasatinib,CHEMBL5416410,CHEMBL267,P12931,Proto-oncogene tyrosine-protein kinase Src,IC50,14.0,7.85,CHEMBL1022370
Dasatinib,CHEMBL5416410,CHEMBL267,P12931,Proto-oncogene tyrosine-protein kinase Src,IC50,0.6,9.22,CHEMBL1022370
Dasatinib,CHEMBL5416410,CHEMBL203,P00533,Epidermal growth factor receptor,IC50,2870.0,5.54,CHEMBL1022371
Dasatinib,CHEMBL5416410,CHEMBL279,P35968,Vascular endothelial growth factor receptor 2,IC50,2360.0,5.63,CHEMBL1022373
Dasatinib,CHEMBL5416410,CHEMBL260,Q16539,Mitogen-activated protein kinase 14,Kd,495.0,6.31,CHEMBL997164
Dasatinib,CHEMBL5416410,CHEMBL1974,P36888,Receptor-type tyrosine-protein kinase FLT3,Kd,10000.0,5.0,CHEMBL1063729
Dasatinib,CHEMBL5416410,CHEMBL1974,P36888,Receptor-type tyrosine-protein kinase FLT3,Kd,10000.0,5.0,CHEMBL1061073
Dasatinib,CHEMBL5416410,CHEMBL1955,P35916,Vascular endothelial growth factor receptor 3,Kd,10000.0,5.0,CHEMBL1060246
Dasatinib,CHEMBL5416410,CHEMBL4223,P42685,Tyrosine-protein kinase FRK,Kd,0.31,9.51,CHEMBL1060247
Dasatinib,CHEMBL5416410,CHEMBL2999,O75914,Serine/threonine-protein kinase PAK 3,Kd,10000.0,5.0,CHEMBL1062779
Dasatinib,CHEMBL5416410,CHEMBL5790,Q00537,Cyclin-dependent kinase 17,Kd,10000.0,5.0,CHEMBL1051349
Dasatinib,CHEMBL5416410,CHEMBL5316,Q07002,Cyclin-dependent kinase 18,Kd,10000.0,5.0,CHEMBL1062782
Dasatinib,CHEMBL5416410,CHEMBL2534,O15530,3-phosphoinositide-dependent protein kinase 1,Kd,10000.0,5.0,CHEMBL1061922
Dasatinib,CHEMBL5416410,CHEMBL6162,O94921,Cyclin-dependent kinase 14,Kd,10000.0,5.0,CHEMBL1051350
Dasatinib,CHEMBL5416410,CHEMBL4004,Q16816,"Phosphorylase b kinase gamma catalytic chain, skeletal muscle/heart isoform",Kd,10000.0,5.0,CHEMBL1061153
Dasatinib,CHEMBL5416410,CHEMBL5969,Q99755,Phosphatidylinositol 4-phosphate 5-kinase type-1 alpha,Kd,10000.0,5.0,CHEMBL1061923
Dasatinib,CHEMBL5416410,CHEMBL5667,P78356,Phosphatidylinositol 5-phosphate 4-kinase type-2 beta,Kd,10000.0,5.0,CHEMBL1062784
Dasatinib,CHEMBL5416410,CHEMBL4924,Q9UK32,Ribosomal protein S6 kinase alpha-6,Kd,10000.0,5.0,CHEMBL1039275
Dasatinib,CHEMBL5416410,CHEMBL4924,Q9UK32,Ribosomal protein S6 kinase alpha-6,Kd,10000.0,5.0,CHEMBL1061926
Dasatinib,CHEMBL5416410,CHEMBL5426,Q86YV6,Myosin light chain kinase family member 4,Kd,10000.0,5.0,CHEMBL1051352
Dasatinib,CHEMBL5416410,CHEMBL4202,Q9H2G2,STE20-like serine/threonine-protein kinase,Kd,720.0,6.14,CHEMBL1062787
Dasatinib,CHEMBL5416410,CHEMBL279,P35968,Vascular endothelial growth factor receptor 2,Kd,10000.0,5.0,CHEMBL1051261
Dasatinib,CHEMBL5416410,CHEMBL5491,P30291,Wee1-like protein kinase,Kd,7000.0,5.15,CHEMBL1061935
Dasatinib,CHEMBL5416410,CHEMBL5405,Q86UX6,Serine/threonine-protein kinase 32C,Kd,10000.0,5.0,CHEMBL1062789
Dasatinib,CHEMBL5416410,CHEMBL2073,P07947,Tyrosine-protein kinase Yes,Kd,0.3,9.52,CHEMBL1051262
Dasatinib,CHEMBL5416410,CHEMBL5552,O00506,Serine/threonine-protein kinase 25,Kd,10000.0,5.0,CHEMBL1051263
Dasatinib,CHEMBL5416410,CHEMBL3886,Q9NYL2,Mitogen-activated protein kinase kinase kinase 20,Kd,45.0,7.35,CHEMBL1051317
Dasatinib,CHEMBL5416410,CHEMBL2803,P43403,Tyrosine-protein kinase ZAP-70,Kd,10000.0,5.0,CHEMBL1061189
Dasatinib,CHEMBL5416410,CHEMBL2918,P22694,cAMP-dependent protein kinase catalytic subunit beta,Kd,10000.0,5.0,CHEMBL1039274
Dasatinib,CHEMBL5416410,CHEMBL5818,P51817,cAMP-dependent protein kinase catalytic subunit PRKX,Kd,10000.0,5.0,CHEMBL1061157
Dasatinib,CHEMBL5416410,CHEMBL5469,Q14289,Protein-tyrosine kinase 2-beta,Kd,10000.0,5.0,CHEMBL1061158
Dasatinib,CHEMBL5416410,CHEMBL5975,Q9BRS2,Serine/threonine-protein kinase RIO1,Kd,10000.0,5.0,CHEMBL1051258
Dasatinib,CHEMBL5416410,CHEMBL4226,P49761,Dual specificity protein kinase CLK3,Kd,10000.0,5.0,CHEMBL1060240
Dasatinib,CHEMBL5416410,CHEMBL2634,P41240,Tyrosine-protein kinase CSK,Kd,1.0,9.0,CHEMBL1037547
Dasatinib,CHEMBL5416410,CHEMBL5520,Q8N752,Casein kinase I isoform alpha-like,Kd,10000.0,5.0,CHEMBL1063703
Dasatinib,CHEMBL5416410,CHEMBL2828,P48730,Casein kinase I isoform delta,Kd,10000.0,5.0,CHEMBL1050829
Dasatinib,CHEMBL5416410,CHEMBL4937,P49674,Casein kinase I isoform epsilon,Kd,1500.0,5.82,CHEMBL1050834
Dasatinib,CHEMBL5416410,CHEMBL2543,P78368,Casein kinase I isoform gamma-2,Kd,10000.0,5.0,CHEMBL1063704
Dasatinib,CHEMBL5416410,CHEMBL5084,Q9Y6M4,Casein kinase I isoform gamma-3,Kd,10000.0,5.0,CHEMBL1051284
Dasatinib,CHEMBL5416410,CHEMBL4128,Q02763,Angiopoietin-1 receptor,Kd,10000.0,5.0,CHEMBL1051315
Dasatinib,CHEMBL5416410,CHEMBL5388,Q9UKI8,Serine/threonine-protein kinase tousled-like 1,Kd,10000.0,5.0,CHEMBL1061931
Dasatinib,CHEMBL5416410,CHEMBL5404,Q86UE8,Serine/threonine-protein kinase tousled-like 2,Kd,10000.0,5.0,CHEMBL1061984
Dasatinib,CHEMBL5416410,CHEMBL4527,Q9UKE5,TRAF2 and NCK-interacting protein kinase,Kd,2000.0,5.7,CHEMBL1062874
Dasatinib,CHEMBL5416410,CHEMBL4599,Q07912,Activated CDC42 kinase 1,Kd,5.6,8.25,CHEMBL1051355
Dasatinib,CHEMBL5416410,CHEMBL2815,P04629,High affinity nerve growth factor receptor,Kd,10000.0,5.0,CHEMBL1061933
Dasatinib,CHEMBL5416410,CHEMBL4898,Q16620,BDNF/NT-3 growth factors receptor,Kd,10000.0,5.0,CHEMBL1062875
Dasatinib,CHEMBL5416410,CHEMBL5608,Q16288,NT-3 growth factor receptor,Kd,10000.0,5.0,CHEMBL1041998
Dasatinib,CHEMBL5416410,CHEMBL3983,P33981,Dual specificity protein kinase TTK,Kd,10000.0,5.0,CHEMBL1061934
Dasatinib,CHEMBL5416410,CHEMBL4367,P42681,Tyrosine-protein kinase TXK,Kd,2.1,8.68,CHEMBL1061187
Dasatinib,CHEMBL5416410,CHEMBL3629,P68400,Casein kinase II subunit alpha,Kd,10000.0,5.0,CHEMBL1060241
Dasatinib,CHEMBL5416410,CHEMBL4070,P19784,Casein kinase II subunit alpha',Kd,10000.0,5.0,CHEMBL1061141
Dasatinib,CHEMBL5416410,CHEMBL3123,Q9UIK4,Death-associated protein kinase 2,Kd,10000.0,5.0,CHEMBL1053760
Dasatinib,CHEMBL5416410,CHEMBL2468,O43293,Death-associated protein kinase 3,Kd,10000.0,5.0,CHEMBL1060181
Doramapimod (BIRB 796),CHEMBL103667,CHEMBL2094115,,MAP kinase p38,Kd,0.097,10.01,CHEMBL732616
Doramapimod (BIRB 796),CHEMBL103667,CHEMBL3385,P27361,Mitogen-activated protein kinase 3,IC50,20000.0,4.7,CHEMBL680864
Doramapimod (BIRB 796),CHEMBL103667,CHEMBL1906,P04049,RAF proto-oncogene serine/threonine-protein kinase,IC50,1400.0,5.85,CHEMBL772303
Doramapimod (BIRB 796),CHEMBL103667,CHEMBL1841,P06241,Tyrosine-protein kinase Fyn,IC50,20000.0,4.7,CHEMBL823229
Doramapimod (BIRB 796),CHEMBL103667,CHEMBL258,P06239,Tyrosine-protein kinase Lck,IC50,20000.0,4.7,CHEMBL841486
Doramapimod (BIRB 796),CHEMBL103667,CHEMBL2599,P43405,Tyrosine-protein kinase SYK,IC50,20000.0,4.7,CHEMBL816641
Doramapimod (BIRB 796),CHEMBL103667,CHEMBL2803,P43403,Tyrosine-protein kinase ZAP-70,IC50,20000.0,4.7,CHEMBL824037
Doramapimod (BIRB 796),CHEMBL103667,CHEMBL203,P00533,Epidermal growth factor receptor,IC50,20000.0,4.7,CHEMBL677531
Doramapimod (BIRB 796),CHEMBL103667,CHEMBL1824,P04626,Receptor tyrosine-protein kinase erbB-2,IC50,20000.0,4.7,CHEMBL692794
Doramapimod (BIRB 796),CHEMBL103667,CHEMBL2094138,,cAMP-dependent protein kinase (PKA),IC50,20000.0,4.7,CHEMBL766843
Doramapimod (BIRB 796),CHEMBL103667,CHEMBL1991,O14920,Inhibitor of nuclear factor kappa-B kinase subunit beta,IC50,20000.0,4.7,CHEMBL702052
Doramapimod (BIRB 796),CHEMBL103667,CHEMBL4179,P45984,Mitogen-activated protein kinase 9,IC50,100.0,7.0,CHEMBL816404
Doramapimod (BIRB 796),CHEMBL103667,CHEMBL260,Q16539,Mitogen-activated protein kinase 14,Kd,1.3,8.89,CHEMBL734085
Doramapimod (BIRB 796),CHEMBL103667,CHEMBL260,Q16539,Mitogen-activated protein kinase 14,Kd,0.046,10.34,CHEMBL734088
Doramapimod (BIRB 796),CHEMBL103667,CHEMBL260,Q16539,Mitogen-activated protein kinase 14,Kd,0.1,10.0,CHEMBL734087
Doramapimod (BIRB 796),CHEMBL103667,CHEMBL260,Q16539,Mitogen-activated protein kinase 14,Kd,0.098,10.01,CHEMBL733328
Doramapimod (BIRB 796),CHEMBL103667,CHEMBL4223,P42685,Tyrosine-protein kinase FRK,Kd,360.0,6.44,CHEMBL860775
Doramapimod (BIRB 796),CHEMBL103667,CHEMBL2637,P53779,Mitogen-activated protein kinase 10,Kd,62.0,7.21,CHEMBL860894
Doramapimod (BIRB 796),CHEMBL103667,CHEMBL4602,Q15375,Ephrin type-A receptor 7,Kd,220.0,6.66,CHEMBL860660
Doramapimod (BIRB 796),CHEMBL103667,CHEMBL5072,P54762,Ephrin type-B receptor 1,Kd,4200.0,5.38,CHEMBL860665
Doramapimod (BIRB 796),CHEMBL103667,CHEMBL4204,Q9HBH9,MAP kinase-interacting serine/threonine-protein kinase 2,Kd,1100.0,5.96,CHEMBL860651
Doramapimod (BIRB 796),CHEMBL103667,CHEMBL4179,P45984,Mitogen-activated protein kinase 9,Kd,5.6,8.25,CHEMBL860895
Doramapimod (BIRB 796),CHEMBL103667,CHEMBL4134,P29322,Ephrin type-A receptor 8,Kd,140.0,6.85,CHEMBL860777
Doramapimod (BIRB 796),CHEMBL103667,CHEMBL4954,P29320,Ephrin type-A receptor 3,Kd,580.0,6.24,CHEMBL860778
Doramapimod (BIRB 796),CHEMBL103667,CHEMBL1862,P00519,Tyrosine-protein kinase ABL1,Kd,2200.0,5.66,CHEMBL859872
Doramapimod (BIRB 796),CHEMBL103667,CHEMBL258,P06239,Tyrosine-protein kinase Lck,Kd,1100.0,5.96,CHEMBL860915
Doramapimod (BIRB 796),CHEMBL103667,CHEMBL1862,P00519,Tyrosine-protein kinase ABL1,Kd,4200.0,5.38,CHEMBL859869
Doramapimod (BIRB 796),CHEMBL103667,CHEMBL4202,Q9H2G2,STE20-like serine/threonine-protein kinase,Kd,86.0,7.07,CHEMBL860653
Doramapimod (BIRB 796),CHEMBL103667,CHEMBL3981,O94804,Serine/threonine-protein kinase 10,Kd,7.1,8.15,CHEMBL860781
Doramapimod (BIRB 796),CHEMBL103667,CHEMBL1862,P00519,Tyrosine-protein kinase ABL1,Kd,2300.0,5.64,CHEMBL861044
Doramapimod (BIRB 796),CHEMBL103667,CHEMBL1862,P00519,Tyrosine-protein kinase ABL1,Kd,1500.0,5.82,CHEMBL859868
Doramapimod (BIRB 796),CHEMBL103667,CHEMBL3988,P54764,Ephrin type-A receptor 4,Kd,3900.0,5.41,CHEMBL860664
Doramapimod (BIRB 796),CHEMBL103667,CHEMBL1862,P00519,Tyrosine-protein kinase ABL1,Kd,41.0,7.39,CHEMBL859873
Doramapimod (BIRB 796),CHEMBL103667,CHEMBL3987,P54756,Ephrin type-A receptor 5,Kd,1300.0,5.89,CHEMBL860666
Doramapimod (BIRB 796),CHEMBL103667,CHEMBL4526,Q9UF33,Ephrin type-A receptor 6,Kd,430.0,6.37,CHEMBL859486
Doramapimod (BIRB 796),CHEMBL103667,CHEMBL4527,Q9UKE5,TRAF2 and NCK-interacting protein kinase,Kd,9.9,8.0,CHEMBL859485
Doramapimod (BIRB 796),CHEMBL103667,CHEMBL4128,Q02763,Angiopoietin-1 receptor,Kd,11.0,7.96,CHEMBL860794
Doramapimod (BIRB 796),CHEMBL103667,CHEMBL2068,P29317,Ephrin type-A receptor 2,Kd,3100.0,5.51,CHEMBL860779
Doramapimod (BIRB 796),CHEMBL103667,CHEMBL1974,P36888,Receptor-type tyrosine-protein kinase FLT3,Kd,1300.0,5.89,CHEMBL860797
Doramapimod (BIRB 796),CHEMBL103667,CHEMBL279,P35968,Vascular endothelial growth factor receptor 2,Kd,3200.0,5.49,CHEMBL860900
Doramapimod (BIRB 796),CHEMBL103667,CHEMBL1955,P35916,Vascular endothelial growth factor receptor 3,Kd,2500.0,5.6,CHEMBL860889
Doramapimod (BIRB 796),CHEMBL103667,CHEMBL1913,P09619,Platelet-derived growth factor receptor beta,Kd,1000.0,6.0,CHEMBL860919
Doramapimod (BIRB 796),CHEMBL103667,CHEMBL4674,P53778,Mitogen-activated protein kinase 12,Kd,14.0,7.85,CHEMBL859643
Doramapimod (BIRB 796),CHEMBL103667,CHEMBL3983,P33981,Dual specificity protein kinase TTK,Kd,1200.0,5.92,CHEMBL860776
Doramapimod (BIRB 796),CHEMBL103667,CHEMBL2815,P04629,High affinity nerve growth factor receptor,Kd,770.0,6.11,CHEMBL860803
Doramapimod (BIRB 796),CHEMBL103667,CHEMBL4036,Q00535,Cyclin-dependent kinase 5,Kd,390.0,6.41,CHEMBL859644
Doramapimod (BIRB 796),CHEMBL103667,CHEMBL3961,Q15759,Mitogen-activated protein kinase 11,Kd,220.0,6.66,CHEMBL860916
Doramapimod (BIRB 796),CHEMBL103667,CHEMBL260,Q16539,Mitogen-activated protein kinase 14,Kd,0.24,9.62,CHEMBL860914
Doramapimod (BIRB 796),CHEMBL103667,CHEMBL260,Q16539,Mitogen-activated protein kinase 14,IC50,89.0,7.05,CHEMBL910448
Doramapimod (BIRB 796),CHEMBL103667,CHEMBL4179,P45984,Mitogen-activated protein kinase 9,IC50,6.0,8.22,CHEMBL910805
Doramapimod (BIRB 796),CHEMBL103667,CHEMBL613416,,Blood,IC50,780.0,6.11,CHEMBL894102
Doramapimod (BIRB 796),CHEMBL103667,CHEMBL2094115,,MAP kinase p38,IC50,9.0,8.05,CHEMBL890008
Doramapimod (BIRB 796),CHEMBL103667,CHEMBL614245,,THP-1,IC50,18.0,7.74,CHEMBL907525
Doramapimod (BIRB 796),CHEMBL103667,CHEMBL613416,,Blood,IC50,780.0,6.11,CHEMBL907526
Doramapimod (BIRB 796),CHEMBL103667,CHEMBL614245,,THP-1,IC50,13.0,7.89,CHEMBL933320
Doramapimod (BIRB 796),CHEMBL103667,CHEMBL260,Q16539,Mitogen-activated protein kinase 14,IC50,44.0,7.36,CHEMBL933319
Doramapimod (BIRB 796),CHEMBL103667,CHEMBL260,Q16539,Mitogen-activated protein kinase 14,IC50,17.0,7.77,CHEMBL933318
Doramapimod (BIRB 796),CHEMBL103667,CHEMBL614245,,THP-1,IC50,18.0,7.74,CHEMBL927879
Doramapimod (BIRB 796),CHEMBL103667,CHEMBL613416,,Blood,IC50,780.0,6.11,CHEMBL927880
Doramapimod (BIRB 796),CHEMBL103667,CHEMBL260,Q16539,Mitogen-activated protein kinase 14,Kd,0.1,10.0,CHEMBL984137
Doramapimod (BIRB 796),CHEMBL103667,CHEMBL613416,,Blood,IC50,780.0,6.11,CHEMBL984134
Doramapimod (BIRB 796),CHEMBL103667,CHEMBL614245,,THP-1,IC50,18.0,7.74,CHEMBL984133
Doramapimod (BIRB 796),CHEMBL103667,CHEMBL260,Q16539,Mitogen-activated protein kinase 14,Ki,6.4,8.19,CHEMBL987298
Doramapimod (BIRB 796),CHEMBL103667,CHEMBL260,Q16539,Mitogen-activated protein kinase 14,Ki,46.0,7.34,CHEMBL987299
Doramapimod (BIRB 796),CHEMBL103667,CHEMBL5976,P04792,Heat shock protein beta-1,IC50,58.0,7.24,CHEMBL987300
Doramapimod (BIRB 796),CHEMBL103667,CHEMBL260,Q16539,Mitogen-activated protein kinase 14,IC50,47.0,7.33,CHEMBL987301
Doramapimod (BIRB 796),CHEMBL103667,CHEMBL613107,,PBMC,IC50,30.0,7.52,CHEMBL987303
Doramapimod (BIRB 796),CHEMBL103667,CHEMBL4179,P45984,Mitogen-activated protein kinase 9,IC50,1000.0,6.0,CHEMBL989979
Doramapimod (BIRB 796),CHEMBL103667,CHEMBL1906,P04049,RAF proto-oncogene serine/threonine-protein kinase,IC50,1000.0,6.0,CHEMBL989971
Doramapimod (BIRB 796),CHEMBL103667,CHEMBL1841,P06241,Tyrosine-protein kinase Fyn,IC50,1000.0,6.0,CHEMBL989981
Doramapimod (BIRB 796),CHEMBL103667,CHEMBL2276,P45983,Mitogen-activated protein kinase 8,IC50,10000.0,5.0,CHEMBL989982
Doramapimod (BIRB 796),CHEMBL103667,CHEMBL2637,P53779,Mitogen-activated protein kinase 10,IC50,10000.0,5.0,CHEMBL989980
Doramapimod (BIRB 796),CHEMBL103667,CHEMBL3961,Q15759,Mitogen-activated protein kinase 11,IC50,10000.0,5.0,CHEMBL989977
Doramapimod (BIRB 796),CHEMBL103667,CHEMBL4202,Q9H2G2,STE20-like serine/threonine-protein kinase,IC50,10000.0,5.0,CHEMBL989983
Doramapimod (BIRB 796),CHEMBL103667,CHEMBL4128,Q02763,Angiopoietin-1 receptor,IC50,10000.0,5.0,CHEMBL989984
Doramapimod (BIRB 796),CHEMBL103667,CHEMBL4527,Q9UKE5,TRAF2 and NCK-interacting protein kinase,IC50,10000.0,5.0,CHEMBL989985
Doramapimod (BIRB 796),CHEMBL103667,CHEMBL258,P06239,Tyrosine-protein kinase Lck,IC50,1000.0,6.0,CHEMBL989975
Doramapimod (BIRB 796),CHEMBL103667,CHEMBL1974,P36888,Receptor-type tyrosine-protein kinase FLT3,Kd,5000.0,5.3,CHEMBL1061073
Doramapimod (BIRB 796),CHEMBL103667,CHEMBL1955,P35916,Vascular endothelial growth factor receptor 3,Kd,7100.0,5.15,CHEMBL1060246
Doramapimod (BIRB 796),CHEMBL103667,CHEMBL4223,P42685,Tyrosine-protein kinase FRK,Kd,1200.0,5.92,CHEMBL1060247
Doramapimod (BIRB 796),CHEMBL103667,CHEMBL2999,O75914,Serine/threonine-protein kinase PAK 3,Kd,10000.0,5.0,CHEMBL1062779
Doramapimod (BIRB 796),CHEMBL103667,CHEMBL5790,Q00537,Cyclin-dependent kinase 17,Kd,10000.0,5.0,CHEMBL1051349
Doramapimod (BIRB 796),CHEMBL103667,CHEMBL5316,Q07002,Cyclin-dependent kinase 18,Kd,10000.0,5.0,CHEMBL1062782
Doramapimod (BIRB 796),CHEMBL103667,CHEMBL2534,O15530,3-phosphoinositide-dependent protein kinase 1,Kd,10000.0,5.0,CHEMBL1061922
Doramapimod (BIRB 796),CHEMBL103667,CHEMBL6162,O94921,Cyclin-dependent kinase 14,Kd,10000.0,5.0,CHEMBL1051350
Doramapimod (BIRB 796),CHEMBL103667,CHEMBL4004,Q16816,"Phosphorylase b kinase gamma catalytic chain, skeletal muscle/heart isoform",Kd,10000.0,5.0,CHEMBL1061153
Doramapimod (BIRB 796),CHEMBL103667,CHEMBL5969,Q99755,Phosphatidylinositol 4-phosphate 5-kinase type-1 alpha,Kd,10000.0,5.0,CHEMBL1061923
Doramapimod (BIRB 796),CHEMBL103667,CHEMBL5667,P78356,Phosphatidylinositol 5-phosphate 4-kinase type-2 beta,Kd,10000.0,5.0,CHEMBL1062784
Doramapimod (BIRB 796),CHEMBL103667,CHEMBL4924,Q9UK32,Ribosomal protein S6 kinase alpha-6,Kd,10000.0,5.0,CHEMBL1039275
Doramapimod (BIRB 796),CHEMBL103667,CHEMBL4924,Q9UK32,Ribosomal protein S6 kinase alpha-6,Kd,10000.0,5.0,CHEMBL1061926
Doramapimod (BIRB 796),CHEMBL103667,CHEMBL5426,Q86YV6,Myosin light chain kinase family member 4,Kd,10000.0,5.0,CHEMBL1051352
Doramapimod (BIRB 796),CHEMBL103667,CHEMBL4202,Q9H2G2,STE20-like serine/threonine-protein kinase,Kd,150.0,6.82,CHEMBL1062787
Doramapimod (BIRB 796),CHEMBL103667,CHEMBL279,P35968,Vascular endothelial growth factor receptor 2,Kd,3900.0,5.41,CHEMBL1051261
Doramapimod (BIRB 796),CHEMBL103667,CHEMBL5491,P30291,Wee1-like protein kinase,Kd,10000.0,5.0,CHEMBL1061935
Doramapimod (BIRB 796),CHEMBL103667,CHEMBL5405,Q86UX6,Serine/threonine-protein kinase 32C,Kd,10000.0,5.0,CHEMBL1062789
Doramapimod (BIRB 796),CHEMBL103667,CHEMBL2073,P07947,Tyrosine-protein kinase Yes,Kd,4900.0,5.31,CHEMBL1051262
Doramapimod (BIRB 796),CHEMBL103667,CHEMBL5552,O00506,Serine/threonine-protein kinase 25,Kd,10000.0,5.0,CHEMBL1051263
Doramapimod (BIRB 796),CHEMBL103667,CHEMBL3886,Q9NYL2,Mitogen-activated protein kinase kinase kinase 20,Kd,860.0,6.07,CHEMBL1051317
Doramapimod (BIRB 796),CHEMBL103667,CHEMBL2803,P43403,Tyrosine-protein kinase ZAP-70,Kd,10000.0,5.0,CHEMBL1061189
Doramapimod (BIRB 796),CHEMBL103667,CHEMBL2918,P22694,cAMP-dependent protein kinase catalytic subunit beta,Kd,10000.0,5.0,CHEMBL1039274
Dovitinib (CHIR-258),CHEMBL522892,CHEMBL279,P35968,Vascular endothelial growth factor receptor 2,IC50,65.0,7.19,CHEMBL1010124
Dovitinib (CHIR-258),CHEMBL522892,CHEMBL3650,P11362,Fibroblast growth factor receptor 1,IC50,11.0,7.96,CHEMBL1010125
Dovitinib (CHIR-258),CHEMBL522892,CHEMBL1913,P09619,Platelet-derived growth factor receptor beta,IC50,5.0,8.3,CHEMBL1011001
Dovitinib (CHIR-258),CHEMBL522892,CHEMBL1868,P17948,Vascular endothelial growth factor receptor 1,IC50,3.0,8.52,CHEMBL1011003
Dovitinib (CHIR-258),CHEMBL522892,CHEMBL1955,P35916,Vascular endothelial growth factor receptor 3,IC50,3.0,8.52,CHEMBL1011004
Dovitinib (CHIR-258),CHEMBL522892,CHEMBL2742,P22607,Fibroblast growth factor receptor 3,IC50,3.0,8.52,CHEMBL1009184
Dovitinib (CHIR-258),CHEMBL522892,CHEMBL1936,P10721,Mast/stem cell growth factor receptor Kit,IC50,3.0,8.52,CHEMBL1009185
Dovitinib (CHIR-258),CHEMBL522892,CHEMBL1844,P07333,Macrophage colony-stimulating factor 1 receptor,IC50,3.0,8.52,CHEMBL1009186
Dovitinib (CHIR-258),CHEMBL522892,CHEMBL1974,P36888,Receptor-type tyrosine-protein kinase FLT3,IC50,3.0,8.52,CHEMBL1009187
Dovitinib (CHIR-258),CHEMBL522892,CHEMBL1974,P36888,Receptor-type tyrosine-protein kinase FLT3,Kd,3.6,8.44,CHEMBL1063729
Dovitinib (CHIR-258),CHEMBL522892,CHEMBL1974,P36888,Receptor-type tyrosine-protein kinase FLT3,Kd,4.8,8.32,CHEMBL1061073
Dovitinib (CHIR-258),CHEMBL522892,CHEMBL1955,P35916,Vascular endothelial growth factor receptor 3,Kd,580.0,6.24,CHEMBL1060246
Dovitinib (CHIR-258),CHEMBL522892,CHEMBL4223,P42685,Tyrosine-protein kinase FRK,Kd,2300.0,5.64,CHEMBL1060247
Dovitinib (CHIR-258),CHEMBL522892,CHEMBL2999,O75914,Serine/threonine-protein kinase PAK 3,Kd,10000.0,5.0,CHEMBL1062779
Dovitinib (CHIR-258),CHEMBL522892,CHEMBL5790,Q00537,Cyclin-dependent kinase 17,Kd,3000.0,5.52,CHEMBL1051349
Dovitinib (CHIR-258),CHEMBL522892,CHEMBL5316,Q07002,Cyclin-dependent kinase 18,Kd,10000.0,5.0,CHEMBL1062782
Dovitinib (CHIR-258),CHEMBL522892,CHEMBL2534,O15530,3-phosphoinositide-dependent protein kinase 1,Kd,10000.0,5.0,CHEMBL1061922
Dovitinib (CHIR-258),CHEMBL522892,CHEMBL6162,O94921,Cyclin-dependent kinase 14,Kd,10000.0,5.0,CHEMBL1051350
Dovitinib (CHIR-258),CHEMBL522892,CHEMBL4004,Q16816,"Phosphorylase b kinase gamma catalytic chain, skeletal muscle/heart isoform",Kd,640.0,6.19,CHEMBL1061153
Dovitinib (CHIR-258),CHEMBL522892,CHEMBL5969,Q99755,Phosphatidylinositol 4-phosphate 5-kinase type-1 alpha,Kd,1900.0,5.72,CHEMBL1061923
Dovitinib (CHIR-258),CHEMBL522892,CHEMBL5667,P78356,Phosphatidylinositol 5-phosphate 4-kinase type-2 beta,Kd,260.0,6.59,CHEMBL1062784
Dovitinib (CHIR-258),CHEMBL522892,CHEMBL4924,Q9UK32,Ribosomal protein S6 kinase alpha-6,Kd,4600.0,5.34,CHEMBL1039275
Dovitinib (CHIR-258),CHEMBL522892,CHEMBL4924,Q9UK32,Ribosomal protein S6 kinase alpha-6,Kd,10000.0,5.0,CHEMBL1061926
Dovitinib (CHIR-258),CHEMBL522892,CHEMBL5426,Q86YV6,Myosin light chain kinase family member 4,Kd,80.0,7.1,CHEMBL1051352
Dovitinib (CHIR-258),CHEMBL522892,CHEMBL4202,Q9H2G2,STE20-like serine/threonine-protein kinase,Kd,300.0,6.52,CHEMBL1062787
Dovitinib (CHIR-258),CHEMBL522892,CHEMBL279,P35968,Vascular endothelial growth factor receptor 2,Kd,68.0,7.17,CHEMBL1051261
Dovitinib (CHIR-258),CHEMBL522892,CHEMBL5491,P30291,Wee1-like protein kinase,Kd,1200.0,5.92,CHEMBL1061935
Dovitinib (CHIR-258),CHEMBL522892,CHEMBL5405,Q86UX6,Serine/threonine-protein kinase 32C,Kd,10000.0,5.0,CHEMBL1062789
Dovitinib (CHIR-258),CHEMBL522892,CHEMBL2073,P07947,Tyrosine-protein kinase Yes,Kd,580.0,6.24,CHEMBL1051262
Dovitinib (CHIR-258),CHEMBL522892,CHEMBL5552,O00506,Serine/threonine-protein kinase 25,Kd,1200.0,5.92,CHEMBL1051263
Dovitinib (CHIR-258),CHEMBL522892,CHEMBL3886,Q9NYL2,Mitogen-activated protein kinase kinase kinase 20,Kd,10000.0,5.0,CHEMBL1051317
Dovitinib (CHIR-258),CHEMBL522892,CHEMBL2803,P43403,Tyrosine-protein kinase ZAP-70,Kd,10000.0,5.0,CHEMBL1061189
Dovitinib (CHIR-258),CHEMBL522892,CHEMBL2918,P22694,cAMP-dependent protein kinase catalytic subunit beta,Kd,10000.0,5.0,CHEMBL1039274
Dovitinib (CHIR-258),CHEMBL522892,CHEMBL5818,P51817,cAMP-dependent protein kinase catalytic subunit PRKX,Kd,10000.0,5.0,CHEMBL1061157
Dovitinib (CHIR-258),CHEMBL522892,CHEMBL5469,Q14289,Protein-tyrosine kinase 2-beta,Kd,10000.0,5.0,CHEMBL1061158
Dovitinib (CHIR-258),CHEMBL522892,CHEMBL5975,Q9BRS2,Serine/threonine-protein kinase RIO1,Kd,420.0,6.38,CHEMBL1051258
Dovitinib (CHIR-258),CHEMBL522892,CHEMBL4226,P49761,Dual specificity protein kinase CLK3,Kd,10000.0,5.0,CHEMBL1060240
Dovitinib (CHIR-258),CHEMBL522892,CHEMBL2634,P41240,Tyrosine-protein kinase CSK,Kd,10000.0,5.0,CHEMBL1037547
Dovitinib (CHIR-258),CHEMBL522892,CHEMBL5520,Q8N752,Casein kinase I isoform alpha-like,Kd,10000.0,5.0,CHEMBL1063703
Dovitinib (CHIR-258),CHEMBL522892,CHEMBL2828,P48730,Casein kinase I isoform delta,Kd,10000.0,5.0,CHEMBL1050829
Dovitinib (CHIR-258),CHEMBL522892,CHEMBL4937,P49674,Casein kinase I isoform epsilon,Kd,10000.0,5.0,CHEMBL1050834
Dovitinib (CHIR-258),CHEMBL522892,CHEMBL2543,P78368,Casein kinase I isoform gamma-2,Kd,10000.0,5.0,CHEMBL1063704
Dovitinib (CHIR-258),CHEMBL522892,CHEMBL5084,Q9Y6M4,Casein kinase I isoform gamma-3,Kd,10000.0,5.0,CHEMBL1051284
Dovitinib (CHIR-258),CHEMBL522892,CHEMBL4128,Q02763,Angiopoietin-1 receptor,Kd,10000.0,5.0,CHEMBL1051315
Dovitinib (CHIR-258),CHEMBL522892,CHEMBL5388,Q9UKI8,Serine/threonine-protein kinase tousled-like 1,Kd,10000.0,5.0,CHEMBL1061931
Dovitinib (CHIR-258),CHEMBL522892,CHEMBL5404,Q86UE8,Serine/threonine-protein kinase tousled-like 2,Kd,2600.0,5.59,CHEMBL1061984
Dovitinib (CHIR-258),CHEMBL522892,CHEMBL4527,Q9UKE5,TRAF2 and NCK-interacting protein kinase,Kd,24.0,7.62,CHEMBL1062874
Dovitinib (CHIR-258),CHEMBL522892,CHEMBL4599,Q07912,Activated CDC42 kinase 1,Kd,10000.0,5.0,CHEMBL1051355
Dovitinib (CHIR-258),CHEMBL522892,CHEMBL2815,P04629,High affinity nerve growth factor receptor,Kd,100.0,7.0,CHEMBL1061933
Dovitinib (CHIR-258),CHEMBL522892,CHEMBL4898,Q16620,BDNF/NT-3 growth factors receptor,Kd,720.0,6.14,CHEMBL1062875
Dovitinib (CHIR-258),CHEMBL522892,CHEMBL5608,Q16288,NT-3 growth factor receptor,Kd,190.0,6.72,CHEMBL1041998
Dovitinib (CHIR-258),CHEMBL522892,CHEMBL3983,P33981,Dual specificity protein kinase TTK,Kd,10000.0,5.0,CHEMBL1061934
Dovitinib (CHIR-258),CHEMBL522892,CHEMBL4367,P42681,Tyrosine-protein kinase TXK,Kd,10000.0,5.0,CHEMBL1061187
Dovitinib (CHIR-258),CHEMBL522892,CHEMBL3629,P68400,Casein kinase II subunit alpha,Kd,1400.0,5.85,CHEMBL1060241
Dovitinib (CHIR-258),CHEMBL522892,CHEMBL4070,P19784,Casein kinase II subunit alpha',Kd,1600.0,5.8,CHEMBL1061141
Dovitinib (CHIR-258),CHEMBL522892,CHEMBL3123,Q9UIK4,Death-associated protein kinase 2,Kd,10000.0,5.0,CHEMBL1053760
Dovitinib (CHIR-258),CHEMBL522892,CHEMBL2468,O43293,Death-associated protein kinase 3,Kd,2100.0,5.68,CHEMBL1060181
Dovitinib (CHIR-258),CHEMBL522892,CHEMBL3980,O94768,Serine/threonine-protein kinase 17B,Kd,1800.0,5.74,CHEMBL1060189
Dovitinib (CHIR-258),CHEMBL522892,CHEMBL5543,Q9Y463,Dual specificity tyrosine-phosphorylation-regulated kinase 1B,Kd,10000.0,5.0,CHEMBL1060243
Dovitinib (CHIR-258),CHEMBL522892,CHEMBL3385,P27361,Mitogen-activated protein kinase 3,Kd,10000.0,5.0,CHEMBL1037552
Dovitinib (CHIR-258),CHEMBL522892,CHEMBL4040,P28482,Mitogen-activated protein kinase 1,Kd,10000.0,5.0,CHEMBL1063798
Dovitinib (CHIR-258),CHEMBL522892,CHEMBL2850,P49840,Glycogen synthase kinase-3 alpha,Kd,10000.0,5.0,CHEMBL1061900
Dovitinib (CHIR-258),CHEMBL522892,CHEMBL262,P49841,Glycogen synthase kinase-3 beta,Kd,350.0,6.46,CHEMBL1061074
Dovitinib (CHIR-258),CHEMBL522892,CHEMBL3529,Q14164,Inhibitor of nuclear factor kappa-B kinase subunit epsilon,Kd,480.0,6.32,CHEMBL1050835
Dovitinib (CHIR-258),CHEMBL522892,CHEMBL3553,P29597,Non-receptor tyrosine-protein kinase TYK2,Kd,10000.0,5.0,CHEMBL1061188
Dovitinib (CHIR-258),CHEMBL522892,CHEMBL5314,Q06418,Tyrosine-protein kinase receptor TYRO3,Kd,9300.0,5.03,CHEMBL1051260
Dovitinib (CHIR-258),CHEMBL522892,CHEMBL2276,P45983,Mitogen-activated protein kinase 8,Kd,10000.0,5.0,CHEMBL1061076
Dovitinib (CHIR-258),CHEMBL522892,CHEMBL4179,P45984,Mitogen-activated protein kinase 9,Kd,10000.0,5.0,CHEMBL1060196
Dovitinib (CHIR-258),CHEMBL522892,CHEMBL3836,P53667,LIM domain kinase 1,Kd,10000.0,5.0,CHEMBL1061902
Dovitinib (CHIR-258),CHEMBL522892,CHEMBL5932,P53671,LIM domain kinase 2,Kd,10000.0,5.0,CHEMBL1063714
Dovitinib (CHIR-258),CHEMBL522892,CHEMBL5606,Q15831,Serine/threonine-protein kinase STK11,Kd,3700.0,5.43,CHEMBL1051288
Dovitinib (CHIR-258),CHEMBL522892,CHEMBL5600,P27448,MAP/microtubule affinity-regulating kinase 3,Kd,3400.0,5.47,CHEMBL1063802
Dovitinib (CHIR-258),CHEMBL522892,CHEMBL3587,Q02750,Dual specificity mitogen-activated protein kinase kinase 1,Kd,520.0,6.28,CHEMBL1061906
Dovitinib (CHIR-258),CHEMBL522892,CHEMBL2964,P36507,Dual specificity mitogen-activated protein kinase kinase 2,Kd,350.0,6.46,CHEMBL1061079
Dovitinib (CHIR-258),CHEMBL522892,CHEMBL2109,P46734,Dual specificity mitogen-activated protein kinase kinase 3,Kd,10000.0,5.0,CHEMBL1060250
Dovitinib (CHIR-258),CHEMBL522892,CHEMBL4578,Q14680,Maternal embryonic leucine zipper kinase,Kd,1600.0,5.8,CHEMBL1063803
Dovitinib (CHIR-258),CHEMBL522892,CHEMBL4718,Q9BUB5,MAP kinase-interacting serine/threonine-protein kinase 1,Kd,10000.0,5.0,CHEMBL1063804
Dovitinib (CHIR-258),CHEMBL522892,CHEMBL3830,Q2M2I8,AP2-associated protein kinase 1,Kd,170.0,6.77,CHEMBL1037546
Dovitinib (CHIR-258),CHEMBL522892,CHEMBL1862,P00519,Tyrosine-protein kinase ABL1,Kd,870.0,6.06,CHEMBL1061129
Dovitinib (CHIR-258),CHEMBL522892,CHEMBL1862,P00519,Tyrosine-protein kinase ABL1,Kd,6200.0,5.21,CHEMBL1063789
Dovitinib (CHIR-258),CHEMBL522892,CHEMBL4598,Q13043,Serine/threonine-protein kinase 4,Kd,200.0,6.7,CHEMBL1061178
Dovitinib (CHIR-258),CHEMBL522892,CHEMBL5941,Q9P289,Serine/threonine-protein kinase 26,Kd,540.0,6.27,CHEMBL1063806
Dovitinib (CHIR-258),CHEMBL522892,CHEMBL4849,Q8TDX7,Serine/threonine-protein kinase Nek7,Kd,5600.0,5.25,CHEMBL1063808
Dovitinib (CHIR-258),CHEMBL522892,CHEMBL5364,Q9UBE8,Serine/threonine-protein kinase NLK,Kd,10000.0,5.0,CHEMBL1063809
Dovitinib (CHIR-258),CHEMBL522892,CHEMBL260,Q16539,Mitogen-activated protein kinase 14,Kd,10000.0,5.0,CHEMBL1061091
Dovitinib (CHIR-258),CHEMBL522892,CHEMBL3961,Q15759,Mitogen-activated protein kinase 11,Kd,10000.0,5.0,CHEMBL1062864
Dovitinib (CHIR-258),CHEMBL522892,CHEMBL4674,P53778,Mitogen-activated protein kinase 12,Kd,10000.0,5.0,CHEMBL1061183
Dovitinib (CHIR-258),CHEMBL522892,CHEMBL3234,P08631,Tyrosine-protein kinase HCK,Kd,3300.0,5.48,CHEMBL1063730
Dovitinib (CHIR-258),CHEMBL522892,CHEMBL1957,P08069,Insulin-like growth factor 1 receptor,Kd,10000.0,5.0,CHEMBL1061075
Dovitinib (CHIR-258),CHEMBL522892,CHEMBL1981,P06213,Insulin receptor,Kd,10000.0,5.0,CHEMBL1060195
Dovitinib (CHIR-258),CHEMBL522892,CHEMBL5483,P14616,Insulin receptor-related protein,Kd,10000.0,5.0,CHEMBL1061175
Dovitinib (CHIR-258),CHEMBL522892,CHEMBL5081,Q9Y616,Interleukin-1 receptor-associated kinase 3,Kd,10000.0,5.0,CHEMBL1062842
Dovitinib (CHIR-258),CHEMBL522892,CHEMBL1862,P00519,Tyrosine-protein kinase ABL1,Kd,910.0,6.04,CHEMBL1060174
Dovitinib (CHIR-258),CHEMBL522892,CHEMBL1862,P00519,Tyrosine-protein kinase ABL1,Kd,670.0,6.17,CHEMBL1062829
Dovitinib (CHIR-258),CHEMBL522892,CHEMBL1862,P00519,Tyrosine-protein kinase ABL1,Kd,2700.0,5.57,CHEMBL1062830
Dovitinib (CHIR-258),CHEMBL522892,CHEMBL1862,P00519,Tyrosine-protein kinase ABL1,Kd,630.0,6.2,CHEMBL1051277
Dovitinib (CHIR-258),CHEMBL522892,CHEMBL1862,P00519,Tyrosine-protein kinase ABL1,Kd,2000.0,5.7,CHEMBL1061130
Dovitinib (CHIR-258),CHEMBL522892,CHEMBL4014,P42684,Tyrosine-protein kinase ABL2,Kd,10000.0,5.0,CHEMBL1061131
Dovitinib (CHIR-258),CHEMBL522892,CHEMBL5903,Q04771,Activin receptor type-1,Kd,10000.0,5.0,CHEMBL1063697
Dovitinib (CHIR-258),CHEMBL522892,CHEMBL2959,Q08881,Tyrosine-protein kinase ITK/TSK,Kd,530.0,6.28,CHEMBL1063712
Elesclomol,CHEMBL1972860,CHEMBL1075435,,DOK,IC50,17.92,7.75,CHEMBL2363186
Elesclomol,CHEMBL1972860,CHEMBL2366079,,DSH1,IC50,23.32,7.63,CHEMBL2363187
Elesclomol,CHEMBL1972860,CHEMBL2366246,,DU-4475,IC50,111.7,6.95,CHEMBL2363189
Elesclomol,CHEMBL1972860,CHEMBL612519,,Daoy,IC50,16.8,7.77,CHEMBL2363191
Elesclomol,CHEMBL1972860,CHEMBL613508,,DU-145,IC50,500.43,6.3,CHEMBL2363188
Elesclomol,CHEMBL1972860,CHEMBL614487,,EKVX,IC50,39.51,7.4,CHEMBL2363207
Elesclomol,CHEMBL1972860,CHEMBL2366281,,EM-2,IC50,2518.15,5.6,CHEMBL2363208
Elesclomol,CHEMBL1972860,CHEMBL1075443,,EPLC-272H,IC50,29.13,7.54,CHEMBL2363209
Elesclomol,CHEMBL1972860,CHEMBL2366118,,ES4,IC50,4.391,8.36,CHEMBL2363212
Elesclomol,CHEMBL1972860,CHEMBL2366312,,ES5,IC50,11.8,7.93,CHEMBL2363213
Elesclomol,CHEMBL1972860,CHEMBL2366146,,ES1,IC50,0.7491,9.13,CHEMBL2363210
Elesclomol,CHEMBL1972860,CHEMBL2366135,,ES3,IC50,5.793,8.24,CHEMBL2363211
Elesclomol,CHEMBL1972860,CHEMBL1075432,,Detroit 562,IC50,68.9,7.16,CHEMBL2363193
Elesclomol,CHEMBL1972860,CHEMBL1075436,,DoTc2-4510,IC50,831.26,6.08,CHEMBL2363194
Elesclomol,CHEMBL1972860,CHEMBL2366240,,EC-GI-10,IC50,44.63,7.35,CHEMBL2363197
Elesclomol,CHEMBL1972860,CHEMBL2366117,,ECC10,IC50,6272.44,5.2,CHEMBL2363198
Elesclomol,CHEMBL1972860,CHEMBL1075439,,EFM-19,IC50,82.52,7.08,CHEMBL2363202
Elesclomol,CHEMBL1972860,CHEMBL1075440,,EFO-21,IC50,149.38,6.83,CHEMBL2363203
Elesclomol,CHEMBL1972860,CHEMBL1075441,,EFO-27,IC50,7.718,8.11,CHEMBL2363204
Elesclomol,CHEMBL1972860,CHEMBL1075442,,EGI-1,IC50,8.376,8.08,CHEMBL2363205
Elesclomol,CHEMBL1972860,CHEMBL614516,,A498,IC50,46.55,7.33,CHEMBL2363731
Elesclomol,CHEMBL1972860,CHEMBL392,,A549,IC50,19.6,7.71,CHEMBL2363732
Elesclomol,CHEMBL1972860,CHEMBL614530,,BXPC-3,IC50,475.01,6.32,CHEMBL2363768
Elesclomol,CHEMBL1972860,CHEMBL2366313,,C-33-A,IC50,7.579,8.12,CHEMBL2363769
Elesclomol,CHEMBL1972860,CHEMBL1075428,,COLO-741,IC50,176.14,6.75,CHEMBL2363138
Elesclomol,CHEMBL1972860,CHEMBL1075429,,COLO-792,IC50,28.77,7.54,CHEMBL2363139
Elesclomol,CHEMBL1972860,CHEMBL2366186,,DEL,IC50,19.22,7.72,CHEMBL2363176
Elesclomol,CHEMBL1972860,CHEMBL2366264,,DJM-1,IC50,54.3,7.27,CHEMBL2363178
Elesclomol,CHEMBL1972860,CHEMBL614517,,A673,IC50,11.6,7.94,CHEMBL2363733
Elesclomol,CHEMBL1972860,CHEMBL614567,,A704,IC50,27.45,7.56,CHEMBL2363734
Elesclomol,CHEMBL1972860,CHEMBL1075391,,ABC-1,IC50,0.3653,9.44,CHEMBL2363735
Elesclomol,CHEMBL1972860,CHEMBL2366283,,C2BBe1,IC50,102.67,6.99,CHEMBL2363771
Elesclomol,CHEMBL1972860,CHEMBL1075401,,C32,IC50,26.3,7.58,CHEMBL2363772
Elesclomol,CHEMBL1972860,CHEMBL2366224,,COLO-800,IC50,29.92,7.52,CHEMBL2363140
Elesclomol,CHEMBL1972860,CHEMBL1075430,,COLO-824,IC50,71.81,7.14,CHEMBL2363141
Elesclomol,CHEMBL1972860,CHEMBL1075433,,DK-MG,IC50,17.06,7.77,CHEMBL2363179
Elesclomol,CHEMBL1972860,CHEMBL614642,,DMS-114,IC50,9.431,8.03,CHEMBL2363180
Elesclomol,CHEMBL1972860,CHEMBL614519,,ACHN,IC50,5715.51,5.24,CHEMBL2363736
Elesclomol,CHEMBL1972860,CHEMBL2366195,,ACN,IC50,11.72,7.93,CHEMBL2363737
Elesclomol,CHEMBL1972860,CHEMBL1075402,,C3A,IC50,4630.97,5.33,CHEMBL2363773
Elesclomol,CHEMBL1972860,CHEMBL614533,,C8166,IC50,4946.03,5.31,CHEMBL2363774
Elesclomol,CHEMBL1972860,CHEMBL2366275,,COLO-829,IC50,43.11,7.37,CHEMBL2363142
Elesclomol,CHEMBL1972860,CHEMBL1075431,,COR-L105,IC50,6.764,8.17,CHEMBL2363143
Elesclomol,CHEMBL1972860,CHEMBL614286,,DMS-79,IC50,1352.88,5.87,CHEMBL2363184
Elesclomol,CHEMBL1972860,CHEMBL2366181,,DOHH-2,IC50,328.05,6.48,CHEMBL2363185
Elesclomol,CHEMBL1972860,CHEMBL613860,,AGS,IC50,2.863,8.54,CHEMBL2363738
Elesclomol,CHEMBL1972860,CHEMBL2366294,,ALL-PO,IC50,807.9,6.09,CHEMBL2363739
Elesclomol,CHEMBL1972860,CHEMBL614067,,CAKI-1,IC50,24.12,7.62,CHEMBL2363776
Elesclomol,CHEMBL1972860,CHEMBL1075405,,CAL-120,IC50,13.95,7.86,CHEMBL2363777
Elesclomol,CHEMBL1972860,CHEMBL613854,,COR-L23,IC50,1429.8,5.84,CHEMBL2363144
Elesclomol,CHEMBL1972860,CHEMBL614034,,DMS-273,IC50,7.057,8.15,CHEMBL2363182
Elesclomol,CHEMBL1972860,CHEMBL2366192,,AM-38,IC50,168.78,6.77,CHEMBL2363740
Elesclomol,CHEMBL1972860,CHEMBL1075392,,AN3-CA,IC50,10.79,7.97,CHEMBL2363741
Elesclomol,CHEMBL1972860,CHEMBL1075406,,CAL-12T,IC50,63.0,7.2,CHEMBL2363778
Elesclomol,CHEMBL1972860,CHEMBL1075408,,CAL-27,IC50,33.4,7.48,CHEMBL2363780
Elesclomol,CHEMBL1972860,CHEMBL2366329,,COR-L88,IC50,643.57,6.19,CHEMBL2363146
Elesclomol,CHEMBL1972860,CHEMBL2366076,,CP50-MEL-B,IC50,8.626,8.06,CHEMBL2363147
Elesclomol,CHEMBL1972860,CHEMBL2366363,,CP66-MEL,IC50,55.15,7.26,CHEMBL2363148
Elesclomol,CHEMBL1972860,CHEMBL2366277,,ATN-1,IC50,2095.6,5.68,CHEMBL2363743
Elesclomol,CHEMBL1972860,CHEMBL1075409,,CAL-33,IC50,22.23,7.65,CHEMBL2363781
Elesclomol,CHEMBL1972860,CHEMBL1075410,,CAL-39,IC50,13.29,7.88,CHEMBL2363782
Elesclomol,CHEMBL1972860,CHEMBL2366344,,CTB-1,IC50,8.64,8.06,CHEMBL2363152
Elesclomol,CHEMBL1972860,CHEMBL612657,,CWR22R,IC50,11.3,7.95,CHEMBL2363708
Elesclomol,CHEMBL1972860,CHEMBL1075382,,23132-87,IC50,24.92,7.6,CHEMBL2363709
Elesclomol,CHEMBL1972860,CHEMBL612565,,5637,IC50,35.46,7.45,CHEMBL2363710
Elesclomol,CHEMBL1972860,CHEMBL1075393,,AU565,IC50,59.07,7.23,CHEMBL2363744
Elesclomol,CHEMBL1972860,CHEMBL612588,,ASPC1,IC50,37.7,7.42,CHEMBL2363745
Elesclomol,CHEMBL1972860,CHEMBL2366269,,BALL-1,IC50,555.58,6.26,CHEMBL2363746
Elesclomol,CHEMBL1972860,CHEMBL1075411,,CAL-51,IC50,0.1264,9.9,CHEMBL2363783
Elesclomol,CHEMBL1972860,CHEMBL1075412,,CAL-54,IC50,1281.31,5.89,CHEMBL2363784
Elesclomol,CHEMBL1972860,CHEMBL2366360,,CTV-1,IC50,3016.48,5.52,CHEMBL2363153
Elesclomol,CHEMBL1972860,CHEMBL1075383,,639-V,IC50,16.74,7.78,CHEMBL2363711
Elesclomol,CHEMBL1972860,CHEMBL1075384,,647-V,IC50,6.905,8.16,CHEMBL2363712
Elesclomol,CHEMBL1972860,CHEMBL2366271,,BB30-HNC,IC50,35.35,7.45,CHEMBL2363747
Elesclomol,CHEMBL1972860,CHEMBL2366295,,BB49-HNC,IC50,125.58,6.9,CHEMBL2363748
Elesclomol,CHEMBL1972860,CHEMBL1075413,,CAL-62,IC50,55.19,7.26,CHEMBL2363785
Elesclomol,CHEMBL1972860,CHEMBL1075414,,CAL-72,IC50,3.023,8.52,CHEMBL2363786
Elesclomol,CHEMBL1972860,CHEMBL1075415,,CAL-85-1,IC50,72.66,7.14,CHEMBL2363787
Elesclomol,CHEMBL1972860,CHEMBL2366174,,CW-2,IC50,257.67,6.59,CHEMBL2363154
Elesclomol,CHEMBL1972860,CHEMBL1075403,,Ca-Ski,IC50,1245.99,5.9,CHEMBL2363155
Elesclomol,CHEMBL1972860,CHEMBL1075404,,Ca9-22,IC50,4.247,8.37,CHEMBL2363156
Elesclomol,CHEMBL1972860,CHEMBL2366253,,697,IC50,6.126,8.21,CHEMBL2363713
Elesclomol,CHEMBL1972860,CHEMBL1075385,,769-P,IC50,9.821,8.01,CHEMBL2363714
Elesclomol,CHEMBL1972860,CHEMBL613102,,786-0,IC50,12.87,7.89,CHEMBL2363715
Elesclomol,CHEMBL1972860,CHEMBL2366247,,BB65-RCC,IC50,24.16,7.62,CHEMBL2363749
Elesclomol,CHEMBL1972860,CHEMBL1075416,,CAMA-1,IC50,394.59,6.4,CHEMBL2363832
Elesclomol,CHEMBL1972860,CHEMBL614536,,CAPAN-1,IC50,1068.76,5.97,CHEMBL2363833
Elesclomol,CHEMBL1972860,CHEMBL1075418,,CaR-1,IC50,586.18,6.23,CHEMBL2363157
Elesclomol,CHEMBL1972860,CHEMBL614534,,Calu-3,IC50,3162.26,5.5,CHEMBL2363159
Elesclomol,CHEMBL1972860,CHEMBL2366115,,8-MG-BA,IC50,9.14,8.04,CHEMBL2363716
Elesclomol,CHEMBL1972860,CHEMBL1075386,,8305C,IC50,192.5,6.72,CHEMBL2363717
Elesclomol,CHEMBL1972860,CHEMBL1075394,,BCPAP,IC50,1.345,8.87,CHEMBL2363752
Elesclomol,CHEMBL1972860,CHEMBL2366100,,CAS-1,IC50,116.15,6.93,CHEMBL2363834
Elesclomol,CHEMBL1972860,CHEMBL382,,CCRF-CEM,IC50,12025.58,4.92,CHEMBL2363836
Elesclomol,CHEMBL1972860,CHEMBL614535,,Calu-6,IC50,1190.35,5.92,CHEMBL2363160
Elesclomol,CHEMBL1972860,CHEMBL1075387,,8505C,IC50,10.53,7.98,CHEMBL2363718
Elesclomol,CHEMBL1972860,CHEMBL2366306,,A101D,IC50,11.42,7.94,CHEMBL2363719
Elesclomol,CHEMBL1972860,CHEMBL2366303,,BE-13,IC50,391.58,6.41,CHEMBL2363753
Elesclomol,CHEMBL1972860,CHEMBL1075395,,BEN,IC50,116.39,6.93,CHEMBL2363754
Elesclomol,CHEMBL1972860,CHEMBL1075396,,BFTC-905,IC50,20.46,7.69,CHEMBL2363755
Entospletinib (GS-9973),CHEMBL3265032,CHEMBL2599,P43405,Tyrosine-protein kinase SYK,IC50,7.7,8.11,CHEMBL3270296
Entospletinib (GS-9973),CHEMBL3265032,CHEMBL2599,P43405,Tyrosine-protein kinase SYK,IC50,147.0,6.83,CHEMBL3265577
Entospletinib (GS-9973),CHEMBL3265032,CHEMBL3356,P05177,Cytochrome P450 1A2,IC50,10000.0,5.0,CHEMBL3265578
Entospletinib (GS-9973),CHEMBL3265032,CHEMBL3397,P11712,Cytochrome P450 2C9,IC50,10000.0,5.0,CHEMBL3265579
Entospletinib (GS-9973),CHEMBL3265032,CHEMBL3622,P33261,Cytochrome P450 2C19,IC50,10000.0,5.0,CHEMBL3265580
Entospletinib (GS-9973),CHEMBL3265032,CHEMBL289,P10635,Cytochrome P450 2D6,IC50,10000.0,5.0,CHEMBL3265581
Entospletinib (GS-9973),CHEMBL3265032,CHEMBL340,P08684,Cytochrome P450 3A4,IC50,10000.0,5.0,CHEMBL3265582
Entospletinib (GS-9973),CHEMBL3265032,CHEMBL2599,P43405,Tyrosine-protein kinase SYK,IC50,19416.0,4.71,CHEMBL3418950
Entospletinib (GS-9973),CHEMBL3265032,CHEMBL2599,P43405,Tyrosine-protein kinase SYK,IC50,878.0,6.06,CHEMBL3418949
Entospletinib (GS-9973),CHEMBL3265032,CHEMBL2599,P43405,Tyrosine-protein kinase SYK,IC50,377.0,6.42,CHEMBL3418947
Entospletinib (GS-9973),CHEMBL3265032,CHEMBL2599,P43405,Tyrosine-protein kinase SYK,IC50,16.5,7.78,CHEMBL4605675
Entospletinib (GS-9973),CHEMBL3265032,CHEMBL2599,P43405,Tyrosine-protein kinase SYK,IC50,82.0,7.09,CHEMBL4773120
Entospletinib (GS-9973),CHEMBL3265032,CHEMBL5251,Q06187,Tyrosine-protein kinase BTK,IC50,801.0,6.1,CHEMBL4773121
Entospletinib (GS-9973),CHEMBL3265032,CHEMBL2599,P43405,Tyrosine-protein kinase SYK,IC50,11.0,7.96,CHEMBL5121350
Entospletinib (GS-9973),CHEMBL3265032,CHEMBL2599,P43405,Tyrosine-protein kinase SYK,IC50,7.7,8.11,CHEMBL5330824
Entospletinib (GS-9973),CHEMBL3265032,CHEMBL2599,P43405,Tyrosine-protein kinase SYK,IC50,16.5,7.78,CHEMBL5367834
Entospletinib (GS-9973),CHEMBL3265032,CHEMBL2599,P43405,Tyrosine-protein kinase SYK,IC50,35.0,7.46,CHEMBL5515381
Entospletinib (GS-9973),CHEMBL3265032,CHEMBL5568,P08922,Proto-oncogene tyrosine-protein kinase ROS,IC50,857.0,6.07,CHEMBL5515383
Entospletinib (GS-9973),CHEMBL3265032,CHEMBL1974,P36888,Receptor-type tyrosine-protein kinase FLT3,IC50,303.0,6.52,CHEMBL5515384
Entospletinib (GS-9973),CHEMBL3265032,CHEMBL2815,P04629,High affinity nerve growth factor receptor,IC50,569.0,6.24,CHEMBL5515391
Entospletinib (GS-9973),CHEMBL3265032,CHEMBL2971,O60674,Tyrosine-protein kinase JAK2,IC50,143.0,6.84,CHEMBL5515395
Entospletinib (GS-9973),CHEMBL3265032,CHEMBL3832943,,Casein kinase 2,IC50,604.0,6.22,CHEMBL5515396
Entospletinib (GS-9973),CHEMBL3265032,CHEMBL4601,Q13882,Protein-tyrosine kinase 6,IC50,842.0,6.07,CHEMBL5515397
Entospletinib (GS-9973),CHEMBL3265032,CHEMBL2599,P43405,Tyrosine-protein kinase SYK,IC50,10.3,7.99,CHEMBL5623691
Entospletinib (GS-9973),CHEMBL3265032,CHEMBL614925,,SK-OV-3,IC50,10000.0,5.0,CHEMBL5625513
Entospletinib (GS-9973),CHEMBL3265032,CHEMBL613869,,HEY,IC50,10000.0,5.0,CHEMBL5625514
Entospletinib (GS-9973),CHEMBL3265032,CHEMBL5058622,,ES-2,IC50,10000.0,5.0,CHEMBL5625515
Entospletinib (GS-9973),CHEMBL3265032,CHEMBL614214,,OVCAR-5,IC50,8300.0,5.08,CHEMBL5625516
Entospletinib (GS-9973),CHEMBL3265032,CHEMBL614058,,Caco-2,IC50,6860.0,5.16,CHEMBL5625517
Entospletinib (GS-9973),CHEMBL3265032,CHEMBL1075593,,SW626,IC50,10000.0,5.0,CHEMBL5625518
Entospletinib (GS-9973),CHEMBL3265032,CHEMBL392,,A549,IC50,10000.0,5.0,CHEMBL5625519
Entospletinib (GS-9973),CHEMBL3265032,CHEMBL612255,,NCI-H1299,IC50,6260.0,5.2,CHEMBL5625520
Entospletinib (GS-9973),CHEMBL3265032,CHEMBL396,,NCI-H460,IC50,10000.0,5.0,CHEMBL5625521
Entospletinib (GS-9973),CHEMBL3265032,CHEMBL2599,P43405,Tyrosine-protein kinase SYK,IC50,11.0,7.96,CHEMBL5625522
Entrectinib,CHEMBL1983268,CHEMBL3529,Q14164,Inhibitor of nuclear factor kappa-B kinase subunit epsilon,Ki,3162.28,5.5,CHEMBL1964108
Entrectinib,CHEMBL1983268,CHEMBL4247,Q9UM73,ALK tyrosine kinase receptor,Ki,1.0,9.0,CHEMBL1963704
Entrectinib,CHEMBL1983268,CHEMBL2599,P43405,Tyrosine-protein kinase SYK,Ki,630.96,6.2,CHEMBL1963712
Entrectinib,CHEMBL1983268,CHEMBL4147,Q9UQM7,Calcium/calmodulin-dependent protein kinase type II subunit alpha,Ki,3981.07,5.4,CHEMBL1964111
Entrectinib,CHEMBL1983268,CHEMBL3587,Q02750,Dual specificity mitogen-activated protein kinase kinase 1,Ki,3162.28,5.5,CHEMBL1963692
Entrectinib,CHEMBL1983268,CHEMBL5408,Q9UHD2,Serine/threonine-protein kinase TBK1,Ki,2511.89,5.6,CHEMBL1963698
Entrectinib,CHEMBL1983268,CHEMBL2689,Q04912,Macrophage-stimulating protein receptor,Ki,251.19,6.6,CHEMBL1964103
Entrectinib,CHEMBL1983268,CHEMBL3920,Q04759,Protein kinase C theta type,Ki,1584.89,5.8,CHEMBL1963687
Entrectinib,CHEMBL1983268,CHEMBL2971,O60674,Tyrosine-protein kinase JAK2,Ki,19.95,7.7,CHEMBL1963693
Entrectinib,CHEMBL1983268,CHEMBL3788,O00444,Serine/threonine-protein kinase PLK4,Ki,39.81,7.4,CHEMBL1963705
Entrectinib,CHEMBL1983268,CHEMBL1844,P07333,Macrophage colony-stimulating factor 1 receptor,Ki,39.81,7.4,CHEMBL1964104
Entrectinib,CHEMBL1983268,CHEMBL4895,P30530,Tyrosine-protein kinase receptor UFO,Ki,39.81,7.4,CHEMBL1964114
Entrectinib,CHEMBL1983268,CHEMBL5608,Q16288,NT-3 growth factor receptor,Ki,1.585,8.8,CHEMBL1963688
Entrectinib,CHEMBL1983268,CHEMBL5627,P29376,Leukocyte tyrosine kinase receptor,Ki,1.585,8.8,CHEMBL1964115
Entrectinib,CHEMBL1983268,CHEMBL2041,P07949,Proto-oncogene tyrosine-protein kinase receptor Ret,Ki,39.81,7.4,CHEMBL1963706
Entrectinib,CHEMBL1983268,CHEMBL4045,Q13131,5'-AMP-activated protein kinase catalytic subunit alpha-1,Ki,251.19,6.6,CHEMBL1963701
Entrectinib,CHEMBL1983268,CHEMBL2964,P36507,Dual specificity mitogen-activated protein kinase kinase 2,Ki,3981.07,5.4,CHEMBL1964106
Entrectinib,CHEMBL1983268,CHEMBL260,Q16539,Mitogen-activated protein kinase 14,Ki,3981.07,5.4,CHEMBL1964117
Entrectinib,CHEMBL1983268,CHEMBL2345,P51812,Ribosomal protein S6 kinase alpha-3,Ki,1258.93,5.9,CHEMBL1963690
Entrectinib,CHEMBL1983268,CHEMBL6166,O95819,Mitogen-activated protein kinase kinase kinase kinase 4,Ki,1995.26,5.7,CHEMBL1964101
Entrectinib,CHEMBL1983268,CHEMBL4223,P42685,Tyrosine-protein kinase FRK,Ki,15.85,7.8,CHEMBL1964118
Entrectinib,CHEMBL1983268,CHEMBL2292,Q13627,Dual specificity tyrosine-phosphorylation-regulated kinase 1A,Ki,1995.26,5.7,CHEMBL1964107
Entrectinib,CHEMBL1983268,CHEMBL4708,Q13188,Serine/threonine-protein kinase 3,Ki,1995.26,5.7,CHEMBL1964119
Entrectinib,CHEMBL1983268,CHEMBL4225,P49760,Dual specificity protein kinase CLK2,Ki,1000.0,6.0,CHEMBL1963691
Entrectinib,CHEMBL1983268,CHEMBL3836,P53667,LIM domain kinase 1,Ki,3162.28,5.5,CHEMBL1963749
Entrectinib,CHEMBL1983268,CHEMBL267,P12931,Proto-oncogene tyrosine-protein kinase Src,Ki,31.62,7.5,CHEMBL1963768
Entrectinib,CHEMBL1983268,CHEMBL4525,Q9UEE5,Serine/threonine-protein kinase 17A,Ki,3162.28,5.5,CHEMBL1963717
Entrectinib,CHEMBL1983268,CHEMBL4630,O14757,Serine/threonine-protein kinase Chk1,Ki,3162.28,5.5,CHEMBL1963782
Entrectinib,CHEMBL1983268,CHEMBL5543,Q9Y463,Dual specificity tyrosine-phosphorylation-regulated kinase 1B,Ki,2511.89,5.6,CHEMBL1963799
Entrectinib,CHEMBL1983268,CHEMBL1936,P10721,Mast/stem cell growth factor receptor Kit,Ki,158.49,6.8,CHEMBL1963734
Entrectinib,CHEMBL1983268,CHEMBL279,P35968,Vascular endothelial growth factor receptor 2,Ki,398.11,6.4,CHEMBL1963788
Entrectinib,CHEMBL1983268,CHEMBL5818,P51817,cAMP-dependent protein kinase catalytic subunit PRKX,Ki,2511.89,5.6,CHEMBL1963800
Entrectinib,CHEMBL1983268,CHEMBL4722,O14965,Aurora kinase A,Ki,251.19,6.6,CHEMBL1963727
Entrectinib,CHEMBL1983268,CHEMBL3778,Q9NWZ3,Interleukin-1 receptor-associated kinase 4,Ki,10000.0,5.0,CHEMBL1963808
Entrectinib,CHEMBL1983268,CHEMBL258,P06239,Tyrosine-protein kinase Lck,Ki,501.19,6.3,CHEMBL1963718
Entrectinib,CHEMBL1983268,CHEMBL301,P24941,Cyclin-dependent kinase 2,Ki,3162.28,5.5,CHEMBL1963723
Entrectinib,CHEMBL1983268,CHEMBL3905,P07948,Tyrosine-protein kinase Lyn,Ki,199.53,6.7,CHEMBL1963745
Entrectinib,CHEMBL1983268,CHEMBL5261,Q7L7X3,Serine/threonine-protein kinase TAO1,Ki,3162.28,5.5,CHEMBL1963750
Entrectinib,CHEMBL1983268,CHEMBL4599,Q07912,Activated CDC42 kinase 1,Ki,31.62,7.5,CHEMBL1963777
Entrectinib,CHEMBL1983268,CHEMBL5678,P34947,G protein-coupled receptor kinase 5,Ki,2511.89,5.6,CHEMBL1963789
Entrectinib,CHEMBL1983268,CHEMBL1075104,Q5S007,Leucine-rich repeat serine/threonine-protein kinase 2,Ki,2511.89,5.6,CHEMBL1963806
Entrectinib,CHEMBL1983268,CHEMBL3629,P68400,Casein kinase II subunit alpha,Ki,6309.57,5.2,CHEMBL1963735
Entrectinib,CHEMBL1983268,CHEMBL2815,P04629,High affinity nerve growth factor receptor,Ki,1.585,8.8,CHEMBL1963757
Entrectinib,CHEMBL1983268,CHEMBL2850,P49840,Glycogen synthase kinase-3 alpha,Ki,3981.07,5.4,CHEMBL1963771
Entrectinib,CHEMBL1983268,CHEMBL1913,P09619,Platelet-derived growth factor receptor beta,Ki,1995.26,5.7,CHEMBL1963778
Entrectinib,CHEMBL1983268,CHEMBL3650,P11362,Fibroblast growth factor receptor 1,Ki,251.19,6.6,CHEMBL1963740
Entrectinib,CHEMBL1983268,CHEMBL2695,Q05397,Focal adhesion kinase 1,Ki,100.0,7.0,CHEMBL1963801
Entrectinib,CHEMBL1983268,CHEMBL2185,Q96GD4,Aurora kinase B,Ki,630.96,6.2,CHEMBL1963807
Entrectinib,CHEMBL1983268,CHEMBL4179,P45984,Mitogen-activated protein kinase 9,Ki,3981.07,5.4,CHEMBL1963746
Entrectinib,CHEMBL1983268,CHEMBL1974,P36888,Receptor-type tyrosine-protein kinase FLT3,Ki,316.23,6.5,CHEMBL1963779
Entrectinib,CHEMBL1983268,CHEMBL5518,Q8N4C8,Misshapen-like kinase 1,Ki,1584.89,5.8,CHEMBL1963795
Entrectinib,CHEMBL1983268,CHEMBL5314,Q06418,Tyrosine-protein kinase receptor TYRO3,Ki,3162.28,5.5,CHEMBL1963714
Entrectinib,CHEMBL1983268,CHEMBL2468,O43293,Death-associated protein kinase 3,Ki,2511.89,5.6,CHEMBL1963719
Entrectinib,CHEMBL1983268,CHEMBL4482,O96013,Serine/threonine-protein kinase PAK 4,Ki,3162.28,5.5,CHEMBL1963736
Entrectinib,CHEMBL1983268,CHEMBL1862,P00519,Tyrosine-protein kinase ABL1,Ki,316.23,6.5,CHEMBL1963785
Entrectinib,CHEMBL1983268,CHEMBL4036,Q00535,Cyclin-dependent kinase 5,Ki,3162.28,5.5,CHEMBL1963790
Entrectinib,CHEMBL1983268,CHEMBL2250,P51451,Tyrosine-protein kinase Blk,Ki,199.53,6.7,CHEMBL1963752
Entrectinib,CHEMBL1983268,CHEMBL5330,Q12851,Mitogen-activated protein kinase kinase kinase kinase 2,Ki,398.11,6.4,CHEMBL1963772
Entrectinib,CHEMBL1983268,CHEMBL2276,P45983,Mitogen-activated protein kinase 8,Ki,5011.87,5.3,CHEMBL1963725
Entrectinib,CHEMBL1983268,CHEMBL2793,P48729,Casein kinase I isoform alpha,Ki,3981.07,5.4,CHEMBL1963741
Entrectinib,CHEMBL1983268,CHEMBL2068,P29317,Ephrin type-A receptor 2,Ki,3162.28,5.5,CHEMBL1963791
Entrectinib,CHEMBL1983268,CHEMBL2595,O94806,Serine/threonine-protein kinase D3,Ki,3981.07,5.4,CHEMBL1963715
Entrectinib,CHEMBL1983268,CHEMBL5443,O00311,Cell division cycle 7-related protein kinase,Ki,794.33,6.1,CHEMBL1963731
Entrectinib,CHEMBL1983268,CHEMBL2148,P52333,Tyrosine-protein kinase JAK3,Ki,501.19,6.3,CHEMBL1963742
Entrectinib,CHEMBL1983268,CHEMBL3032,Q16513,Serine/threonine-protein kinase N2,Ki,1258.93,5.9,CHEMBL1963748
Entrectinib,CHEMBL1983268,CHEMBL2938,P05129,Protein kinase C gamma type,Ki,630.96,6.2,CHEMBL1963767
Entrectinib,CHEMBL1983268,CHEMBL5491,P30291,Wee1-like protein kinase,Ki,2511.89,5.6,CHEMBL1963774
Entrectinib,CHEMBL1983268,CHEMBL1957,P08069,Insulin-like growth factor 1 receptor,Ki,63.1,7.2,CHEMBL1963792
Entrectinib,CHEMBL1983268,CHEMBL5903,Q04771,Activin receptor type-1,Ki,3981.07,5.4,CHEMBL1963721
Entrectinib,CHEMBL1983268,CHEMBL4576,Q9H2X6,Homeodomain-interacting protein kinase 2,Ki,1584.89,5.8,CHEMBL1963754
Entrectinib,CHEMBL1983268,CHEMBL5251,Q06187,Tyrosine-protein kinase BTK,Ki,158.49,6.8,CHEMBL1963733
Entrectinib,CHEMBL1983268,CHEMBL2801,Q13557,Calcium/calmodulin-dependent protein kinase type II subunit delta,Ki,3162.28,5.5,CHEMBL1963738
Entrectinib,CHEMBL1983268,CHEMBL3717,P08581,Hepatocyte growth factor receptor,Ki,794.33,6.1,CHEMBL1963775
Entrectinib,CHEMBL1983268,CHEMBL2007,P16234,Platelet-derived growth factor receptor alpha,Ki,2511.89,5.6,CHEMBL1963805
Entrectinib,CHEMBL1983268,CHEMBL2973,O75116,Rho-associated protein kinase 2,Ki,1258.93,5.9,CHEMBL1963722
Entrectinib,CHEMBL1983268,CHEMBL2147,P11309,Serine/threonine-protein kinase pim-1,Ki,6309.57,5.2,CHEMBL1963726
Entrectinib,CHEMBL1983268,CHEMBL3835,P51955,Serine/threonine-protein kinase Nek2,Ki,3162.28,5.5,CHEMBL1963823
Entrectinib,CHEMBL1983268,CHEMBL1955,P35916,Vascular endothelial growth factor receptor 3,Ki,199.53,6.7,CHEMBL1963812
Entrectinib,CHEMBL1983268,CHEMBL1075167,Q8NE63,Homeodomain-interacting protein kinase 4,Ki,7943.28,5.1,CHEMBL1963818
Entrectinib,CHEMBL1983268,CHEMBL5719,P49336,Cyclin-dependent kinase 8,Ki,3981.07,5.4,CHEMBL1963824
Entrectinib,CHEMBL1983268,CHEMBL262,P49841,Glycogen synthase kinase-3 beta,Ki,3981.07,5.4,CHEMBL1963830
Entrectinib,CHEMBL1983268,CHEMBL3231,Q13464,Rho-associated protein kinase 1,Ki,1258.93,5.9,CHEMBL1963814
Entrectinib,CHEMBL1983268,CHEMBL3055,P50613,Cyclin-dependent kinase 7,Ki,1258.93,5.9,CHEMBL1963825
Entrectinib,CHEMBL1983268,CHEMBL4101,P17612,cAMP-dependent protein kinase catalytic subunit alpha,Ki,1995.26,5.7,CHEMBL1963835
Entrectinib,CHEMBL1983268,CHEMBL1868,P17948,Vascular endothelial growth factor receptor 1,Ki,794.33,6.1,CHEMBL1963826
Entrectinib,CHEMBL1983268,CHEMBL3116,P50750,Cyclin-dependent kinase 9,Ki,1584.89,5.8,CHEMBL1963831
Entrectinib,CHEMBL1983268,CHEMBL3982,P16591,Tyrosine-protein kinase Fer,Ki,5.012,8.3,CHEMBL1963815
Entrectinib,CHEMBL1983268,CHEMBL4898,Q16620,BDNF/NT-3 growth factors receptor,Ki,2.512,8.6,CHEMBL1963832
Entrectinib,CHEMBL1983268,CHEMBL4202,Q9H2G2,STE20-like serine/threonine-protein kinase,Ki,158.49,6.8,CHEMBL1963827
Entrectinib,CHEMBL1983268,CHEMBL2742,P22607,Fibroblast growth factor receptor 3,Ki,158.49,6.8,CHEMBL1963828
Entrectinib,CHEMBL1983268,CHEMBL4203,Q9HAZ1,Dual specificity protein kinase CLK4,Ki,199.53,6.7,CHEMBL1963837
Entrectinib,CHEMBL1983268,CHEMBL4852,Q9Y4K4,Mitogen-activated protein kinase kinase kinase kinase 5,Ki,630.96,6.2,CHEMBL1963810
Entrectinib,CHEMBL1983268,CHEMBL1841,P06241,Tyrosine-protein kinase Fyn,Ki,398.11,6.4,CHEMBL1963817
Entrectinib,CHEMBL1983268,CHEMBL5073,Q8IU85,Calcium/calmodulin-dependent protein kinase type 1D,Ki,2511.89,5.6,CHEMBL1963811
Entrectinib,CHEMBL1983268,CHEMBL2185,Q96GD4,Aurora kinase B,IC50,338.0,6.47,CHEMBL3708028
Entrectinib,CHEMBL1983268,CHEMBL1957,P08069,Insulin-like growth factor 1 receptor,IC50,263.0,6.58,CHEMBL3705429
Entrectinib,CHEMBL1983268,CHEMBL4247,Q9UM73,ALK tyrosine kinase receptor,IC50,12.0,7.92,CHEMBL3806916
Entrectinib,CHEMBL1983268,CHEMBL614709,,KM12,IC50,17.0,7.77,CHEMBL3807295
Entrectinib,CHEMBL1983268,CHEMBL1075536,,NCI-H2228,IC50,68.0,7.17,CHEMBL3807298
Entrectinib,CHEMBL1983268,CHEMBL3883330,,EML4-ALK,IC50,28.0,7.55,CHEMBL3807301
Erlotinib,CHEMBL553,CHEMBL203,P00533,Epidermal growth factor receptor,IC50,1450.0,5.84,CHEMBL683041
Erlotinib,CHEMBL553,CHEMBL1824,P04626,Receptor tyrosine-protein kinase erbB-2,IC50,18520.0,4.73,CHEMBL698843
Erlotinib,CHEMBL553,CHEMBL203,P00533,Epidermal growth factor receptor,IC50,1.0,9.0,CHEMBL674106
Erlotinib,CHEMBL553,CHEMBL1824,P04626,Receptor tyrosine-protein kinase erbB-2,IC50,760.0,6.12,CHEMBL682312
Erlotinib,CHEMBL553,CHEMBL1862,P00519,Tyrosine-protein kinase ABL1,Kd,2400.0,5.62,CHEMBL859870
Erlotinib,CHEMBL553,CHEMBL4522,Q9NSY1,BMP-2-inducible protein kinase,Kd,1800.0,5.74,CHEMBL860646
Erlotinib,CHEMBL553,CHEMBL4204,Q9HBH9,MAP kinase-interacting serine/threonine-protein kinase 2,Kd,1600.0,5.8,CHEMBL860651
Erlotinib,CHEMBL553,CHEMBL4014,P42684,Tyrosine-protein kinase ABL2,Kd,300.0,6.52,CHEMBL860899
Erlotinib,CHEMBL553,CHEMBL4179,P45984,Mitogen-activated protein kinase 9,Kd,4000.0,5.4,CHEMBL860895
Erlotinib,CHEMBL553,CHEMBL267,P12931,Proto-oncogene tyrosine-protein kinase Src,Kd,1900.0,5.72,CHEMBL861049
Erlotinib,CHEMBL553,CHEMBL1862,P00519,Tyrosine-protein kinase ABL1,Kd,730.0,6.14,CHEMBL859872
Erlotinib,CHEMBL553,CHEMBL258,P06239,Tyrosine-protein kinase Lck,Kd,530.0,6.28,CHEMBL860915
Erlotinib,CHEMBL553,CHEMBL1862,P00519,Tyrosine-protein kinase ABL1,Kd,280.0,6.55,CHEMBL859869
Erlotinib,CHEMBL553,CHEMBL4202,Q9H2G2,STE20-like serine/threonine-protein kinase,Kd,110.0,6.96,CHEMBL860653
Erlotinib,CHEMBL553,CHEMBL3981,O94804,Serine/threonine-protein kinase 10,Kd,83.0,7.08,CHEMBL860781
Erlotinib,CHEMBL553,CHEMBL1862,P00519,Tyrosine-protein kinase ABL1,Kd,540.0,6.27,CHEMBL861044
Erlotinib,CHEMBL553,CHEMBL1862,P00519,Tyrosine-protein kinase ABL1,Kd,770.0,6.11,CHEMBL859868
Erlotinib,CHEMBL553,CHEMBL5014,O43353,Receptor-interacting serine/threonine-protein kinase 2,Kd,410.0,6.39,CHEMBL860788
Erlotinib,CHEMBL553,CHEMBL1862,P00519,Tyrosine-protein kinase ABL1,Kd,690.0,6.16,CHEMBL859871
Erlotinib,CHEMBL553,CHEMBL1862,P00519,Tyrosine-protein kinase ABL1,Kd,600.0,6.22,CHEMBL859873
Erlotinib,CHEMBL553,CHEMBL4526,Q9UF33,Ephrin type-A receptor 6,Kd,930.0,6.03,CHEMBL859486
Erlotinib,CHEMBL553,CHEMBL4355,O14976,Cyclin-G-associated kinase,Kd,40.0,7.4,CHEMBL860789
Erlotinib,CHEMBL553,CHEMBL1824,P04626,Receptor tyrosine-protein kinase erbB-2,Kd,5100.0,5.29,CHEMBL860920
Erlotinib,CHEMBL553,CHEMBL203,P00533,Epidermal growth factor receptor,Kd,1.4,8.85,CHEMBL859867
Erlotinib,CHEMBL553,CHEMBL4142,P21802,Fibroblast growth factor receptor 2,Kd,1900.0,5.72,CHEMBL860912
Erlotinib,CHEMBL553,CHEMBL3830,Q2M2I8,AP2-associated protein kinase 1,Kd,4400.0,5.36,CHEMBL860786
Erlotinib,CHEMBL553,CHEMBL4722,O14965,Aurora kinase A,Kd,3800.0,5.42,CHEMBL859641
Erlotinib,CHEMBL553,CHEMBL203,P00533,Epidermal growth factor receptor,IC50,19.3,7.71,CHEMBL862515
Erlotinib,CHEMBL553,CHEMBL1824,P04626,Receptor tyrosine-protein kinase erbB-2,IC50,511.0,6.29,CHEMBL862513
Erlotinib,CHEMBL553,CHEMBL203,P00533,Epidermal growth factor receptor,IC50,0.6,9.22,CHEMBL862512
Erlotinib,CHEMBL553,CHEMBL1824,P04626,Receptor tyrosine-protein kinase erbB-2,IC50,299.0,6.52,CHEMBL862531
Erlotinib,CHEMBL553,CHEMBL203,P00533,Epidermal growth factor receptor,IC50,23.0,7.64,CHEMBL924351
Erlotinib,CHEMBL553,CHEMBL203,P00533,Epidermal growth factor receptor,IC50,3.6,8.44,CHEMBL978648
Erlotinib,CHEMBL553,CHEMBL2971,O60674,Tyrosine-protein kinase JAK2,IC50,4000.0,5.4,CHEMBL1007370
Erlotinib,CHEMBL553,CHEMBL2971,O60674,Tyrosine-protein kinase JAK2,IC50,20000.0,4.7,CHEMBL1007371
Erlotinib,CHEMBL553,CHEMBL397,,Jurkat,IC50,2000.0,5.7,CHEMBL1007378
Erlotinib,CHEMBL553,CHEMBL203,P00533,Epidermal growth factor receptor,IC50,0.4,9.4,CHEMBL976899
Erlotinib,CHEMBL553,CHEMBL1824,P04626,Receptor tyrosine-protein kinase erbB-2,IC50,870.0,6.06,CHEMBL976900
Erlotinib,CHEMBL553,CHEMBL3009,Q15303,Receptor tyrosine-protein kinase erbB-4,IC50,1130.0,5.95,CHEMBL976901
Erlotinib,CHEMBL553,CHEMBL1862,P00519,Tyrosine-protein kinase ABL1,Kd,770.0,6.11,CHEMBL974027
Erlotinib,CHEMBL553,CHEMBL4526,Q9UF33,Ephrin type-A receptor 6,Kd,930.0,6.03,CHEMBL974028
Erlotinib,CHEMBL553,CHEMBL4355,O14976,Cyclin-G-associated kinase,Kd,40.0,7.4,CHEMBL974029
Erlotinib,CHEMBL553,CHEMBL258,P06239,Tyrosine-protein kinase Lck,Kd,530.0,6.28,CHEMBL974030
Erlotinib,CHEMBL553,CHEMBL3981,O94804,Serine/threonine-protein kinase 10,Kd,83.0,7.08,CHEMBL989730
Erlotinib,CHEMBL553,CHEMBL203,P00533,Epidermal growth factor receptor,IC50,20.0,7.7,CHEMBL1009318
Erlotinib,CHEMBL553,CHEMBL1824,P04626,Receptor tyrosine-protein kinase erbB-2,IC50,3500.0,5.46,CHEMBL1009319
Erlotinib,CHEMBL553,CHEMBL203,P00533,Epidermal growth factor receptor,IC50,1.0,9.0,CHEMBL946651
Erlotinib,CHEMBL553,CHEMBL1974,P36888,Receptor-type tyrosine-protein kinase FLT3,Kd,820.0,6.09,CHEMBL1063729
Erlotinib,CHEMBL553,CHEMBL1974,P36888,Receptor-type tyrosine-protein kinase FLT3,Kd,500.0,6.3,CHEMBL1061073
Erlotinib,CHEMBL553,CHEMBL1955,P35916,Vascular endothelial growth factor receptor 3,Kd,2100.0,5.68,CHEMBL1060246
Erlotinib,CHEMBL553,CHEMBL4223,P42685,Tyrosine-protein kinase FRK,Kd,2000.0,5.7,CHEMBL1060247
Erlotinib,CHEMBL553,CHEMBL2999,O75914,Serine/threonine-protein kinase PAK 3,Kd,10000.0,5.0,CHEMBL1062779
Erlotinib,CHEMBL553,CHEMBL5790,Q00537,Cyclin-dependent kinase 17,Kd,10000.0,5.0,CHEMBL1051349
Erlotinib,CHEMBL553,CHEMBL5316,Q07002,Cyclin-dependent kinase 18,Kd,10000.0,5.0,CHEMBL1062782
Erlotinib,CHEMBL553,CHEMBL2534,O15530,3-phosphoinositide-dependent protein kinase 1,Kd,10000.0,5.0,CHEMBL1061922
Erlotinib,CHEMBL553,CHEMBL6162,O94921,Cyclin-dependent kinase 14,Kd,10000.0,5.0,CHEMBL1051350
Erlotinib,CHEMBL553,CHEMBL4004,Q16816,"Phosphorylase b kinase gamma catalytic chain, skeletal muscle/heart isoform",Kd,10000.0,5.0,CHEMBL1061153
Erlotinib,CHEMBL553,CHEMBL5969,Q99755,Phosphatidylinositol 4-phosphate 5-kinase type-1 alpha,Kd,10000.0,5.0,CHEMBL1061923
Erlotinib,CHEMBL553,CHEMBL4924,Q9UK32,Ribosomal protein S6 kinase alpha-6,Kd,10000.0,5.0,CHEMBL1039275
Erlotinib,CHEMBL553,CHEMBL4924,Q9UK32,Ribosomal protein S6 kinase alpha-6,Kd,10000.0,5.0,CHEMBL1061926
Erlotinib,CHEMBL553,CHEMBL5426,Q86YV6,Myosin light chain kinase family member 4,Kd,10000.0,5.0,CHEMBL1051352
Erlotinib,CHEMBL553,CHEMBL4202,Q9H2G2,STE20-like serine/threonine-protein kinase,Kd,26.0,7.59,CHEMBL1062787
Erlotinib,CHEMBL553,CHEMBL279,P35968,Vascular endothelial growth factor receptor 2,Kd,10000.0,5.0,CHEMBL1051261
Erlotinib,CHEMBL553,CHEMBL5491,P30291,Wee1-like protein kinase,Kd,10000.0,5.0,CHEMBL1061935
Erlotinib,CHEMBL553,CHEMBL5405,Q86UX6,Serine/threonine-protein kinase 32C,Kd,10000.0,5.0,CHEMBL1062789
Erlotinib,CHEMBL553,CHEMBL2073,P07947,Tyrosine-protein kinase Yes,Kd,2200.0,5.66,CHEMBL1051262
Erlotinib,CHEMBL553,CHEMBL5552,O00506,Serine/threonine-protein kinase 25,Kd,10000.0,5.0,CHEMBL1051263
Erlotinib,CHEMBL553,CHEMBL3886,Q9NYL2,Mitogen-activated protein kinase kinase kinase 20,Kd,10000.0,5.0,CHEMBL1051317
Erlotinib,CHEMBL553,CHEMBL2803,P43403,Tyrosine-protein kinase ZAP-70,Kd,10000.0,5.0,CHEMBL1061189
Erlotinib,CHEMBL553,CHEMBL5667,P78356,Phosphatidylinositol 5-phosphate 4-kinase type-2 beta,Kd,10000.0,5.0,CHEMBL1062784
Erlotinib,CHEMBL553,CHEMBL2918,P22694,cAMP-dependent protein kinase catalytic subunit beta,Kd,10000.0,5.0,CHEMBL1039274
Erlotinib,CHEMBL553,CHEMBL5818,P51817,cAMP-dependent protein kinase catalytic subunit PRKX,Kd,10000.0,5.0,CHEMBL1061157
Erlotinib,CHEMBL553,CHEMBL5469,Q14289,Protein-tyrosine kinase 2-beta,Kd,10000.0,5.0,CHEMBL1061158
Erlotinib,CHEMBL553,CHEMBL5975,Q9BRS2,Serine/threonine-protein kinase RIO1,Kd,10000.0,5.0,CHEMBL1051258
Erlotinib,CHEMBL553,CHEMBL4226,P49761,Dual specificity protein kinase CLK3,Kd,10000.0,5.0,CHEMBL1060240
Erlotinib,CHEMBL553,CHEMBL2634,P41240,Tyrosine-protein kinase CSK,Kd,10000.0,5.0,CHEMBL1037547
Erlotinib,CHEMBL553,CHEMBL5520,Q8N752,Casein kinase I isoform alpha-like,Kd,10000.0,5.0,CHEMBL1063703
Erlotinib,CHEMBL553,CHEMBL2828,P48730,Casein kinase I isoform delta,Kd,3500.0,5.46,CHEMBL1050829
Erlotinib,CHEMBL553,CHEMBL4937,P49674,Casein kinase I isoform epsilon,Kd,10000.0,5.0,CHEMBL1050834
Erlotinib,CHEMBL553,CHEMBL2543,P78368,Casein kinase I isoform gamma-2,Kd,10000.0,5.0,CHEMBL1063704
Erlotinib,CHEMBL553,CHEMBL5084,Q9Y6M4,Casein kinase I isoform gamma-3,Kd,10000.0,5.0,CHEMBL1051284
Erlotinib,CHEMBL553,CHEMBL4128,Q02763,Angiopoietin-1 receptor,Kd,10000.0,5.0,CHEMBL1051315
Erlotinib,CHEMBL553,CHEMBL5388,Q9UKI8,Serine/threonine-protein kinase tousled-like 1,Kd,10000.0,5.0,CHEMBL1061931
Erlotinib,CHEMBL553,CHEMBL5404,Q86UE8,Serine/threonine-protein kinase tousled-like 2,Kd,10000.0,5.0,CHEMBL1061984
Erlotinib,CHEMBL553,CHEMBL4527,Q9UKE5,TRAF2 and NCK-interacting protein kinase,Kd,10000.0,5.0,CHEMBL1062874
Erlotinib,CHEMBL553,CHEMBL4599,Q07912,Activated CDC42 kinase 1,Kd,10000.0,5.0,CHEMBL1051355
Erlotinib,CHEMBL553,CHEMBL2815,P04629,High affinity nerve growth factor receptor,Kd,10000.0,5.0,CHEMBL1061933
Erlotinib,CHEMBL553,CHEMBL4898,Q16620,BDNF/NT-3 growth factors receptor,Kd,10000.0,5.0,CHEMBL1062875
Erlotinib,CHEMBL553,CHEMBL5608,Q16288,NT-3 growth factor receptor,Kd,10000.0,5.0,CHEMBL1041998
Erlotinib,CHEMBL553,CHEMBL3983,P33981,Dual specificity protein kinase TTK,Kd,10000.0,5.0,CHEMBL1061934
Erlotinib,CHEMBL553,CHEMBL4367,P42681,Tyrosine-protein kinase TXK,Kd,10000.0,5.0,CHEMBL1061187
Erlotinib,CHEMBL553,CHEMBL3629,P68400,Casein kinase II subunit alpha,Kd,10000.0,5.0,CHEMBL1060241
Erlotinib,CHEMBL553,CHEMBL4070,P19784,Casein kinase II subunit alpha',Kd,10000.0,5.0,CHEMBL1061141
Erlotinib,CHEMBL553,CHEMBL3123,Q9UIK4,Death-associated protein kinase 2,Kd,10000.0,5.0,CHEMBL1053760
Erlotinib,CHEMBL553,CHEMBL2468,O43293,Death-associated protein kinase 3,Kd,10000.0,5.0,CHEMBL1060181
Erlotinib,CHEMBL553,CHEMBL3980,O94768,Serine/threonine-protein kinase 17B,Kd,10000.0,5.0,CHEMBL1060189
Erlotinib,CHEMBL553,CHEMBL5543,Q9Y463,Dual specificity tyrosine-phosphorylation-regulated kinase 1B,Kd,10000.0,5.0,CHEMBL1060243
Erlotinib,CHEMBL553,CHEMBL3385,P27361,Mitogen-activated protein kinase 3,Kd,10000.0,5.0,CHEMBL1037552
Erlotinib,CHEMBL553,CHEMBL4040,P28482,Mitogen-activated protein kinase 1,Kd,10000.0,5.0,CHEMBL1063798
Erlotinib,CHEMBL553,CHEMBL2850,P49840,Glycogen synthase kinase-3 alpha,Kd,10000.0,5.0,CHEMBL1061900
Etomoxir,CHEMBL2051959,CHEMBL398,,KB,IC50,2760.0,5.56,CHEMBL2217024
Etomoxir,CHEMBL2051959,CHEMBL6020,O95342,Bile salt export pump,IC50,11800.0,4.93,CHEMBL4011677
Flavopiridol,CHEMBL428690,CHEMBL2094126,,Cyclin-dependent kinase 2/cyclin E,IC50,330.0,6.48,CHEMBL666605
Flavopiridol,CHEMBL428690,CHEMBL2094127,,Cyclin-dependent kinase 1/cyclin B,IC50,30.0,7.52,CHEMBL666600
Flavopiridol,CHEMBL428690,CHEMBL1907601,,Cyclin-dependent kinase 4/cyclin D1,IC50,150.0,6.82,CHEMBL666606
Flavopiridol,CHEMBL428690,CHEMBL2094138,,cAMP-dependent protein kinase (PKA),IC50,50000.0,4.3,CHEMBL767999
Flavopiridol,CHEMBL428690,CHEMBL2093867,,Protein kinase C (PKC),IC50,15000.0,4.82,CHEMBL767429
Flavopiridol,CHEMBL428690,CHEMBL299,P17252,Protein kinase C alpha type,IC50,2800.0,5.55,CHEMBL767032
Flavopiridol,CHEMBL428690,CHEMBL3045,P05771,Protein kinase C beta type,IC50,45000.0,4.35,CHEMBL762484
Flavopiridol,CHEMBL428690,CHEMBL2996,Q05655,Protein kinase C delta type,IC50,890.0,6.05,CHEMBL766320
Flavopiridol,CHEMBL428690,CHEMBL3582,Q02156,Protein kinase C epsilon type,IC50,480.0,6.32,CHEMBL769126
Flavopiridol,CHEMBL428690,CHEMBL3616,P24723,Protein kinase C eta type,IC50,45000.0,4.35,CHEMBL767400
Flavopiridol,CHEMBL428690,CHEMBL2959,Q08881,Tyrosine-protein kinase ITK/TSK,IC50,14850.0,4.83,CHEMBL818319
Flavopiridol,CHEMBL428690,CHEMBL258,P06239,Tyrosine-protein kinase Lck,IC50,11000.0,4.96,CHEMBL842069
Flavopiridol,CHEMBL428690,CHEMBL2803,P43403,Tyrosine-protein kinase ZAP-70,IC50,50000.0,4.3,CHEMBL824032
Flavopiridol,CHEMBL428690,CHEMBL203,P00533,Epidermal growth factor receptor,IC50,7600.0,5.12,CHEMBL677888
Flavopiridol,CHEMBL428690,CHEMBL1824,P04626,Receptor tyrosine-protein kinase erbB-2,IC50,15800.0,4.8,CHEMBL683805
Flavopiridol,CHEMBL428690,CHEMBL614004,,A2780,IC50,56.0,7.25,CHEMBL618335
Flavopiridol,CHEMBL428690,CHEMBL614004,,A2780,IC50,38.0,7.42,CHEMBL621968
Flavopiridol,CHEMBL428690,CHEMBL614004,,A2780,IC50,65.0,7.19,CHEMBL621970
Flavopiridol,CHEMBL428690,CHEMBL614004,,A2780,IC50,78.0,7.11,CHEMBL621969
Flavopiridol,CHEMBL428690,CHEMBL614213,,OVCAR-3,IC50,54.0,7.27,CHEMBL747101
Flavopiridol,CHEMBL428690,CHEMBL387,,MCF7,IC50,66.0,7.18,CHEMBL707429
Flavopiridol,CHEMBL428690,CHEMBL613834,,SK-BR-3,IC50,77.0,7.11,CHEMBL806363
Flavopiridol,CHEMBL428690,CHEMBL612518,,LNCaP,IC50,16.0,7.8,CHEMBL708902
Flavopiridol,CHEMBL428690,CHEMBL390,,PC-3,IC50,66.0,7.18,CHEMBL762701
Flavopiridol,CHEMBL428690,CHEMBL394,,HCT-116,IC50,18.0,7.74,CHEMBL686365
Flavopiridol,CHEMBL428690,CHEMBL394,,HCT-116,IC50,21.0,7.68,CHEMBL688757
Flavopiridol,CHEMBL428690,CHEMBL394,,HCT-116,IC50,17.0,7.77,CHEMBL686460
Flavopiridol,CHEMBL428690,CHEMBL614097,,LS174T,IC50,65.0,7.19,CHEMBL706976
Flavopiridol,CHEMBL428690,CHEMBL614390,,MIP,IC50,120.0,6.92,CHEMBL711482
Flavopiridol,CHEMBL428690,CHEMBL614058,,Caco-2,IC50,86.0,7.07,CHEMBL652531
Flavopiridol,CHEMBL428690,CHEMBL392,,A549,IC50,96.0,7.02,CHEMBL620134
Flavopiridol,CHEMBL428690,CHEMBL614389,,LX-1,IC50,75.0,7.12,CHEMBL708880
Flavopiridol,CHEMBL428690,CHEMBL614069,,A-431,IC50,75.0,7.12,CHEMBL620163
Flavopiridol,CHEMBL428690,CHEMBL382,,CCRF-CEM,IC50,52.0,7.28,CHEMBL875040
Flavopiridol,CHEMBL428690,CHEMBL383,,HL-60,IC50,46.0,7.34,CHEMBL690424
Flavopiridol,CHEMBL428690,CHEMBL385,,K562,IC50,130.0,6.89,CHEMBL702153
Flavopiridol,CHEMBL428690,CHEMBL613546,,ABAE,IC50,45.0,7.35,CHEMBL623842
Flavopiridol,CHEMBL428690,CHEMBL614666,,HS27,IC50,51.0,7.29,CHEMBL695313
Flavopiridol,CHEMBL428690,CHEMBL1907602,,Cyclin-dependent kinase 1/cyclin B1,IC50,30.0,7.52,CHEMBL661114
Flavopiridol,CHEMBL428690,CHEMBL2094126,,Cyclin-dependent kinase 2/cyclin E,IC50,170.0,6.77,CHEMBL657124
Flavopiridol,CHEMBL428690,CHEMBL1907601,,Cyclin-dependent kinase 4/cyclin D1,IC50,100.0,7.0,CHEMBL666302
Flavopiridol,CHEMBL428690,CHEMBL2094128,,Cyclin-dependent kinase 2/cyclin A,IC50,70.0,7.15,CHEMBL658025
Flavopiridol,CHEMBL428690,CHEMBL203,P00533,Epidermal growth factor receptor,IC50,22000.0,4.66,CHEMBL873605
Flavopiridol,CHEMBL428690,CHEMBL394,,HCT-116,IC50,13000.0,4.89,CHEMBL856037
Flavopiridol,CHEMBL428690,CHEMBL614004,,A2780,IC50,15000.0,4.82,CHEMBL622415
Flavopiridol,CHEMBL428690,CHEMBL390,,PC-3,IC50,10000.0,5.0,CHEMBL759490
Flavopiridol,CHEMBL428690,CHEMBL614725,,MIA PaCa-2,IC50,36000.0,4.44,CHEMBL714142
Flavopiridol,CHEMBL428690,CHEMBL3526,P11217,"Glycogen phosphorylase, muscle form",IC50,1000.0,6.0,CHEMBL749048
Flavopiridol,CHEMBL428690,CHEMBL2094127,,Cyclin-dependent kinase 1/cyclin B,IC50,30.0,7.52,CHEMBL663404
Flavopiridol,CHEMBL428690,CHEMBL2094126,,Cyclin-dependent kinase 2/cyclin E,IC50,170.0,6.77,CHEMBL657123
Flavopiridol,CHEMBL428690,CHEMBL2095942,,Cyclin-dependent kinase 4/cyclin D,IC50,100.0,7.0,CHEMBL666116
Flavopiridol,CHEMBL428690,CHEMBL2111288,,Cyclin-dependent kinase 7/ cyclin H,IC50,400.0,6.4,CHEMBL665066
Flavopiridol,CHEMBL428690,CHEMBL2094127,,Cyclin-dependent kinase 1/cyclin B,IC50,200.0,6.7,CHEMBL658180
Flavopiridol,CHEMBL428690,CHEMBL1907600,,Cyclin-dependent kinase 5/CDK5 activator 1,IC50,170.0,6.77,CHEMBL665010
Flavopiridol,CHEMBL428690,CHEMBL1907601,,Cyclin-dependent kinase 4/cyclin D1,IC50,200.0,6.7,CHEMBL666304
Flavopiridol,CHEMBL428690,CHEMBL1907602,,Cyclin-dependent kinase 1/cyclin B1,IC50,200.0,6.7,CHEMBL661122
Flavopiridol,CHEMBL428690,CHEMBL387,,MCF7,IC50,500.0,6.3,CHEMBL712002
Flavopiridol,CHEMBL428690,CHEMBL2094138,,cAMP-dependent protein kinase (PKA),IC50,960000.0,3.02,CHEMBL771964
Flavopiridol,CHEMBL428690,CHEMBL2093867,,Protein kinase C (PKC),IC50,10000.0,5.0,CHEMBL769350
Flavopiridol,CHEMBL428690,CHEMBL2094127,,Cyclin-dependent kinase 1/cyclin B,IC50,30.0,7.52,CHEMBL663403
Flavopiridol,CHEMBL428690,CHEMBL2094126,,Cyclin-dependent kinase 2/cyclin E,IC50,170.0,6.77,CHEMBL663526
Flavopiridol,CHEMBL428690,CHEMBL2095942,,Cyclin-dependent kinase 4/cyclin D,IC50,100.0,7.0,CHEMBL666114
Flavopiridol,CHEMBL428690,CHEMBL614004,,A2780,IC50,71.0,7.15,CHEMBL619467
Flavopiridol,CHEMBL428690,CHEMBL2094126,,Cyclin-dependent kinase 2/cyclin E,IC50,330000.0,3.48,CHEMBL657126
Flavopiridol,CHEMBL428690,CHEMBL614004,,A2780,IC50,71.0,7.15,CHEMBL622593
Flavopiridol,CHEMBL428690,CHEMBL1907600,,Cyclin-dependent kinase 5/CDK5 activator 1,IC50,170.0,6.77,CHEMBL876996
Flavopiridol,CHEMBL428690,CHEMBL2094127,,Cyclin-dependent kinase 1/cyclin B,IC50,210.0,6.68,CHEMBL832848
Flavopiridol,CHEMBL428690,CHEMBL2508,Q00534,Cyclin-dependent kinase 6,IC50,80.0,7.1,CHEMBL832923
Flavopiridol,CHEMBL428690,CHEMBL2095188,,Glycogen synthase kinase-3,IC50,280.0,6.55,CHEMBL832706
Flavopiridol,CHEMBL428690,CHEMBL2094126,,Cyclin-dependent kinase 2/cyclin E,IC50,960.0,6.02,CHEMBL830911
Flavopiridol,CHEMBL428690,CHEMBL1907601,,Cyclin-dependent kinase 4/cyclin D1,IC50,180.0,6.74,CHEMBL830128
Flavopiridol,CHEMBL428690,CHEMBL2094127,,Cyclin-dependent kinase 1/cyclin B,IC50,200.0,6.7,CHEMBL830910
Flavopiridol,CHEMBL428690,CHEMBL5256,Q8N5S9,Calcium/calmodulin-dependent protein kinase kinase 1,Kd,19.0,7.72,CHEMBL860658
Flavopiridol,CHEMBL428690,CHEMBL4036,Q00535,Cyclin-dependent kinase 5,Kd,43.0,7.37,CHEMBL859644
Flavopiridol,CHEMBL428690,CHEMBL4597,Q00536,Cyclin-dependent kinase 16,Kd,180.0,6.74,CHEMBL860663
Flavopiridol,CHEMBL428690,CHEMBL301,P24941,Cyclin-dependent kinase 2,Kd,200.0,6.7,CHEMBL860890
Flavopiridol,CHEMBL428690,CHEMBL5284,Q96RR4,Calcium/calmodulin-dependent protein kinase kinase 2,Kd,320.0,6.49,CHEMBL860655
Flavopiridol,CHEMBL428690,CHEMBL2147,P11309,Serine/threonine-protein kinase pim-1,Kd,520.0,6.28,CHEMBL860908
Flavopiridol,CHEMBL428690,CHEMBL4523,Q9P1W9,Serine/threonine-protein kinase pim-2,Kd,650.0,6.19,CHEMBL859489
Flavopiridol,CHEMBL428690,CHEMBL4226,P49761,Dual specificity protein kinase CLK3,Kd,1000.0,6.0,CHEMBL860772
Flavopiridol,CHEMBL428690,CHEMBL4355,O14976,Cyclin-G-associated kinase,Kd,1100.0,5.96,CHEMBL860789
Flavopiridol,CHEMBL428690,CHEMBL4147,Q9UQM7,Calcium/calmodulin-dependent protein kinase type II subunit alpha,Kd,1300.0,5.89,CHEMBL860798
Flavopiridol,CHEMBL428690,CHEMBL4225,P49760,Dual specificity protein kinase CLK2,Kd,1400.0,5.85,CHEMBL860773
Flavopiridol,CHEMBL428690,CHEMBL3906,Q15349,Ribosomal protein S6 kinase alpha-2,Kd,1600.0,5.8,CHEMBL860804
Flavopiridol,CHEMBL428690,CHEMBL4204,Q9HBH9,MAP kinase-interacting serine/threonine-protein kinase 2,Kd,1900.0,5.72,CHEMBL860651
Flavopiridol,CHEMBL428690,CHEMBL4237,O75582,Ribosomal protein S6 kinase alpha-5,Kd,2000.0,5.7,CHEMBL860906
Flavopiridol,CHEMBL428690,CHEMBL2349,P15735,"Phosphorylase b kinase gamma catalytic chain, liver/testis isoform",Kd,2000.0,5.7,CHEMBL860795
Flavopiridol,CHEMBL428690,CHEMBL4224,P49759,Dual specificity protein kinase CLK1,Kd,2200.0,5.66,CHEMBL860774
Flavopiridol,CHEMBL428690,CHEMBL5072,P54762,Ephrin type-B receptor 1,Kd,2200.0,5.66,CHEMBL860665
Flavopiridol,CHEMBL428690,CHEMBL4121,Q13554,Calcium/calmodulin-dependent protein kinase type II subunit beta,Kd,2600.0,5.59,CHEMBL860910
Flavopiridol,CHEMBL428690,CHEMBL3788,O00444,Serine/threonine-protein kinase PLK4,Kd,3100.0,5.51,CHEMBL860784
Flavopiridol,CHEMBL428690,CHEMBL3987,P54756,Ephrin type-A receptor 5,Kd,4000.0,5.4,CHEMBL860666
Flavopiridol,CHEMBL428690,CHEMBL3980,O94768,Serine/threonine-protein kinase 17B,Kd,5100.0,5.29,CHEMBL860782
Flavopiridol,CHEMBL428690,CHEMBL4045,Q13131,5'-AMP-activated protein kinase catalytic subunit alpha-1,Kd,6600.0,5.18,CHEMBL860896
Flavopiridol,CHEMBL428690,CHEMBL387,,MCF7,IC50,26.0,7.59,CHEMBL915000
Flavopiridol,CHEMBL428690,CHEMBL2094128,,Cyclin-dependent kinase 2/cyclin A,IC50,1500.0,5.82,CHEMBL915001
Flavopiridol,CHEMBL428690,CHEMBL1907602,,Cyclin-dependent kinase 1/cyclin B1,IC50,330.0,6.48,CHEMBL975428
Flavopiridol,CHEMBL428690,CHEMBL1974,P36888,Receptor-type tyrosine-protein kinase FLT3,Kd,4600.0,5.34,CHEMBL1063729
Flavopiridol,CHEMBL428690,CHEMBL1974,P36888,Receptor-type tyrosine-protein kinase FLT3,Kd,6500.0,5.19,CHEMBL1061073
Flavopiridol,CHEMBL428690,CHEMBL1955,P35916,Vascular endothelial growth factor receptor 3,Kd,10000.0,5.0,CHEMBL1060246
Foretinib (XL880),CHEMBL1230609,CHEMBL4224,P49759,Dual specificity protein kinase CLK1,Kd,550.0,6.26,CHEMBL1908461
Foretinib (XL880),CHEMBL1230609,CHEMBL5608,Q16288,NT-3 growth factor receptor,Kd,3.4,8.47,CHEMBL1908462
Foretinib (XL880),CHEMBL1230609,CHEMBL4674,P53778,Mitogen-activated protein kinase 12,Kd,390.0,6.41,CHEMBL1908463
Foretinib (XL880),CHEMBL1230609,CHEMBL5331,Q12866,Tyrosine-protein kinase Mer,Kd,0.27,9.57,CHEMBL1908464
Foretinib (XL880),CHEMBL1230609,CHEMBL5668,P78362,SRSF protein kinase 2,Kd,10000.0,5.0,CHEMBL1908465
Foretinib (XL880),CHEMBL1230609,CHEMBL3935,Q9UQB9,Aurora kinase C,Kd,12.0,7.92,CHEMBL1908466
Foretinib (XL880),CHEMBL1230609,CHEMBL2801,Q13557,Calcium/calmodulin-dependent protein kinase type II subunit delta,Kd,10000.0,5.0,CHEMBL1908467
Foretinib (XL880),CHEMBL1230609,CHEMBL5404,Q86UE8,Serine/threonine-protein kinase tousled-like 2,Kd,10000.0,5.0,CHEMBL1908468
Foretinib (XL880),CHEMBL1230609,CHEMBL2185,Q96GD4,Aurora kinase B,Kd,43.0,7.37,CHEMBL1908469
Foretinib (XL880),CHEMBL1230609,CHEMBL4045,Q13131,5'-AMP-activated protein kinase catalytic subunit alpha-1,Kd,730.0,6.14,CHEMBL1908470
Foretinib (XL880),CHEMBL1230609,CHEMBL6149,Q9Y2K2,Serine/threonine-protein kinase SIK3,Kd,10000.0,5.0,CHEMBL1908471
Foretinib (XL880),CHEMBL1230609,CHEMBL3938,O75716,Serine/threonine-protein kinase 16,Kd,10000.0,5.0,CHEMBL1908472
Foretinib (XL880),CHEMBL1230609,CHEMBL5790,Q00537,Cyclin-dependent kinase 17,Kd,170.0,6.77,CHEMBL1908473
Foretinib (XL880),CHEMBL1230609,CHEMBL5122,Q16832,Discoidin domain-containing receptor 2,Kd,3.6,8.44,CHEMBL1908474
Foretinib (XL880),CHEMBL1230609,CHEMBL5311,P37023,Activin receptor type-1-like,Kd,10000.0,5.0,CHEMBL1908475
Foretinib (XL880),CHEMBL1230609,CHEMBL5251,Q06187,Tyrosine-protein kinase BTK,Kd,76.0,7.12,CHEMBL1908476
Foretinib (XL880),CHEMBL1230609,CHEMBL331,P11802,Cyclin-dependent kinase 4,Kd,10000.0,5.0,CHEMBL1908477
Foretinib (XL880),CHEMBL1230609,CHEMBL331,P11802,Cyclin-dependent kinase 4,Kd,10000.0,5.0,CHEMBL1908478
Foretinib (XL880),CHEMBL1230609,CHEMBL2742,P22607,Fibroblast growth factor receptor 3,Kd,910.0,6.04,CHEMBL1908479
Foretinib (XL880),CHEMBL1230609,CHEMBL2742,P22607,Fibroblast growth factor receptor 3,Kd,1600.0,5.8,CHEMBL1908480
Foretinib (XL880),CHEMBL1230609,CHEMBL1981,P06213,Insulin receptor,Kd,210.0,6.68,CHEMBL1908481
Foretinib (XL880),CHEMBL1230609,CHEMBL2148,P52333,Tyrosine-protein kinase JAK3,Kd,10000.0,5.0,CHEMBL1908482
Foretinib (XL880),CHEMBL1230609,CHEMBL1936,P10721,Mast/stem cell growth factor receptor Kit,Kd,2.5,8.6,CHEMBL1908483
Foretinib (XL880),CHEMBL1230609,CHEMBL1936,P10721,Mast/stem cell growth factor receptor Kit,Kd,3.2,8.49,CHEMBL1908484
Foretinib (XL880),CHEMBL1230609,CHEMBL1936,P10721,Mast/stem cell growth factor receptor Kit,Kd,36.0,7.44,CHEMBL1908485
Foretinib (XL880),CHEMBL1230609,CHEMBL1936,P10721,Mast/stem cell growth factor receptor Kit,Kd,9.6,8.02,CHEMBL1908486
Foretinib (XL880),CHEMBL1230609,CHEMBL1936,P10721,Mast/stem cell growth factor receptor Kit,Kd,2.7,8.57,CHEMBL1908487
Foretinib (XL880),CHEMBL1230609,CHEMBL1936,P10721,Mast/stem cell growth factor receptor Kit,Kd,2.1,8.68,CHEMBL1908488
Foretinib (XL880),CHEMBL1230609,CHEMBL1936,P10721,Mast/stem cell growth factor receptor Kit,Kd,2.4,8.62,CHEMBL1908489
Foretinib (XL880),CHEMBL1230609,CHEMBL1936,P10721,Mast/stem cell growth factor receptor Kit,Kd,7.6,8.12,CHEMBL1908490
Foretinib (XL880),CHEMBL1230609,CHEMBL3717,P08581,Hepatocyte growth factor receptor,Kd,1.4,8.85,CHEMBL1908491
Foretinib (XL880),CHEMBL1230609,CHEMBL3717,P08581,Hepatocyte growth factor receptor,Kd,1.0,9.0,CHEMBL1908492
Foretinib (XL880),CHEMBL1230609,CHEMBL3717,P08581,Hepatocyte growth factor receptor,Kd,0.82,9.09,CHEMBL1908493
Foretinib (XL880),CHEMBL1230609,CHEMBL2349,P15735,"Phosphorylase b kinase gamma catalytic chain, liver/testis isoform",Kd,10000.0,5.0,CHEMBL1908494
Foretinib (XL880),CHEMBL1230609,CHEMBL5606,Q15831,Serine/threonine-protein kinase STK11,Kd,10000.0,5.0,CHEMBL1908495
Foretinib (XL880),CHEMBL1230609,CHEMBL4128,Q02763,Angiopoietin-1 receptor,Kd,3.1,8.51,CHEMBL1908496
Foretinib (XL880),CHEMBL1230609,CHEMBL1957,P08069,Insulin-like growth factor 1 receptor,Kd,430.0,6.37,CHEMBL1908497
Foretinib (XL880),CHEMBL1230609,CHEMBL1163127,Q6ZN16,Mitogen-activated protein kinase kinase kinase 15,Kd,10000.0,5.0,CHEMBL1908498
Foretinib (XL880),CHEMBL1230609,CHEMBL5407,Q86V86,Serine/threonine-protein kinase pim-3,Kd,10000.0,5.0,CHEMBL1908499
Foretinib (XL880),CHEMBL1230609,CHEMBL2527,O96017,Serine/threonine-protein kinase Chk2,Kd,57.0,7.24,CHEMBL1908500
Foretinib (XL880),CHEMBL1230609,CHEMBL1824,P04626,Receptor tyrosine-protein kinase erbB-2,Kd,580.0,6.24,CHEMBL1908501
Foretinib (XL880),CHEMBL1230609,CHEMBL3906,Q15349,Ribosomal protein S6 kinase alpha-2,Kd,10000.0,5.0,CHEMBL1908502
Foretinib (XL880),CHEMBL1230609,CHEMBL3125,O75676,Ribosomal protein S6 kinase alpha-4,Kd,10000.0,5.0,CHEMBL1908503
Foretinib (XL880),CHEMBL1230609,CHEMBL4599,Q07912,Activated CDC42 kinase 1,Kd,200.0,6.7,CHEMBL1908504
Foretinib (XL880),CHEMBL1230609,CHEMBL2815,P04629,High affinity nerve growth factor receptor,Kd,4.8,8.32,CHEMBL1908505
Foretinib (XL880),CHEMBL1230609,CHEMBL5426,Q86YV6,Myosin light chain kinase family member 4,Kd,10000.0,5.0,CHEMBL1908506
Foretinib (XL880),CHEMBL1230609,CHEMBL5358,Q9P2K8,eIF-2-alpha kinase GCN2,Kd,10000.0,5.0,CHEMBL1908507
Foretinib (XL880),CHEMBL1230609,CHEMBL4482,O96013,Serine/threonine-protein kinase PAK 4,Kd,10000.0,5.0,CHEMBL1908508
Foretinib (XL880),CHEMBL1230609,CHEMBL1163129,Q52WX2,Serine/threonine-protein kinase SBK1,Kd,10000.0,5.0,CHEMBL1908509
Foretinib (XL880),CHEMBL1230609,CHEMBL5518,Q8N4C8,Misshapen-like kinase 1,Kd,2600.0,5.59,CHEMBL1908510
Foretinib (XL880),CHEMBL1230609,CHEMBL5519,Q8N568,Serine/threonine-protein kinase DCLK2,Kd,10000.0,5.0,CHEMBL1908511
Foretinib (XL880),CHEMBL1230609,CHEMBL3009,Q15303,Receptor tyrosine-protein kinase erbB-4,Kd,610.0,6.21,CHEMBL1908512
Foretinib (XL880),CHEMBL1230609,CHEMBL5749,Q92918,Mitogen-activated protein kinase kinase kinase kinase 1,Kd,44.0,7.36,CHEMBL1908513
Foretinib (XL880),CHEMBL1230609,CHEMBL4526,Q9UF33,Ephrin type-A receptor 6,Kd,1.1,8.96,CHEMBL1908445
Foretinib (XL880),CHEMBL1230609,CHEMBL5654,Q8WXR4,Myosin-IIIb,Kd,690.0,6.16,CHEMBL1908514
Foretinib (XL880),CHEMBL1230609,CHEMBL5047,Q6PHR2,Serine/threonine-protein kinase ULK3,Kd,450.0,6.35,CHEMBL1908515
Foretinib (XL880),CHEMBL1230609,CHEMBL5903,Q04771,Activin receptor type-1,Kd,10000.0,5.0,CHEMBL1908516
Foretinib (XL880),CHEMBL1230609,CHEMBL5466,Q13705,Activin receptor type-2B,Kd,10000.0,5.0,CHEMBL1908517
Foretinib (XL880),CHEMBL1230609,CHEMBL6150,Q8WU08,Serine/threonine-protein kinase 32A,Kd,10000.0,5.0,CHEMBL1908518
Foretinib (XL880),CHEMBL1230609,CHEMBL1163117,Q8IVW4,Cyclin-dependent kinase-like 3,Kd,4400.0,5.36,CHEMBL1908519
Foretinib (XL880),CHEMBL1230609,CHEMBL4718,Q9BUB5,MAP kinase-interacting serine/threonine-protein kinase 1,Kd,72.0,7.14,CHEMBL1908520
Foretinib (XL880),CHEMBL1230609,CHEMBL5969,Q99755,Phosphatidylinositol 4-phosphate 5-kinase type-1 alpha,Kd,10000.0,5.0,CHEMBL1908521
Foretinib (XL880),CHEMBL1230609,CHEMBL5476,O00238,Bone morphogenetic protein receptor type-1B,Kd,10000.0,5.0,CHEMBL1908522
Foretinib (XL880),CHEMBL1230609,CHEMBL5467,Q13873,Bone morphogenetic protein receptor type-2,Kd,10000.0,5.0,CHEMBL1908523
Foretinib (XL880),CHEMBL1230609,CHEMBL4121,Q13554,Calcium/calmodulin-dependent protein kinase type II subunit beta,Kd,10000.0,5.0,CHEMBL1908524
Foretinib (XL880),CHEMBL1230609,CHEMBL4442,Q00526,Cyclin-dependent kinase 3,Kd,10000.0,5.0,CHEMBL1908525
Foretinib (XL880),CHEMBL1230609,CHEMBL5719,P49336,Cyclin-dependent kinase 8,Kd,130.0,6.89,CHEMBL1908526
Foretinib (XL880),CHEMBL1230609,CHEMBL3116,P50750,Cyclin-dependent kinase 9,Kd,1600.0,5.8,CHEMBL1908527
Foretinib (XL880),CHEMBL1230609,CHEMBL4630,O14757,Serine/threonine-protein kinase Chk1,Kd,10000.0,5.0,CHEMBL1908528
Foretinib (XL880),CHEMBL1230609,CHEMBL3476,O15111,Inhibitor of nuclear factor kappa-B kinase subunit alpha,Kd,5900.0,5.23,CHEMBL1908529
Foretinib (XL880),CHEMBL1230609,CHEMBL2543,P78368,Casein kinase I isoform gamma-2,Kd,10000.0,5.0,CHEMBL1908530
Foretinib (XL880),CHEMBL1230609,CHEMBL2468,O43293,Death-associated protein kinase 3,Kd,3100.0,5.51,CHEMBL1908531
Foretinib (XL880),CHEMBL1230609,CHEMBL1163101,O75460,Serine/threonine-protein kinase/endoribonuclease IRE1,Kd,10000.0,5.0,CHEMBL1908532
Foretinib (XL880),CHEMBL1230609,CHEMBL1991,O14920,Inhibitor of nuclear factor kappa-B kinase subunit beta,Kd,10000.0,5.0,CHEMBL1908533
Foretinib (XL880),CHEMBL1230609,CHEMBL3357,P51617,Interleukin-1 receptor-associated kinase 1,Kd,10000.0,5.0,CHEMBL1908534
Foretinib (XL880),CHEMBL1230609,CHEMBL5616,P27037,Activin receptor type-2A,Kd,10000.0,5.0,CHEMBL1908535
Foretinib (XL880),CHEMBL1230609,CHEMBL2431,P31751,RAC-beta serine/threonine-protein kinase,Kd,10000.0,5.0,CHEMBL1908536
Foretinib (XL880),CHEMBL1230609,CHEMBL4895,P30530,Tyrosine-protein kinase receptor UFO,Kd,0.093,10.03,CHEMBL1908537
Foretinib (XL880),CHEMBL1230609,CHEMBL2250,P51451,Tyrosine-protein kinase Blk,Kd,5.4,8.27,CHEMBL1908538
Foretinib (XL880),CHEMBL1230609,CHEMBL3834,P51813,Cytoplasmic tyrosine-protein kinase BMX,Kd,200.0,6.7,CHEMBL1908539
Foretinib (XL880),CHEMBL1230609,CHEMBL2494,Q16566,Calcium/calmodulin-dependent protein kinase type IV,Kd,10000.0,5.0,CHEMBL1908540
Foretinib (XL880),CHEMBL1230609,CHEMBL301,P24941,Cyclin-dependent kinase 2,Kd,10000.0,5.0,CHEMBL1908541
Foretinib (XL880),CHEMBL1230609,CHEMBL3055,P50613,Cyclin-dependent kinase 7,Kd,3.7,8.43,CHEMBL1908542
Foretinib (XL880),CHEMBL1230609,CHEMBL2793,P48729,Casein kinase I isoform alpha,Kd,10000.0,5.0,CHEMBL1908543
Foretinib (XL880),CHEMBL1230609,CHEMBL4937,P49674,Casein kinase I isoform epsilon,Kd,4600.0,5.34,CHEMBL1908544
Foretinib (XL880),CHEMBL1230609,CHEMBL3629,P68400,Casein kinase II subunit alpha,Kd,10000.0,5.0,CHEMBL1908545
Foretinib (XL880),CHEMBL1230609,CHEMBL4070,P19784,Casein kinase II subunit alpha',Kd,2800.0,5.55,CHEMBL1908546
Foretinib (XL880),CHEMBL1230609,CHEMBL5319,Q08345,Epithelial discoidin domain-containing receptor 1,Kd,0.2,9.7,CHEMBL1908547
Foretinib (XL880),CHEMBL1230609,CHEMBL5838,P21860,Receptor tyrosine-protein kinase erbB-3,Kd,1500.0,5.82,CHEMBL1908548
Foretinib (XL880),CHEMBL1230609,CHEMBL5455,P07332,Tyrosine-protein kinase Fes/Fps,Kd,110.0,6.96,CHEMBL1908549
Foretinib (XL880),CHEMBL1230609,CHEMBL1868,P17948,Vascular endothelial growth factor receptor 1,Kd,3.8,8.42,CHEMBL1908550
Foretinib (XL880),CHEMBL1230609,CHEMBL1955,P35916,Vascular endothelial growth factor receptor 3,Kd,1.5,8.82,CHEMBL1908551
Foretinib (XL880),CHEMBL1230609,CHEMBL4223,P42685,Tyrosine-protein kinase FRK,Kd,3.8,8.42,CHEMBL1908552
Foretinib (XL880),CHEMBL1230609,CHEMBL262,P49841,Glycogen synthase kinase-3 beta,Kd,10000.0,5.0,CHEMBL1908553
Foretinib (XL880),CHEMBL1230609,CHEMBL3234,P08631,Tyrosine-protein kinase HCK,Kd,15.0,7.82,CHEMBL1908554
Foretinib (XL880),CHEMBL1230609,CHEMBL2835,P23458,Tyrosine-protein kinase JAK1,Kd,10000.0,5.0,CHEMBL1908555
Foretinib (XL880),CHEMBL1230609,CHEMBL2835,P23458,Tyrosine-protein kinase JAK1,Kd,10000.0,5.0,CHEMBL1908556
Foretinib (XL880),CHEMBL1230609,CHEMBL279,P35968,Vascular endothelial growth factor receptor 2,Kd,12.0,7.92,CHEMBL1908557
Foretinib (XL880),CHEMBL1230609,CHEMBL3836,P53667,LIM domain kinase 1,Kd,680.0,6.17,CHEMBL1908558
Foretinib (XL880),CHEMBL1230609,CHEMBL3905,P07948,Tyrosine-protein kinase Lyn,Kd,9.1,8.04,CHEMBL1908559
GDC-0941,CHEMBL521851,CHEMBL4005,P42336,"Phosphatidylinositol 4,5-bisphosphate 3-kinase catalytic subunit alpha isoform",IC50,3.0,8.52,CHEMBL967868
GDC-0941,CHEMBL521851,CHEMBL614004,,A2780,IC50,140.0,6.85,CHEMBL967870
GDC-0941,CHEMBL521851,CHEMBL390,,PC-3,IC50,280.0,6.55,CHEMBL980863
GDC-0941,CHEMBL521851,CHEMBL614129,,MDA-MB-361,IC50,720.0,6.14,CHEMBL980864
GDC-0941,CHEMBL521851,CHEMBL4282,P31749,RAC-alpha serine/threonine-protein kinase,IC50,46.0,7.34,CHEMBL980865
GDC-0941,CHEMBL521851,CHEMBL4282,P31749,RAC-alpha serine/threonine-protein kinase,IC50,37.0,7.43,CHEMBL980866
GDC-0941,CHEMBL521851,CHEMBL4282,P31749,RAC-alpha serine/threonine-protein kinase,IC50,28.0,7.55,CHEMBL980867
GDC-0941,CHEMBL521851,CHEMBL4005,P42336,"Phosphatidylinositol 4,5-bisphosphate 3-kinase catalytic subunit alpha isoform",Ki,10.2,7.99,CHEMBL967868
GDC-0941,CHEMBL521851,CHEMBL2815,P04629,High affinity nerve growth factor receptor,IC50,2850.0,5.55,CHEMBL980862
GDC-0941,CHEMBL521851,CHEMBL4005,P42336,"Phosphatidylinositol 4,5-bisphosphate 3-kinase catalytic subunit alpha isoform",IC50,3.0,8.52,CHEMBL967881
GDC-0941,CHEMBL521851,CHEMBL4005,P42336,"Phosphatidylinositol 4,5-bisphosphate 3-kinase catalytic subunit alpha isoform",IC50,3.0,8.52,CHEMBL980850
GDC-0941,CHEMBL521851,CHEMBL3145,P42338,"Phosphatidylinositol 4,5-bisphosphate 3-kinase catalytic subunit beta isoform",IC50,33.0,7.48,CHEMBL980851
GDC-0941,CHEMBL521851,CHEMBL3130,O00329,"Phosphatidylinositol 4,5-bisphosphate 3-kinase catalytic subunit delta isoform",IC50,3.0,8.52,CHEMBL980852
GDC-0941,CHEMBL521851,CHEMBL3267,P48736,"Phosphatidylinositol 4,5-bisphosphate 3-kinase catalytic subunit gamma isoform",IC50,75.0,7.12,CHEMBL980853
GDC-0941,CHEMBL521851,CHEMBL5554,O00750,Phosphatidylinositol 4-phosphate 3-kinase C2 domain-containing subunit beta,IC50,670.0,6.17,CHEMBL980854
GDC-0941,CHEMBL521851,CHEMBL3142,P78527,DNA-dependent protein kinase catalytic subunit,IC50,1230.0,5.91,CHEMBL980856
GDC-0941,CHEMBL521851,CHEMBL2842,P42345,Serine/threonine-protein kinase mTOR,Ki,580.0,6.24,CHEMBL980857
GDC-0941,CHEMBL521851,CHEMBL240,Q12809,Voltage-gated inwardly rectifying potassium channel KCNH2,IC50,64000.0,4.19,CHEMBL980868
GDC-0941,CHEMBL521851,CHEMBL2842,P42345,Serine/threonine-protein kinase mTOR,IC50,310.0,6.51,CHEMBL1103322
GDC-0941,CHEMBL521851,CHEMBL390,,PC-3,IC50,390.0,6.41,CHEMBL1108630
GDC-0941,CHEMBL521851,CHEMBL3267,P48736,"Phosphatidylinositol 4,5-bisphosphate 3-kinase catalytic subunit gamma isoform",IC50,66.0,7.18,CHEMBL1108628
GDC-0941,CHEMBL521851,CHEMBL3130,O00329,"Phosphatidylinositol 4,5-bisphosphate 3-kinase catalytic subunit delta isoform",IC50,3.0,8.52,CHEMBL1108627
GDC-0941,CHEMBL521851,CHEMBL3145,P42338,"Phosphatidylinositol 4,5-bisphosphate 3-kinase catalytic subunit beta isoform",IC50,32.0,7.49,CHEMBL1108626
GDC-0941,CHEMBL521851,CHEMBL4005,P42336,"Phosphatidylinositol 4,5-bisphosphate 3-kinase catalytic subunit alpha isoform",IC50,3.0,8.52,CHEMBL1108625
GDC-0941,CHEMBL521851,CHEMBL4005,P42336,"Phosphatidylinositol 4,5-bisphosphate 3-kinase catalytic subunit alpha isoform",IC50,3.0,8.52,CHEMBL1109706
GDC-0941,CHEMBL521851,CHEMBL2842,P42345,Serine/threonine-protein kinase mTOR,Ki,570.0,6.24,CHEMBL1109707
GDC-0941,CHEMBL521851,CHEMBL4005,P42336,"Phosphatidylinositol 4,5-bisphosphate 3-kinase catalytic subunit alpha isoform",IC50,3.0,8.52,CHEMBL1216940
GDC-0941,CHEMBL521851,CHEMBL3145,P42338,"Phosphatidylinositol 4,5-bisphosphate 3-kinase catalytic subunit beta isoform",IC50,33.0,7.48,CHEMBL1216941
GDC-0941,CHEMBL521851,CHEMBL3267,P48736,"Phosphatidylinositol 4,5-bisphosphate 3-kinase catalytic subunit gamma isoform",IC50,75.0,7.12,CHEMBL1216942
GDC-0941,CHEMBL521851,CHEMBL3130,O00329,"Phosphatidylinositol 4,5-bisphosphate 3-kinase catalytic subunit delta isoform",IC50,3.0,8.52,CHEMBL1216943
GDC-0941,CHEMBL521851,CHEMBL4224,P49759,Dual specificity protein kinase CLK1,Kd,1100.0,5.96,CHEMBL1908461
GDC-0941,CHEMBL521851,CHEMBL5608,Q16288,NT-3 growth factor receptor,Kd,10000.0,5.0,CHEMBL1908462
GDC-0941,CHEMBL521851,CHEMBL4674,P53778,Mitogen-activated protein kinase 12,Kd,10000.0,5.0,CHEMBL1908463
GDC-0941,CHEMBL521851,CHEMBL5331,Q12866,Tyrosine-protein kinase Mer,Kd,10000.0,5.0,CHEMBL1908464
GDC-0941,CHEMBL521851,CHEMBL5668,P78362,SRSF protein kinase 2,Kd,10000.0,5.0,CHEMBL1908465
GDC-0941,CHEMBL521851,CHEMBL3935,Q9UQB9,Aurora kinase C,Kd,10000.0,5.0,CHEMBL1908466
GDC-0941,CHEMBL521851,CHEMBL2801,Q13557,Calcium/calmodulin-dependent protein kinase type II subunit delta,Kd,10000.0,5.0,CHEMBL1908467
GDC-0941,CHEMBL521851,CHEMBL5404,Q86UE8,Serine/threonine-protein kinase tousled-like 2,Kd,10000.0,5.0,CHEMBL1908468
GDC-0941,CHEMBL521851,CHEMBL2185,Q96GD4,Aurora kinase B,Kd,10000.0,5.0,CHEMBL1908469
GDC-0941,CHEMBL521851,CHEMBL4045,Q13131,5'-AMP-activated protein kinase catalytic subunit alpha-1,Kd,10000.0,5.0,CHEMBL1908470
GDC-0941,CHEMBL521851,CHEMBL6149,Q9Y2K2,Serine/threonine-protein kinase SIK3,Kd,10000.0,5.0,CHEMBL1908471
GDC-0941,CHEMBL521851,CHEMBL3938,O75716,Serine/threonine-protein kinase 16,Kd,1100.0,5.96,CHEMBL1908472
GDC-0941,CHEMBL521851,CHEMBL5790,Q00537,Cyclin-dependent kinase 17,Kd,10000.0,5.0,CHEMBL1908473
GDC-0941,CHEMBL521851,CHEMBL5122,Q16832,Discoidin domain-containing receptor 2,Kd,10000.0,5.0,CHEMBL1908474
GDC-0941,CHEMBL521851,CHEMBL5311,P37023,Activin receptor type-1-like,Kd,10000.0,5.0,CHEMBL1908475
GDC-0941,CHEMBL521851,CHEMBL5251,Q06187,Tyrosine-protein kinase BTK,Kd,10000.0,5.0,CHEMBL1908476
GDC-0941,CHEMBL521851,CHEMBL331,P11802,Cyclin-dependent kinase 4,Kd,10000.0,5.0,CHEMBL1908477
GDC-0941,CHEMBL521851,CHEMBL331,P11802,Cyclin-dependent kinase 4,Kd,10000.0,5.0,CHEMBL1908478
GDC-0941,CHEMBL521851,CHEMBL2742,P22607,Fibroblast growth factor receptor 3,Kd,10000.0,5.0,CHEMBL1908479
GDC-0941,CHEMBL521851,CHEMBL2742,P22607,Fibroblast growth factor receptor 3,Kd,10000.0,5.0,CHEMBL1908480
GDC-0941,CHEMBL521851,CHEMBL1981,P06213,Insulin receptor,Kd,10000.0,5.0,CHEMBL1908481
GDC-0941,CHEMBL521851,CHEMBL2148,P52333,Tyrosine-protein kinase JAK3,Kd,10000.0,5.0,CHEMBL1908482
GDC-0941,CHEMBL521851,CHEMBL1936,P10721,Mast/stem cell growth factor receptor Kit,Kd,10000.0,5.0,CHEMBL1908483
GDC-0941,CHEMBL521851,CHEMBL1936,P10721,Mast/stem cell growth factor receptor Kit,Kd,10000.0,5.0,CHEMBL1908484
GDC-0941,CHEMBL521851,CHEMBL1936,P10721,Mast/stem cell growth factor receptor Kit,Kd,10000.0,5.0,CHEMBL1908485
GDC-0941,CHEMBL521851,CHEMBL1936,P10721,Mast/stem cell growth factor receptor Kit,Kd,10000.0,5.0,CHEMBL1908486
GDC-0941,CHEMBL521851,CHEMBL1936,P10721,Mast/stem cell growth factor receptor Kit,Kd,10000.0,5.0,CHEMBL1908487
GDC-0941,CHEMBL521851,CHEMBL1936,P10721,Mast/stem cell growth factor receptor Kit,Kd,10000.0,5.0,CHEMBL1908488
GDC-0941,CHEMBL521851,CHEMBL1936,P10721,Mast/stem cell growth factor receptor Kit,Kd,10000.0,5.0,CHEMBL1908489
GDC-0941,CHEMBL521851,CHEMBL1936,P10721,Mast/stem cell growth factor receptor Kit,Kd,10000.0,5.0,CHEMBL1908490
GDC-0941,CHEMBL521851,CHEMBL3717,P08581,Hepatocyte growth factor receptor,Kd,10000.0,5.0,CHEMBL1908491
GDC-0941,CHEMBL521851,CHEMBL3717,P08581,Hepatocyte growth factor receptor,Kd,10000.0,5.0,CHEMBL1908492
GDC-0941,CHEMBL521851,CHEMBL3717,P08581,Hepatocyte growth factor receptor,Kd,10000.0,5.0,CHEMBL1908493
GDC-0941,CHEMBL521851,CHEMBL2349,P15735,"Phosphorylase b kinase gamma catalytic chain, liver/testis isoform",Kd,10000.0,5.0,CHEMBL1908494
GDC-0941,CHEMBL521851,CHEMBL5606,Q15831,Serine/threonine-protein kinase STK11,Kd,10000.0,5.0,CHEMBL1908495
GDC-0941,CHEMBL521851,CHEMBL4128,Q02763,Angiopoietin-1 receptor,Kd,10000.0,5.0,CHEMBL1908496
GDC-0941,CHEMBL521851,CHEMBL1957,P08069,Insulin-like growth factor 1 receptor,Kd,10000.0,5.0,CHEMBL1908497
GDC-0941,CHEMBL521851,CHEMBL1163127,Q6ZN16,Mitogen-activated protein kinase kinase kinase 15,Kd,10000.0,5.0,CHEMBL1908498
GDC-0941,CHEMBL521851,CHEMBL5407,Q86V86,Serine/threonine-protein kinase pim-3,Kd,10000.0,5.0,CHEMBL1908499
GDC-0941,CHEMBL521851,CHEMBL2527,O96017,Serine/threonine-protein kinase Chk2,Kd,10000.0,5.0,CHEMBL1908500
GDC-0941,CHEMBL521851,CHEMBL1824,P04626,Receptor tyrosine-protein kinase erbB-2,Kd,10000.0,5.0,CHEMBL1908501
GDC-0941,CHEMBL521851,CHEMBL3906,Q15349,Ribosomal protein S6 kinase alpha-2,Kd,10000.0,5.0,CHEMBL1908502
GDC-0941,CHEMBL521851,CHEMBL3125,O75676,Ribosomal protein S6 kinase alpha-4,Kd,10000.0,5.0,CHEMBL1908503
GDC-0941,CHEMBL521851,CHEMBL4599,Q07912,Activated CDC42 kinase 1,Kd,10000.0,5.0,CHEMBL1908504
GDC-0941,CHEMBL521851,CHEMBL2815,P04629,High affinity nerve growth factor receptor,Kd,10000.0,5.0,CHEMBL1908505
GDC-0941,CHEMBL521851,CHEMBL5426,Q86YV6,Myosin light chain kinase family member 4,Kd,780.0,6.11,CHEMBL1908506
GDC-0941,CHEMBL521851,CHEMBL5358,Q9P2K8,eIF-2-alpha kinase GCN2,Kd,10000.0,5.0,CHEMBL1908507
GDC-0941,CHEMBL521851,CHEMBL4482,O96013,Serine/threonine-protein kinase PAK 4,Kd,10000.0,5.0,CHEMBL1908508
GDC-0941,CHEMBL521851,CHEMBL1163129,Q52WX2,Serine/threonine-protein kinase SBK1,Kd,10000.0,5.0,CHEMBL1908509
GDC-0941,CHEMBL521851,CHEMBL5518,Q8N4C8,Misshapen-like kinase 1,Kd,10000.0,5.0,CHEMBL1908510
GDC-0941,CHEMBL521851,CHEMBL5519,Q8N568,Serine/threonine-protein kinase DCLK2,Kd,10000.0,5.0,CHEMBL1908511
GDC-0941,CHEMBL521851,CHEMBL3009,Q15303,Receptor tyrosine-protein kinase erbB-4,Kd,10000.0,5.0,CHEMBL1908512
GDC-0941,CHEMBL521851,CHEMBL5749,Q92918,Mitogen-activated protein kinase kinase kinase kinase 1,Kd,10000.0,5.0,CHEMBL1908513
GDC-0941,CHEMBL521851,CHEMBL4526,Q9UF33,Ephrin type-A receptor 6,Kd,10000.0,5.0,CHEMBL1908445
GDC-0941,CHEMBL521851,CHEMBL5654,Q8WXR4,Myosin-IIIb,Kd,10000.0,5.0,CHEMBL1908514
GDC-0941,CHEMBL521851,CHEMBL5047,Q6PHR2,Serine/threonine-protein kinase ULK3,Kd,10000.0,5.0,CHEMBL1908515
GDC-0941,CHEMBL521851,CHEMBL5903,Q04771,Activin receptor type-1,Kd,10000.0,5.0,CHEMBL1908516
GDC-0941,CHEMBL521851,CHEMBL5466,Q13705,Activin receptor type-2B,Kd,10000.0,5.0,CHEMBL1908517
GDC-0941,CHEMBL521851,CHEMBL6150,Q8WU08,Serine/threonine-protein kinase 32A,Kd,10000.0,5.0,CHEMBL1908518
GDC-0941,CHEMBL521851,CHEMBL1163117,Q8IVW4,Cyclin-dependent kinase-like 3,Kd,10000.0,5.0,CHEMBL1908519
GDC-0941,CHEMBL521851,CHEMBL4718,Q9BUB5,MAP kinase-interacting serine/threonine-protein kinase 1,Kd,10000.0,5.0,CHEMBL1908520
GDC-0941,CHEMBL521851,CHEMBL5969,Q99755,Phosphatidylinositol 4-phosphate 5-kinase type-1 alpha,Kd,10000.0,5.0,CHEMBL1908521
GDC-0941,CHEMBL521851,CHEMBL5476,O00238,Bone morphogenetic protein receptor type-1B,Kd,10000.0,5.0,CHEMBL1908522
GDC-0941,CHEMBL521851,CHEMBL5467,Q13873,Bone morphogenetic protein receptor type-2,Kd,10000.0,5.0,CHEMBL1908523
GDC-0941,CHEMBL521851,CHEMBL4121,Q13554,Calcium/calmodulin-dependent protein kinase type II subunit beta,Kd,10000.0,5.0,CHEMBL1908524
GDC-0941,CHEMBL521851,CHEMBL4442,Q00526,Cyclin-dependent kinase 3,Kd,10000.0,5.0,CHEMBL1908525
GDC-0941,CHEMBL521851,CHEMBL5719,P49336,Cyclin-dependent kinase 8,Kd,10000.0,5.0,CHEMBL1908526
GDC-0941,CHEMBL521851,CHEMBL3116,P50750,Cyclin-dependent kinase 9,Kd,10000.0,5.0,CHEMBL1908527
GDC-0941,CHEMBL521851,CHEMBL4630,O14757,Serine/threonine-protein kinase Chk1,Kd,10000.0,5.0,CHEMBL1908528
GDC-0941,CHEMBL521851,CHEMBL3476,O15111,Inhibitor of nuclear factor kappa-B kinase subunit alpha,Kd,10000.0,5.0,CHEMBL1908529
GSK690693,CHEMBL494089,CHEMBL4282,P31749,RAC-alpha serine/threonine-protein kinase,IC50,2.0,8.7,CHEMBL1028090
GSK690693,CHEMBL494089,CHEMBL2431,P31751,RAC-beta serine/threonine-protein kinase,IC50,13.0,7.89,CHEMBL1028093
GSK690693,CHEMBL494089,CHEMBL4816,Q9Y243,RAC-gamma serine/threonine-protein kinase,IC50,9.0,8.05,CHEMBL1028094
GSK690693,CHEMBL494089,CHEMBL4282,P31749,RAC-alpha serine/threonine-protein kinase,IC50,140.0,6.85,CHEMBL1028096
GSK690693,CHEMBL494089,CHEMBL614529,,BT-474,IC50,50.0,7.3,CHEMBL1028099
GSK690693,CHEMBL494089,CHEMBL612518,,LNCaP,IC50,20.0,7.7,CHEMBL1028100
GSK690693,CHEMBL494089,CHEMBL614071,,HFF,IC50,16300.0,4.79,CHEMBL1028101
GSK690693,CHEMBL494089,CHEMBL3616,P24723,Protein kinase C eta type,IC50,2.0,8.7,CHEMBL1028105
GSK690693,CHEMBL494089,CHEMBL3920,Q04759,Protein kinase C theta type,IC50,2.0,8.7,CHEMBL1028106
GSK690693,CHEMBL494089,CHEMBL3045,P05771,Protein kinase C beta type,IC50,19.0,7.72,CHEMBL1028107
GSK690693,CHEMBL494089,CHEMBL2996,Q05655,Protein kinase C delta type,IC50,14.0,7.85,CHEMBL1028108
GSK690693,CHEMBL494089,CHEMBL3582,Q02156,Protein kinase C epsilon type,IC50,21.0,7.68,CHEMBL1028109
GSK690693,CHEMBL494089,CHEMBL4273,Q13976,cGMP-dependent protein kinase 1,IC50,33.0,7.48,CHEMBL1028110
GSK690693,CHEMBL494089,CHEMBL5818,P51817,cAMP-dependent protein kinase catalytic subunit PRKX,IC50,5.0,8.3,CHEMBL1028111
GSK690693,CHEMBL494089,CHEMBL2468,O43293,Death-associated protein kinase 3,IC50,81.0,7.09,CHEMBL1028113
GSK690693,CHEMBL494089,CHEMBL4482,O96013,Serine/threonine-protein kinase PAK 4,IC50,10.0,8.0,CHEMBL1028114
GSK690693,CHEMBL494089,CHEMBL4524,Q9P286,Serine/threonine-protein kinase PAK 5,IC50,52.0,7.28,CHEMBL1028115
GSK690693,CHEMBL494089,CHEMBL4311,Q9NQU5,Serine/threonine-protein kinase PAK 6,IC50,6.0,8.22,CHEMBL1028116
GSK690693,CHEMBL494089,CHEMBL4282,P31749,RAC-alpha serine/threonine-protein kinase,Ki,1.0,9.0,CHEMBL1028117
GSK690693,CHEMBL494089,CHEMBL2431,P31751,RAC-beta serine/threonine-protein kinase,Ki,4.0,8.4,CHEMBL1028118
GSK690693,CHEMBL494089,CHEMBL4816,Q9Y243,RAC-gamma serine/threonine-protein kinase,Ki,13.0,7.89,CHEMBL1029768
GSK690693,CHEMBL494089,CHEMBL4237,O75582,Ribosomal protein S6 kinase alpha-5,IC50,7940.0,5.1,CHEMBL1028091
GSK690693,CHEMBL494089,CHEMBL3231,Q13464,Rho-associated protein kinase 1,IC50,890.0,6.05,CHEMBL1028092
GSK690693,CHEMBL494089,CHEMBL2553,Q15418,Ribosomal protein S6 kinase alpha-1,IC50,1260.0,5.9,CHEMBL1028103
GSK690693,CHEMBL494089,CHEMBL2431,P31751,RAC-beta serine/threonine-protein kinase,Ki,4.0,8.4,CHEMBL1109953
GSK690693,CHEMBL494089,CHEMBL4282,P31749,RAC-alpha serine/threonine-protein kinase,Ki,1.0,9.0,CHEMBL1109952
GSK690693,CHEMBL494089,CHEMBL2431,P31751,RAC-beta serine/threonine-protein kinase,IC50,13.0,7.89,CHEMBL1109953
GSK690693,CHEMBL494089,CHEMBL4816,Q9Y243,RAC-gamma serine/threonine-protein kinase,IC50,9.0,8.05,CHEMBL1109954
GSK690693,CHEMBL494089,CHEMBL262,P49841,Glycogen synthase kinase-3 beta,IC50,138.0,6.86,CHEMBL1109955
GSK690693,CHEMBL494089,CHEMBL614529,,BT-474,IC50,69.0,7.16,CHEMBL1109956
GSK690693,CHEMBL494089,CHEMBL612518,,LNCaP,IC50,21.0,7.68,CHEMBL1109957
GSK690693,CHEMBL494089,CHEMBL614071,,HFF,IC50,23000.0,4.64,CHEMBL1109958
GSK690693,CHEMBL494089,CHEMBL4282,P31749,RAC-alpha serine/threonine-protein kinase,IC50,2.0,8.7,CHEMBL1109952
GSK690693,CHEMBL494089,CHEMBL4224,P49759,Dual specificity protein kinase CLK1,Kd,10000.0,5.0,CHEMBL1908461
GSK690693,CHEMBL494089,CHEMBL5608,Q16288,NT-3 growth factor receptor,Kd,10000.0,5.0,CHEMBL1908462
GSK690693,CHEMBL494089,CHEMBL4674,P53778,Mitogen-activated protein kinase 12,Kd,10000.0,5.0,CHEMBL1908463
GSK690693,CHEMBL494089,CHEMBL5331,Q12866,Tyrosine-protein kinase Mer,Kd,10000.0,5.0,CHEMBL1908464
GSK690693,CHEMBL494089,CHEMBL5668,P78362,SRSF protein kinase 2,Kd,10000.0,5.0,CHEMBL1908465
GSK690693,CHEMBL494089,CHEMBL3935,Q9UQB9,Aurora kinase C,Kd,10000.0,5.0,CHEMBL1908466
GSK690693,CHEMBL494089,CHEMBL2801,Q13557,Calcium/calmodulin-dependent protein kinase type II subunit delta,Kd,10000.0,5.0,CHEMBL1908467
GSK690693,CHEMBL494089,CHEMBL5404,Q86UE8,Serine/threonine-protein kinase tousled-like 2,Kd,10000.0,5.0,CHEMBL1908468
GSK690693,CHEMBL494089,CHEMBL2185,Q96GD4,Aurora kinase B,Kd,10000.0,5.0,CHEMBL1908469
GSK690693,CHEMBL494089,CHEMBL4045,Q13131,5'-AMP-activated protein kinase catalytic subunit alpha-1,Kd,10000.0,5.0,CHEMBL1908470
GSK690693,CHEMBL494089,CHEMBL6149,Q9Y2K2,Serine/threonine-protein kinase SIK3,Kd,10000.0,5.0,CHEMBL1908471
GSK690693,CHEMBL494089,CHEMBL3938,O75716,Serine/threonine-protein kinase 16,Kd,10000.0,5.0,CHEMBL1908472
GSK690693,CHEMBL494089,CHEMBL5790,Q00537,Cyclin-dependent kinase 17,Kd,10000.0,5.0,CHEMBL1908473
GSK690693,CHEMBL494089,CHEMBL5122,Q16832,Discoidin domain-containing receptor 2,Kd,10000.0,5.0,CHEMBL1908474
GSK690693,CHEMBL494089,CHEMBL5311,P37023,Activin receptor type-1-like,Kd,10000.0,5.0,CHEMBL1908475
GSK690693,CHEMBL494089,CHEMBL5251,Q06187,Tyrosine-protein kinase BTK,Kd,10000.0,5.0,CHEMBL1908476
GSK690693,CHEMBL494089,CHEMBL331,P11802,Cyclin-dependent kinase 4,Kd,10000.0,5.0,CHEMBL1908477
GSK690693,CHEMBL494089,CHEMBL331,P11802,Cyclin-dependent kinase 4,Kd,10000.0,5.0,CHEMBL1908478
GSK690693,CHEMBL494089,CHEMBL2742,P22607,Fibroblast growth factor receptor 3,Kd,10000.0,5.0,CHEMBL1908479
GSK690693,CHEMBL494089,CHEMBL2742,P22607,Fibroblast growth factor receptor 3,Kd,10000.0,5.0,CHEMBL1908480
GSK690693,CHEMBL494089,CHEMBL1981,P06213,Insulin receptor,Kd,10000.0,5.0,CHEMBL1908481
GSK690693,CHEMBL494089,CHEMBL2148,P52333,Tyrosine-protein kinase JAK3,Kd,10000.0,5.0,CHEMBL1908482
GSK690693,CHEMBL494089,CHEMBL1936,P10721,Mast/stem cell growth factor receptor Kit,Kd,10000.0,5.0,CHEMBL1908483
GSK690693,CHEMBL494089,CHEMBL1936,P10721,Mast/stem cell growth factor receptor Kit,Kd,1800.0,5.74,CHEMBL1908484
GSK690693,CHEMBL494089,CHEMBL1936,P10721,Mast/stem cell growth factor receptor Kit,Kd,360.0,6.44,CHEMBL1908485
GSK690693,CHEMBL494089,CHEMBL1936,P10721,Mast/stem cell growth factor receptor Kit,Kd,130.0,6.89,CHEMBL1908486
GSK690693,CHEMBL494089,CHEMBL1936,P10721,Mast/stem cell growth factor receptor Kit,Kd,2600.0,5.59,CHEMBL1908487
GSK690693,CHEMBL494089,CHEMBL1936,P10721,Mast/stem cell growth factor receptor Kit,Kd,7300.0,5.14,CHEMBL1908488
GSK690693,CHEMBL494089,CHEMBL1936,P10721,Mast/stem cell growth factor receptor Kit,Kd,1000.0,6.0,CHEMBL1908489
GSK690693,CHEMBL494089,CHEMBL1936,P10721,Mast/stem cell growth factor receptor Kit,Kd,3500.0,5.46,CHEMBL1908490
GSK690693,CHEMBL494089,CHEMBL3717,P08581,Hepatocyte growth factor receptor,Kd,10000.0,5.0,CHEMBL1908491
GSK690693,CHEMBL494089,CHEMBL3717,P08581,Hepatocyte growth factor receptor,Kd,10000.0,5.0,CHEMBL1908492
GSK690693,CHEMBL494089,CHEMBL3717,P08581,Hepatocyte growth factor receptor,Kd,10000.0,5.0,CHEMBL1908493
GSK690693,CHEMBL494089,CHEMBL2349,P15735,"Phosphorylase b kinase gamma catalytic chain, liver/testis isoform",Kd,10000.0,5.0,CHEMBL1908494
GSK690693,CHEMBL494089,CHEMBL5606,Q15831,Serine/threonine-protein kinase STK11,Kd,10000.0,5.0,CHEMBL1908495
GSK690693,CHEMBL494089,CHEMBL4128,Q02763,Angiopoietin-1 receptor,Kd,10000.0,5.0,CHEMBL1908496
GSK690693,CHEMBL494089,CHEMBL1957,P08069,Insulin-like growth factor 1 receptor,Kd,10000.0,5.0,CHEMBL1908497
GSK690693,CHEMBL494089,CHEMBL1163127,Q6ZN16,Mitogen-activated protein kinase kinase kinase 15,Kd,10000.0,5.0,CHEMBL1908498
GSK690693,CHEMBL494089,CHEMBL5407,Q86V86,Serine/threonine-protein kinase pim-3,Kd,750.0,6.12,CHEMBL1908499
GSK690693,CHEMBL494089,CHEMBL2527,O96017,Serine/threonine-protein kinase Chk2,Kd,5300.0,5.28,CHEMBL1908500
GSK690693,CHEMBL494089,CHEMBL1824,P04626,Receptor tyrosine-protein kinase erbB-2,Kd,10000.0,5.0,CHEMBL1908501
GSK690693,CHEMBL494089,CHEMBL3906,Q15349,Ribosomal protein S6 kinase alpha-2,Kd,10000.0,5.0,CHEMBL1908502
GSK690693,CHEMBL494089,CHEMBL3125,O75676,Ribosomal protein S6 kinase alpha-4,Kd,10000.0,5.0,CHEMBL1908503
GSK690693,CHEMBL494089,CHEMBL4599,Q07912,Activated CDC42 kinase 1,Kd,10000.0,5.0,CHEMBL1908504
GSK690693,CHEMBL494089,CHEMBL2815,P04629,High affinity nerve growth factor receptor,Kd,10000.0,5.0,CHEMBL1908505
GSK690693,CHEMBL494089,CHEMBL5426,Q86YV6,Myosin light chain kinase family member 4,Kd,10000.0,5.0,CHEMBL1908506
GSK690693,CHEMBL494089,CHEMBL5358,Q9P2K8,eIF-2-alpha kinase GCN2,Kd,10000.0,5.0,CHEMBL1908507
GSK690693,CHEMBL494089,CHEMBL4482,O96013,Serine/threonine-protein kinase PAK 4,Kd,18.0,7.74,CHEMBL1908508
GSK690693,CHEMBL494089,CHEMBL1163129,Q52WX2,Serine/threonine-protein kinase SBK1,Kd,10000.0,5.0,CHEMBL1908509
GSK690693,CHEMBL494089,CHEMBL5518,Q8N4C8,Misshapen-like kinase 1,Kd,10000.0,5.0,CHEMBL1908510
GSK690693,CHEMBL494089,CHEMBL5519,Q8N568,Serine/threonine-protein kinase DCLK2,Kd,10000.0,5.0,CHEMBL1908511
GSK690693,CHEMBL494089,CHEMBL3009,Q15303,Receptor tyrosine-protein kinase erbB-4,Kd,10000.0,5.0,CHEMBL1908512
GSK690693,CHEMBL494089,CHEMBL5749,Q92918,Mitogen-activated protein kinase kinase kinase kinase 1,Kd,10000.0,5.0,CHEMBL1908513
GSK690693,CHEMBL494089,CHEMBL4526,Q9UF33,Ephrin type-A receptor 6,Kd,10000.0,5.0,CHEMBL1908445
GSK690693,CHEMBL494089,CHEMBL5654,Q8WXR4,Myosin-IIIb,Kd,10000.0,5.0,CHEMBL1908514
GSK690693,CHEMBL494089,CHEMBL5047,Q6PHR2,Serine/threonine-protein kinase ULK3,Kd,10000.0,5.0,CHEMBL1908515
GSK690693,CHEMBL494089,CHEMBL5903,Q04771,Activin receptor type-1,Kd,10000.0,5.0,CHEMBL1908516
GSK690693,CHEMBL494089,CHEMBL5466,Q13705,Activin receptor type-2B,Kd,10000.0,5.0,CHEMBL1908517
GSK690693,CHEMBL494089,CHEMBL6150,Q8WU08,Serine/threonine-protein kinase 32A,Kd,10000.0,5.0,CHEMBL1908518
GSK690693,CHEMBL494089,CHEMBL1163117,Q8IVW4,Cyclin-dependent kinase-like 3,Kd,10000.0,5.0,CHEMBL1908519
GSK690693,CHEMBL494089,CHEMBL4718,Q9BUB5,MAP kinase-interacting serine/threonine-protein kinase 1,Kd,10000.0,5.0,CHEMBL1908520
GSK690693,CHEMBL494089,CHEMBL5969,Q99755,Phosphatidylinositol 4-phosphate 5-kinase type-1 alpha,Kd,10000.0,5.0,CHEMBL1908521
GSK690693,CHEMBL494089,CHEMBL5476,O00238,Bone morphogenetic protein receptor type-1B,Kd,10000.0,5.0,CHEMBL1908522
GSK690693,CHEMBL494089,CHEMBL5467,Q13873,Bone morphogenetic protein receptor type-2,Kd,10000.0,5.0,CHEMBL1908523
GSK690693,CHEMBL494089,CHEMBL4121,Q13554,Calcium/calmodulin-dependent protein kinase type II subunit beta,Kd,10000.0,5.0,CHEMBL1908524
GSK690693,CHEMBL494089,CHEMBL4442,Q00526,Cyclin-dependent kinase 3,Kd,10000.0,5.0,CHEMBL1908525
GSK690693,CHEMBL494089,CHEMBL5719,P49336,Cyclin-dependent kinase 8,Kd,10000.0,5.0,CHEMBL1908526
Gefitinib,CHEMBL939,CHEMBL203,P00533,Epidermal growth factor receptor,IC50,515.0,6.29,CHEMBL683041
Gefitinib,CHEMBL939,CHEMBL1824,P04626,Receptor tyrosine-protein kinase erbB-2,IC50,1604.0,5.79,CHEMBL698843
Gefitinib,CHEMBL939,CHEMBL203,P00533,Epidermal growth factor receptor,IC50,1.0,9.0,CHEMBL674106
Gefitinib,CHEMBL939,CHEMBL1824,P04626,Receptor tyrosine-protein kinase erbB-2,IC50,240.0,6.62,CHEMBL682312
Gefitinib,CHEMBL939,CHEMBL203,P00533,Epidermal growth factor receptor,IC50,23.0,7.64,CHEMBL677210
Gefitinib,CHEMBL939,CHEMBL614590,,KB 3-1,IC50,80.0,7.1,CHEMBL704660
Gefitinib,CHEMBL939,CHEMBL4525,Q9UEE5,Serine/threonine-protein kinase 17A,Kd,2900.0,5.54,CHEMBL859487
Gefitinib,CHEMBL939,CHEMBL2637,P53779,Mitogen-activated protein kinase 10,Kd,2300.0,5.64,CHEMBL860894
Gefitinib,CHEMBL939,CHEMBL5072,P54762,Ephrin type-B receptor 1,Kd,7300.0,5.14,CHEMBL860665
Gefitinib,CHEMBL939,CHEMBL4204,Q9HBH9,MAP kinase-interacting serine/threonine-protein kinase 2,Kd,360.0,6.44,CHEMBL860651
Gefitinib,CHEMBL939,CHEMBL4179,P45984,Mitogen-activated protein kinase 9,Kd,1400.0,5.85,CHEMBL860895
Gefitinib,CHEMBL939,CHEMBL267,P12931,Proto-oncogene tyrosine-protein kinase Src,Kd,5000.0,5.3,CHEMBL861049
Gefitinib,CHEMBL939,CHEMBL258,P06239,Tyrosine-protein kinase Lck,Kd,1100.0,5.96,CHEMBL860915
Gefitinib,CHEMBL939,CHEMBL4202,Q9H2G2,STE20-like serine/threonine-protein kinase,Kd,1100.0,5.96,CHEMBL860653
Gefitinib,CHEMBL939,CHEMBL3981,O94804,Serine/threonine-protein kinase 10,Kd,870.0,6.06,CHEMBL860781
Gefitinib,CHEMBL939,CHEMBL5014,O43353,Receptor-interacting serine/threonine-protein kinase 2,Kd,800.0,6.1,CHEMBL860788
Gefitinib,CHEMBL939,CHEMBL4526,Q9UF33,Ephrin type-A receptor 6,Kd,1400.0,5.85,CHEMBL859486
Gefitinib,CHEMBL939,CHEMBL4355,O14976,Cyclin-G-associated kinase,Kd,7.0,8.15,CHEMBL860789
Gefitinib,CHEMBL939,CHEMBL1824,P04626,Receptor tyrosine-protein kinase erbB-2,Kd,1100.0,5.96,CHEMBL860920
Gefitinib,CHEMBL939,CHEMBL203,P00533,Epidermal growth factor receptor,Kd,1.8,8.74,CHEMBL859867
Gefitinib,CHEMBL939,CHEMBL2349,P15735,"Phosphorylase b kinase gamma catalytic chain, liver/testis isoform",Kd,6400.0,5.19,CHEMBL860795
Gefitinib,CHEMBL939,CHEMBL4937,P49674,Casein kinase I isoform epsilon,Kd,2000.0,5.7,CHEMBL860902
Gefitinib,CHEMBL939,CHEMBL3980,O94768,Serine/threonine-protein kinase 17B,Kd,6500.0,5.19,CHEMBL860782
Gefitinib,CHEMBL939,CHEMBL203,P00533,Epidermal growth factor receptor,IC50,14.4,7.84,CHEMBL862515
Gefitinib,CHEMBL939,CHEMBL1824,P04626,Receptor tyrosine-protein kinase erbB-2,IC50,343.0,6.46,CHEMBL862513
Gefitinib,CHEMBL939,CHEMBL203,P00533,Epidermal growth factor receptor,IC50,3.1,8.51,CHEMBL862512
Gefitinib,CHEMBL939,CHEMBL1824,P04626,Receptor tyrosine-protein kinase erbB-2,IC50,599.0,6.22,CHEMBL862531
Gefitinib,CHEMBL939,CHEMBL203,P00533,Epidermal growth factor receptor,IC50,33.0,7.48,CHEMBL853149
Gefitinib,CHEMBL939,CHEMBL203,P00533,Epidermal growth factor receptor,IC50,54.0,7.27,CHEMBL853150
Gefitinib,CHEMBL939,CHEMBL203,P00533,Epidermal growth factor receptor,IC50,23.0,7.64,CHEMBL856356
Gefitinib,CHEMBL939,CHEMBL203,P00533,Epidermal growth factor receptor,IC50,80.0,7.1,CHEMBL856357
Gefitinib,CHEMBL939,CHEMBL203,P00533,Epidermal growth factor receptor,IC50,5.4,8.27,CHEMBL892951
Gefitinib,CHEMBL939,CHEMBL203,P00533,Epidermal growth factor receptor,IC50,2753.0,5.56,CHEMBL892954
Gefitinib,CHEMBL939,CHEMBL279,P35968,Vascular endothelial growth factor receptor 2,IC50,10000.0,5.0,CHEMBL892958
Gefitinib,CHEMBL939,CHEMBL279,P35968,Vascular endothelial growth factor receptor 2,IC50,10000.0,5.0,CHEMBL892960
Gefitinib,CHEMBL939,CHEMBL203,P00533,Epidermal growth factor receptor,IC50,39.0,7.41,CHEMBL924351
Gefitinib,CHEMBL939,CHEMBL203,P00533,Epidermal growth factor receptor,IC50,33.0,7.48,CHEMBL1009318
Gefitinib,CHEMBL939,CHEMBL1824,P04626,Receptor tyrosine-protein kinase erbB-2,IC50,2700.0,5.57,CHEMBL1009319
Gefitinib,CHEMBL939,CHEMBL203,P00533,Epidermal growth factor receptor,IC50,22.0,7.66,CHEMBL944276
Gefitinib,CHEMBL939,CHEMBL203,P00533,Epidermal growth factor receptor,IC50,20.0,7.7,CHEMBL946651
Gefitinib,CHEMBL939,CHEMBL203,P00533,Epidermal growth factor receptor,Kd,2.4,8.62,CHEMBL1015942
Gefitinib,CHEMBL939,CHEMBL203,P00533,Epidermal growth factor receptor,Kd,10.9,7.96,CHEMBL1015943
Gefitinib,CHEMBL939,CHEMBL203,P00533,Epidermal growth factor receptor,Kd,35.3,7.45,CHEMBL1015946
Gefitinib,CHEMBL939,CHEMBL400,,MDA-MB-231,IC50,36610.0,4.44,CHEMBL1016817
Gefitinib,CHEMBL939,CHEMBL614177,,MOLT-4,IC50,15020.0,4.82,CHEMBL1016816
Gefitinib,CHEMBL939,CHEMBL390,,PC-3,IC50,15100.0,4.82,CHEMBL1016815
Gefitinib,CHEMBL939,CHEMBL385,,K562,IC50,9360.0,5.03,CHEMBL1016814
Gefitinib,CHEMBL939,CHEMBL392,,A549,IC50,13590.0,4.87,CHEMBL1016813
Gefitinib,CHEMBL939,CHEMBL614069,,A-431,IC50,12050.0,4.92,CHEMBL1057174
Gefitinib,CHEMBL939,CHEMBL387,,MCF7,IC50,1000.0,6.0,CHEMBL1057175
Gefitinib,CHEMBL939,CHEMBL392,,A549,IC50,7000.0,5.15,CHEMBL1059193
Gefitinib,CHEMBL939,CHEMBL1974,P36888,Receptor-type tyrosine-protein kinase FLT3,Kd,10000.0,5.0,CHEMBL1063729
Gefitinib,CHEMBL939,CHEMBL1974,P36888,Receptor-type tyrosine-protein kinase FLT3,Kd,3000.0,5.52,CHEMBL1061073
Gefitinib,CHEMBL939,CHEMBL1955,P35916,Vascular endothelial growth factor receptor 3,Kd,10000.0,5.0,CHEMBL1060246
Gefitinib,CHEMBL939,CHEMBL4223,P42685,Tyrosine-protein kinase FRK,Kd,2000.0,5.7,CHEMBL1060247
Gefitinib,CHEMBL939,CHEMBL2999,O75914,Serine/threonine-protein kinase PAK 3,Kd,10000.0,5.0,CHEMBL1062779
Gefitinib,CHEMBL939,CHEMBL5790,Q00537,Cyclin-dependent kinase 17,Kd,10000.0,5.0,CHEMBL1051349
Gefitinib,CHEMBL939,CHEMBL5316,Q07002,Cyclin-dependent kinase 18,Kd,10000.0,5.0,CHEMBL1062782
Gefitinib,CHEMBL939,CHEMBL2534,O15530,3-phosphoinositide-dependent protein kinase 1,Kd,10000.0,5.0,CHEMBL1061922
Gefitinib,CHEMBL939,CHEMBL6162,O94921,Cyclin-dependent kinase 14,Kd,10000.0,5.0,CHEMBL1051350
Gefitinib,CHEMBL939,CHEMBL4004,Q16816,"Phosphorylase b kinase gamma catalytic chain, skeletal muscle/heart isoform",Kd,3700.0,5.43,CHEMBL1061153
Gefitinib,CHEMBL939,CHEMBL5969,Q99755,Phosphatidylinositol 4-phosphate 5-kinase type-1 alpha,Kd,10000.0,5.0,CHEMBL1061923
Gefitinib,CHEMBL939,CHEMBL4924,Q9UK32,Ribosomal protein S6 kinase alpha-6,Kd,10000.0,5.0,CHEMBL1039275
Gefitinib,CHEMBL939,CHEMBL4924,Q9UK32,Ribosomal protein S6 kinase alpha-6,Kd,10000.0,5.0,CHEMBL1061926
Gefitinib,CHEMBL939,CHEMBL5426,Q86YV6,Myosin light chain kinase family member 4,Kd,10000.0,5.0,CHEMBL1051352
Gefitinib,CHEMBL939,CHEMBL4202,Q9H2G2,STE20-like serine/threonine-protein kinase,Kd,920.0,6.04,CHEMBL1062787
Gefitinib,CHEMBL939,CHEMBL279,P35968,Vascular endothelial growth factor receptor 2,Kd,10000.0,5.0,CHEMBL1051261
Gefitinib,CHEMBL939,CHEMBL5491,P30291,Wee1-like protein kinase,Kd,10000.0,5.0,CHEMBL1061935
Gefitinib,CHEMBL939,CHEMBL5405,Q86UX6,Serine/threonine-protein kinase 32C,Kd,10000.0,5.0,CHEMBL1062789
Gefitinib,CHEMBL939,CHEMBL2073,P07947,Tyrosine-protein kinase Yes,Kd,10000.0,5.0,CHEMBL1051262
Gefitinib,CHEMBL939,CHEMBL5552,O00506,Serine/threonine-protein kinase 25,Kd,10000.0,5.0,CHEMBL1051263
Gefitinib,CHEMBL939,CHEMBL3886,Q9NYL2,Mitogen-activated protein kinase kinase kinase 20,Kd,10000.0,5.0,CHEMBL1051317
Gefitinib,CHEMBL939,CHEMBL2803,P43403,Tyrosine-protein kinase ZAP-70,Kd,10000.0,5.0,CHEMBL1061189
Gefitinib,CHEMBL939,CHEMBL5667,P78356,Phosphatidylinositol 5-phosphate 4-kinase type-2 beta,Kd,10000.0,5.0,CHEMBL1062784
Gefitinib,CHEMBL939,CHEMBL2918,P22694,cAMP-dependent protein kinase catalytic subunit beta,Kd,10000.0,5.0,CHEMBL1039274
Gefitinib,CHEMBL939,CHEMBL5818,P51817,cAMP-dependent protein kinase catalytic subunit PRKX,Kd,10000.0,5.0,CHEMBL1061157
Gefitinib,CHEMBL939,CHEMBL5469,Q14289,Protein-tyrosine kinase 2-beta,Kd,10000.0,5.0,CHEMBL1061158
Gefitinib,CHEMBL939,CHEMBL5975,Q9BRS2,Serine/threonine-protein kinase RIO1,Kd,10000.0,5.0,CHEMBL1051258
Gefitinib,CHEMBL939,CHEMBL4226,P49761,Dual specificity protein kinase CLK3,Kd,10000.0,5.0,CHEMBL1060240
Gefitinib,CHEMBL939,CHEMBL2634,P41240,Tyrosine-protein kinase CSK,Kd,10000.0,5.0,CHEMBL1037547
Gefitinib,CHEMBL939,CHEMBL5520,Q8N752,Casein kinase I isoform alpha-like,Kd,10000.0,5.0,CHEMBL1063703
Gefitinib,CHEMBL939,CHEMBL2828,P48730,Casein kinase I isoform delta,Kd,10000.0,5.0,CHEMBL1050829
Gefitinib,CHEMBL939,CHEMBL4937,P49674,Casein kinase I isoform epsilon,Kd,430.0,6.37,CHEMBL1050834
Gefitinib,CHEMBL939,CHEMBL2543,P78368,Casein kinase I isoform gamma-2,Kd,10000.0,5.0,CHEMBL1063704
Gefitinib,CHEMBL939,CHEMBL5084,Q9Y6M4,Casein kinase I isoform gamma-3,Kd,10000.0,5.0,CHEMBL1051284
Gefitinib,CHEMBL939,CHEMBL4128,Q02763,Angiopoietin-1 receptor,Kd,10000.0,5.0,CHEMBL1051315
Gefitinib,CHEMBL939,CHEMBL5388,Q9UKI8,Serine/threonine-protein kinase tousled-like 1,Kd,10000.0,5.0,CHEMBL1061931
Gefitinib,CHEMBL939,CHEMBL5404,Q86UE8,Serine/threonine-protein kinase tousled-like 2,Kd,10000.0,5.0,CHEMBL1061984
Gefitinib,CHEMBL939,CHEMBL4527,Q9UKE5,TRAF2 and NCK-interacting protein kinase,Kd,10000.0,5.0,CHEMBL1062874
Gefitinib,CHEMBL939,CHEMBL4599,Q07912,Activated CDC42 kinase 1,Kd,10000.0,5.0,CHEMBL1051355
Gefitinib,CHEMBL939,CHEMBL2815,P04629,High affinity nerve growth factor receptor,Kd,10000.0,5.0,CHEMBL1061933
Gefitinib,CHEMBL939,CHEMBL4898,Q16620,BDNF/NT-3 growth factors receptor,Kd,10000.0,5.0,CHEMBL1062875
Gefitinib,CHEMBL939,CHEMBL5608,Q16288,NT-3 growth factor receptor,Kd,10000.0,5.0,CHEMBL1041998
Gefitinib,CHEMBL939,CHEMBL3983,P33981,Dual specificity protein kinase TTK,Kd,10000.0,5.0,CHEMBL1061934
Gefitinib,CHEMBL939,CHEMBL4367,P42681,Tyrosine-protein kinase TXK,Kd,6000.0,5.22,CHEMBL1061187
Gefitinib,CHEMBL939,CHEMBL3629,P68400,Casein kinase II subunit alpha,Kd,10000.0,5.0,CHEMBL1060241
Gefitinib,CHEMBL939,CHEMBL4070,P19784,Casein kinase II subunit alpha',Kd,10000.0,5.0,CHEMBL1061141
Gefitinib,CHEMBL939,CHEMBL3123,Q9UIK4,Death-associated protein kinase 2,Kd,10000.0,5.0,CHEMBL1053760
Gefitinib,CHEMBL939,CHEMBL2468,O43293,Death-associated protein kinase 3,Kd,10000.0,5.0,CHEMBL1060181
Gefitinib,CHEMBL939,CHEMBL3980,O94768,Serine/threonine-protein kinase 17B,Kd,3800.0,5.42,CHEMBL1060189
Gilteritinib,CHEMBL3301622,CHEMBL4895,P30530,Tyrosine-protein kinase receptor UFO,IC50,1.0,9.0,CHEMBL3811320
Gilteritinib,CHEMBL3301622,CHEMBL4247,Q9UM73,ALK tyrosine kinase receptor,IC50,1.5,8.82,CHEMBL3706338
Gilteritinib,CHEMBL3301622,CHEMBL2041,P07949,Proto-oncogene tyrosine-protein kinase receptor Ret,IC50,3.4,8.47,CHEMBL3706336
Gilteritinib,CHEMBL3301622,CHEMBL5568,P08922,Proto-oncogene tyrosine-protein kinase ROS,IC50,1.9,8.72,CHEMBL3706337
Gilteritinib,CHEMBL3301622,CHEMBL1974,P36888,Receptor-type tyrosine-protein kinase FLT3,IC50,0.41,9.39,CHEMBL3706339
Gilteritinib,CHEMBL3301622,CHEMBL3830,Q2M2I8,AP2-associated protein kinase 1,Kd,25.0,7.6,CHEMBL3991602
Gilteritinib,CHEMBL3301622,CHEMBL1862,P00519,Tyrosine-protein kinase ABL1,Kd,30000.0,4.52,CHEMBL3991603
Gilteritinib,CHEMBL3301622,CHEMBL4014,P42684,Tyrosine-protein kinase ABL2,Kd,30000.0,4.52,CHEMBL3991604
Gilteritinib,CHEMBL3301622,CHEMBL4105816,Q6JQN1,Acyl-CoA dehydrogenase family member 10,Kd,30000.0,4.52,CHEMBL3991605
Gilteritinib,CHEMBL3301622,CHEMBL4105707,Q709F0,Acyl-CoA dehydrogenase family member 11,Kd,30000.0,4.52,CHEMBL3991606
Gilteritinib,CHEMBL3301622,CHEMBL4105892,P49748,"Very long-chain specific acyl-CoA dehydrogenase, mitochondrial",Kd,30000.0,4.52,CHEMBL3991607
Gilteritinib,CHEMBL3301622,CHEMBL4105817,O15254,Peroxisomal acyl-coenzyme A oxidase 3,Kd,30000.0,4.52,CHEMBL3991609
Gilteritinib,CHEMBL3301622,CHEMBL4105818,Q9ULC5,Long-chain-fatty-acid--CoA ligase 5,Kd,208.0,6.68,CHEMBL3991610
Gilteritinib,CHEMBL3301622,CHEMBL6090,P61160,Actin-related protein 2,Kd,30000.0,4.52,CHEMBL3991611
Gilteritinib,CHEMBL3301622,CHEMBL4105857,P61158,Actin-related protein 3,Kd,5511.0,5.26,CHEMBL3991612
Gilteritinib,CHEMBL3301622,CHEMBL5903,Q04771,Activin receptor type-1,Kd,39.0,7.41,CHEMBL3991613
Gilteritinib,CHEMBL3301622,CHEMBL5310,P36896,Activin receptor type-1B,Kd,30000.0,4.52,CHEMBL3991614
Gilteritinib,CHEMBL3301622,CHEMBL5466,Q13705,Activin receptor type-2B,Kd,30000.0,4.52,CHEMBL3991615
Gilteritinib,CHEMBL3301622,CHEMBL4105885,Q86TW2,AarF domain-containing protein kinase 1,Kd,152.0,6.82,CHEMBL3991617
Gilteritinib,CHEMBL3301622,CHEMBL5550,Q8NI60,"Atypical kinase COQ8A, mitochondrial",Kd,30000.0,4.52,CHEMBL3991618
Gilteritinib,CHEMBL3301622,CHEMBL3589,P55263,Adenosine kinase,Kd,30000.0,4.52,CHEMBL3991620
Gilteritinib,CHEMBL3301622,CHEMBL4079,P25098,Beta-adrenergic receptor kinase 1,Kd,30000.0,4.52,CHEMBL3991621
Gilteritinib,CHEMBL3301622,CHEMBL4938,P54819,"Adenylate kinase 2, mitochondrial",Kd,30000.0,4.52,CHEMBL3991622
Gilteritinib,CHEMBL3301622,CHEMBL4282,P31749,RAC-alpha serine/threonine-protein kinase,Kd,30000.0,4.52,CHEMBL3991623
Gilteritinib,CHEMBL3301622,CHEMBL2431,P31751,RAC-beta serine/threonine-protein kinase,Kd,30000.0,4.52,CHEMBL3991624
Gilteritinib,CHEMBL3301622,CHEMBL4816,Q9Y243,RAC-gamma serine/threonine-protein kinase,Kd,30000.0,4.52,CHEMBL3991625
Gilteritinib,CHEMBL3301622,CHEMBL1169596,P10398,Serine/threonine-protein kinase A-Raf,Kd,30000.0,4.52,CHEMBL3991628
Gilteritinib,CHEMBL3301622,CHEMBL4722,O14965,Aurora kinase A,Kd,184.0,6.74,CHEMBL3991630
Gilteritinib,CHEMBL3301622,CHEMBL2185,Q96GD4,Aurora kinase B,Kd,30000.0,4.52,CHEMBL3991631
Gilteritinib,CHEMBL3301622,CHEMBL5146,P11274,Breakpoint cluster region protein,Kd,30000.0,4.52,CHEMBL3991632
Gilteritinib,CHEMBL3301622,CHEMBL4522,Q9NSY1,BMP-2-inducible protein kinase,Kd,46.0,7.34,CHEMBL3991633
Gilteritinib,CHEMBL3301622,CHEMBL5275,P36894,Bone morphogenetic protein receptor type-1A,Kd,121.0,6.92,CHEMBL3991634
Gilteritinib,CHEMBL3301622,CHEMBL5476,O00238,Bone morphogenetic protein receptor type-1B,Kd,572.0,6.24,CHEMBL3991635
Gilteritinib,CHEMBL3301622,CHEMBL5467,Q13873,Bone morphogenetic protein receptor type-2,Kd,30000.0,4.52,CHEMBL3991636
Gilteritinib,CHEMBL3301622,CHEMBL5145,P15056,Serine/threonine-protein kinase B-raf,Kd,30000.0,4.52,CHEMBL3991637
Gilteritinib,CHEMBL3301622,CHEMBL5251,Q06187,Tyrosine-protein kinase BTK,Kd,30000.0,4.52,CHEMBL3991638
Gilteritinib,CHEMBL3301622,CHEMBL1772932,O43683,Mitotic checkpoint serine/threonine-protein kinase BUB1,Kd,191.0,6.72,CHEMBL3991639
Gilteritinib,CHEMBL3301622,CHEMBL2801,Q13557,Calcium/calmodulin-dependent protein kinase type II subunit delta,Kd,207.0,6.68,CHEMBL3991641
Gilteritinib,CHEMBL3301622,CHEMBL3829,Q13555,Calcium/calmodulin-dependent protein kinase type II subunit gamma,Kd,169.0,6.77,CHEMBL3991642
Gilteritinib,CHEMBL3301622,CHEMBL2494,Q16566,Calcium/calmodulin-dependent protein kinase type IV,Kd,421.0,6.38,CHEMBL3991643
Gilteritinib,CHEMBL3301622,CHEMBL5284,Q96RR4,Calcium/calmodulin-dependent protein kinase kinase 2,Kd,2648.0,5.58,CHEMBL3991644
Gilteritinib,CHEMBL3301622,CHEMBL4105937,P49589,"Cysteine--tRNA ligase, cytoplasmic",Kd,30000.0,4.52,CHEMBL3991645
Gilteritinib,CHEMBL3301622,CHEMBL4516,Q5VT25,Serine/threonine-protein kinase MRCK alpha,Kd,30000.0,4.52,CHEMBL3991646
Gilteritinib,CHEMBL3301622,CHEMBL5052,Q9Y5S2,Serine/threonine-protein kinase MRCK beta,Kd,30000.0,4.52,CHEMBL3991647
Gilteritinib,CHEMBL3301622,CHEMBL308,P06493,Cyclin-dependent kinase 1,Kd,30000.0,4.52,CHEMBL3991650
Gilteritinib,CHEMBL3301622,CHEMBL3559692,Q9NYV4,Cyclin-dependent kinase 12,Kd,30000.0,4.52,CHEMBL3991652
Gilteritinib,CHEMBL3301622,CHEMBL1795192,Q14004,Cyclin-dependent kinase 13,Kd,30000.0,4.52,CHEMBL3991653
Gilteritinib,CHEMBL3301622,CHEMBL4597,Q00536,Cyclin-dependent kinase 16,Kd,30000.0,4.52,CHEMBL3991654
Gilteritinib,CHEMBL3301622,CHEMBL5790,Q00537,Cyclin-dependent kinase 17,Kd,30000.0,4.52,CHEMBL3991655
Gilteritinib,CHEMBL3301622,CHEMBL301,P24941,Cyclin-dependent kinase 2,Kd,30000.0,4.52,CHEMBL3991657
Gilteritinib,CHEMBL3301622,CHEMBL4442,Q00526,Cyclin-dependent kinase 3,Kd,30000.0,4.52,CHEMBL3991658
Gilteritinib,CHEMBL3301622,CHEMBL331,P11802,Cyclin-dependent kinase 4,Kd,1955.0,5.71,CHEMBL3991659
Gilteritinib,CHEMBL3301622,CHEMBL4036,Q00535,Cyclin-dependent kinase 5,Kd,30000.0,4.52,CHEMBL3991660
Gilteritinib,CHEMBL3301622,CHEMBL2508,Q00534,Cyclin-dependent kinase 6,Kd,30000.0,4.52,CHEMBL3991661
Gilteritinib,CHEMBL3301622,CHEMBL3055,P50613,Cyclin-dependent kinase 7,Kd,30000.0,4.52,CHEMBL3991662
Gilteritinib,CHEMBL3301622,CHEMBL3116,P50750,Cyclin-dependent kinase 9,Kd,30000.0,4.52,CHEMBL3991663
Gilteritinib,CHEMBL3301622,CHEMBL1163112,O76039,Cyclin-dependent kinase-like 5,Kd,30000.0,4.52,CHEMBL3991664
Gilteritinib,CHEMBL3301622,CHEMBL4105742,Q14839,Chromodomain-helicase-DNA-binding protein 4,Kd,30000.0,4.52,CHEMBL3991665
Gilteritinib,CHEMBL3301622,CHEMBL4630,O14757,Serine/threonine-protein kinase Chk1,Kd,30000.0,4.52,CHEMBL3991666
Gilteritinib,CHEMBL3301622,CHEMBL5579,O14578,Citron Rho-interacting kinase,Kd,2346.0,5.63,CHEMBL3991667
Gilteritinib,CHEMBL3301622,CHEMBL4224,P49759,Dual specificity protein kinase CLK1,Kd,30000.0,4.52,CHEMBL3991668
Gilteritinib,CHEMBL3301622,CHEMBL4203,Q9HAZ1,Dual specificity protein kinase CLK4,Kd,30000.0,4.52,CHEMBL3991671
Gilteritinib,CHEMBL3301622,CHEMBL2634,P41240,Tyrosine-protein kinase CSK,Kd,30000.0,4.52,CHEMBL3991673
Gilteritinib,CHEMBL3301622,CHEMBL2793,P48729,Casein kinase I isoform alpha,Kd,30000.0,4.52,CHEMBL3991674
Gilteritinib,CHEMBL3301622,CHEMBL2828,P48730,Casein kinase I isoform delta,Kd,30000.0,4.52,CHEMBL3991675
Gilteritinib,CHEMBL3301622,CHEMBL4937,P49674,Casein kinase I isoform epsilon,Kd,30000.0,4.52,CHEMBL3991676
Gilteritinib,CHEMBL3301622,CHEMBL2426,Q9HCP0,Casein kinase I isoform gamma-1,Kd,30000.0,4.52,CHEMBL3991677
Gilteritinib,CHEMBL3301622,CHEMBL2543,P78368,Casein kinase I isoform gamma-2,Kd,30000.0,4.52,CHEMBL3991678
Gilteritinib,CHEMBL3301622,CHEMBL5084,Q9Y6M4,Casein kinase I isoform gamma-3,Kd,30000.0,4.52,CHEMBL3991679
Gilteritinib,CHEMBL3301622,CHEMBL4070,P19784,Casein kinase II subunit alpha',Kd,960.0,6.02,CHEMBL3991681
Gilteritinib,CHEMBL3301622,CHEMBL4105975,P08574,"Cytochrome c1, heme protein, mitochondrial",Kd,202.0,6.69,CHEMBL3991682
Gilteritinib,CHEMBL3301622,CHEMBL2447,P27707,Deoxycytidine kinase,Kd,30000.0,4.52,CHEMBL3991683
Gilteritinib,CHEMBL3301622,CHEMBL3769292,Q9H773,dCTP pyrophosphatase 1,Kd,30000.0,4.52,CHEMBL3991684
Gilteritinib,CHEMBL3301622,CHEMBL5319,Q08345,Epithelial discoidin domain-containing receptor 1,Kd,30000.0,4.52,CHEMBL3991685
Gilteritinib,CHEMBL3301622,CHEMBL5122,Q16832,Discoidin domain-containing receptor 2,Kd,30000.0,4.52,CHEMBL3991686
Gilteritinib,CHEMBL3301622,CHEMBL5553,O00571,ATP-dependent RNA helicase DDX3X,Kd,30000.0,4.52,CHEMBL3991688
Gilteritinib,CHEMBL3301622,CHEMBL4105783,P26196,Probable ATP-dependent RNA helicase DDX6,Kd,30000.0,4.52,CHEMBL3991690
Gilteritinib,CHEMBL3301622,CHEMBL2331059,Q15392,Delta(24)-sterol reductase,Kd,432.0,6.36,CHEMBL3991691
Gilteritinib,CHEMBL3301622,CHEMBL4105814,Q7L2E3,ATP-dependent RNA helicase DHX30,Kd,30000.0,4.52,CHEMBL3991692
Gilteritinib,CHEMBL3301622,CHEMBL2189122,P31689,DnaJ homolog subfamily A member 1,Kd,30000.0,4.52,CHEMBL3991693
Gilteritinib,CHEMBL3301622,CHEMBL2292,Q13627,Dual specificity tyrosine-phosphorylation-regulated kinase 1A,Kd,30000.0,4.52,CHEMBL3991694
Gilteritinib,CHEMBL3301622,CHEMBL203,P00533,Epidermal growth factor receptor,Kd,3502.0,5.46,CHEMBL3991696
Gilteritinib,CHEMBL3301622,CHEMBL6029,Q9BQI3,Eukaryotic translation initiation factor 2-alpha kinase 1,Kd,30000.0,4.52,CHEMBL3991697
Gilteritinib,CHEMBL3301622,CHEMBL4105852,O60841,Eukaryotic translation initiation factor 5B,Kd,30000.0,4.52,CHEMBL3991699
Gilteritinib,CHEMBL3301622,CHEMBL5810,P21709,Ephrin type-A receptor 1,Kd,30000.0,4.52,CHEMBL3991700
Gilteritinib,CHEMBL3301622,CHEMBL2068,P29317,Ephrin type-A receptor 2,Kd,30000.0,4.52,CHEMBL3991701
Gilteritinib,CHEMBL3301622,CHEMBL3988,P54764,Ephrin type-A receptor 4,Kd,30000.0,4.52,CHEMBL3991702
Gilteritinib,CHEMBL3301622,CHEMBL3987,P54756,Ephrin type-A receptor 5,Kd,30000.0,4.52,CHEMBL3991703
Gilteritinib,CHEMBL3301622,CHEMBL4602,Q15375,Ephrin type-A receptor 7,Kd,2980.0,5.53,CHEMBL3991704
Gilteritinib,CHEMBL3301622,CHEMBL3290,P29323,Ephrin type-B receptor 2,Kd,30000.0,4.52,CHEMBL3991705
Gilteritinib,CHEMBL3301622,CHEMBL4901,P54753,Ephrin type-B receptor 3,Kd,30000.0,4.52,CHEMBL3991706
Gilteritinib,CHEMBL3301622,CHEMBL5147,P54760,Ephrin type-B receptor 4,Kd,30000.0,4.52,CHEMBL3991707
Gilteritinib,CHEMBL3301622,CHEMBL5836,O15197,Ephrin type-B receptor 6,Kd,241.0,6.62,CHEMBL3991708
Gilteritinib,CHEMBL3301622,CHEMBL4105743,P18074,General transcription and DNA repair factor IIH helicase subunit XPD,Kd,30000.0,4.52,CHEMBL3991709
Gilteritinib,CHEMBL3301622,CHEMBL1163101,O75460,Serine/threonine-protein kinase/endoribonuclease IRE1,Kd,30000.0,4.52,CHEMBL3991710
Gilteritinib,CHEMBL3301622,CHEMBL4105932,Q76MJ5,Serine/threonine-protein kinase/endoribonuclease IRE2,Kd,30000.0,4.52,CHEMBL3991711
Gilteritinib,CHEMBL3301622,CHEMBL4105744,P38117,Electron transfer flavoprotein subunit beta,Kd,30000.0,4.52,CHEMBL3991712
Gilteritinib,CHEMBL3301622,CHEMBL4105969,Q9NSD9,Phenylalanine--tRNA ligase beta subunit,Kd,30000.0,4.52,CHEMBL3991713
Gilteritinib,CHEMBL3301622,CHEMBL3879831,P22830,"Ferrochelatase, mitochondrial",Kd,30000.0,4.52,CHEMBL3991714
Gilteritinib,CHEMBL3301622,CHEMBL3982,P16591,Tyrosine-protein kinase Fer,Kd,188.0,6.73,CHEMBL3991715
INK-128,CHEMBL3545097,CHEMBL2842,P42345,Serine/threonine-protein kinase mTOR,IC50,100.0,7.0,CHEMBL3882339
INK-128,CHEMBL3545097,CHEMBL4005,P42336,"Phosphatidylinositol 4,5-bisphosphate 3-kinase catalytic subunit alpha isoform",IC50,1000.0,6.0,CHEMBL3882340
INK-128,CHEMBL3545097,CHEMBL3267,P48736,"Phosphatidylinositol 4,5-bisphosphate 3-kinase catalytic subunit gamma isoform",IC50,100.0,7.0,CHEMBL3882342
INK-128,CHEMBL3545097,CHEMBL3130,O00329,"Phosphatidylinositol 4,5-bisphosphate 3-kinase catalytic subunit delta isoform",IC50,1000.0,6.0,CHEMBL3882343
INK-128,CHEMBL3545097,CHEMBL3145,P42338,"Phosphatidylinositol 4,5-bisphosphate 3-kinase catalytic subunit beta isoform",IC50,10000.0,5.0,CHEMBL3882341
INK-128,CHEMBL3545097,CHEMBL2842,P42345,Serine/threonine-protein kinase mTOR,Kd,0.092,10.04,CHEMBL4276429
INK-128,CHEMBL3545097,CHEMBL4005,P42336,"Phosphatidylinositol 4,5-bisphosphate 3-kinase catalytic subunit alpha isoform",Kd,15.0,7.82,CHEMBL4276430
INK-128,CHEMBL3545097,CHEMBL3145,P42338,"Phosphatidylinositol 4,5-bisphosphate 3-kinase catalytic subunit beta isoform",Kd,81.0,7.09,CHEMBL4276431
INK-128,CHEMBL3545097,CHEMBL3130,O00329,"Phosphatidylinositol 4,5-bisphosphate 3-kinase catalytic subunit delta isoform",Kd,30.0,7.52,CHEMBL4276432
INK-128,CHEMBL3545097,CHEMBL3267,P48736,"Phosphatidylinositol 4,5-bisphosphate 3-kinase catalytic subunit gamma isoform",Kd,3.7,8.43,CHEMBL4276433
INK-128,CHEMBL3545097,CHEMBL1075165,Q8NEB9,Phosphatidylinositol 3-kinase catalytic subunit type 3,Kd,8200.0,5.09,CHEMBL4276435
INK-128,CHEMBL3545097,CHEMBL4005,P42336,"Phosphatidylinositol 4,5-bisphosphate 3-kinase catalytic subunit alpha isoform",Ki,28.0,7.55,CHEMBL4410952
INK-128,CHEMBL3545097,CHEMBL4523999,,mTORC2,IC50,5.0,8.3,CHEMBL4410951
INK-128,CHEMBL3545097,CHEMBL4296661,,mTORC1,IC50,1.0,9.0,CHEMBL4410950
INK-128,CHEMBL3545097,CHEMBL2842,P42345,Serine/threonine-protein kinase mTOR,Ki,1.0,9.0,CHEMBL4410949
INK-128,CHEMBL3545097,CHEMBL3267,P48736,"Phosphatidylinositol 4,5-bisphosphate 3-kinase catalytic subunit gamma isoform",IC50,200.0,6.7,CHEMBL4673691
INK-128,CHEMBL3545097,CHEMBL3130,O00329,"Phosphatidylinositol 4,5-bisphosphate 3-kinase catalytic subunit delta isoform",IC50,200.0,6.7,CHEMBL4673692
INK-128,CHEMBL3545097,CHEMBL3145,P42338,"Phosphatidylinositol 4,5-bisphosphate 3-kinase catalytic subunit beta isoform",IC50,200.0,6.7,CHEMBL4673693
INK-128,CHEMBL3545097,CHEMBL4005,P42336,"Phosphatidylinositol 4,5-bisphosphate 3-kinase catalytic subunit alpha isoform",IC50,200.0,6.7,CHEMBL4673694
INK-128,CHEMBL3545097,CHEMBL2842,P42345,Serine/threonine-protein kinase mTOR,Ki,1.4,8.85,CHEMBL4673697
INK-128,CHEMBL3545097,CHEMBL395,,HepG2,IC50,2130.0,5.67,CHEMBL4844737
INK-128,CHEMBL3545097,CHEMBL400,,MDA-MB-231,IC50,31.0,7.51,CHEMBL4844738
INK-128,CHEMBL3545097,CHEMBL394,,HCT-116,IC50,48.0,7.32,CHEMBL4844739
INK-128,CHEMBL3545097,CHEMBL387,,MCF7,IC50,53.0,7.28,CHEMBL4844740
INK-128,CHEMBL3545097,CHEMBL399,,HeLa,IC50,36.0,7.44,CHEMBL4844741
INK-128,CHEMBL3545097,CHEMBL4296409,,CNE-2,IC50,101.0,7.0,CHEMBL4844742
INK-128,CHEMBL3545097,CHEMBL392,,A549,IC50,174.0,6.76,CHEMBL4844743
INK-128,CHEMBL3545097,CHEMBL614039,,Huh-7,IC50,7.0,8.15,CHEMBL4844744
INK-128,CHEMBL3545097,CHEMBL1075584,,SNU-423,IC50,15.0,7.82,CHEMBL4844745
INK-128,CHEMBL3545097,CHEMBL614912,,SK-HEP1,IC50,8.0,8.1,CHEMBL4844746
INK-128,CHEMBL3545097,CHEMBL614279,,Bel-7402,IC50,100000.0,4.0,CHEMBL4844747
INK-128,CHEMBL3545097,CHEMBL4296437,,Hep 3B2,IC50,4430.0,5.35,CHEMBL4844748
INK-128,CHEMBL3545097,CHEMBL1075561,,PLC-PRF-5,IC50,6630.0,5.18,CHEMBL4844749
INK-128,CHEMBL3545097,CHEMBL2842,P42345,Serine/threonine-protein kinase mTOR,IC50,0.64,9.19,CHEMBL4844752
INK-128,CHEMBL3545097,CHEMBL4296457,,L02,IC50,280.0,6.55,CHEMBL4844758
INK-128,CHEMBL3545097,CHEMBL2842,P42345,Serine/threonine-protein kinase mTOR,IC50,1.0,9.0,CHEMBL5245700
INK-128,CHEMBL3545097,CHEMBL4296661,,mTORC1,IC50,0.69,9.16,CHEMBL5316777
INK-128,CHEMBL3545097,CHEMBL4296661,,mTORC1,IC50,19.0,7.72,CHEMBL5316778
INK-128,CHEMBL3545097,CHEMBL2842,P42345,Serine/threonine-protein kinase mTOR,IC50,1.01,9.0,CHEMBL5372078
INK-128,CHEMBL3545097,CHEMBL395,,HepG2,IC50,1730.0,5.76,CHEMBL5372080
INK-128,CHEMBL3545097,CHEMBL387,,MCF7,IC50,1230.0,5.91,CHEMBL5372081
INK-128,CHEMBL3545097,CHEMBL383,,HL-60,IC50,160.0,6.8,CHEMBL5372082
INK-128,CHEMBL3545097,CHEMBL613979,,HUVEC,IC50,10000.0,5.0,CHEMBL5372083
INK-128,CHEMBL3545097,CHEMBL2842,P42345,Serine/threonine-protein kinase mTOR,Ki,1.4,8.85,CHEMBL5533375
INK-128,CHEMBL3545097,CHEMBL4005,P42336,"Phosphatidylinositol 4,5-bisphosphate 3-kinase catalytic subunit alpha isoform",Ki,152.0,6.82,CHEMBL5533376
INK-128,CHEMBL3545097,CHEMBL3145,P42338,"Phosphatidylinositol 4,5-bisphosphate 3-kinase catalytic subunit beta isoform",Ki,4700.0,5.33,CHEMBL5533377
INK-128,CHEMBL3545097,CHEMBL3267,P48736,"Phosphatidylinositol 4,5-bisphosphate 3-kinase catalytic subunit gamma isoform",Ki,165.0,6.78,CHEMBL5533378
INK-128,CHEMBL3545097,CHEMBL2842,P42345,Serine/threonine-protein kinase mTOR,IC50,10.0,8.0,CHEMBL5550258
INK-128,CHEMBL3545097,CHEMBL2842,P42345,Serine/threonine-protein kinase mTOR,IC50,4.4,8.36,CHEMBL5719173
INK-128,CHEMBL3545097,CHEMBL2842,P42345,Serine/threonine-protein kinase mTOR,IC50,5.2,8.28,CHEMBL5719250
INK-128,CHEMBL3545097,CHEMBL2842,P42345,Serine/threonine-protein kinase mTOR,IC50,9.8,8.01,CHEMBL5719344
INK-128,CHEMBL3545097,CHEMBL2842,P42345,Serine/threonine-protein kinase mTOR,IC50,36.0,7.44,CHEMBL5719438
INK-128,CHEMBL3545097,CHEMBL2842,P42345,Serine/threonine-protein kinase mTOR,IC50,12.6,7.9,CHEMBL5719531
INK-128,CHEMBL3545097,CHEMBL2842,P42345,Serine/threonine-protein kinase mTOR,IC50,12.8,7.89,CHEMBL5719624
INK-128,CHEMBL3545097,CHEMBL2842,P42345,Serine/threonine-protein kinase mTOR,IC50,100.0,7.0,CHEMBL5732046
INK-128,CHEMBL3545097,CHEMBL4437,O00459,Phosphatidylinositol 3-kinase regulatory subunit beta,IC50,10000.0,5.0,CHEMBL5732048
INK-128,CHEMBL3545097,CHEMBL3267,P48736,"Phosphatidylinositol 4,5-bisphosphate 3-kinase catalytic subunit gamma isoform",IC50,100.0,7.0,CHEMBL5732049
INK-128,CHEMBL3545097,CHEMBL3130,O00329,"Phosphatidylinositol 4,5-bisphosphate 3-kinase catalytic subunit delta isoform",IC50,1000.0,6.0,CHEMBL5732050
INK-128,CHEMBL3545097,CHEMBL2842,P42345,Serine/threonine-protein kinase mTOR,IC50,100.0,7.0,CHEMBL5732046
INK-128,CHEMBL3545097,CHEMBL4437,O00459,Phosphatidylinositol 3-kinase regulatory subunit beta,IC50,10000.0,5.0,CHEMBL5732048
INK-128,CHEMBL3545097,CHEMBL3267,P48736,"Phosphatidylinositol 4,5-bisphosphate 3-kinase catalytic subunit gamma isoform",IC50,1000.0,6.0,CHEMBL5732049
INK-128,CHEMBL3545097,CHEMBL3130,O00329,"Phosphatidylinositol 4,5-bisphosphate 3-kinase catalytic subunit delta isoform",IC50,1000.0,6.0,CHEMBL5732050
Ibrutinib (PCI-32765),CHEMBL1873475,CHEMBL5251,Q06187,Tyrosine-protein kinase BTK,IC50,0.5,9.3,CHEMBL1918488
Ibrutinib (PCI-32765),CHEMBL1873475,CHEMBL3905,P07948,Tyrosine-protein kinase Lyn,IC50,200.0,6.7,CHEMBL1918489
Ibrutinib (PCI-32765),CHEMBL1873475,CHEMBL203,P00533,Epidermal growth factor receptor,IC50,5.6,8.25,CHEMBL1919256
Ibrutinib (PCI-32765),CHEMBL1873475,CHEMBL5251,Q06187,Tyrosine-protein kinase BTK,IC50,0.5,9.3,CHEMBL2060514
Ibrutinib (PCI-32765),CHEMBL1873475,CHEMBL2250,P51451,Tyrosine-protein kinase Blk,IC50,0.5,9.3,CHEMBL2060515
Ibrutinib (PCI-32765),CHEMBL1873475,CHEMBL3834,P51813,Cytoplasmic tyrosine-protein kinase BMX,IC50,0.8,9.1,CHEMBL2060516
Ibrutinib (PCI-32765),CHEMBL1873475,CHEMBL2041,P07949,Proto-oncogene tyrosine-protein kinase receptor Ret,IC50,37.0,7.43,CHEMBL2060517
Ibrutinib (PCI-32765),CHEMBL1873475,CHEMBL5251,Q06187,Tyrosine-protein kinase BTK,IC50,0.5,9.3,CHEMBL2217245
Ibrutinib (PCI-32765),CHEMBL1873475,CHEMBL5251,Q06187,Tyrosine-protein kinase BTK,IC50,7.5,8.12,CHEMBL3292448
Ibrutinib (PCI-32765),CHEMBL1873475,CHEMBL5251,Q06187,Tyrosine-protein kinase BTK,IC50,14.0,7.85,CHEMBL3292449
Ibrutinib (PCI-32765),CHEMBL1873475,CHEMBL5251,Q06187,Tyrosine-protein kinase BTK,IC50,0.5,9.3,CHEMBL3607386
Ibrutinib (PCI-32765),CHEMBL1873475,CHEMBL5251,Q06187,Tyrosine-protein kinase BTK,IC50,4.0,8.4,CHEMBL3607488
Ibrutinib (PCI-32765),CHEMBL1873475,CHEMBL5251,Q06187,Tyrosine-protein kinase BTK,IC50,4.0,8.4,CHEMBL3614375
Ibrutinib (PCI-32765),CHEMBL1873475,CHEMBL5251,Q06187,Tyrosine-protein kinase BTK,IC50,0.72,9.14,CHEMBL3705255
Ibrutinib (PCI-32765),CHEMBL1873475,CHEMBL3905,P07948,Tyrosine-protein kinase Lyn,Ki,14.0,7.85,CHEMBL3707976
Ibrutinib (PCI-32765),CHEMBL1873475,CHEMBL258,P06239,Tyrosine-protein kinase Lck,Ki,97.0,7.01,CHEMBL3707902
Ibrutinib (PCI-32765),CHEMBL1873475,CHEMBL5251,Q06187,Tyrosine-protein kinase BTK,IC50,0.64,9.19,CHEMBL3813051
Ibrutinib (PCI-32765),CHEMBL1873475,CHEMBL5251,Q06187,Tyrosine-protein kinase BTK,IC50,0.5,9.3,CHEMBL3813052
Ibrutinib (PCI-32765),CHEMBL1873475,CHEMBL399,,HeLa,IC50,16800.0,4.77,CHEMBL3824913
Ibrutinib (PCI-32765),CHEMBL1873475,CHEMBL612544,,SW480,IC50,25600.0,4.59,CHEMBL3824915
Ibrutinib (PCI-32765),CHEMBL1873475,CHEMBL5251,Q06187,Tyrosine-protein kinase BTK,IC50,0.3,9.52,CHEMBL3864052
Ibrutinib (PCI-32765),CHEMBL1873475,CHEMBL5251,Q06187,Tyrosine-protein kinase BTK,IC50,0.34,9.47,CHEMBL3874808
Ibrutinib (PCI-32765),CHEMBL1873475,CHEMBL5251,Q06187,Tyrosine-protein kinase BTK,IC50,0.5,9.3,CHEMBL3877212
Ibrutinib (PCI-32765),CHEMBL1873475,CHEMBL3879824,Q9BRX8,Peroxiredoxin-like 2A,IC50,900.0,6.05,CHEMBL3877214
Ibrutinib (PCI-32765),CHEMBL1873475,CHEMBL5251,Q06187,Tyrosine-protein kinase BTK,IC50,0.72,9.14,CHEMBL3705285
Ibrutinib (PCI-32765),CHEMBL1873475,CHEMBL5251,Q06187,Tyrosine-protein kinase BTK,IC50,0.5,9.3,CHEMBL3705285
Ibrutinib (PCI-32765),CHEMBL1873475,CHEMBL4142,P21802,Fibroblast growth factor receptor 2,IC50,280.0,6.55,CHEMBL3705582
Ibrutinib (PCI-32765),CHEMBL1873475,CHEMBL5251,Q06187,Tyrosine-protein kinase BTK,IC50,0.72,9.14,CHEMBL3887275
Ibrutinib (PCI-32765),CHEMBL1873475,CHEMBL5251,Q06187,Tyrosine-protein kinase BTK,IC50,0.5,9.3,CHEMBL3887275
Ibrutinib (PCI-32765),CHEMBL1873475,CHEMBL5251,Q06187,Tyrosine-protein kinase BTK,IC50,1.4,8.85,CHEMBL3887275
Ibrutinib (PCI-32765),CHEMBL1873475,CHEMBL5251,Q06187,Tyrosine-protein kinase BTK,IC50,0.5,9.3,CHEMBL3887529
Ibrutinib (PCI-32765),CHEMBL1873475,CHEMBL2959,Q08881,Tyrosine-protein kinase ITK/TSK,IC50,11.7,7.93,CHEMBL3887530
Ibrutinib (PCI-32765),CHEMBL1873475,CHEMBL3834,P51813,Cytoplasmic tyrosine-protein kinase BMX,IC50,0.8,9.1,CHEMBL3887531
Ibrutinib (PCI-32765),CHEMBL1873475,CHEMBL4246,P42680,Tyrosine-protein kinase Tec,IC50,77.8,7.11,CHEMBL3887532
Ibrutinib (PCI-32765),CHEMBL1873475,CHEMBL203,P00533,Epidermal growth factor receptor,IC50,0.5,9.3,CHEMBL3887533
Ibrutinib (PCI-32765),CHEMBL1873475,CHEMBL1824,P04626,Receptor tyrosine-protein kinase erbB-2,IC50,9.4,8.03,CHEMBL3887534
Ibrutinib (PCI-32765),CHEMBL1873475,CHEMBL3009,Q15303,Receptor tyrosine-protein kinase erbB-4,IC50,0.1,10.0,CHEMBL3887535
Ibrutinib (PCI-32765),CHEMBL1873475,CHEMBL258,P06239,Tyrosine-protein kinase Lck,IC50,2.0,8.7,CHEMBL3887536
Ibrutinib (PCI-32765),CHEMBL1873475,CHEMBL2250,P51451,Tyrosine-protein kinase Blk,IC50,0.5,9.3,CHEMBL3887537
Ibrutinib (PCI-32765),CHEMBL1873475,CHEMBL267,P12931,Proto-oncogene tyrosine-protein kinase Src,IC50,262.6,6.58,CHEMBL3887538
Ibrutinib (PCI-32765),CHEMBL1873475,CHEMBL4454,P09769,Tyrosine-protein kinase Fgr,IC50,2.3,8.64,CHEMBL3887539
Ibrutinib (PCI-32765),CHEMBL1873475,CHEMBL1841,P06241,Tyrosine-protein kinase Fyn,IC50,95.6,7.02,CHEMBL3887540
Ibrutinib (PCI-32765),CHEMBL1873475,CHEMBL3234,P08631,Tyrosine-protein kinase HCK,IC50,3.7,8.43,CHEMBL3887541
Ibrutinib (PCI-32765),CHEMBL1873475,CHEMBL3905,P07948,Tyrosine-protein kinase Lyn,IC50,16.2,7.79,CHEMBL3887542
Ibrutinib (PCI-32765),CHEMBL1873475,CHEMBL2073,P07947,Tyrosine-protein kinase Yes,IC50,6.5,8.19,CHEMBL3887543
Ibrutinib (PCI-32765),CHEMBL1873475,CHEMBL1862,P00519,Tyrosine-protein kinase ABL1,IC50,86.1,7.06,CHEMBL3887544
Ibrutinib (PCI-32765),CHEMBL1873475,CHEMBL4601,Q13882,Protein-tyrosine kinase 6,IC50,3.3,8.48,CHEMBL3887545
Ibrutinib (PCI-32765),CHEMBL1873475,CHEMBL2634,P41240,Tyrosine-protein kinase CSK,IC50,2.2,8.66,CHEMBL3887546
Ibrutinib (PCI-32765),CHEMBL1873475,CHEMBL3982,P16591,Tyrosine-protein kinase Fer,IC50,8070.0,5.09,CHEMBL3887547
Ibrutinib (PCI-32765),CHEMBL1873475,CHEMBL2148,P52333,Tyrosine-protein kinase JAK3,IC50,10.4,7.98,CHEMBL3887548
Ibrutinib (PCI-32765),CHEMBL1873475,CHEMBL2599,P43405,Tyrosine-protein kinase SYK,IC50,10000.0,5.0,CHEMBL3887549
Ibrutinib (PCI-32765),CHEMBL1873475,CHEMBL5251,Q06187,Tyrosine-protein kinase BTK,IC50,0.5,9.3,CHEMBL3887529
Ibrutinib (PCI-32765),CHEMBL1873475,CHEMBL2959,Q08881,Tyrosine-protein kinase ITK/TSK,IC50,11.7,7.93,CHEMBL3887530
Ibrutinib (PCI-32765),CHEMBL1873475,CHEMBL203,P00533,Epidermal growth factor receptor,IC50,0.5,9.3,CHEMBL3887533
Ibrutinib (PCI-32765),CHEMBL1873475,CHEMBL258,P06239,Tyrosine-protein kinase Lck,IC50,2.0,8.7,CHEMBL3887536
Ibrutinib (PCI-32765),CHEMBL1873475,CHEMBL2148,P52333,Tyrosine-protein kinase JAK3,IC50,10.4,7.98,CHEMBL3887548
Ibrutinib (PCI-32765),CHEMBL1873475,CHEMBL5251,Q06187,Tyrosine-protein kinase BTK,IC50,0.5,9.3,CHEMBL3888236
Ibrutinib (PCI-32765),CHEMBL1873475,CHEMBL2959,Q08881,Tyrosine-protein kinase ITK/TSK,IC50,11.7,7.93,CHEMBL3888237
Ibrutinib (PCI-32765),CHEMBL1873475,CHEMBL3834,P51813,Cytoplasmic tyrosine-protein kinase BMX,IC50,0.8,9.1,CHEMBL3888238
Ibrutinib (PCI-32765),CHEMBL1873475,CHEMBL4246,P42680,Tyrosine-protein kinase Tec,IC50,77.8,7.11,CHEMBL3888239
Ibrutinib (PCI-32765),CHEMBL1873475,CHEMBL203,P00533,Epidermal growth factor receptor,IC50,0.5,9.3,CHEMBL3888240
Ibrutinib (PCI-32765),CHEMBL1873475,CHEMBL3009,Q15303,Receptor tyrosine-protein kinase erbB-4,IC50,9.4,8.03,CHEMBL3888241
Ibrutinib (PCI-32765),CHEMBL1873475,CHEMBL3009,Q15303,Receptor tyrosine-protein kinase erbB-4,IC50,0.1,10.0,CHEMBL3888241
Ibrutinib (PCI-32765),CHEMBL1873475,CHEMBL258,P06239,Tyrosine-protein kinase Lck,IC50,2.0,8.7,CHEMBL3888242
Ibrutinib (PCI-32765),CHEMBL1873475,CHEMBL2250,P51451,Tyrosine-protein kinase Blk,IC50,0.5,9.3,CHEMBL3888243
Ibrutinib (PCI-32765),CHEMBL1873475,CHEMBL267,P12931,Proto-oncogene tyrosine-protein kinase Src,IC50,262.6,6.58,CHEMBL3888244
Ibrutinib (PCI-32765),CHEMBL1873475,CHEMBL4454,P09769,Tyrosine-protein kinase Fgr,IC50,2.3,8.64,CHEMBL3888245
Ibrutinib (PCI-32765),CHEMBL1873475,CHEMBL1841,P06241,Tyrosine-protein kinase Fyn,IC50,95.6,7.02,CHEMBL3888246
Ibrutinib (PCI-32765),CHEMBL1873475,CHEMBL3234,P08631,Tyrosine-protein kinase HCK,IC50,3.7,8.43,CHEMBL3888247
Ibrutinib (PCI-32765),CHEMBL1873475,CHEMBL3905,P07948,Tyrosine-protein kinase Lyn,IC50,16.2,7.79,CHEMBL3888248
Ibrutinib (PCI-32765),CHEMBL1873475,CHEMBL2073,P07947,Tyrosine-protein kinase Yes,IC50,6.5,8.19,CHEMBL3888249
Ibrutinib (PCI-32765),CHEMBL1873475,CHEMBL1862,P00519,Tyrosine-protein kinase ABL1,IC50,86.1,7.06,CHEMBL3888250
Ibrutinib (PCI-32765),CHEMBL1873475,CHEMBL4601,Q13882,Protein-tyrosine kinase 6,IC50,3.3,8.48,CHEMBL3888251
Ibrutinib (PCI-32765),CHEMBL1873475,CHEMBL2634,P41240,Tyrosine-protein kinase CSK,IC50,2.2,8.66,CHEMBL3888252
Ibrutinib (PCI-32765),CHEMBL1873475,CHEMBL3982,P16591,Tyrosine-protein kinase Fer,IC50,8070.0,5.09,CHEMBL3888253
Ibrutinib (PCI-32765),CHEMBL1873475,CHEMBL2148,P52333,Tyrosine-protein kinase JAK3,IC50,10.4,7.98,CHEMBL3888254
Ibrutinib (PCI-32765),CHEMBL1873475,CHEMBL2599,P43405,Tyrosine-protein kinase SYK,IC50,10000.0,5.0,CHEMBL3888255
Ibrutinib (PCI-32765),CHEMBL1873475,CHEMBL5251,Q06187,Tyrosine-protein kinase BTK,IC50,0.5,9.3,CHEMBL3888236
Ibrutinib (PCI-32765),CHEMBL1873475,CHEMBL2959,Q08881,Tyrosine-protein kinase ITK/TSK,IC50,11.7,7.93,CHEMBL3888237
Ibrutinib (PCI-32765),CHEMBL1873475,CHEMBL203,P00533,Epidermal growth factor receptor,IC50,0.5,9.3,CHEMBL3888240
Ibrutinib (PCI-32765),CHEMBL1873475,CHEMBL258,P06239,Tyrosine-protein kinase Lck,IC50,2.0,8.7,CHEMBL3888242
Ibrutinib (PCI-32765),CHEMBL1873475,CHEMBL2148,P52333,Tyrosine-protein kinase JAK3,IC50,10.4,7.98,CHEMBL3888254
Ibrutinib (PCI-32765),CHEMBL1873475,CHEMBL3830,Q2M2I8,AP2-associated protein kinase 1,Kd,30000.0,4.52,CHEMBL3991602
Ibrutinib (PCI-32765),CHEMBL1873475,CHEMBL1862,P00519,Tyrosine-protein kinase ABL1,Kd,1694.0,5.77,CHEMBL3991603
Ibrutinib (PCI-32765),CHEMBL1873475,CHEMBL4014,P42684,Tyrosine-protein kinase ABL2,Kd,919.0,6.04,CHEMBL3991604
Ibrutinib (PCI-32765),CHEMBL1873475,CHEMBL4105816,Q6JQN1,Acyl-CoA dehydrogenase family member 10,Kd,30000.0,4.52,CHEMBL3991605
Ibrutinib (PCI-32765),CHEMBL1873475,CHEMBL4105707,Q709F0,Acyl-CoA dehydrogenase family member 11,Kd,30000.0,4.52,CHEMBL3991606
Ibrutinib (PCI-32765),CHEMBL1873475,CHEMBL4105892,P49748,"Very long-chain specific acyl-CoA dehydrogenase, mitochondrial",Kd,30000.0,4.52,CHEMBL3991607
Ibrutinib (PCI-32765),CHEMBL1873475,CHEMBL4105817,O15254,Peroxisomal acyl-coenzyme A oxidase 3,Kd,30000.0,4.52,CHEMBL3991609
Ibrutinib (PCI-32765),CHEMBL1873475,CHEMBL6090,P61160,Actin-related protein 2,Kd,30000.0,4.52,CHEMBL3991611
Ibrutinib (PCI-32765),CHEMBL1873475,CHEMBL4105857,P61158,Actin-related protein 3,Kd,30000.0,4.52,CHEMBL3991612
Ibrutinib (PCI-32765),CHEMBL1873475,CHEMBL5903,Q04771,Activin receptor type-1,Kd,30000.0,4.52,CHEMBL3991613
Ibrutinib (PCI-32765),CHEMBL1873475,CHEMBL5310,P36896,Activin receptor type-1B,Kd,30000.0,4.52,CHEMBL3991614
Ibrutinib (PCI-32765),CHEMBL1873475,CHEMBL5466,Q13705,Activin receptor type-2B,Kd,30000.0,4.52,CHEMBL3991615
Ibrutinib (PCI-32765),CHEMBL1873475,CHEMBL4105885,Q86TW2,AarF domain-containing protein kinase 1,Kd,30000.0,4.52,CHEMBL3991617
Ibrutinib (PCI-32765),CHEMBL1873475,CHEMBL5550,Q8NI60,"Atypical kinase COQ8A, mitochondrial",Kd,30000.0,4.52,CHEMBL3991618
Ibrutinib (PCI-32765),CHEMBL1873475,CHEMBL3589,P55263,Adenosine kinase,Kd,30000.0,4.52,CHEMBL3991620
Ibrutinib (PCI-32765),CHEMBL1873475,CHEMBL4079,P25098,Beta-adrenergic receptor kinase 1,Kd,30000.0,4.52,CHEMBL3991621
Ibrutinib (PCI-32765),CHEMBL1873475,CHEMBL4938,P54819,"Adenylate kinase 2, mitochondrial",Kd,30000.0,4.52,CHEMBL3991622
Ibrutinib (PCI-32765),CHEMBL1873475,CHEMBL4282,P31749,RAC-alpha serine/threonine-protein kinase,Kd,30000.0,4.52,CHEMBL3991623
Idelalisib,CHEMBL2216870,CHEMBL3130,O00329,"Phosphatidylinositol 4,5-bisphosphate 3-kinase catalytic subunit delta isoform",IC50,6.1,8.21,CHEMBL2217314
Idelalisib,CHEMBL2216870,CHEMBL3130,O00329,"Phosphatidylinositol 4,5-bisphosphate 3-kinase catalytic subunit delta isoform",IC50,9.0,8.05,CHEMBL2217262
Idelalisib,CHEMBL2216870,CHEMBL3267,P48736,"Phosphatidylinositol 4,5-bisphosphate 3-kinase catalytic subunit gamma isoform",IC50,89.0,7.05,CHEMBL2330618
Idelalisib,CHEMBL2216870,CHEMBL3130,O00329,"Phosphatidylinositol 4,5-bisphosphate 3-kinase catalytic subunit delta isoform",IC50,2.5,8.6,CHEMBL2330619
Idelalisib,CHEMBL2216870,CHEMBL3145,P42338,"Phosphatidylinositol 4,5-bisphosphate 3-kinase catalytic subunit beta isoform",IC50,562.0,6.25,CHEMBL2330620
Idelalisib,CHEMBL2216870,CHEMBL4005,P42336,"Phosphatidylinositol 4,5-bisphosphate 3-kinase catalytic subunit alpha isoform",IC50,820.0,6.09,CHEMBL2330621
Idelalisib,CHEMBL2216870,CHEMBL3130,O00329,"Phosphatidylinositol 4,5-bisphosphate 3-kinase catalytic subunit delta isoform",IC50,2.5,8.6,CHEMBL3223609
Idelalisib,CHEMBL2216870,CHEMBL3267,P48736,"Phosphatidylinositol 4,5-bisphosphate 3-kinase catalytic subunit gamma isoform",IC50,89.0,7.05,CHEMBL3223604
Idelalisib,CHEMBL2216870,CHEMBL3145,P42338,"Phosphatidylinositol 4,5-bisphosphate 3-kinase catalytic subunit beta isoform",IC50,565.0,6.25,CHEMBL3223602
Idelalisib,CHEMBL2216870,CHEMBL4005,P42336,"Phosphatidylinositol 4,5-bisphosphate 3-kinase catalytic subunit alpha isoform",IC50,820.0,6.09,CHEMBL3223603
Idelalisib,CHEMBL2216870,CHEMBL2842,P42345,Serine/threonine-protein kinase mTOR,IC50,10000.0,5.0,CHEMBL3223610
Idelalisib,CHEMBL2216870,CHEMBL5554,O00750,Phosphatidylinositol 4-phosphate 3-kinase C2 domain-containing subunit beta,IC50,1000.0,6.0,CHEMBL3376670
Idelalisib,CHEMBL2216870,CHEMBL3130,O00329,"Phosphatidylinositol 4,5-bisphosphate 3-kinase catalytic subunit delta isoform",IC50,25.0,7.6,CHEMBL3376675
Idelalisib,CHEMBL2216870,CHEMBL3142,P78527,DNA-dependent protein kinase catalytic subunit,IC50,6700.0,5.17,CHEMBL3377243
Idelalisib,CHEMBL2216870,CHEMBL4005,P42336,"Phosphatidylinositol 4,5-bisphosphate 3-kinase catalytic subunit alpha isoform",IC50,9700.0,5.01,CHEMBL3404164
Idelalisib,CHEMBL2216870,CHEMBL3130,O00329,"Phosphatidylinositol 4,5-bisphosphate 3-kinase catalytic subunit delta isoform",IC50,2.7,8.57,CHEMBL3404165
Idelalisib,CHEMBL2216870,CHEMBL3130,O00329,"Phosphatidylinositol 4,5-bisphosphate 3-kinase catalytic subunit delta isoform",IC50,24.0,7.62,CHEMBL3404161
Idelalisib,CHEMBL2216870,CHEMBL3267,P48736,"Phosphatidylinositol 4,5-bisphosphate 3-kinase catalytic subunit gamma isoform",IC50,580.0,6.24,CHEMBL3404162
Idelalisib,CHEMBL2216870,CHEMBL3145,P42338,"Phosphatidylinositol 4,5-bisphosphate 3-kinase catalytic subunit beta isoform",IC50,1400.0,5.85,CHEMBL3404163
Idelalisib,CHEMBL2216870,CHEMBL3885615,,"Phosphatidylinositol 3-kinase regulatory subunit beta/Phosphatidylinositol 4,5-bisphosphate 3-kinase catalytic subunit beta isoform",IC50,579.0,6.24,CHEMBL3772550
Idelalisib,CHEMBL2216870,CHEMBL3267,P48736,"Phosphatidylinositol 4,5-bisphosphate 3-kinase catalytic subunit gamma isoform",IC50,92.0,7.04,CHEMBL3772542
Idelalisib,CHEMBL2216870,CHEMBL392,,A549,IC50,330.0,6.48,CHEMBL3772548
Idelalisib,CHEMBL2216870,CHEMBL395,,HepG2,IC50,920.0,6.04,CHEMBL3772547
Idelalisib,CHEMBL2216870,CHEMBL387,,MCF7,IC50,780.0,6.11,CHEMBL3772546
Idelalisib,CHEMBL2216870,CHEMBL399,,HeLa,IC50,150.0,6.82,CHEMBL3772545
Idelalisib,CHEMBL2216870,CHEMBL3130,O00329,"Phosphatidylinositol 4,5-bisphosphate 3-kinase catalytic subunit delta isoform",IC50,3.0,8.52,CHEMBL3772544
Idelalisib,CHEMBL2216870,CHEMBL2111367,,PI3-kinase p110-alpha/p85-alpha,IC50,825.0,6.08,CHEMBL3772543
Idelalisib,CHEMBL2216870,CHEMBL3267,P48736,"Phosphatidylinositol 4,5-bisphosphate 3-kinase catalytic subunit gamma isoform",IC50,64.0,7.19,CHEMBL3855895
Idelalisib,CHEMBL2216870,CHEMBL3130,O00329,"Phosphatidylinositol 4,5-bisphosphate 3-kinase catalytic subunit delta isoform",IC50,2.0,8.7,CHEMBL3855894
Idelalisib,CHEMBL2216870,CHEMBL5554,O00750,Phosphatidylinositol 4-phosphate 3-kinase C2 domain-containing subunit beta,IC50,1000.0,6.0,CHEMBL3861256
Idelalisib,CHEMBL2216870,CHEMBL2111432,,PI3-kinase p110-delta/p85-alpha,IC50,25.0,7.6,CHEMBL3861257
Idelalisib,CHEMBL2216870,CHEMBL1075165,Q8NEB9,Phosphatidylinositol 3-kinase catalytic subunit type 3,IC50,978000.0,3.01,CHEMBL3861258
Idelalisib,CHEMBL2216870,CHEMBL3142,P78527,DNA-dependent protein kinase catalytic subunit,IC50,6700.0,5.17,CHEMBL3861259
Idelalisib,CHEMBL2216870,CHEMBL3130,O00329,"Phosphatidylinositol 4,5-bisphosphate 3-kinase catalytic subunit delta isoform",IC50,9.0,8.05,CHEMBL3705144
Idelalisib,CHEMBL2216870,CHEMBL3130,O00329,"Phosphatidylinositol 4,5-bisphosphate 3-kinase catalytic subunit delta isoform",IC50,9.0,8.05,CHEMBL3706231
Idelalisib,CHEMBL2216870,CHEMBL3130,O00329,"Phosphatidylinositol 4,5-bisphosphate 3-kinase catalytic subunit delta isoform",IC50,9.0,8.05,CHEMBL3887314
Idelalisib,CHEMBL2216870,CHEMBL3830,Q2M2I8,AP2-associated protein kinase 1,Kd,30000.0,4.52,CHEMBL3991602
Idelalisib,CHEMBL2216870,CHEMBL1862,P00519,Tyrosine-protein kinase ABL1,Kd,30000.0,4.52,CHEMBL3991603
Idelalisib,CHEMBL2216870,CHEMBL4014,P42684,Tyrosine-protein kinase ABL2,Kd,30000.0,4.52,CHEMBL3991604
Idelalisib,CHEMBL2216870,CHEMBL4105816,Q6JQN1,Acyl-CoA dehydrogenase family member 10,Kd,30000.0,4.52,CHEMBL3991605
Idelalisib,CHEMBL2216870,CHEMBL4105707,Q709F0,Acyl-CoA dehydrogenase family member 11,Kd,30000.0,4.52,CHEMBL3991606
Idelalisib,CHEMBL2216870,CHEMBL4105892,P49748,"Very long-chain specific acyl-CoA dehydrogenase, mitochondrial",Kd,30000.0,4.52,CHEMBL3991607
Idelalisib,CHEMBL2216870,CHEMBL4105748,Q15067,Peroxisomal acyl-coenzyme A oxidase 1,Kd,30000.0,4.52,CHEMBL3991608
Idelalisib,CHEMBL2216870,CHEMBL4105817,O15254,Peroxisomal acyl-coenzyme A oxidase 3,Kd,30000.0,4.52,CHEMBL3991609
Idelalisib,CHEMBL2216870,CHEMBL4105818,Q9ULC5,Long-chain-fatty-acid--CoA ligase 5,Kd,30000.0,4.52,CHEMBL3991610
Idelalisib,CHEMBL2216870,CHEMBL6090,P61160,Actin-related protein 2,Kd,30000.0,4.52,CHEMBL3991611
Idelalisib,CHEMBL2216870,CHEMBL4105857,P61158,Actin-related protein 3,Kd,30000.0,4.52,CHEMBL3991612
Idelalisib,CHEMBL2216870,CHEMBL5903,Q04771,Activin receptor type-1,Kd,30000.0,4.52,CHEMBL3991613
Idelalisib,CHEMBL2216870,CHEMBL5310,P36896,Activin receptor type-1B,Kd,30000.0,4.52,CHEMBL3991614
Idelalisib,CHEMBL2216870,CHEMBL5466,Q13705,Activin receptor type-2B,Kd,30000.0,4.52,CHEMBL3991615
Idelalisib,CHEMBL2216870,CHEMBL4105885,Q86TW2,AarF domain-containing protein kinase 1,Kd,30000.0,4.52,CHEMBL3991617
Idelalisib,CHEMBL2216870,CHEMBL5550,Q8NI60,"Atypical kinase COQ8A, mitochondrial",Kd,30000.0,4.52,CHEMBL3991618
Idelalisib,CHEMBL2216870,CHEMBL4105886,Q3MIX3,Uncharacterized aarF domain-containing protein kinase 5,Kd,30000.0,4.52,CHEMBL3991619
Idelalisib,CHEMBL2216870,CHEMBL3589,P55263,Adenosine kinase,Kd,30000.0,4.52,CHEMBL3991620
Idelalisib,CHEMBL2216870,CHEMBL4079,P25098,Beta-adrenergic receptor kinase 1,Kd,30000.0,4.52,CHEMBL3991621
Idelalisib,CHEMBL2216870,CHEMBL4938,P54819,"Adenylate kinase 2, mitochondrial",Kd,30000.0,4.52,CHEMBL3991622
Idelalisib,CHEMBL2216870,CHEMBL4282,P31749,RAC-alpha serine/threonine-protein kinase,Kd,30000.0,4.52,CHEMBL3991623
Idelalisib,CHEMBL2216870,CHEMBL2431,P31751,RAC-beta serine/threonine-protein kinase,Kd,30000.0,4.52,CHEMBL3991624
Idelalisib,CHEMBL2216870,CHEMBL4816,Q9Y243,RAC-gamma serine/threonine-protein kinase,Kd,30000.0,4.52,CHEMBL3991625
Idelalisib,CHEMBL2216870,CHEMBL4105819,P07741,Adenine phosphoribosyltransferase,Kd,30000.0,4.52,CHEMBL3991627
Idelalisib,CHEMBL2216870,CHEMBL1169596,P10398,Serine/threonine-protein kinase A-Raf,Kd,30000.0,4.52,CHEMBL3991628
Idelalisib,CHEMBL2216870,CHEMBL5024,Q13535,Serine/threonine-protein kinase ATR,Kd,30000.0,4.52,CHEMBL3991629
Idelalisib,CHEMBL2216870,CHEMBL4722,O14965,Aurora kinase A,Kd,30000.0,4.52,CHEMBL3991630
Idelalisib,CHEMBL2216870,CHEMBL2185,Q96GD4,Aurora kinase B,Kd,30000.0,4.52,CHEMBL3991631
Idelalisib,CHEMBL2216870,CHEMBL5146,P11274,Breakpoint cluster region protein,Kd,30000.0,4.52,CHEMBL3991632
Idelalisib,CHEMBL2216870,CHEMBL4522,Q9NSY1,BMP-2-inducible protein kinase,Kd,30000.0,4.52,CHEMBL3991633
Idelalisib,CHEMBL2216870,CHEMBL5275,P36894,Bone morphogenetic protein receptor type-1A,Kd,30000.0,4.52,CHEMBL3991634
Idelalisib,CHEMBL2216870,CHEMBL5476,O00238,Bone morphogenetic protein receptor type-1B,Kd,30000.0,4.52,CHEMBL3991635
Idelalisib,CHEMBL2216870,CHEMBL5467,Q13873,Bone morphogenetic protein receptor type-2,Kd,30000.0,4.52,CHEMBL3991636
Idelalisib,CHEMBL2216870,CHEMBL5145,P15056,Serine/threonine-protein kinase B-raf,Kd,30000.0,4.52,CHEMBL3991637
Idelalisib,CHEMBL2216870,CHEMBL5251,Q06187,Tyrosine-protein kinase BTK,Kd,30000.0,4.52,CHEMBL3991638
Idelalisib,CHEMBL2216870,CHEMBL1772932,O43683,Mitotic checkpoint serine/threonine-protein kinase BUB1,Kd,30000.0,4.52,CHEMBL3991639
Idelalisib,CHEMBL2216870,CHEMBL2801,Q13557,Calcium/calmodulin-dependent protein kinase type II subunit delta,Kd,30000.0,4.52,CHEMBL3991641
Idelalisib,CHEMBL2216870,CHEMBL3829,Q13555,Calcium/calmodulin-dependent protein kinase type II subunit gamma,Kd,30000.0,4.52,CHEMBL3991642
Idelalisib,CHEMBL2216870,CHEMBL2494,Q16566,Calcium/calmodulin-dependent protein kinase type IV,Kd,30000.0,4.52,CHEMBL3991643
Idelalisib,CHEMBL2216870,CHEMBL5284,Q96RR4,Calcium/calmodulin-dependent protein kinase kinase 2,Kd,30000.0,4.52,CHEMBL3991644
Idelalisib,CHEMBL2216870,CHEMBL4105937,P49589,"Cysteine--tRNA ligase, cytoplasmic",Kd,30000.0,4.52,CHEMBL3991645
Idelalisib,CHEMBL2216870,CHEMBL4516,Q5VT25,Serine/threonine-protein kinase MRCK alpha,Kd,30000.0,4.52,CHEMBL3991646
Idelalisib,CHEMBL2216870,CHEMBL5052,Q9Y5S2,Serine/threonine-protein kinase MRCK beta,Kd,30000.0,4.52,CHEMBL3991647
Idelalisib,CHEMBL2216870,CHEMBL5615,Q6DT37,Serine/threonine-protein kinase MRCK gamma,Kd,30000.0,4.52,CHEMBL3991648
Idelalisib,CHEMBL2216870,CHEMBL308,P06493,Cyclin-dependent kinase 1,Kd,30000.0,4.52,CHEMBL3991650
Idelalisib,CHEMBL2216870,CHEMBL3559692,Q9NYV4,Cyclin-dependent kinase 12,Kd,30000.0,4.52,CHEMBL3991652
Idelalisib,CHEMBL2216870,CHEMBL1795192,Q14004,Cyclin-dependent kinase 13,Kd,30000.0,4.52,CHEMBL3991653
Idelalisib,CHEMBL2216870,CHEMBL4597,Q00536,Cyclin-dependent kinase 16,Kd,30000.0,4.52,CHEMBL3991654
Idelalisib,CHEMBL2216870,CHEMBL5790,Q00537,Cyclin-dependent kinase 17,Kd,30000.0,4.52,CHEMBL3991655
Idelalisib,CHEMBL2216870,CHEMBL301,P24941,Cyclin-dependent kinase 2,Kd,30000.0,4.52,CHEMBL3991657
Idelalisib,CHEMBL2216870,CHEMBL4442,Q00526,Cyclin-dependent kinase 3,Kd,30000.0,4.52,CHEMBL3991658
Idelalisib,CHEMBL2216870,CHEMBL331,P11802,Cyclin-dependent kinase 4,Kd,30000.0,4.52,CHEMBL3991659
Idelalisib,CHEMBL2216870,CHEMBL4036,Q00535,Cyclin-dependent kinase 5,Kd,30000.0,4.52,CHEMBL3991660
Idelalisib,CHEMBL2216870,CHEMBL2508,Q00534,Cyclin-dependent kinase 6,Kd,30000.0,4.52,CHEMBL3991661
Idelalisib,CHEMBL2216870,CHEMBL3055,P50613,Cyclin-dependent kinase 7,Kd,30000.0,4.52,CHEMBL3991662
Idelalisib,CHEMBL2216870,CHEMBL3116,P50750,Cyclin-dependent kinase 9,Kd,30000.0,4.52,CHEMBL3991663
Idelalisib,CHEMBL2216870,CHEMBL1163112,O76039,Cyclin-dependent kinase-like 5,Kd,30000.0,4.52,CHEMBL3991664
Idelalisib,CHEMBL2216870,CHEMBL4105742,Q14839,Chromodomain-helicase-DNA-binding protein 4,Kd,30000.0,4.52,CHEMBL3991665
Idelalisib,CHEMBL2216870,CHEMBL4630,O14757,Serine/threonine-protein kinase Chk1,Kd,30000.0,4.52,CHEMBL3991666
Idelalisib,CHEMBL2216870,CHEMBL5579,O14578,Citron Rho-interacting kinase,Kd,30000.0,4.52,CHEMBL3991667
Idelalisib,CHEMBL2216870,CHEMBL4224,P49759,Dual specificity protein kinase CLK1,Kd,30000.0,4.52,CHEMBL3991668
Idelalisib,CHEMBL2216870,CHEMBL4225,P49760,Dual specificity protein kinase CLK2,Kd,30000.0,4.52,CHEMBL3991669
Idelalisib,CHEMBL2216870,CHEMBL4203,Q9HAZ1,Dual specificity protein kinase CLK4,Kd,30000.0,4.52,CHEMBL3991671
Idelalisib,CHEMBL2216870,CHEMBL2634,P41240,Tyrosine-protein kinase CSK,Kd,30000.0,4.52,CHEMBL3991673
Imatinib,CHEMBL941,CHEMBL2111414,,Tyrosine-protein kinase ABL,IC50,40.0,7.4,CHEMBL846551
Imatinib,CHEMBL941,CHEMBL385,,K562,IC50,110.0,6.96,CHEMBL705013
Imatinib,CHEMBL941,CHEMBL385,,K562,IC50,400.0,6.4,CHEMBL700211
Imatinib,CHEMBL941,CHEMBL1913,P09619,Platelet-derived growth factor receptor beta,IC50,240.0,6.62,CHEMBL763440
Imatinib,CHEMBL941,CHEMBL1936,P10721,Mast/stem cell growth factor receptor Kit,IC50,260.0,6.59,CHEMBL766073
Imatinib,CHEMBL941,CHEMBL1974,P36888,Receptor-type tyrosine-protein kinase FLT3,IC50,30000.0,4.52,CHEMBL766072
Imatinib,CHEMBL941,CHEMBL1844,P07333,Macrophage colony-stimulating factor 1 receptor,IC50,960.0,6.02,CHEMBL766070
Imatinib,CHEMBL941,CHEMBL1862,P00519,Tyrosine-protein kinase ABL1,IC50,38.0,7.42,CHEMBL846547
Imatinib,CHEMBL941,CHEMBL203,P00533,Epidermal growth factor receptor,IC50,100000.0,4.0,CHEMBL675386
Imatinib,CHEMBL941,CHEMBL267,P12931,Proto-oncogene tyrosine-protein kinase Src,IC50,100000.0,4.0,CHEMBL822803
Imatinib,CHEMBL941,CHEMBL2095189,,Platelet-derived growth factor receptor,IC50,50.0,7.3,CHEMBL765715
Imatinib,CHEMBL941,CHEMBL2094138,,cAMP-dependent protein kinase (PKA),IC50,500000.0,3.3,CHEMBL767982
Imatinib,CHEMBL941,CHEMBL299,P17252,Protein kinase C alpha type,IC50,100000.0,4.0,CHEMBL767025
Imatinib,CHEMBL941,CHEMBL2996,Q05655,Protein kinase C delta type,IC50,100000.0,4.0,CHEMBL766318
Imatinib,CHEMBL941,CHEMBL1936,P10721,Mast/stem cell growth factor receptor Kit,IC50,100.0,7.0,CHEMBL880421
Imatinib,CHEMBL941,CHEMBL1936,P10721,Mast/stem cell growth factor receptor Kit,IC50,10000.0,5.0,CHEMBL873572
Imatinib,CHEMBL941,CHEMBL1936,P10721,Mast/stem cell growth factor receptor Kit,IC50,400.0,6.4,CHEMBL883395
Imatinib,CHEMBL941,CHEMBL1936,P10721,Mast/stem cell growth factor receptor Kit,IC50,5000.0,5.3,CHEMBL883229
Imatinib,CHEMBL941,CHEMBL2095189,,Platelet-derived growth factor receptor,IC50,50.0,7.3,CHEMBL857667
Imatinib,CHEMBL941,CHEMBL299,P17252,Protein kinase C alpha type,IC50,100000.0,4.0,CHEMBL882920
Imatinib,CHEMBL941,CHEMBL1862,P00519,Tyrosine-protein kinase ABL1,IC50,38.0,7.42,CHEMBL882911
Imatinib,CHEMBL941,CHEMBL267,P12931,Proto-oncogene tyrosine-protein kinase Src,IC50,100000.0,4.0,CHEMBL872195
Imatinib,CHEMBL941,CHEMBL1936,P10721,Mast/stem cell growth factor receptor Kit,IC50,100.0,7.0,CHEMBL872194
Imatinib,CHEMBL941,CHEMBL4223,P42685,Tyrosine-protein kinase FRK,Kd,3500.0,5.46,CHEMBL860775
Imatinib,CHEMBL941,CHEMBL4525,Q9UEE5,Serine/threonine-protein kinase 17A,Kd,2800.0,5.55,CHEMBL859487
Imatinib,CHEMBL941,CHEMBL1862,P00519,Tyrosine-protein kinase ABL1,Kd,110.0,6.96,CHEMBL859870
Imatinib,CHEMBL941,CHEMBL2637,P53779,Mitogen-activated protein kinase 10,Kd,3300.0,5.48,CHEMBL860894
Imatinib,CHEMBL941,CHEMBL4014,P42684,Tyrosine-protein kinase ABL2,Kd,13.0,7.89,CHEMBL860899
Imatinib,CHEMBL941,CHEMBL4179,P45984,Mitogen-activated protein kinase 9,Kd,5200.0,5.28,CHEMBL860895
Imatinib,CHEMBL941,CHEMBL4134,P29322,Ephrin type-A receptor 8,Kd,2100.0,5.68,CHEMBL860777
Imatinib,CHEMBL941,CHEMBL1862,P00519,Tyrosine-protein kinase ABL1,Kd,14.0,7.85,CHEMBL859872
Imatinib,CHEMBL941,CHEMBL258,P06239,Tyrosine-protein kinase Lck,Kd,62.0,7.21,CHEMBL860915
Imatinib,CHEMBL941,CHEMBL1862,P00519,Tyrosine-protein kinase ABL1,Kd,24.0,7.62,CHEMBL859869
Imatinib,CHEMBL941,CHEMBL1862,P00519,Tyrosine-protein kinase ABL1,Kd,44.0,7.36,CHEMBL861044
Imatinib,CHEMBL941,CHEMBL1862,P00519,Tyrosine-protein kinase ABL1,Kd,2.2,8.66,CHEMBL859868
Imatinib,CHEMBL941,CHEMBL1862,P00519,Tyrosine-protein kinase ABL1,Kd,62.0,7.21,CHEMBL859871
Imatinib,CHEMBL941,CHEMBL1862,P00519,Tyrosine-protein kinase ABL1,Kd,6200.0,5.21,CHEMBL859873
Imatinib,CHEMBL941,CHEMBL4355,O14976,Cyclin-G-associated kinase,Kd,3600.0,5.44,CHEMBL860789
Imatinib,CHEMBL941,CHEMBL1841,P06241,Tyrosine-protein kinase Fyn,Kd,5500.0,5.26,CHEMBL860888
Imatinib,CHEMBL941,CHEMBL3788,O00444,Serine/threonine-protein kinase PLK4,Kd,9000.0,5.05,CHEMBL860784
Imatinib,CHEMBL941,CHEMBL1936,P10721,Mast/stem cell growth factor receptor Kit,Kd,830.0,6.08,CHEMBL860918
Imatinib,CHEMBL941,CHEMBL1913,P09619,Platelet-derived growth factor receptor beta,Kd,28.0,7.55,CHEMBL860919
Imatinib,CHEMBL941,CHEMBL4224,P49759,Dual specificity protein kinase CLK1,Kd,4500.0,5.35,CHEMBL860774
Imatinib,CHEMBL941,CHEMBL4203,Q9HAZ1,Dual specificity protein kinase CLK4,Kd,4200.0,5.38,CHEMBL860652
Imatinib,CHEMBL941,CHEMBL2276,P45983,Mitogen-activated protein kinase 8,Kd,3200.0,5.49,CHEMBL860799
Imatinib,CHEMBL941,CHEMBL385,,K562,IC50,182.0,6.74,CHEMBL862168
Imatinib,CHEMBL941,CHEMBL612794,,U-937,IC50,14000.0,4.85,CHEMBL862170
Imatinib,CHEMBL941,CHEMBL2007,P16234,Platelet-derived growth factor receptor alpha,IC50,96.0,7.02,CHEMBL860933
Imatinib,CHEMBL941,CHEMBL1936,P10721,Mast/stem cell growth factor receptor Kit,IC50,219.0,6.66,CHEMBL860934
Imatinib,CHEMBL941,CHEMBL2111387,,NPM/ALK (Nucleophosmin/ALK tyrosine kinase receptor),IC50,30000.0,4.52,CHEMBL911505
Imatinib,CHEMBL941,CHEMBL2111387,,NPM/ALK (Nucleophosmin/ALK tyrosine kinase receptor),IC50,30000.0,4.52,CHEMBL911510
Imatinib,CHEMBL941,CHEMBL2111387,,NPM/ALK (Nucleophosmin/ALK tyrosine kinase receptor),IC50,30000.0,4.52,CHEMBL913213
Imatinib,CHEMBL941,CHEMBL2111387,,NPM/ALK (Nucleophosmin/ALK tyrosine kinase receptor),IC50,100000.0,4.0,CHEMBL913212
Imatinib,CHEMBL941,CHEMBL1862,P00519,Tyrosine-protein kinase ABL1,IC50,40.0,7.4,CHEMBL888888
Imatinib,CHEMBL941,CHEMBL385,,K562,IC50,180.0,6.74,CHEMBL888889
Imatinib,CHEMBL941,CHEMBL1862,P00519,Tyrosine-protein kinase ABL1,IC50,470.0,6.33,CHEMBL892514
Imatinib,CHEMBL941,CHEMBL3905,P07948,Tyrosine-protein kinase Lyn,IC50,220.0,6.66,CHEMBL892515
Imatinib,CHEMBL941,CHEMBL4302,P08183,ATP-dependent translocase ABCB1,IC50,12589.25,4.9,CHEMBL925481
Imatinib,CHEMBL941,CHEMBL4302,P08183,ATP-dependent translocase ABCB1,IC50,7244.36,5.14,CHEMBL925479
Imatinib,CHEMBL941,CHEMBL267,P12931,Proto-oncogene tyrosine-protein kinase Src,Ki,31000.0,4.51,CHEMBL932075
Imatinib,CHEMBL941,CHEMBL1862,P00519,Tyrosine-protein kinase ABL1,Ki,13.0,7.89,CHEMBL932076
Imatinib,CHEMBL941,CHEMBL5319,Q08345,Epithelial discoidin domain-containing receptor 1,IC50,31000.0,4.51,CHEMBL990559
Imatinib,CHEMBL941,CHEMBL5393,Q9UNQ0,Broad substrate specificity ATP-binding cassette transporter ABCG2,IC50,4897.79,5.31,CHEMBL974473
Imatinib,CHEMBL941,CHEMBL4302,P08183,ATP-dependent translocase ABCB1,IC50,7244.36,5.14,CHEMBL974470
Imatinib,CHEMBL941,CHEMBL385,,K562,IC50,49.0,7.31,CHEMBL1022427
Imatinib,CHEMBL941,CHEMBL1862,P00519,Tyrosine-protein kinase ABL1,IC50,1100.0,5.96,CHEMBL1022422
Imatinib,CHEMBL941,CHEMBL399,,HeLa,IC50,18650.0,4.73,CHEMBL1022421
Imatinib,CHEMBL941,CHEMBL325,Q13547,Histone deacetylase 1,IC50,100000.0,4.0,CHEMBL1022418
Imatinib,CHEMBL941,CHEMBL1865,Q9UBN7,Histone deacetylase 6,IC50,100000.0,4.0,CHEMBL1022419
Imatinib,CHEMBL941,CHEMBL1913,P09619,Platelet-derived growth factor receptor beta,IC50,240.0,6.62,CHEMBL1022424
Imatinib,CHEMBL941,CHEMBL279,P35968,Vascular endothelial growth factor receptor 2,IC50,25800.0,4.59,CHEMBL1022425
Imatinib,CHEMBL941,CHEMBL1862,P00519,Tyrosine-protein kinase ABL1,IC50,100000.0,4.0,CHEMBL1022423
Imatinib,CHEMBL941,CHEMBL392,,A549,IC50,15500.0,4.81,CHEMBL1009095
Imatinib,CHEMBL941,CHEMBL614489,,EOL1,IC50,0.2,9.7,CHEMBL1018859
Imatinib,CHEMBL941,CHEMBL382,,CCRF-CEM,IC50,36000.0,4.44,CHEMBL1016199
Imatinib,CHEMBL941,CHEMBL396,,NCI-H460,IC50,24000.0,4.62,CHEMBL1009094
Imatinib,CHEMBL941,CHEMBL614805,,NCI-H69,IC50,32000.0,4.49,CHEMBL1009096
Imatinib,CHEMBL941,CHEMBL387,,MCF7,IC50,30000.0,4.52,CHEMBL1009097
Imatinib,CHEMBL941,CHEMBL614335,,MDA-MB-468,IC50,17000.0,4.77,CHEMBL1009098
Imatinib,CHEMBL941,CHEMBL400,,MDA-MB-231,IC50,37000.0,4.43,CHEMBL1009099
Imatinib,CHEMBL941,CHEMBL613834,,SK-BR-3,IC50,39000.0,4.41,CHEMBL1009100
Imatinib,CHEMBL941,CHEMBL614925,,SK-OV-3,IC50,53000.0,4.28,CHEMBL1009101
Imatinib,CHEMBL941,CHEMBL614004,,A2780,IC50,48000.0,4.32,CHEMBL1018031
Imatinib,CHEMBL941,CHEMBL612263,,HCT-15,IC50,25000.0,4.6,CHEMBL1018033
Imatinib,CHEMBL941,CHEMBL394,,HCT-116,IC50,10000.0,5.0,CHEMBL1018034
Imatinib,CHEMBL941,CHEMBL390,,PC-3,IC50,24000.0,4.62,CHEMBL1018035
Imatinib,CHEMBL941,CHEMBL612588,,ASPC1,IC50,44000.0,4.36,CHEMBL1018036
Imatinib,CHEMBL941,CHEMBL1075408,,CAL-27,IC50,22000.0,4.66,CHEMBL1018037
Imatinib,CHEMBL941,CHEMBL614069,,A-431,IC50,31000.0,4.51,CHEMBL1018038
Imatinib,CHEMBL941,CHEMBL614894,,SAOS-2,IC50,26000.0,4.59,CHEMBL1018040
Imatinib,CHEMBL941,CHEMBL614540,,CCRF-CEM/VCR-1000,IC50,37000.0,4.43,CHEMBL1018861
Imatinib,CHEMBL941,CHEMBL396,,NCI-H460,IC50,25118.86,4.6,CHEMBL1009094
Imatinib,CHEMBL941,CHEMBL392,,A549,IC50,19952.62,4.7,CHEMBL1009095
Imatinib,CHEMBL941,CHEMBL614805,,NCI-H69,IC50,31622.78,4.5,CHEMBL1009096
Imatinib,CHEMBL941,CHEMBL387,,MCF7,IC50,31622.78,4.5,CHEMBL1009097
Imatinib,CHEMBL941,CHEMBL614335,,MDA-MB-468,IC50,15848.93,4.8,CHEMBL1009098
Imatinib,CHEMBL941,CHEMBL400,,MDA-MB-231,IC50,39810.72,4.4,CHEMBL1009099
Imatinib,CHEMBL941,CHEMBL613834,,SK-BR-3,IC50,39810.72,4.4,CHEMBL1009100
Imatinib,CHEMBL941,CHEMBL614925,,SK-OV-3,IC50,50118.72,4.3,CHEMBL1009101
Imatinib,CHEMBL941,CHEMBL614004,,A2780,IC50,50118.72,4.3,CHEMBL1018031
Indisulam,CHEMBL77517,CHEMBL261,P00915,Carbonic anhydrase 1,Ki,30.0,7.52,CHEMBL657830
Indisulam,CHEMBL77517,CHEMBL205,P00918,Carbonic anhydrase 2,Ki,15.0,7.82,CHEMBL657846
Indisulam,CHEMBL77517,CHEMBL3594,Q16790,Carbonic anhydrase 9,Ki,24.0,7.62,CHEMBL657969
Indisulam,CHEMBL77517,CHEMBL261,P00915,Carbonic anhydrase 1,Ki,31.0,7.51,CHEMBL873716
Indisulam,CHEMBL77517,CHEMBL205,P00918,Carbonic anhydrase 2,Ki,15.0,7.82,CHEMBL657154
Indisulam,CHEMBL77517,CHEMBL3594,Q16790,Carbonic anhydrase 9,Ki,24.0,7.62,CHEMBL657968
Indisulam,CHEMBL77517,CHEMBL261,P00915,Carbonic anhydrase 1,IC50,31.0,7.51,CHEMBL874533
Indisulam,CHEMBL77517,CHEMBL205,P00918,Carbonic anhydrase 2,IC50,15.0,7.82,CHEMBL657918
Indisulam,CHEMBL77517,CHEMBL394,,HCT-116,IC50,210.0,6.68,CHEMBL692790
Indisulam,CHEMBL77517,CHEMBL394,,HCT-116,IC50,29000.0,4.54,CHEMBL692791
Indisulam,CHEMBL77517,CHEMBL261,P00915,Carbonic anhydrase 1,Ki,30.0,7.52,CHEMBL662723
Indisulam,CHEMBL77517,CHEMBL205,P00918,Carbonic anhydrase 2,Ki,15.0,7.82,CHEMBL658041
Indisulam,CHEMBL77517,CHEMBL3594,Q16790,Carbonic anhydrase 9,Ki,24.0,7.62,CHEMBL657038
Indisulam,CHEMBL77517,CHEMBL261,P00915,Carbonic anhydrase 1,Ki,31.0,7.51,CHEMBL827891
Indisulam,CHEMBL77517,CHEMBL205,P00918,Carbonic anhydrase 2,Ki,15.0,7.82,CHEMBL828777
Indisulam,CHEMBL77517,CHEMBL3594,Q16790,Carbonic anhydrase 9,Ki,24.0,7.62,CHEMBL828778
Indisulam,CHEMBL77517,CHEMBL261,P00915,Carbonic anhydrase 1,Ki,31.0,7.51,CHEMBL839585
Indisulam,CHEMBL77517,CHEMBL205,P00918,Carbonic anhydrase 2,Ki,15.0,7.82,CHEMBL838677
Indisulam,CHEMBL77517,CHEMBL3594,Q16790,Carbonic anhydrase 9,Ki,24.0,7.62,CHEMBL829116
Indisulam,CHEMBL77517,CHEMBL261,P00915,Carbonic anhydrase 1,Ki,31.0,7.51,CHEMBL828779
Indisulam,CHEMBL77517,CHEMBL205,P00918,Carbonic anhydrase 2,Ki,15.0,7.82,CHEMBL828795
Indisulam,CHEMBL77517,CHEMBL3594,Q16790,Carbonic anhydrase 9,Ki,24.0,7.62,CHEMBL828796
Indisulam,CHEMBL77517,CHEMBL261,P00915,Carbonic anhydrase 1,Ki,31.0,7.51,CHEMBL828770
Indisulam,CHEMBL77517,CHEMBL205,P00918,Carbonic anhydrase 2,Ki,15.0,7.82,CHEMBL828781
Indisulam,CHEMBL77517,CHEMBL3594,Q16790,Carbonic anhydrase 9,Ki,24.0,7.62,CHEMBL828783
Indisulam,CHEMBL77517,CHEMBL261,P00915,Carbonic anhydrase 1,Ki,31.0,7.51,CHEMBL827063
Indisulam,CHEMBL77517,CHEMBL205,P00918,Carbonic anhydrase 2,Ki,15.0,7.82,CHEMBL828903
Indisulam,CHEMBL77517,CHEMBL3594,Q16790,Carbonic anhydrase 9,Ki,24.0,7.62,CHEMBL828906
Indisulam,CHEMBL77517,CHEMBL261,P00915,Carbonic anhydrase 1,Ki,31.0,7.51,CHEMBL830213
Indisulam,CHEMBL77517,CHEMBL205,P00918,Carbonic anhydrase 2,Ki,15.0,7.82,CHEMBL830081
Indisulam,CHEMBL77517,CHEMBL3594,Q16790,Carbonic anhydrase 9,Ki,24.0,7.62,CHEMBL830080
Indisulam,CHEMBL77517,CHEMBL261,P00915,Carbonic anhydrase 1,Ki,31.0,7.51,CHEMBL827065
Indisulam,CHEMBL77517,CHEMBL205,P00918,Carbonic anhydrase 2,Ki,15.0,7.82,CHEMBL828905
Indisulam,CHEMBL77517,CHEMBL3594,Q16790,Carbonic anhydrase 9,Ki,24.0,7.62,CHEMBL828908
Indisulam,CHEMBL77517,CHEMBL261,P00915,Carbonic anhydrase 1,Ki,31.0,7.51,CHEMBL828219
Indisulam,CHEMBL77517,CHEMBL205,P00918,Carbonic anhydrase 2,Ki,15.0,7.82,CHEMBL827383
Indisulam,CHEMBL77517,CHEMBL3594,Q16790,Carbonic anhydrase 9,Ki,24.0,7.62,CHEMBL827384
Indisulam,CHEMBL77517,CHEMBL3242,O43570,Carbonic anhydrase 12,Ki,3.4,8.47,CHEMBL839523
Indisulam,CHEMBL77517,CHEMBL261,P00915,Carbonic anhydrase 1,Ki,31.0,7.51,CHEMBL881701
Indisulam,CHEMBL77517,CHEMBL205,P00918,Carbonic anhydrase 2,Ki,15.0,7.82,CHEMBL881702
Indisulam,CHEMBL77517,CHEMBL3594,Q16790,Carbonic anhydrase 9,Ki,24.0,7.62,CHEMBL881707
Indisulam,CHEMBL77517,CHEMBL205,P00918,Carbonic anhydrase 2,Ki,15.0,7.82,CHEMBL881708
Indisulam,CHEMBL77517,CHEMBL3594,Q16790,Carbonic anhydrase 9,Ki,24.0,7.62,CHEMBL881709
Indisulam,CHEMBL77517,CHEMBL205,P00918,Carbonic anhydrase 2,Ki,15.0,7.82,CHEMBL862669
Indisulam,CHEMBL77517,CHEMBL4789,P35218,"Carbonic anhydrase 5A, mitochondrial",Ki,79.0,7.1,CHEMBL862670
Indisulam,CHEMBL77517,CHEMBL3969,Q9Y2D0,"Carbonic anhydrase 5B, mitochondrial",Ki,23.0,7.64,CHEMBL862671
Indisulam,CHEMBL77517,CHEMBL261,P00915,Carbonic anhydrase 1,Ki,31.0,7.51,CHEMBL864357
Indisulam,CHEMBL77517,CHEMBL205,P00918,Carbonic anhydrase 2,Ki,15.0,7.82,CHEMBL861559
Indisulam,CHEMBL77517,CHEMBL261,P00915,Carbonic anhydrase 1,Ki,31.0,7.51,CHEMBL863823
Indisulam,CHEMBL77517,CHEMBL205,P00918,Carbonic anhydrase 2,Ki,15.0,7.82,CHEMBL863824
Indisulam,CHEMBL77517,CHEMBL3594,Q16790,Carbonic anhydrase 9,Ki,24.0,7.62,CHEMBL867417
Indisulam,CHEMBL77517,CHEMBL205,P00918,Carbonic anhydrase 2,Ki,15.0,7.82,CHEMBL867416
Indisulam,CHEMBL77517,CHEMBL261,P00915,Carbonic anhydrase 1,Ki,31.0,7.51,CHEMBL867415
Indisulam,CHEMBL77517,CHEMBL261,P00915,Carbonic anhydrase 1,Ki,31.0,7.51,CHEMBL912679
Indisulam,CHEMBL77517,CHEMBL205,P00918,Carbonic anhydrase 2,Ki,15.0,7.82,CHEMBL912680
Indisulam,CHEMBL77517,CHEMBL3594,Q16790,Carbonic anhydrase 9,Ki,24.0,7.62,CHEMBL912681
Indisulam,CHEMBL77517,CHEMBL3242,O43570,Carbonic anhydrase 12,Ki,3.4,8.47,CHEMBL912682
Indisulam,CHEMBL77517,CHEMBL261,P00915,Carbonic anhydrase 1,Ki,31.0,7.51,CHEMBL907133
Indisulam,CHEMBL77517,CHEMBL205,P00918,Carbonic anhydrase 2,Ki,15.0,7.82,CHEMBL907134
Indisulam,CHEMBL77517,CHEMBL3594,Q16790,Carbonic anhydrase 9,Ki,24.0,7.62,CHEMBL907135
Indisulam,CHEMBL77517,CHEMBL3025,P23280,Carbonic anhydrase 6,Ki,47.0,7.33,CHEMBL911283
Indisulam,CHEMBL77517,CHEMBL261,P00915,Carbonic anhydrase 1,Ki,31.0,7.51,CHEMBL911284
Indisulam,CHEMBL77517,CHEMBL205,P00918,Carbonic anhydrase 2,Ki,15.0,7.82,CHEMBL911285
Indisulam,CHEMBL77517,CHEMBL3594,Q16790,Carbonic anhydrase 9,Ki,24.0,7.62,CHEMBL911286
Indisulam,CHEMBL77517,CHEMBL261,P00915,Carbonic anhydrase 1,Ki,31.0,7.51,CHEMBL919950
Indisulam,CHEMBL77517,CHEMBL205,P00918,Carbonic anhydrase 2,Ki,15.0,7.82,CHEMBL919951
Indisulam,CHEMBL77517,CHEMBL3594,Q16790,Carbonic anhydrase 9,Ki,24.0,7.62,CHEMBL919952
Indisulam,CHEMBL77517,CHEMBL261,P00915,Carbonic anhydrase 1,Ki,31.0,7.51,CHEMBL904077
Indisulam,CHEMBL77517,CHEMBL205,P00918,Carbonic anhydrase 2,Ki,15.0,7.82,CHEMBL904078
Indisulam,CHEMBL77517,CHEMBL3594,Q16790,Carbonic anhydrase 9,Ki,24.0,7.62,CHEMBL904079
Indisulam,CHEMBL77517,CHEMBL2885,P07451,Carbonic anhydrase 3,Ki,10400.0,4.98,CHEMBL898699
Indisulam,CHEMBL77517,CHEMBL3594,Q16790,Carbonic anhydrase 9,Ki,24.0,7.62,CHEMBL951054
Indisulam,CHEMBL77517,CHEMBL261,P00915,Carbonic anhydrase 1,Ki,31.0,7.51,CHEMBL924879
Indisulam,CHEMBL77517,CHEMBL205,P00918,Carbonic anhydrase 2,Ki,15.0,7.82,CHEMBL924880
Indisulam,CHEMBL77517,CHEMBL3594,Q16790,Carbonic anhydrase 9,Ki,24.0,7.62,CHEMBL930512
Indisulam,CHEMBL77517,CHEMBL261,P00915,Carbonic anhydrase 1,Ki,31.0,7.51,CHEMBL1015321
Indisulam,CHEMBL77517,CHEMBL205,P00918,Carbonic anhydrase 2,Ki,15.0,7.82,CHEMBL1015322
Indisulam,CHEMBL77517,CHEMBL261,P00915,Carbonic anhydrase 1,Ki,31.0,7.51,CHEMBL993108
Indisulam,CHEMBL77517,CHEMBL205,P00918,Carbonic anhydrase 2,Ki,15.0,7.82,CHEMBL993109
Indisulam,CHEMBL77517,CHEMBL261,P00915,Carbonic anhydrase 1,Ki,31.0,7.51,CHEMBL1031353
Indisulam,CHEMBL77517,CHEMBL205,P00918,Carbonic anhydrase 2,Ki,15.0,7.82,CHEMBL1031354
Indisulam,CHEMBL77517,CHEMBL3025,P23280,Carbonic anhydrase 6,Ki,47.0,7.33,CHEMBL1031355
Indisulam,CHEMBL77517,CHEMBL3594,Q16790,Carbonic anhydrase 9,Ki,24.0,7.62,CHEMBL1031356
Indisulam,CHEMBL77517,CHEMBL261,P00915,Carbonic anhydrase 1,Ki,31.0,7.51,CHEMBL1002983
Indisulam,CHEMBL77517,CHEMBL205,P00918,Carbonic anhydrase 2,Ki,15.0,7.82,CHEMBL1002984
Indisulam,CHEMBL77517,CHEMBL205,P00918,Carbonic anhydrase 2,Ki,7840.0,5.11,CHEMBL938998
Indisulam,CHEMBL77517,CHEMBL261,P00915,Carbonic anhydrase 1,Ki,97.0,7.01,CHEMBL938997
Indisulam,CHEMBL77517,CHEMBL205,P00918,Carbonic anhydrase 2,Ki,15.0,7.82,CHEMBL1063127
Indisulam,CHEMBL77517,CHEMBL261,P00915,Carbonic anhydrase 1,Ki,31.0,7.51,CHEMBL1063128
Indisulam,CHEMBL77517,CHEMBL261,P00915,Carbonic anhydrase 1,Ki,31.0,7.51,CHEMBL1038577
Indisulam,CHEMBL77517,CHEMBL205,P00918,Carbonic anhydrase 2,Ki,15.0,7.82,CHEMBL1038578
Indisulam,CHEMBL77517,CHEMBL205,P00918,Carbonic anhydrase 2,Ki,15.0,7.82,CHEMBL1063842
Indisulam,CHEMBL77517,CHEMBL261,P00915,Carbonic anhydrase 1,Ki,31.0,7.51,CHEMBL1119398
Indisulam,CHEMBL77517,CHEMBL205,P00918,Carbonic anhydrase 2,Ki,15.0,7.82,CHEMBL1119399
Indisulam,CHEMBL77517,CHEMBL3594,Q16790,Carbonic anhydrase 9,Ki,24.0,7.62,CHEMBL1119400
Indisulam,CHEMBL77517,CHEMBL3242,O43570,Carbonic anhydrase 12,Ki,3.4,8.47,CHEMBL1167309
Indisulam,CHEMBL77517,CHEMBL3594,Q16790,Carbonic anhydrase 9,Ki,24.0,7.62,CHEMBL1167308
Indisulam,CHEMBL77517,CHEMBL205,P00918,Carbonic anhydrase 2,Ki,15.0,7.82,CHEMBL1167307
Indisulam,CHEMBL77517,CHEMBL261,P00915,Carbonic anhydrase 1,Ki,31.0,7.51,CHEMBL1167306
Indisulam,CHEMBL77517,CHEMBL3510,Q9ULX7,Carbonic anhydrase 14,Ki,104.0,6.98,CHEMBL1167310
JNJ-38877605,CHEMBL2133806,CHEMBL3717,P08581,Hepatocyte growth factor receptor,IC50,1.0,9.0,CHEMBL3583343
JNJ-38877605,CHEMBL2133806,CHEMBL3717,P08581,Hepatocyte growth factor receptor,IC50,4.0,8.4,CHEMBL3767620
JNJ-38877605,CHEMBL2133806,CHEMBL3717,P08581,Hepatocyte growth factor receptor,IC50,9.5,8.02,CHEMBL3802638
JNJ-38877605,CHEMBL2133806,CHEMBL3717,P08581,Hepatocyte growth factor receptor,IC50,5.5,8.26,CHEMBL3802637
JNJ-38877605,CHEMBL2133806,CHEMBL3717,P08581,Hepatocyte growth factor receptor,IC50,0.95,9.02,CHEMBL3801041
JNJ-38877605,CHEMBL2133806,CHEMBL3717,P08581,Hepatocyte growth factor receptor,IC50,3.0,8.52,CHEMBL3706358
JNJ-38877605,CHEMBL2133806,CHEMBL2094125,,Phosphodiesterase 3,IC50,4000.0,5.4,CHEMBL3706359
JNJ-38877605,CHEMBL2133806,CHEMBL3830,Q2M2I8,AP2-associated protein kinase 1,Kd,30000.0,4.52,CHEMBL3991602
JNJ-38877605,CHEMBL2133806,CHEMBL1862,P00519,Tyrosine-protein kinase ABL1,Kd,30000.0,4.52,CHEMBL3991603
JNJ-38877605,CHEMBL2133806,CHEMBL4014,P42684,Tyrosine-protein kinase ABL2,Kd,30000.0,4.52,CHEMBL3991604
JNJ-38877605,CHEMBL2133806,CHEMBL4105816,Q6JQN1,Acyl-CoA dehydrogenase family member 10,Kd,30000.0,4.52,CHEMBL3991605
JNJ-38877605,CHEMBL2133806,CHEMBL4105707,Q709F0,Acyl-CoA dehydrogenase family member 11,Kd,30000.0,4.52,CHEMBL3991606
JNJ-38877605,CHEMBL2133806,CHEMBL4105892,P49748,"Very long-chain specific acyl-CoA dehydrogenase, mitochondrial",Kd,30000.0,4.52,CHEMBL3991607
JNJ-38877605,CHEMBL2133806,CHEMBL4105748,Q15067,Peroxisomal acyl-coenzyme A oxidase 1,Kd,30000.0,4.52,CHEMBL3991608
JNJ-38877605,CHEMBL2133806,CHEMBL4105817,O15254,Peroxisomal acyl-coenzyme A oxidase 3,Kd,30000.0,4.52,CHEMBL3991609
JNJ-38877605,CHEMBL2133806,CHEMBL4105818,Q9ULC5,Long-chain-fatty-acid--CoA ligase 5,Kd,30000.0,4.52,CHEMBL3991610
JNJ-38877605,CHEMBL2133806,CHEMBL6090,P61160,Actin-related protein 2,Kd,30000.0,4.52,CHEMBL3991611
JNJ-38877605,CHEMBL2133806,CHEMBL4105857,P61158,Actin-related protein 3,Kd,30000.0,4.52,CHEMBL3991612
JNJ-38877605,CHEMBL2133806,CHEMBL5903,Q04771,Activin receptor type-1,Kd,30000.0,4.52,CHEMBL3991613
JNJ-38877605,CHEMBL2133806,CHEMBL5310,P36896,Activin receptor type-1B,Kd,30000.0,4.52,CHEMBL3991614
JNJ-38877605,CHEMBL2133806,CHEMBL5466,Q13705,Activin receptor type-2B,Kd,30000.0,4.52,CHEMBL3991615
JNJ-38877605,CHEMBL2133806,CHEMBL4105885,Q86TW2,AarF domain-containing protein kinase 1,Kd,30000.0,4.52,CHEMBL3991617
JNJ-38877605,CHEMBL2133806,CHEMBL5550,Q8NI60,"Atypical kinase COQ8A, mitochondrial",Kd,30000.0,4.52,CHEMBL3991618
JNJ-38877605,CHEMBL2133806,CHEMBL4105886,Q3MIX3,Uncharacterized aarF domain-containing protein kinase 5,Kd,30000.0,4.52,CHEMBL3991619
JNJ-38877605,CHEMBL2133806,CHEMBL3589,P55263,Adenosine kinase,Kd,30000.0,4.52,CHEMBL3991620
JNJ-38877605,CHEMBL2133806,CHEMBL4079,P25098,Beta-adrenergic receptor kinase 1,Kd,30000.0,4.52,CHEMBL3991621
JNJ-38877605,CHEMBL2133806,CHEMBL4938,P54819,"Adenylate kinase 2, mitochondrial",Kd,30000.0,4.52,CHEMBL3991622
JNJ-38877605,CHEMBL2133806,CHEMBL4282,P31749,RAC-alpha serine/threonine-protein kinase,Kd,30000.0,4.52,CHEMBL3991623
JNJ-38877605,CHEMBL2133806,CHEMBL2431,P31751,RAC-beta serine/threonine-protein kinase,Kd,30000.0,4.52,CHEMBL3991624
JNJ-38877605,CHEMBL2133806,CHEMBL4816,Q9Y243,RAC-gamma serine/threonine-protein kinase,Kd,30000.0,4.52,CHEMBL3991625
JNJ-38877605,CHEMBL2133806,CHEMBL4105819,P07741,Adenine phosphoribosyltransferase,Kd,30000.0,4.52,CHEMBL3991627
JNJ-38877605,CHEMBL2133806,CHEMBL1169596,P10398,Serine/threonine-protein kinase A-Raf,Kd,30000.0,4.52,CHEMBL3991628
JNJ-38877605,CHEMBL2133806,CHEMBL5024,Q13535,Serine/threonine-protein kinase ATR,Kd,30000.0,4.52,CHEMBL3991629
JNJ-38877605,CHEMBL2133806,CHEMBL4722,O14965,Aurora kinase A,Kd,30000.0,4.52,CHEMBL3991630
JNJ-38877605,CHEMBL2133806,CHEMBL2185,Q96GD4,Aurora kinase B,Kd,30000.0,4.52,CHEMBL3991631
JNJ-38877605,CHEMBL2133806,CHEMBL5146,P11274,Breakpoint cluster region protein,Kd,30000.0,4.52,CHEMBL3991632
JNJ-38877605,CHEMBL2133806,CHEMBL4522,Q9NSY1,BMP-2-inducible protein kinase,Kd,30000.0,4.52,CHEMBL3991633
JNJ-38877605,CHEMBL2133806,CHEMBL5275,P36894,Bone morphogenetic protein receptor type-1A,Kd,30000.0,4.52,CHEMBL3991634
JNJ-38877605,CHEMBL2133806,CHEMBL5476,O00238,Bone morphogenetic protein receptor type-1B,Kd,30000.0,4.52,CHEMBL3991635
JNJ-38877605,CHEMBL2133806,CHEMBL5467,Q13873,Bone morphogenetic protein receptor type-2,Kd,30000.0,4.52,CHEMBL3991636
JNJ-38877605,CHEMBL2133806,CHEMBL5145,P15056,Serine/threonine-protein kinase B-raf,Kd,30000.0,4.52,CHEMBL3991637
JNJ-38877605,CHEMBL2133806,CHEMBL5251,Q06187,Tyrosine-protein kinase BTK,Kd,30000.0,4.52,CHEMBL3991638
JNJ-38877605,CHEMBL2133806,CHEMBL1772932,O43683,Mitotic checkpoint serine/threonine-protein kinase BUB1,Kd,30000.0,4.52,CHEMBL3991639
JNJ-38877605,CHEMBL2133806,CHEMBL2801,Q13557,Calcium/calmodulin-dependent protein kinase type II subunit delta,Kd,30000.0,4.52,CHEMBL3991641
JNJ-38877605,CHEMBL2133806,CHEMBL3829,Q13555,Calcium/calmodulin-dependent protein kinase type II subunit gamma,Kd,30000.0,4.52,CHEMBL3991642
JNJ-38877605,CHEMBL2133806,CHEMBL2494,Q16566,Calcium/calmodulin-dependent protein kinase type IV,Kd,30000.0,4.52,CHEMBL3991643
JNJ-38877605,CHEMBL2133806,CHEMBL5284,Q96RR4,Calcium/calmodulin-dependent protein kinase kinase 2,Kd,30000.0,4.52,CHEMBL3991644
JNJ-38877605,CHEMBL2133806,CHEMBL4516,Q5VT25,Serine/threonine-protein kinase MRCK alpha,Kd,30000.0,4.52,CHEMBL3991646
JNJ-38877605,CHEMBL2133806,CHEMBL5052,Q9Y5S2,Serine/threonine-protein kinase MRCK beta,Kd,30000.0,4.52,CHEMBL3991647
JNJ-38877605,CHEMBL2133806,CHEMBL5615,Q6DT37,Serine/threonine-protein kinase MRCK gamma,Kd,30000.0,4.52,CHEMBL3991648
JNJ-38877605,CHEMBL2133806,CHEMBL5443,O00311,Cell division cycle 7-related protein kinase,Kd,30000.0,4.52,CHEMBL3991649
JNJ-38877605,CHEMBL2133806,CHEMBL308,P06493,Cyclin-dependent kinase 1,Kd,30000.0,4.52,CHEMBL3991650
JNJ-38877605,CHEMBL2133806,CHEMBL1795191,Q15131,Cyclin-dependent kinase 10,Kd,30000.0,4.52,CHEMBL3991651
JNJ-38877605,CHEMBL2133806,CHEMBL3559692,Q9NYV4,Cyclin-dependent kinase 12,Kd,30000.0,4.52,CHEMBL3991652
JNJ-38877605,CHEMBL2133806,CHEMBL1795192,Q14004,Cyclin-dependent kinase 13,Kd,30000.0,4.52,CHEMBL3991653
JNJ-38877605,CHEMBL2133806,CHEMBL4597,Q00536,Cyclin-dependent kinase 16,Kd,30000.0,4.52,CHEMBL3991654
JNJ-38877605,CHEMBL2133806,CHEMBL5790,Q00537,Cyclin-dependent kinase 17,Kd,30000.0,4.52,CHEMBL3991655
JNJ-38877605,CHEMBL2133806,CHEMBL301,P24941,Cyclin-dependent kinase 2,Kd,30000.0,4.52,CHEMBL3991657
JNJ-38877605,CHEMBL2133806,CHEMBL4442,Q00526,Cyclin-dependent kinase 3,Kd,30000.0,4.52,CHEMBL3991658
JNJ-38877605,CHEMBL2133806,CHEMBL331,P11802,Cyclin-dependent kinase 4,Kd,30000.0,4.52,CHEMBL3991659
JNJ-38877605,CHEMBL2133806,CHEMBL4036,Q00535,Cyclin-dependent kinase 5,Kd,30000.0,4.52,CHEMBL3991660
JNJ-38877605,CHEMBL2133806,CHEMBL2508,Q00534,Cyclin-dependent kinase 6,Kd,30000.0,4.52,CHEMBL3991661
JNJ-38877605,CHEMBL2133806,CHEMBL3055,P50613,Cyclin-dependent kinase 7,Kd,30000.0,4.52,CHEMBL3991662
JNJ-38877605,CHEMBL2133806,CHEMBL3116,P50750,Cyclin-dependent kinase 9,Kd,30000.0,4.52,CHEMBL3991663
JNJ-38877605,CHEMBL2133806,CHEMBL1163112,O76039,Cyclin-dependent kinase-like 5,Kd,30000.0,4.52,CHEMBL3991664
JNJ-38877605,CHEMBL2133806,CHEMBL4105742,Q14839,Chromodomain-helicase-DNA-binding protein 4,Kd,30000.0,4.52,CHEMBL3991665
JNJ-38877605,CHEMBL2133806,CHEMBL4630,O14757,Serine/threonine-protein kinase Chk1,Kd,30000.0,4.52,CHEMBL3991666
JNJ-38877605,CHEMBL2133806,CHEMBL5579,O14578,Citron Rho-interacting kinase,Kd,30000.0,4.52,CHEMBL3991667
JNJ-38877605,CHEMBL2133806,CHEMBL4224,P49759,Dual specificity protein kinase CLK1,Kd,30000.0,4.52,CHEMBL3991668
JNJ-38877605,CHEMBL2133806,CHEMBL4225,P49760,Dual specificity protein kinase CLK2,Kd,30000.0,4.52,CHEMBL3991669
JNJ-38877605,CHEMBL2133806,CHEMBL4226,P49761,Dual specificity protein kinase CLK3,Kd,30000.0,4.52,CHEMBL3991670
JNJ-38877605,CHEMBL2133806,CHEMBL4203,Q9HAZ1,Dual specificity protein kinase CLK4,Kd,30000.0,4.52,CHEMBL3991671
JNJ-38877605,CHEMBL2133806,CHEMBL2634,P41240,Tyrosine-protein kinase CSK,Kd,30000.0,4.52,CHEMBL3991673
JNJ-38877605,CHEMBL2133806,CHEMBL2793,P48729,Casein kinase I isoform alpha,Kd,30000.0,4.52,CHEMBL3991674
JNJ-38877605,CHEMBL2133806,CHEMBL2828,P48730,Casein kinase I isoform delta,Kd,30000.0,4.52,CHEMBL3991675
JNJ-38877605,CHEMBL2133806,CHEMBL4937,P49674,Casein kinase I isoform epsilon,Kd,30000.0,4.52,CHEMBL3991676
JNJ-38877605,CHEMBL2133806,CHEMBL2426,Q9HCP0,Casein kinase I isoform gamma-1,Kd,30000.0,4.52,CHEMBL3991677
JNJ-38877605,CHEMBL2133806,CHEMBL5084,Q9Y6M4,Casein kinase I isoform gamma-3,Kd,30000.0,4.52,CHEMBL3991679
JNJ-38877605,CHEMBL2133806,CHEMBL4070,P19784,Casein kinase II subunit alpha',Kd,30000.0,4.52,CHEMBL3991681
JNJ-38877605,CHEMBL2133806,CHEMBL4105975,P08574,"Cytochrome c1, heme protein, mitochondrial",Kd,30000.0,4.52,CHEMBL3991682
JNJ-38877605,CHEMBL2133806,CHEMBL2447,P27707,Deoxycytidine kinase,Kd,30000.0,4.52,CHEMBL3991683
JNJ-38877605,CHEMBL2133806,CHEMBL3769292,Q9H773,dCTP pyrophosphatase 1,Kd,30000.0,4.52,CHEMBL3991684
JNJ-38877605,CHEMBL2133806,CHEMBL5319,Q08345,Epithelial discoidin domain-containing receptor 1,Kd,30000.0,4.52,CHEMBL3991685
JNJ-38877605,CHEMBL2133806,CHEMBL5122,Q16832,Discoidin domain-containing receptor 2,Kd,30000.0,4.52,CHEMBL3991686
JNJ-38877605,CHEMBL2133806,CHEMBL2010634,Q92499,ATP-dependent RNA helicase DDX1,Kd,30000.0,4.52,CHEMBL3991687
JNJ-38877605,CHEMBL2133806,CHEMBL5553,O00571,ATP-dependent RNA helicase DDX3X,Kd,30000.0,4.52,CHEMBL3991688
JNJ-38877605,CHEMBL2133806,CHEMBL4105782,Q86XP3,ATP-dependent RNA helicase DDX42,Kd,30000.0,4.52,CHEMBL3991689
JNJ-38877605,CHEMBL2133806,CHEMBL4105783,P26196,Probable ATP-dependent RNA helicase DDX6,Kd,30000.0,4.52,CHEMBL3991690
JNJ-38877605,CHEMBL2133806,CHEMBL2331059,Q15392,Delta(24)-sterol reductase,Kd,30000.0,4.52,CHEMBL3991691
JNJ-38877605,CHEMBL2133806,CHEMBL4105814,Q7L2E3,ATP-dependent RNA helicase DHX30,Kd,30000.0,4.52,CHEMBL3991692
JNJ-38877605,CHEMBL2133806,CHEMBL2189122,P31689,DnaJ homolog subfamily A member 1,Kd,30000.0,4.52,CHEMBL3991693
JNJ-38877605,CHEMBL2133806,CHEMBL2292,Q13627,Dual specificity tyrosine-phosphorylation-regulated kinase 1A,Kd,30000.0,4.52,CHEMBL3991694
JNJ-38877605,CHEMBL2133806,CHEMBL203,P00533,Epidermal growth factor receptor,Kd,30000.0,4.52,CHEMBL3991696
JNJ-38877605,CHEMBL2133806,CHEMBL6029,Q9BQI3,Eukaryotic translation initiation factor 2-alpha kinase 1,Kd,30000.0,4.52,CHEMBL3991697
JNJ-38877605,CHEMBL2133806,CHEMBL4105852,O60841,Eukaryotic translation initiation factor 5B,Kd,30000.0,4.52,CHEMBL3991699
JNJ-38877605,CHEMBL2133806,CHEMBL5810,P21709,Ephrin type-A receptor 1,Kd,30000.0,4.52,CHEMBL3991700
JNJ-38877605,CHEMBL2133806,CHEMBL2068,P29317,Ephrin type-A receptor 2,Kd,30000.0,4.52,CHEMBL3991701
JNJ-38877605,CHEMBL2133806,CHEMBL3988,P54764,Ephrin type-A receptor 4,Kd,30000.0,4.52,CHEMBL3991702
JNJ-38877605,CHEMBL2133806,CHEMBL3987,P54756,Ephrin type-A receptor 5,Kd,30000.0,4.52,CHEMBL3991703
JNJ-38877605,CHEMBL2133806,CHEMBL4602,Q15375,Ephrin type-A receptor 7,Kd,30000.0,4.52,CHEMBL3991704
KW-2449,CHEMBL1908397,CHEMBL4224,P49759,Dual specificity protein kinase CLK1,Kd,64.0,7.19,CHEMBL1908461
KW-2449,CHEMBL1908397,CHEMBL5608,Q16288,NT-3 growth factor receptor,Kd,250.0,6.6,CHEMBL1908462
KW-2449,CHEMBL1908397,CHEMBL4674,P53778,Mitogen-activated protein kinase 12,Kd,10000.0,5.0,CHEMBL1908463
KW-2449,CHEMBL1908397,CHEMBL5331,Q12866,Tyrosine-protein kinase Mer,Kd,750.0,6.12,CHEMBL1908464
KW-2449,CHEMBL1908397,CHEMBL5668,P78362,SRSF protein kinase 2,Kd,15.0,7.82,CHEMBL1908465
KW-2449,CHEMBL1908397,CHEMBL3935,Q9UQB9,Aurora kinase C,Kd,59.0,7.23,CHEMBL1908466
KW-2449,CHEMBL1908397,CHEMBL2801,Q13557,Calcium/calmodulin-dependent protein kinase type II subunit delta,Kd,10000.0,5.0,CHEMBL1908467
KW-2449,CHEMBL1908397,CHEMBL5404,Q86UE8,Serine/threonine-protein kinase tousled-like 2,Kd,1800.0,5.74,CHEMBL1908468
KW-2449,CHEMBL1908397,CHEMBL2185,Q96GD4,Aurora kinase B,Kd,88.0,7.06,CHEMBL1908469
KW-2449,CHEMBL1908397,CHEMBL4045,Q13131,5'-AMP-activated protein kinase catalytic subunit alpha-1,Kd,430.0,6.37,CHEMBL1908470
KW-2449,CHEMBL1908397,CHEMBL6149,Q9Y2K2,Serine/threonine-protein kinase SIK3,Kd,2300.0,5.64,CHEMBL1908471
KW-2449,CHEMBL1908397,CHEMBL3938,O75716,Serine/threonine-protein kinase 16,Kd,29.0,7.54,CHEMBL1908472
KW-2449,CHEMBL1908397,CHEMBL5790,Q00537,Cyclin-dependent kinase 17,Kd,1900.0,5.72,CHEMBL1908473
KW-2449,CHEMBL1908397,CHEMBL5122,Q16832,Discoidin domain-containing receptor 2,Kd,2100.0,5.68,CHEMBL1908474
KW-2449,CHEMBL1908397,CHEMBL5311,P37023,Activin receptor type-1-like,Kd,10000.0,5.0,CHEMBL1908475
KW-2449,CHEMBL1908397,CHEMBL5251,Q06187,Tyrosine-protein kinase BTK,Kd,1000.0,6.0,CHEMBL1908476
KW-2449,CHEMBL1908397,CHEMBL331,P11802,Cyclin-dependent kinase 4,Kd,820.0,6.09,CHEMBL1908477
KW-2449,CHEMBL1908397,CHEMBL331,P11802,Cyclin-dependent kinase 4,Kd,730.0,6.14,CHEMBL1908478
KW-2449,CHEMBL1908397,CHEMBL2742,P22607,Fibroblast growth factor receptor 3,Kd,1200.0,5.92,CHEMBL1908479
KW-2449,CHEMBL1908397,CHEMBL2742,P22607,Fibroblast growth factor receptor 3,Kd,280.0,6.55,CHEMBL1908480
KW-2449,CHEMBL1908397,CHEMBL1981,P06213,Insulin receptor,Kd,400.0,6.4,CHEMBL1908481
KW-2449,CHEMBL1908397,CHEMBL2148,P52333,Tyrosine-protein kinase JAK3,Kd,39.0,7.41,CHEMBL1908482
KW-2449,CHEMBL1908397,CHEMBL1936,P10721,Mast/stem cell growth factor receptor Kit,Kd,53.0,7.28,CHEMBL1908483
KW-2449,CHEMBL1908397,CHEMBL1936,P10721,Mast/stem cell growth factor receptor Kit,Kd,860.0,6.07,CHEMBL1908484
KW-2449,CHEMBL1908397,CHEMBL1936,P10721,Mast/stem cell growth factor receptor Kit,Kd,240.0,6.62,CHEMBL1908485
KW-2449,CHEMBL1908397,CHEMBL1936,P10721,Mast/stem cell growth factor receptor Kit,Kd,160.0,6.8,CHEMBL1908486
KW-2449,CHEMBL1908397,CHEMBL1936,P10721,Mast/stem cell growth factor receptor Kit,Kd,21.0,7.68,CHEMBL1908487
KW-2449,CHEMBL1908397,CHEMBL1936,P10721,Mast/stem cell growth factor receptor Kit,Kd,23.0,7.64,CHEMBL1908488
KW-2449,CHEMBL1908397,CHEMBL1936,P10721,Mast/stem cell growth factor receptor Kit,Kd,12.0,7.92,CHEMBL1908489
KW-2449,CHEMBL1908397,CHEMBL1936,P10721,Mast/stem cell growth factor receptor Kit,Kd,76.0,7.12,CHEMBL1908490
KW-2449,CHEMBL1908397,CHEMBL3717,P08581,Hepatocyte growth factor receptor,Kd,170.0,6.77,CHEMBL1908491
KW-2449,CHEMBL1908397,CHEMBL3717,P08581,Hepatocyte growth factor receptor,Kd,210.0,6.68,CHEMBL1908492
KW-2449,CHEMBL1908397,CHEMBL3717,P08581,Hepatocyte growth factor receptor,Kd,570.0,6.24,CHEMBL1908493
KW-2449,CHEMBL1908397,CHEMBL2349,P15735,"Phosphorylase b kinase gamma catalytic chain, liver/testis isoform",Kd,140.0,6.85,CHEMBL1908494
KW-2449,CHEMBL1908397,CHEMBL5606,Q15831,Serine/threonine-protein kinase STK11,Kd,240.0,6.62,CHEMBL1908495
KW-2449,CHEMBL1908397,CHEMBL4128,Q02763,Angiopoietin-1 receptor,Kd,1100.0,5.96,CHEMBL1908496
KW-2449,CHEMBL1908397,CHEMBL1957,P08069,Insulin-like growth factor 1 receptor,Kd,920.0,6.04,CHEMBL1908497
KW-2449,CHEMBL1908397,CHEMBL1163127,Q6ZN16,Mitogen-activated protein kinase kinase kinase 15,Kd,10000.0,5.0,CHEMBL1908498
KW-2449,CHEMBL1908397,CHEMBL5407,Q86V86,Serine/threonine-protein kinase pim-3,Kd,10000.0,5.0,CHEMBL1908499
KW-2449,CHEMBL1908397,CHEMBL2527,O96017,Serine/threonine-protein kinase Chk2,Kd,95.0,7.02,CHEMBL1908500
KW-2449,CHEMBL1908397,CHEMBL1824,P04626,Receptor tyrosine-protein kinase erbB-2,Kd,10000.0,5.0,CHEMBL1908501
KW-2449,CHEMBL1908397,CHEMBL3906,Q15349,Ribosomal protein S6 kinase alpha-2,Kd,7500.0,5.12,CHEMBL1908502
KW-2449,CHEMBL1908397,CHEMBL3125,O75676,Ribosomal protein S6 kinase alpha-4,Kd,2200.0,5.66,CHEMBL1908503
KW-2449,CHEMBL1908397,CHEMBL4599,Q07912,Activated CDC42 kinase 1,Kd,1600.0,5.8,CHEMBL1908504
KW-2449,CHEMBL1908397,CHEMBL2815,P04629,High affinity nerve growth factor receptor,Kd,270.0,6.57,CHEMBL1908505
KW-2449,CHEMBL1908397,CHEMBL5426,Q86YV6,Myosin light chain kinase family member 4,Kd,170.0,6.77,CHEMBL1908506
KW-2449,CHEMBL1908397,CHEMBL5358,Q9P2K8,eIF-2-alpha kinase GCN2,Kd,330.0,6.48,CHEMBL1908507
KW-2449,CHEMBL1908397,CHEMBL4482,O96013,Serine/threonine-protein kinase PAK 4,Kd,1500.0,5.82,CHEMBL1908508
KW-2449,CHEMBL1908397,CHEMBL1163129,Q52WX2,Serine/threonine-protein kinase SBK1,Kd,580.0,6.24,CHEMBL1908509
KW-2449,CHEMBL1908397,CHEMBL5518,Q8N4C8,Misshapen-like kinase 1,Kd,25.0,7.6,CHEMBL1908510
KW-2449,CHEMBL1908397,CHEMBL5519,Q8N568,Serine/threonine-protein kinase DCLK2,Kd,10000.0,5.0,CHEMBL1908511
KW-2449,CHEMBL1908397,CHEMBL3009,Q15303,Receptor tyrosine-protein kinase erbB-4,Kd,10000.0,5.0,CHEMBL1908512
KW-2449,CHEMBL1908397,CHEMBL5749,Q92918,Mitogen-activated protein kinase kinase kinase kinase 1,Kd,63.0,7.2,CHEMBL1908513
KW-2449,CHEMBL1908397,CHEMBL4526,Q9UF33,Ephrin type-A receptor 6,Kd,1500.0,5.82,CHEMBL1908445
KW-2449,CHEMBL1908397,CHEMBL5654,Q8WXR4,Myosin-IIIb,Kd,6000.0,5.22,CHEMBL1908514
KW-2449,CHEMBL1908397,CHEMBL5047,Q6PHR2,Serine/threonine-protein kinase ULK3,Kd,120.0,6.92,CHEMBL1908515
KW-2449,CHEMBL1908397,CHEMBL5903,Q04771,Activin receptor type-1,Kd,140.0,6.85,CHEMBL1908516
KW-2449,CHEMBL1908397,CHEMBL5466,Q13705,Activin receptor type-2B,Kd,370.0,6.43,CHEMBL1908517
KW-2449,CHEMBL1908397,CHEMBL6150,Q8WU08,Serine/threonine-protein kinase 32A,Kd,4400.0,5.36,CHEMBL1908518
KW-2449,CHEMBL1908397,CHEMBL1163117,Q8IVW4,Cyclin-dependent kinase-like 3,Kd,10000.0,5.0,CHEMBL1908519
KW-2449,CHEMBL1908397,CHEMBL4718,Q9BUB5,MAP kinase-interacting serine/threonine-protein kinase 1,Kd,10000.0,5.0,CHEMBL1908520
KW-2449,CHEMBL1908397,CHEMBL5969,Q99755,Phosphatidylinositol 4-phosphate 5-kinase type-1 alpha,Kd,51.0,7.29,CHEMBL1908521
KW-2449,CHEMBL1908397,CHEMBL5476,O00238,Bone morphogenetic protein receptor type-1B,Kd,120.0,6.92,CHEMBL1908522
KW-2449,CHEMBL1908397,CHEMBL5467,Q13873,Bone morphogenetic protein receptor type-2,Kd,370.0,6.43,CHEMBL1908523
KW-2449,CHEMBL1908397,CHEMBL4121,Q13554,Calcium/calmodulin-dependent protein kinase type II subunit beta,Kd,10000.0,5.0,CHEMBL1908524
KW-2449,CHEMBL1908397,CHEMBL4442,Q00526,Cyclin-dependent kinase 3,Kd,10000.0,5.0,CHEMBL1908525
KW-2449,CHEMBL1908397,CHEMBL5719,P49336,Cyclin-dependent kinase 8,Kd,10000.0,5.0,CHEMBL1908526
KW-2449,CHEMBL1908397,CHEMBL3116,P50750,Cyclin-dependent kinase 9,Kd,10000.0,5.0,CHEMBL1908527
KW-2449,CHEMBL1908397,CHEMBL4630,O14757,Serine/threonine-protein kinase Chk1,Kd,710.0,6.15,CHEMBL1908528
KW-2449,CHEMBL1908397,CHEMBL3476,O15111,Inhibitor of nuclear factor kappa-B kinase subunit alpha,Kd,180.0,6.74,CHEMBL1908529
KW-2449,CHEMBL1908397,CHEMBL2543,P78368,Casein kinase I isoform gamma-2,Kd,580.0,6.24,CHEMBL1908530
KW-2449,CHEMBL1908397,CHEMBL2468,O43293,Death-associated protein kinase 3,Kd,310.0,6.51,CHEMBL1908531
KW-2449,CHEMBL1908397,CHEMBL1163101,O75460,Serine/threonine-protein kinase/endoribonuclease IRE1,Kd,3500.0,5.46,CHEMBL1908532
KW-2449,CHEMBL1908397,CHEMBL1991,O14920,Inhibitor of nuclear factor kappa-B kinase subunit beta,Kd,430.0,6.37,CHEMBL1908533
KW-2449,CHEMBL1908397,CHEMBL3357,P51617,Interleukin-1 receptor-associated kinase 1,Kd,48.0,7.32,CHEMBL1908534
KW-2449,CHEMBL1908397,CHEMBL5616,P27037,Activin receptor type-2A,Kd,320.0,6.49,CHEMBL1908535
KW-2449,CHEMBL1908397,CHEMBL2431,P31751,RAC-beta serine/threonine-protein kinase,Kd,10000.0,5.0,CHEMBL1908536
KW-2449,CHEMBL1908397,CHEMBL4895,P30530,Tyrosine-protein kinase receptor UFO,Kd,180.0,6.74,CHEMBL1908537
KW-2449,CHEMBL1908397,CHEMBL2250,P51451,Tyrosine-protein kinase Blk,Kd,3500.0,5.46,CHEMBL1908538
KW-2449,CHEMBL1908397,CHEMBL3834,P51813,Cytoplasmic tyrosine-protein kinase BMX,Kd,1900.0,5.72,CHEMBL1908539
KW-2449,CHEMBL1908397,CHEMBL2494,Q16566,Calcium/calmodulin-dependent protein kinase type IV,Kd,10000.0,5.0,CHEMBL1908540
KW-2449,CHEMBL1908397,CHEMBL301,P24941,Cyclin-dependent kinase 2,Kd,10000.0,5.0,CHEMBL1908541
KW-2449,CHEMBL1908397,CHEMBL3055,P50613,Cyclin-dependent kinase 7,Kd,190.0,6.72,CHEMBL1908542
KW-2449,CHEMBL1908397,CHEMBL2793,P48729,Casein kinase I isoform alpha,Kd,1200.0,5.92,CHEMBL1908543
KW-2449,CHEMBL1908397,CHEMBL4937,P49674,Casein kinase I isoform epsilon,Kd,630.0,6.2,CHEMBL1908544
KW-2449,CHEMBL1908397,CHEMBL3629,P68400,Casein kinase II subunit alpha,Kd,1200.0,5.92,CHEMBL1908545
KW-2449,CHEMBL1908397,CHEMBL4070,P19784,Casein kinase II subunit alpha',Kd,230.0,6.64,CHEMBL1908546
KW-2449,CHEMBL1908397,CHEMBL5319,Q08345,Epithelial discoidin domain-containing receptor 1,Kd,3200.0,5.49,CHEMBL1908547
KW-2449,CHEMBL1908397,CHEMBL5838,P21860,Receptor tyrosine-protein kinase erbB-3,Kd,10000.0,5.0,CHEMBL1908548
KW-2449,CHEMBL1908397,CHEMBL5455,P07332,Tyrosine-protein kinase Fes/Fps,Kd,750.0,6.12,CHEMBL1908549
KW-2449,CHEMBL1908397,CHEMBL1868,P17948,Vascular endothelial growth factor receptor 1,Kd,73.0,7.14,CHEMBL1908550
KW-2449,CHEMBL1908397,CHEMBL1955,P35916,Vascular endothelial growth factor receptor 3,Kd,1300.0,5.89,CHEMBL1908551
KW-2449,CHEMBL1908397,CHEMBL4223,P42685,Tyrosine-protein kinase FRK,Kd,2100.0,5.68,CHEMBL1908552
KW-2449,CHEMBL1908397,CHEMBL262,P49841,Glycogen synthase kinase-3 beta,Kd,10000.0,5.0,CHEMBL1908553
KW-2449,CHEMBL1908397,CHEMBL3234,P08631,Tyrosine-protein kinase HCK,Kd,4300.0,5.37,CHEMBL1908554
KW-2449,CHEMBL1908397,CHEMBL2835,P23458,Tyrosine-protein kinase JAK1,Kd,190.0,6.72,CHEMBL1908555
KW-2449,CHEMBL1908397,CHEMBL2835,P23458,Tyrosine-protein kinase JAK1,Kd,1200.0,5.92,CHEMBL1908556
KW-2449,CHEMBL1908397,CHEMBL279,P35968,Vascular endothelial growth factor receptor 2,Kd,120.0,6.92,CHEMBL1908557
KW-2449,CHEMBL1908397,CHEMBL3836,P53667,LIM domain kinase 1,Kd,10000.0,5.0,CHEMBL1908558
KW-2449,CHEMBL1908397,CHEMBL3905,P07948,Tyrosine-protein kinase Lyn,Kd,3100.0,5.51,CHEMBL1908559
LY-333531,CHEMBL91829,CHEMBL2938,P05129,Protein kinase C gamma type,IC50,300.0,6.52,CHEMBL767417
LY-333531,CHEMBL91829,CHEMBL299,P17252,Protein kinase C alpha type,IC50,360.0,6.44,CHEMBL767708
LY-333531,CHEMBL91829,CHEMBL3045,P05771,Protein kinase C beta type,IC50,6.0,8.22,CHEMBL768097
LY-333531,CHEMBL91829,CHEMBL299,P17252,Protein kinase C alpha type,IC50,360.0,6.44,CHEMBL768516
LY-333531,CHEMBL91829,CHEMBL3045,P05771,Protein kinase C beta type,IC50,4.7,8.33,CHEMBL761757
LY-333531,CHEMBL91829,CHEMBL3045,P05771,Protein kinase C beta type,IC50,5.9,8.23,CHEMBL764575
LY-333531,CHEMBL91829,CHEMBL2938,P05129,Protein kinase C gamma type,IC50,300.0,6.52,CHEMBL767413
LY-333531,CHEMBL91829,CHEMBL2996,Q05655,Protein kinase C delta type,IC50,250.0,6.6,CHEMBL768252
LY-333531,CHEMBL91829,CHEMBL3582,Q02156,Protein kinase C epsilon type,IC50,600.0,6.22,CHEMBL769112
LY-333531,CHEMBL91829,CHEMBL3438,Q05513,Protein kinase C zeta type,IC50,100000.0,4.0,CHEMBL771067
LY-333531,CHEMBL91829,CHEMBL3616,P24723,Protein kinase C eta type,IC50,52.0,7.28,CHEMBL770091
LY-333531,CHEMBL91829,CHEMBL267,P12931,Proto-oncogene tyrosine-protein kinase Src,IC50,100000.0,4.0,CHEMBL808763
LY-333531,CHEMBL91829,CHEMBL3045,P05771,Protein kinase C beta type,IC50,4.7,8.33,CHEMBL828575
LY-333531,CHEMBL91829,CHEMBL3045,P05771,Protein kinase C beta type,IC50,5.9,8.23,CHEMBL828576
LY-333531,CHEMBL91829,CHEMBL5256,Q8N5S9,Calcium/calmodulin-dependent protein kinase kinase 1,Kd,1500.0,5.82,CHEMBL860658
LY-333531,CHEMBL91829,CHEMBL4597,Q00536,Cyclin-dependent kinase 16,Kd,8000.0,5.1,CHEMBL860663
LY-333531,CHEMBL91829,CHEMBL5284,Q96RR4,Calcium/calmodulin-dependent protein kinase kinase 2,Kd,1100.0,5.96,CHEMBL860655
LY-333531,CHEMBL91829,CHEMBL2147,P11309,Serine/threonine-protein kinase pim-1,Kd,55.0,7.26,CHEMBL860908
LY-333531,CHEMBL91829,CHEMBL4523,Q9P1W9,Serine/threonine-protein kinase pim-2,Kd,130.0,6.89,CHEMBL859489
LY-333531,CHEMBL91829,CHEMBL4355,O14976,Cyclin-G-associated kinase,Kd,1300.0,5.89,CHEMBL860789
LY-333531,CHEMBL91829,CHEMBL4147,Q9UQM7,Calcium/calmodulin-dependent protein kinase type II subunit alpha,Kd,9600.0,5.02,CHEMBL860798
LY-333531,CHEMBL91829,CHEMBL3906,Q15349,Ribosomal protein S6 kinase alpha-2,Kd,1500.0,5.82,CHEMBL860804
LY-333531,CHEMBL91829,CHEMBL4237,O75582,Ribosomal protein S6 kinase alpha-5,Kd,2000.0,5.7,CHEMBL860906
LY-333531,CHEMBL91829,CHEMBL3788,O00444,Serine/threonine-protein kinase PLK4,Kd,370.0,6.43,CHEMBL860784
LY-333531,CHEMBL91829,CHEMBL4203,Q9HAZ1,Dual specificity protein kinase CLK4,Kd,8300.0,5.08,CHEMBL860652
LY-333531,CHEMBL91829,CHEMBL1974,P36888,Receptor-type tyrosine-protein kinase FLT3,Kd,270.0,6.57,CHEMBL860797
LY-333531,CHEMBL91829,CHEMBL1913,P09619,Platelet-derived growth factor receptor beta,Kd,7000.0,5.15,CHEMBL860919
LY-333531,CHEMBL91829,CHEMBL3981,O94804,Serine/threonine-protein kinase 10,Kd,1100.0,5.96,CHEMBL860781
LY-333531,CHEMBL91829,CHEMBL1936,P10721,Mast/stem cell growth factor receptor Kit,Kd,380.0,6.42,CHEMBL860918
LY-333531,CHEMBL91829,CHEMBL4202,Q9H2G2,STE20-like serine/threonine-protein kinase,Kd,940.0,6.03,CHEMBL860653
LY-333531,CHEMBL91829,CHEMBL4852,Q9Y4K4,Mitogen-activated protein kinase kinase kinase kinase 5,Kd,8400.0,5.08,CHEMBL860642
LY-333531,CHEMBL91829,CHEMBL3650,P11362,Fibroblast growth factor receptor 1,Kd,5100.0,5.29,CHEMBL860911
LY-333531,CHEMBL91829,CHEMBL258,P06239,Tyrosine-protein kinase Lck,Kd,1300.0,5.89,CHEMBL860915
LY-333531,CHEMBL91829,CHEMBL4598,Q13043,Serine/threonine-protein kinase 4,Kd,220.0,6.66,CHEMBL860661
LY-333531,CHEMBL91829,CHEMBL3830,Q2M2I8,AP2-associated protein kinase 1,Kd,960.0,6.02,CHEMBL860786
LY-333531,CHEMBL91829,CHEMBL2468,O43293,Death-associated protein kinase 3,Kd,1300.0,5.89,CHEMBL860917
LY-333531,CHEMBL91829,CHEMBL2345,P51812,Ribosomal protein S6 kinase alpha-3,Kd,2200.0,5.66,CHEMBL860796
LY-333531,CHEMBL91829,CHEMBL3831,Q7KZI7,Serine/threonine-protein kinase MARK2,Kd,2300.0,5.64,CHEMBL860785
LY-333531,CHEMBL91829,CHEMBL4522,Q9NSY1,BMP-2-inducible protein kinase,Kd,2500.0,5.6,CHEMBL860646
LY-333531,CHEMBL91829,CHEMBL3123,Q9UIK4,Death-associated protein kinase 2,Kd,2600.0,5.59,CHEMBL860909
LY-333531,CHEMBL91829,CHEMBL5073,Q8IU85,Calcium/calmodulin-dependent protein kinase type 1D,Kd,2600.0,5.59,CHEMBL860659
LY-333531,CHEMBL91829,CHEMBL4004,Q16816,"Phosphorylase b kinase gamma catalytic chain, skeletal muscle/heart isoform",Kd,2700.0,5.57,CHEMBL860897
LY-333531,CHEMBL91829,CHEMBL3234,P08631,Tyrosine-protein kinase HCK,Kd,2800.0,5.55,CHEMBL860887
LY-333531,CHEMBL91829,CHEMBL3935,Q9UQB9,Aurora kinase C,Kd,3000.0,5.52,CHEMBL860787
LY-333531,CHEMBL91829,CHEMBL4527,Q9UKE5,TRAF2 and NCK-interacting protein kinase,Kd,5800.0,5.24,CHEMBL859485
LY-333531,CHEMBL91829,CHEMBL2147,P11309,Serine/threonine-protein kinase pim-1,IC50,200.0,6.7,CHEMBL939216
LY-333531,CHEMBL91829,CHEMBL4523,Q9P1W9,Serine/threonine-protein kinase pim-2,IC50,20000.0,4.7,CHEMBL939217
LY-333531,CHEMBL91829,CHEMBL3706572,,MOLM-13,IC50,700.0,6.15,CHEMBL939219
LY-333531,CHEMBL91829,CHEMBL613835,,MV4-11,IC50,1500.0,5.82,CHEMBL939220
LY-333531,CHEMBL91829,CHEMBL1974,P36888,Receptor-type tyrosine-protein kinase FLT3,Kd,280.0,6.55,CHEMBL1063729
LY-333531,CHEMBL91829,CHEMBL1974,P36888,Receptor-type tyrosine-protein kinase FLT3,Kd,980.0,6.01,CHEMBL1061073
LY-333531,CHEMBL91829,CHEMBL1955,P35916,Vascular endothelial growth factor receptor 3,Kd,10000.0,5.0,CHEMBL1060246
LY-333531,CHEMBL91829,CHEMBL4674,P53778,Mitogen-activated protein kinase 12,Kd,10000.0,5.0,CHEMBL1061183
LY-333531,CHEMBL91829,CHEMBL2999,O75914,Serine/threonine-protein kinase PAK 3,Kd,10000.0,5.0,CHEMBL1062779
LY-333531,CHEMBL91829,CHEMBL5790,Q00537,Cyclin-dependent kinase 17,Kd,10000.0,5.0,CHEMBL1051349
LY-333531,CHEMBL91829,CHEMBL5316,Q07002,Cyclin-dependent kinase 18,Kd,10000.0,5.0,CHEMBL1062782
LY-333531,CHEMBL91829,CHEMBL2534,O15530,3-phosphoinositide-dependent protein kinase 1,Kd,700.0,6.15,CHEMBL1061922
LY-333531,CHEMBL91829,CHEMBL6162,O94921,Cyclin-dependent kinase 14,Kd,10000.0,5.0,CHEMBL1051350
LY-333531,CHEMBL91829,CHEMBL4004,Q16816,"Phosphorylase b kinase gamma catalytic chain, skeletal muscle/heart isoform",Kd,3700.0,5.43,CHEMBL1061153
LY-333531,CHEMBL91829,CHEMBL5969,Q99755,Phosphatidylinositol 4-phosphate 5-kinase type-1 alpha,Kd,690.0,6.16,CHEMBL1061923
LY-333531,CHEMBL91829,CHEMBL4924,Q9UK32,Ribosomal protein S6 kinase alpha-6,Kd,2300.0,5.64,CHEMBL1039275
LY-333531,CHEMBL91829,CHEMBL4924,Q9UK32,Ribosomal protein S6 kinase alpha-6,Kd,10000.0,5.0,CHEMBL1061926
LY-333531,CHEMBL91829,CHEMBL5426,Q86YV6,Myosin light chain kinase family member 4,Kd,10000.0,5.0,CHEMBL1051352
LY-333531,CHEMBL91829,CHEMBL5314,Q06418,Tyrosine-protein kinase receptor TYRO3,Kd,10000.0,5.0,CHEMBL1051260
LY-333531,CHEMBL91829,CHEMBL279,P35968,Vascular endothelial growth factor receptor 2,Kd,10000.0,5.0,CHEMBL1051261
LY-333531,CHEMBL91829,CHEMBL5491,P30291,Wee1-like protein kinase,Kd,10000.0,5.0,CHEMBL1061935
LY-333531,CHEMBL91829,CHEMBL5405,Q86UX6,Serine/threonine-protein kinase 32C,Kd,10000.0,5.0,CHEMBL1062789
LY-333531,CHEMBL91829,CHEMBL2073,P07947,Tyrosine-protein kinase Yes,Kd,10000.0,5.0,CHEMBL1051262
LY-333531,CHEMBL91829,CHEMBL5552,O00506,Serine/threonine-protein kinase 25,Kd,10000.0,5.0,CHEMBL1051263
LY-333531,CHEMBL91829,CHEMBL3886,Q9NYL2,Mitogen-activated protein kinase kinase kinase 20,Kd,10000.0,5.0,CHEMBL1051317
LY-333531,CHEMBL91829,CHEMBL2803,P43403,Tyrosine-protein kinase ZAP-70,Kd,10000.0,5.0,CHEMBL1061189
LY-333531,CHEMBL91829,CHEMBL5667,P78356,Phosphatidylinositol 5-phosphate 4-kinase type-2 beta,Kd,830.0,6.08,CHEMBL1062784
LY-333531,CHEMBL91829,CHEMBL2918,P22694,cAMP-dependent protein kinase catalytic subunit beta,Kd,3200.0,5.49,CHEMBL1039274
LY-333531,CHEMBL91829,CHEMBL5818,P51817,cAMP-dependent protein kinase catalytic subunit PRKX,Kd,10000.0,5.0,CHEMBL1061157
LY-333531,CHEMBL91829,CHEMBL5469,Q14289,Protein-tyrosine kinase 2-beta,Kd,10000.0,5.0,CHEMBL1061158
LY-333531,CHEMBL91829,CHEMBL4224,P49759,Dual specificity protein kinase CLK1,Kd,910.0,6.04,CHEMBL1050838
LY-333531,CHEMBL91829,CHEMBL4226,P49761,Dual specificity protein kinase CLK3,Kd,10000.0,5.0,CHEMBL1060240
LY-333531,CHEMBL91829,CHEMBL2634,P41240,Tyrosine-protein kinase CSK,Kd,10000.0,5.0,CHEMBL1037547
LY-333531,CHEMBL91829,CHEMBL5520,Q8N752,Casein kinase I isoform alpha-like,Kd,10000.0,5.0,CHEMBL1063703
LY-333531,CHEMBL91829,CHEMBL2828,P48730,Casein kinase I isoform delta,Kd,10000.0,5.0,CHEMBL1050829
LY-333531,CHEMBL91829,CHEMBL4937,P49674,Casein kinase I isoform epsilon,Kd,10000.0,5.0,CHEMBL1050834
LY-333531,CHEMBL91829,CHEMBL2543,P78368,Casein kinase I isoform gamma-2,Kd,10000.0,5.0,CHEMBL1063704
LY-333531,CHEMBL91829,CHEMBL5084,Q9Y6M4,Casein kinase I isoform gamma-3,Kd,10000.0,5.0,CHEMBL1051284
LY-333531,CHEMBL91829,CHEMBL5274,P35590,Tyrosine-protein kinase receptor Tie-1,Kd,10000.0,5.0,CHEMBL1061930
LY-333531,CHEMBL91829,CHEMBL4128,Q02763,Angiopoietin-1 receptor,Kd,10000.0,5.0,CHEMBL1051315
LY-333531,CHEMBL91829,CHEMBL5388,Q9UKI8,Serine/threonine-protein kinase tousled-like 1,Kd,10000.0,5.0,CHEMBL1061931
LY-333531,CHEMBL91829,CHEMBL5404,Q86UE8,Serine/threonine-protein kinase tousled-like 2,Kd,10000.0,5.0,CHEMBL1061984
LY-333531,CHEMBL91829,CHEMBL4527,Q9UKE5,TRAF2 and NCK-interacting protein kinase,Kd,10000.0,5.0,CHEMBL1062874
LY-333531,CHEMBL91829,CHEMBL4599,Q07912,Activated CDC42 kinase 1,Kd,10000.0,5.0,CHEMBL1051355
LY-333531,CHEMBL91829,CHEMBL2815,P04629,High affinity nerve growth factor receptor,Kd,10000.0,5.0,CHEMBL1061933
LY-333531,CHEMBL91829,CHEMBL4898,Q16620,BDNF/NT-3 growth factors receptor,Kd,10000.0,5.0,CHEMBL1062875
LY-333531,CHEMBL91829,CHEMBL5608,Q16288,NT-3 growth factor receptor,Kd,10000.0,5.0,CHEMBL1041998
LY-333531,CHEMBL91829,CHEMBL3983,P33981,Dual specificity protein kinase TTK,Kd,10000.0,5.0,CHEMBL1061934
LY-333531,CHEMBL91829,CHEMBL4367,P42681,Tyrosine-protein kinase TXK,Kd,10000.0,5.0,CHEMBL1061187
LY-333531,CHEMBL91829,CHEMBL3629,P68400,Casein kinase II subunit alpha,Kd,3600.0,5.44,CHEMBL1060241
LY-333531,CHEMBL91829,CHEMBL4070,P19784,Casein kinase II subunit alpha',Kd,3400.0,5.47,CHEMBL1061141
LY-333531,CHEMBL91829,CHEMBL3123,Q9UIK4,Death-associated protein kinase 2,Kd,10000.0,5.0,CHEMBL1053760
LY-333531,CHEMBL91829,CHEMBL2468,O43293,Death-associated protein kinase 3,Kd,10000.0,5.0,CHEMBL1060181
LY-333531,CHEMBL91829,CHEMBL3980,O94768,Serine/threonine-protein kinase 17B,Kd,10000.0,5.0,CHEMBL1060189
LY-333531,CHEMBL91829,CHEMBL5543,Q9Y463,Dual specificity tyrosine-phosphorylation-regulated kinase 1B,Kd,5400.0,5.27,CHEMBL1060243
Lapatinib,CHEMBL554,CHEMBL203,P00533,Epidermal growth factor receptor,IC50,10.0,8.0,CHEMBL674106
Lapatinib,CHEMBL554,CHEMBL1824,P04626,Receptor tyrosine-protein kinase erbB-2,IC50,9.0,8.05,CHEMBL682312
Lapatinib,CHEMBL554,CHEMBL3981,O94804,Serine/threonine-protein kinase 10,Kd,2600.0,5.59,CHEMBL860781
Lapatinib,CHEMBL554,CHEMBL4202,Q9H2G2,STE20-like serine/threonine-protein kinase,Kd,9300.0,5.03,CHEMBL860653
Lapatinib,CHEMBL554,CHEMBL203,P00533,Epidermal growth factor receptor,Kd,5.5,8.26,CHEMBL859867
Lapatinib,CHEMBL554,CHEMBL1824,P04626,Receptor tyrosine-protein kinase erbB-2,Kd,11.0,7.96,CHEMBL860920
Lapatinib,CHEMBL554,CHEMBL203,P00533,Epidermal growth factor receptor,IC50,10.0,8.0,CHEMBL861550
Lapatinib,CHEMBL554,CHEMBL1824,P04626,Receptor tyrosine-protein kinase erbB-2,IC50,9.0,8.05,CHEMBL861551
Lapatinib,CHEMBL554,CHEMBL614828,,HN5,IC50,25.0,7.6,CHEMBL861552
Lapatinib,CHEMBL554,CHEMBL614529,,BT-474,IC50,25.0,7.6,CHEMBL861553
Lapatinib,CHEMBL554,CHEMBL1824,P04626,Receptor tyrosine-protein kinase erbB-2,IC50,10.0,8.0,CHEMBL910356
Lapatinib,CHEMBL554,CHEMBL614529,,BT-474,IC50,80.0,7.1,CHEMBL910359
Lapatinib,CHEMBL554,CHEMBL203,P00533,Epidermal growth factor receptor,IC50,12.0,7.92,CHEMBL910357
Lapatinib,CHEMBL554,CHEMBL614828,,HN5,IC50,120.0,6.92,CHEMBL910358
Lapatinib,CHEMBL554,CHEMBL614197,,NCI-N87,IC50,80.0,7.1,CHEMBL912107
Lapatinib,CHEMBL554,CHEMBL614071,,HFF,IC50,9900.0,5.0,CHEMBL912108
Lapatinib,CHEMBL554,CHEMBL613834,,SK-BR-3,IC50,17.0,7.77,CHEMBL1009335
Lapatinib,CHEMBL554,CHEMBL1824,P04626,Receptor tyrosine-protein kinase erbB-2,IC50,9.0,8.05,CHEMBL953992
Lapatinib,CHEMBL554,CHEMBL203,P00533,Epidermal growth factor receptor,IC50,17.0,7.77,CHEMBL944276
Lapatinib,CHEMBL554,CHEMBL614529,,BT-474,IC50,25.0,7.6,CHEMBL1007324
Lapatinib,CHEMBL554,CHEMBL1974,P36888,Receptor-type tyrosine-protein kinase FLT3,Kd,10000.0,5.0,CHEMBL1063729
Lapatinib,CHEMBL554,CHEMBL1974,P36888,Receptor-type tyrosine-protein kinase FLT3,Kd,10000.0,5.0,CHEMBL1061073
Lapatinib,CHEMBL554,CHEMBL1955,P35916,Vascular endothelial growth factor receptor 3,Kd,10000.0,5.0,CHEMBL1060246
Lapatinib,CHEMBL554,CHEMBL4674,P53778,Mitogen-activated protein kinase 12,Kd,10000.0,5.0,CHEMBL1061183
Lapatinib,CHEMBL554,CHEMBL2999,O75914,Serine/threonine-protein kinase PAK 3,Kd,10000.0,5.0,CHEMBL1062779
Lapatinib,CHEMBL554,CHEMBL5790,Q00537,Cyclin-dependent kinase 17,Kd,10000.0,5.0,CHEMBL1051349
Lapatinib,CHEMBL554,CHEMBL5316,Q07002,Cyclin-dependent kinase 18,Kd,10000.0,5.0,CHEMBL1062782
Lapatinib,CHEMBL554,CHEMBL2534,O15530,3-phosphoinositide-dependent protein kinase 1,Kd,10000.0,5.0,CHEMBL1061922
Lapatinib,CHEMBL554,CHEMBL6162,O94921,Cyclin-dependent kinase 14,Kd,10000.0,5.0,CHEMBL1051350
Lapatinib,CHEMBL554,CHEMBL4004,Q16816,"Phosphorylase b kinase gamma catalytic chain, skeletal muscle/heart isoform",Kd,10000.0,5.0,CHEMBL1061153
Lapatinib,CHEMBL554,CHEMBL5969,Q99755,Phosphatidylinositol 4-phosphate 5-kinase type-1 alpha,Kd,10000.0,5.0,CHEMBL1061923
Lapatinib,CHEMBL554,CHEMBL4924,Q9UK32,Ribosomal protein S6 kinase alpha-6,Kd,10000.0,5.0,CHEMBL1039275
Lapatinib,CHEMBL554,CHEMBL4924,Q9UK32,Ribosomal protein S6 kinase alpha-6,Kd,10000.0,5.0,CHEMBL1061926
Lapatinib,CHEMBL554,CHEMBL5426,Q86YV6,Myosin light chain kinase family member 4,Kd,10000.0,5.0,CHEMBL1051352
Lapatinib,CHEMBL554,CHEMBL5314,Q06418,Tyrosine-protein kinase receptor TYRO3,Kd,10000.0,5.0,CHEMBL1051260
Lapatinib,CHEMBL554,CHEMBL279,P35968,Vascular endothelial growth factor receptor 2,Kd,10000.0,5.0,CHEMBL1051261
Lapatinib,CHEMBL554,CHEMBL5491,P30291,Wee1-like protein kinase,Kd,10000.0,5.0,CHEMBL1061935
Lapatinib,CHEMBL554,CHEMBL5405,Q86UX6,Serine/threonine-protein kinase 32C,Kd,10000.0,5.0,CHEMBL1062789
Lapatinib,CHEMBL554,CHEMBL2073,P07947,Tyrosine-protein kinase Yes,Kd,10000.0,5.0,CHEMBL1051262
Lapatinib,CHEMBL554,CHEMBL5552,O00506,Serine/threonine-protein kinase 25,Kd,10000.0,5.0,CHEMBL1051263
Lapatinib,CHEMBL554,CHEMBL3886,Q9NYL2,Mitogen-activated protein kinase kinase kinase 20,Kd,10000.0,5.0,CHEMBL1051317
Lapatinib,CHEMBL554,CHEMBL2803,P43403,Tyrosine-protein kinase ZAP-70,Kd,10000.0,5.0,CHEMBL1061189
Lapatinib,CHEMBL554,CHEMBL5667,P78356,Phosphatidylinositol 5-phosphate 4-kinase type-2 beta,Kd,10000.0,5.0,CHEMBL1062784
Lapatinib,CHEMBL554,CHEMBL2918,P22694,cAMP-dependent protein kinase catalytic subunit beta,Kd,10000.0,5.0,CHEMBL1039274
Lapatinib,CHEMBL554,CHEMBL5818,P51817,cAMP-dependent protein kinase catalytic subunit PRKX,Kd,10000.0,5.0,CHEMBL1061157
Lapatinib,CHEMBL554,CHEMBL5469,Q14289,Protein-tyrosine kinase 2-beta,Kd,10000.0,5.0,CHEMBL1061158
Lapatinib,CHEMBL554,CHEMBL4224,P49759,Dual specificity protein kinase CLK1,Kd,10000.0,5.0,CHEMBL1050838
Lapatinib,CHEMBL554,CHEMBL4226,P49761,Dual specificity protein kinase CLK3,Kd,10000.0,5.0,CHEMBL1060240
Lapatinib,CHEMBL554,CHEMBL2634,P41240,Tyrosine-protein kinase CSK,Kd,10000.0,5.0,CHEMBL1037547
Lapatinib,CHEMBL554,CHEMBL5520,Q8N752,Casein kinase I isoform alpha-like,Kd,10000.0,5.0,CHEMBL1063703
Lapatinib,CHEMBL554,CHEMBL2828,P48730,Casein kinase I isoform delta,Kd,10000.0,5.0,CHEMBL1050829
Lapatinib,CHEMBL554,CHEMBL4937,P49674,Casein kinase I isoform epsilon,Kd,10000.0,5.0,CHEMBL1050834
Lapatinib,CHEMBL554,CHEMBL2543,P78368,Casein kinase I isoform gamma-2,Kd,10000.0,5.0,CHEMBL1063704
Lapatinib,CHEMBL554,CHEMBL5084,Q9Y6M4,Casein kinase I isoform gamma-3,Kd,10000.0,5.0,CHEMBL1051284
Lapatinib,CHEMBL554,CHEMBL5274,P35590,Tyrosine-protein kinase receptor Tie-1,Kd,10000.0,5.0,CHEMBL1061930
Lapatinib,CHEMBL554,CHEMBL4128,Q02763,Angiopoietin-1 receptor,Kd,10000.0,5.0,CHEMBL1051315
Lapatinib,CHEMBL554,CHEMBL5388,Q9UKI8,Serine/threonine-protein kinase tousled-like 1,Kd,10000.0,5.0,CHEMBL1061931
Lapatinib,CHEMBL554,CHEMBL5404,Q86UE8,Serine/threonine-protein kinase tousled-like 2,Kd,10000.0,5.0,CHEMBL1061984
Lapatinib,CHEMBL554,CHEMBL4527,Q9UKE5,TRAF2 and NCK-interacting protein kinase,Kd,10000.0,5.0,CHEMBL1062874
Lapatinib,CHEMBL554,CHEMBL4599,Q07912,Activated CDC42 kinase 1,Kd,10000.0,5.0,CHEMBL1051355
Lapatinib,CHEMBL554,CHEMBL2815,P04629,High affinity nerve growth factor receptor,Kd,10000.0,5.0,CHEMBL1061933
Lapatinib,CHEMBL554,CHEMBL4898,Q16620,BDNF/NT-3 growth factors receptor,Kd,10000.0,5.0,CHEMBL1062875
Lapatinib,CHEMBL554,CHEMBL5608,Q16288,NT-3 growth factor receptor,Kd,10000.0,5.0,CHEMBL1041998
Lapatinib,CHEMBL554,CHEMBL3983,P33981,Dual specificity protein kinase TTK,Kd,10000.0,5.0,CHEMBL1061934
Lapatinib,CHEMBL554,CHEMBL4367,P42681,Tyrosine-protein kinase TXK,Kd,10000.0,5.0,CHEMBL1061187
Lapatinib,CHEMBL554,CHEMBL3629,P68400,Casein kinase II subunit alpha,Kd,10000.0,5.0,CHEMBL1060241
Lapatinib,CHEMBL554,CHEMBL4070,P19784,Casein kinase II subunit alpha',Kd,10000.0,5.0,CHEMBL1061141
Lapatinib,CHEMBL554,CHEMBL3123,Q9UIK4,Death-associated protein kinase 2,Kd,10000.0,5.0,CHEMBL1053760
Lapatinib,CHEMBL554,CHEMBL2468,O43293,Death-associated protein kinase 3,Kd,10000.0,5.0,CHEMBL1060181
Lapatinib,CHEMBL554,CHEMBL3980,O94768,Serine/threonine-protein kinase 17B,Kd,10000.0,5.0,CHEMBL1060189
Lapatinib,CHEMBL554,CHEMBL5543,Q9Y463,Dual specificity tyrosine-phosphorylation-regulated kinase 1B,Kd,10000.0,5.0,CHEMBL1060243
Lapatinib,CHEMBL554,CHEMBL3385,P27361,Mitogen-activated protein kinase 3,Kd,10000.0,5.0,CHEMBL1037552
Lapatinib,CHEMBL554,CHEMBL4040,P28482,Mitogen-activated protein kinase 1,Kd,10000.0,5.0,CHEMBL1063798
Lapatinib,CHEMBL554,CHEMBL2850,P49840,Glycogen synthase kinase-3 alpha,Kd,10000.0,5.0,CHEMBL1061900
Lapatinib,CHEMBL554,CHEMBL262,P49841,Glycogen synthase kinase-3 beta,Kd,10000.0,5.0,CHEMBL1061074
Lapatinib,CHEMBL554,CHEMBL3529,Q14164,Inhibitor of nuclear factor kappa-B kinase subunit epsilon,Kd,10000.0,5.0,CHEMBL1050835
Lapatinib,CHEMBL554,CHEMBL3553,P29597,Non-receptor tyrosine-protein kinase TYK2,Kd,10000.0,5.0,CHEMBL1061188
Lapatinib,CHEMBL554,CHEMBL2276,P45983,Mitogen-activated protein kinase 8,Kd,10000.0,5.0,CHEMBL1061076
Lapatinib,CHEMBL554,CHEMBL4179,P45984,Mitogen-activated protein kinase 9,Kd,10000.0,5.0,CHEMBL1060196
Lapatinib,CHEMBL554,CHEMBL3836,P53667,LIM domain kinase 1,Kd,10000.0,5.0,CHEMBL1061902
Lapatinib,CHEMBL554,CHEMBL5932,P53671,LIM domain kinase 2,Kd,10000.0,5.0,CHEMBL1063714
Lapatinib,CHEMBL554,CHEMBL5606,Q15831,Serine/threonine-protein kinase STK11,Kd,10000.0,5.0,CHEMBL1051288
Lapatinib,CHEMBL554,CHEMBL5600,P27448,MAP/microtubule affinity-regulating kinase 3,Kd,10000.0,5.0,CHEMBL1063802
Lapatinib,CHEMBL554,CHEMBL3587,Q02750,Dual specificity mitogen-activated protein kinase kinase 1,Kd,10000.0,5.0,CHEMBL1061906
Lapatinib,CHEMBL554,CHEMBL2964,P36507,Dual specificity mitogen-activated protein kinase kinase 2,Kd,10000.0,5.0,CHEMBL1061079
Lapatinib,CHEMBL554,CHEMBL2109,P46734,Dual specificity mitogen-activated protein kinase kinase 3,Kd,10000.0,5.0,CHEMBL1060250
Lapatinib,CHEMBL554,CHEMBL4578,Q14680,Maternal embryonic leucine zipper kinase,Kd,10000.0,5.0,CHEMBL1063803
Lapatinib,CHEMBL554,CHEMBL4718,Q9BUB5,MAP kinase-interacting serine/threonine-protein kinase 1,Kd,10000.0,5.0,CHEMBL1063804
Lapatinib,CHEMBL554,CHEMBL3830,Q2M2I8,AP2-associated protein kinase 1,Kd,10000.0,5.0,CHEMBL1037546
Lapatinib,CHEMBL554,CHEMBL1862,P00519,Tyrosine-protein kinase ABL1,Kd,10000.0,5.0,CHEMBL1061129
Lapatinib,CHEMBL554,CHEMBL1862,P00519,Tyrosine-protein kinase ABL1,Kd,10000.0,5.0,CHEMBL1063789
Lapatinib,CHEMBL554,CHEMBL4598,Q13043,Serine/threonine-protein kinase 4,Kd,10000.0,5.0,CHEMBL1061178
Lapatinib,CHEMBL554,CHEMBL5941,Q9P289,Serine/threonine-protein kinase 26,Kd,10000.0,5.0,CHEMBL1063806
Lapatinib,CHEMBL554,CHEMBL4849,Q8TDX7,Serine/threonine-protein kinase Nek7,Kd,10000.0,5.0,CHEMBL1063808
Lapatinib,CHEMBL554,CHEMBL5364,Q9UBE8,Serine/threonine-protein kinase NLK,Kd,10000.0,5.0,CHEMBL1063809
Lapatinib,CHEMBL554,CHEMBL260,Q16539,Mitogen-activated protein kinase 14,Kd,10000.0,5.0,CHEMBL1061091
Lapatinib,CHEMBL554,CHEMBL3961,Q15759,Mitogen-activated protein kinase 11,Kd,10000.0,5.0,CHEMBL1062864
Lapatinib,CHEMBL554,CHEMBL5358,Q9P2K8,eIF-2-alpha kinase GCN2,Kd,10000.0,5.0,CHEMBL1060248
Lapatinib,CHEMBL554,CHEMBL3234,P08631,Tyrosine-protein kinase HCK,Kd,10000.0,5.0,CHEMBL1063730
Lapatinib,CHEMBL554,CHEMBL1957,P08069,Insulin-like growth factor 1 receptor,Kd,10000.0,5.0,CHEMBL1061075
Lenalidomide,CHEMBL848,CHEMBL372,,Homo sapiens,IC50,100.0,7.0,CHEMBL818997
Lenalidomide,CHEMBL848,CHEMBL372,,Homo sapiens,IC50,480.0,6.32,CHEMBL818995
Lenalidomide,CHEMBL848,CHEMBL613107,,PBMC,IC50,100.0,7.0,CHEMBL2328541
Lenalidomide,CHEMBL848,CHEMBL1075435,,DOK,IC50,67494.76,4.17,CHEMBL2363186
Lenalidomide,CHEMBL848,CHEMBL2366079,,DSH1,IC50,396426.64,3.4,CHEMBL2363187
Lenalidomide,CHEMBL848,CHEMBL2366246,,DU-4475,IC50,134518.27,3.87,CHEMBL2363189
Lenalidomide,CHEMBL848,CHEMBL612519,,Daoy,IC50,56320.41,4.25,CHEMBL2363191
Lenalidomide,CHEMBL848,CHEMBL613508,,DU-145,IC50,336662.18,3.47,CHEMBL2363188
Lenalidomide,CHEMBL848,CHEMBL614487,,EKVX,IC50,37421.22,4.43,CHEMBL2363207
Lenalidomide,CHEMBL848,CHEMBL2366281,,EM-2,IC50,17142.95,4.77,CHEMBL2363208
Lenalidomide,CHEMBL848,CHEMBL1075443,,EPLC-272H,IC50,760228.47,3.12,CHEMBL2363209
Lenalidomide,CHEMBL848,CHEMBL2366118,,ES4,IC50,176122.72,3.75,CHEMBL2363212
Lenalidomide,CHEMBL848,CHEMBL2366312,,ES5,IC50,291152.74,3.54,CHEMBL2363213
Lenalidomide,CHEMBL848,CHEMBL2366146,,ES1,IC50,470143.52,3.33,CHEMBL2363210
Lenalidomide,CHEMBL848,CHEMBL2366135,,ES3,IC50,22696.3,4.64,CHEMBL2363211
Lenalidomide,CHEMBL848,CHEMBL1075432,,Detroit 562,IC50,312847.55,3.5,CHEMBL2363193
Lenalidomide,CHEMBL848,CHEMBL1075436,,DoTc2-4510,IC50,369534.46,3.43,CHEMBL2363194
Lenalidomide,CHEMBL848,CHEMBL2366240,,EC-GI-10,IC50,474468.87,3.32,CHEMBL2363197
Lenalidomide,CHEMBL848,CHEMBL2366117,,ECC10,IC50,34744.28,4.46,CHEMBL2363198
Lenalidomide,CHEMBL848,CHEMBL1075439,,EFM-19,IC50,470132.23,3.33,CHEMBL2363202
Lenalidomide,CHEMBL848,CHEMBL1075440,,EFO-21,IC50,558055.82,3.25,CHEMBL2363203
Lenalidomide,CHEMBL848,CHEMBL1075441,,EFO-27,IC50,277036.98,3.56,CHEMBL2363204
Lenalidomide,CHEMBL848,CHEMBL1075442,,EGI-1,IC50,134368.9,3.87,CHEMBL2363205
Lenalidomide,CHEMBL848,CHEMBL614516,,A498,IC50,74930.8,4.13,CHEMBL2363731
Lenalidomide,CHEMBL848,CHEMBL392,,A549,IC50,367622.28,3.43,CHEMBL2363732
Lenalidomide,CHEMBL848,CHEMBL614530,,BXPC-3,IC50,413380.72,3.38,CHEMBL2363768
Lenalidomide,CHEMBL848,CHEMBL2366313,,C-33-A,IC50,618379.9,3.21,CHEMBL2363769
Lenalidomide,CHEMBL848,CHEMBL1075428,,COLO-741,IC50,395202.78,3.4,CHEMBL2363138
Lenalidomide,CHEMBL848,CHEMBL1075429,,COLO-792,IC50,273289.32,3.56,CHEMBL2363139
Lenalidomide,CHEMBL848,CHEMBL2366186,,DEL,IC50,15498.99,4.81,CHEMBL2363176
Lenalidomide,CHEMBL848,CHEMBL2366264,,DJM-1,IC50,133483.52,3.87,CHEMBL2363178
Lenalidomide,CHEMBL848,CHEMBL614517,,A673,IC50,143704.63,3.84,CHEMBL2363733
Lenalidomide,CHEMBL848,CHEMBL614567,,A704,IC50,582737.6,3.23,CHEMBL2363734
Lenalidomide,CHEMBL848,CHEMBL1075391,,ABC-1,IC50,29697.41,4.53,CHEMBL2363735
Lenalidomide,CHEMBL848,CHEMBL2366283,,C2BBe1,IC50,197649.45,3.7,CHEMBL2363771
Lenalidomide,CHEMBL848,CHEMBL1075401,,C32,IC50,121107.91,3.92,CHEMBL2363772
Lenalidomide,CHEMBL848,CHEMBL2366224,,COLO-800,IC50,337779.06,3.47,CHEMBL2363140
Lenalidomide,CHEMBL848,CHEMBL1075430,,COLO-824,IC50,416624.36,3.38,CHEMBL2363141
Lenalidomide,CHEMBL848,CHEMBL1075433,,DK-MG,IC50,332650.04,3.48,CHEMBL2363179
Lenalidomide,CHEMBL848,CHEMBL614642,,DMS-114,IC50,406030.79,3.39,CHEMBL2363180
Lenalidomide,CHEMBL848,CHEMBL614519,,ACHN,IC50,264426.68,3.58,CHEMBL2363736
Lenalidomide,CHEMBL848,CHEMBL2366195,,ACN,IC50,16529.74,4.78,CHEMBL2363737
Lenalidomide,CHEMBL848,CHEMBL1075402,,C3A,IC50,585491.7,3.23,CHEMBL2363773
Lenalidomide,CHEMBL848,CHEMBL614533,,C8166,IC50,31227.37,4.51,CHEMBL2363774
Lenalidomide,CHEMBL848,CHEMBL2366275,,COLO-829,IC50,85491.25,4.07,CHEMBL2363142
Lenalidomide,CHEMBL848,CHEMBL1075431,,COR-L105,IC50,40474.58,4.39,CHEMBL2363143
Lenalidomide,CHEMBL848,CHEMBL614286,,DMS-79,IC50,338001.39,3.47,CHEMBL2363184
Lenalidomide,CHEMBL848,CHEMBL2366181,,DOHH-2,IC50,133875.6,3.87,CHEMBL2363185
Lenalidomide,CHEMBL848,CHEMBL613860,,AGS,IC50,175667.32,3.76,CHEMBL2363738
Lenalidomide,CHEMBL848,CHEMBL2366294,,ALL-PO,IC50,132762.66,3.88,CHEMBL2363739
Lenalidomide,CHEMBL848,CHEMBL614067,,CAKI-1,IC50,429000.03,3.37,CHEMBL2363776
Lenalidomide,CHEMBL848,CHEMBL1075405,,CAL-120,IC50,317145.93,3.5,CHEMBL2363777
Lenalidomide,CHEMBL848,CHEMBL613854,,COR-L23,IC50,696363.64,3.16,CHEMBL2363144
Lenalidomide,CHEMBL848,CHEMBL614034,,DMS-273,IC50,579161.87,3.24,CHEMBL2363182
Lenalidomide,CHEMBL848,CHEMBL2366192,,AM-38,IC50,219234.08,3.66,CHEMBL2363740
Lenalidomide,CHEMBL848,CHEMBL1075392,,AN3-CA,IC50,408901.79,3.39,CHEMBL2363741
Lenalidomide,CHEMBL848,CHEMBL1075406,,CAL-12T,IC50,480216.96,3.32,CHEMBL2363778
Lenalidomide,CHEMBL848,CHEMBL1075408,,CAL-27,IC50,210850.22,3.68,CHEMBL2363780
Lenalidomide,CHEMBL848,CHEMBL2366329,,COR-L88,IC50,184283.99,3.73,CHEMBL2363146
Lenalidomide,CHEMBL848,CHEMBL2366076,,CP50-MEL-B,IC50,679450.24,3.17,CHEMBL2363147
Lenalidomide,CHEMBL848,CHEMBL2366363,,CP66-MEL,IC50,387335.79,3.41,CHEMBL2363148
Lenalidomide,CHEMBL848,CHEMBL2366277,,ATN-1,IC50,81118.74,4.09,CHEMBL2363743
Lenalidomide,CHEMBL848,CHEMBL1075409,,CAL-33,IC50,78993.85,4.1,CHEMBL2363781
Lenalidomide,CHEMBL848,CHEMBL1075410,,CAL-39,IC50,415629.4,3.38,CHEMBL2363782
Lenalidomide,CHEMBL848,CHEMBL2366344,,CTB-1,IC50,39778.95,4.4,CHEMBL2363152
Lenalidomide,CHEMBL848,CHEMBL612657,,CWR22R,IC50,386146.95,3.41,CHEMBL2363708
Lenalidomide,CHEMBL848,CHEMBL1075382,,23132-87,IC50,314664.5,3.5,CHEMBL2363709
Lenalidomide,CHEMBL848,CHEMBL612565,,5637,IC50,462464.13,3.33,CHEMBL2363710
Lenalidomide,CHEMBL848,CHEMBL1075393,,AU565,IC50,429079.84,3.37,CHEMBL2363744
Lenalidomide,CHEMBL848,CHEMBL612588,,ASPC1,IC50,224073.92,3.65,CHEMBL2363745
Lenalidomide,CHEMBL848,CHEMBL2366269,,BALL-1,IC50,234106.47,3.63,CHEMBL2363746
Lenalidomide,CHEMBL848,CHEMBL1075411,,CAL-51,IC50,539583.75,3.27,CHEMBL2363783
Lenalidomide,CHEMBL848,CHEMBL1075412,,CAL-54,IC50,193628.62,3.71,CHEMBL2363784
Lenalidomide,CHEMBL848,CHEMBL1075413,,CAL-62,IC50,580818.32,3.24,CHEMBL2363785
Lenalidomide,CHEMBL848,CHEMBL2366360,,CTV-1,IC50,25014.88,4.6,CHEMBL2363153
Lenalidomide,CHEMBL848,CHEMBL2366174,,CW-2,IC50,610471.13,3.21,CHEMBL2363154
Lenalidomide,CHEMBL848,CHEMBL1075383,,639-V,IC50,235430.09,3.63,CHEMBL2363711
Lenalidomide,CHEMBL848,CHEMBL1075384,,647-V,IC50,228260.61,3.64,CHEMBL2363712
Lenalidomide,CHEMBL848,CHEMBL2366271,,BB30-HNC,IC50,174089.41,3.76,CHEMBL2363747
Lenalidomide,CHEMBL848,CHEMBL2366295,,BB49-HNC,IC50,555300.27,3.26,CHEMBL2363748
Lenalidomide,CHEMBL848,CHEMBL1075414,,CAL-72,IC50,92021.94,4.04,CHEMBL2363786
Lenalidomide,CHEMBL848,CHEMBL1075415,,CAL-85-1,IC50,58864.31,4.23,CHEMBL2363787
Lenalidomide,CHEMBL848,CHEMBL1075403,,Ca-Ski,IC50,163407.16,3.79,CHEMBL2363155
Lenalidomide,CHEMBL848,CHEMBL1075404,,Ca9-22,IC50,263588.98,3.58,CHEMBL2363156
Lenalidomide,CHEMBL848,CHEMBL2366253,,697,IC50,50354.5,4.3,CHEMBL2363713
Lenalidomide,CHEMBL848,CHEMBL1075385,,769-P,IC50,204278.45,3.69,CHEMBL2363714
Lenalidomide,CHEMBL848,CHEMBL613102,,786-0,IC50,232230.17,3.63,CHEMBL2363715
Lenalidomide,CHEMBL848,CHEMBL2366247,,BB65-RCC,IC50,191085.89,3.72,CHEMBL2363749
Lenalidomide,CHEMBL848,CHEMBL1075416,,CAMA-1,IC50,323528.43,3.49,CHEMBL2363832
Lenalidomide,CHEMBL848,CHEMBL614536,,CAPAN-1,IC50,246271.36,3.61,CHEMBL2363833
Lenalidomide,CHEMBL848,CHEMBL1075418,,CaR-1,IC50,217280.69,3.66,CHEMBL2363157
Lenalidomide,CHEMBL848,CHEMBL614534,,Calu-3,IC50,502690.16,3.3,CHEMBL2363159
Lenalidomide,CHEMBL848,CHEMBL2366115,,8-MG-BA,IC50,398786.03,3.4,CHEMBL2363716
Lenalidomide,CHEMBL848,CHEMBL1075386,,8305C,IC50,734873.22,3.13,CHEMBL2363717
Lenalidomide,CHEMBL848,CHEMBL1075394,,BCPAP,IC50,43791.69,4.36,CHEMBL2363752
Lenalidomide,CHEMBL848,CHEMBL2366100,,CAS-1,IC50,624277.51,3.2,CHEMBL2363834
Lenalidomide,CHEMBL848,CHEMBL382,,CCRF-CEM,IC50,159654.64,3.8,CHEMBL2363836
Lenalidomide,CHEMBL848,CHEMBL614535,,Calu-6,IC50,303266.21,3.52,CHEMBL2363160
Lenalidomide,CHEMBL848,CHEMBL1075387,,8505C,IC50,383232.94,3.42,CHEMBL2363718
Lenalidomide,CHEMBL848,CHEMBL2366306,,A101D,IC50,275242.08,3.56,CHEMBL2363719
Lenvatinib,CHEMBL1289601,CHEMBL279,P35968,Vascular endothelial growth factor receptor 2,IC50,4.0,8.4,CHEMBL1292980
Lenvatinib,CHEMBL1289601,CHEMBL1955,P35916,Vascular endothelial growth factor receptor 3,IC50,5.2,8.28,CHEMBL2186467
Lenvatinib,CHEMBL1289601,CHEMBL279,P35968,Vascular endothelial growth factor receptor 2,IC50,4.0,8.4,CHEMBL2186468
Lenvatinib,CHEMBL1289601,CHEMBL279,P35968,Vascular endothelial growth factor receptor 2,Kd,2.1,8.68,CHEMBL3378499
Lenvatinib,CHEMBL1289601,CHEMBL2041,P07949,Proto-oncogene tyrosine-protein kinase receptor Ret,Ki,1.5,8.82,CHEMBL3428795
Lenvatinib,CHEMBL1289601,CHEMBL3430888,,Kinesin-1 heavy chain/ Tyrosine-protein kinase receptor RET,IC50,10.0,8.0,CHEMBL3428796
Lenvatinib,CHEMBL1289601,CHEMBL3430904,,Coiled-coil domain-containing protein 6/Tyrosine-protein kinase receptor RET,IC50,10.0,8.0,CHEMBL3428924
Lenvatinib,CHEMBL1289601,CHEMBL3430877,,Proto-oncogene tyrosine-protein kinase receptor Ret /Nuclear receptor coactivator 4 fusion protein,IC50,10.0,8.0,CHEMBL3428925
Lenvatinib,CHEMBL1289601,CHEMBL3830,Q2M2I8,AP2-associated protein kinase 1,Kd,30000.0,4.52,CHEMBL3991602
Lenvatinib,CHEMBL1289601,CHEMBL1862,P00519,Tyrosine-protein kinase ABL1,Kd,3771.0,5.42,CHEMBL3991603
Lenvatinib,CHEMBL1289601,CHEMBL4014,P42684,Tyrosine-protein kinase ABL2,Kd,30000.0,4.52,CHEMBL3991604
Lenvatinib,CHEMBL1289601,CHEMBL4105816,Q6JQN1,Acyl-CoA dehydrogenase family member 10,Kd,30000.0,4.52,CHEMBL3991605
Lenvatinib,CHEMBL1289601,CHEMBL4105707,Q709F0,Acyl-CoA dehydrogenase family member 11,Kd,30000.0,4.52,CHEMBL3991606
Lenvatinib,CHEMBL1289601,CHEMBL4105892,P49748,"Very long-chain specific acyl-CoA dehydrogenase, mitochondrial",Kd,30000.0,4.52,CHEMBL3991607
Lenvatinib,CHEMBL1289601,CHEMBL4105748,Q15067,Peroxisomal acyl-coenzyme A oxidase 1,Kd,30000.0,4.52,CHEMBL3991608
Lenvatinib,CHEMBL1289601,CHEMBL4105817,O15254,Peroxisomal acyl-coenzyme A oxidase 3,Kd,30000.0,4.52,CHEMBL3991609
Lenvatinib,CHEMBL1289601,CHEMBL4105818,Q9ULC5,Long-chain-fatty-acid--CoA ligase 5,Kd,30000.0,4.52,CHEMBL3991610
Lenvatinib,CHEMBL1289601,CHEMBL6090,P61160,Actin-related protein 2,Kd,30000.0,4.52,CHEMBL3991611
Lenvatinib,CHEMBL1289601,CHEMBL4105857,P61158,Actin-related protein 3,Kd,30000.0,4.52,CHEMBL3991612
Lenvatinib,CHEMBL1289601,CHEMBL5903,Q04771,Activin receptor type-1,Kd,30000.0,4.52,CHEMBL3991613
Lenvatinib,CHEMBL1289601,CHEMBL5310,P36896,Activin receptor type-1B,Kd,30000.0,4.52,CHEMBL3991614
Lenvatinib,CHEMBL1289601,CHEMBL5466,Q13705,Activin receptor type-2B,Kd,30000.0,4.52,CHEMBL3991615
Lenvatinib,CHEMBL1289601,CHEMBL4105885,Q86TW2,AarF domain-containing protein kinase 1,Kd,30000.0,4.52,CHEMBL3991617
Lenvatinib,CHEMBL1289601,CHEMBL5550,Q8NI60,"Atypical kinase COQ8A, mitochondrial",Kd,30000.0,4.52,CHEMBL3991618
Lenvatinib,CHEMBL1289601,CHEMBL4105886,Q3MIX3,Uncharacterized aarF domain-containing protein kinase 5,Kd,30000.0,4.52,CHEMBL3991619
Lenvatinib,CHEMBL1289601,CHEMBL3589,P55263,Adenosine kinase,Kd,30000.0,4.52,CHEMBL3991620
Lenvatinib,CHEMBL1289601,CHEMBL4079,P25098,Beta-adrenergic receptor kinase 1,Kd,30000.0,4.52,CHEMBL3991621
Lenvatinib,CHEMBL1289601,CHEMBL4938,P54819,"Adenylate kinase 2, mitochondrial",Kd,30000.0,4.52,CHEMBL3991622
Lenvatinib,CHEMBL1289601,CHEMBL4282,P31749,RAC-alpha serine/threonine-protein kinase,Kd,30000.0,4.52,CHEMBL3991623
Lenvatinib,CHEMBL1289601,CHEMBL2431,P31751,RAC-beta serine/threonine-protein kinase,Kd,30000.0,4.52,CHEMBL3991624
Lenvatinib,CHEMBL1289601,CHEMBL4816,Q9Y243,RAC-gamma serine/threonine-protein kinase,Kd,30000.0,4.52,CHEMBL3991625
Lenvatinib,CHEMBL1289601,CHEMBL4105819,P07741,Adenine phosphoribosyltransferase,Kd,30000.0,4.52,CHEMBL3991627
Lenvatinib,CHEMBL1289601,CHEMBL1169596,P10398,Serine/threonine-protein kinase A-Raf,Kd,30000.0,4.52,CHEMBL3991628
Lenvatinib,CHEMBL1289601,CHEMBL4722,O14965,Aurora kinase A,Kd,30000.0,4.52,CHEMBL3991630
Lenvatinib,CHEMBL1289601,CHEMBL2185,Q96GD4,Aurora kinase B,Kd,1781.0,5.75,CHEMBL3991631
Lenvatinib,CHEMBL1289601,CHEMBL5146,P11274,Breakpoint cluster region protein,Kd,4113.0,5.39,CHEMBL3991632
Lenvatinib,CHEMBL1289601,CHEMBL4522,Q9NSY1,BMP-2-inducible protein kinase,Kd,30000.0,4.52,CHEMBL3991633
Lenvatinib,CHEMBL1289601,CHEMBL5275,P36894,Bone morphogenetic protein receptor type-1A,Kd,30000.0,4.52,CHEMBL3991634
Lenvatinib,CHEMBL1289601,CHEMBL5476,O00238,Bone morphogenetic protein receptor type-1B,Kd,30000.0,4.52,CHEMBL3991635
Lenvatinib,CHEMBL1289601,CHEMBL5467,Q13873,Bone morphogenetic protein receptor type-2,Kd,30000.0,4.52,CHEMBL3991636
Lenvatinib,CHEMBL1289601,CHEMBL5145,P15056,Serine/threonine-protein kinase B-raf,Kd,30000.0,4.52,CHEMBL3991637
Lenvatinib,CHEMBL1289601,CHEMBL5251,Q06187,Tyrosine-protein kinase BTK,Kd,30000.0,4.52,CHEMBL3991638
Lenvatinib,CHEMBL1289601,CHEMBL1772932,O43683,Mitotic checkpoint serine/threonine-protein kinase BUB1,Kd,30000.0,4.52,CHEMBL3991639
Lenvatinib,CHEMBL1289601,CHEMBL2801,Q13557,Calcium/calmodulin-dependent protein kinase type II subunit delta,Kd,30000.0,4.52,CHEMBL3991641
Lenvatinib,CHEMBL1289601,CHEMBL3829,Q13555,Calcium/calmodulin-dependent protein kinase type II subunit gamma,Kd,30000.0,4.52,CHEMBL3991642
Lenvatinib,CHEMBL1289601,CHEMBL2494,Q16566,Calcium/calmodulin-dependent protein kinase type IV,Kd,30000.0,4.52,CHEMBL3991643
Lenvatinib,CHEMBL1289601,CHEMBL5284,Q96RR4,Calcium/calmodulin-dependent protein kinase kinase 2,Kd,30000.0,4.52,CHEMBL3991644
Lenvatinib,CHEMBL1289601,CHEMBL4105937,P49589,"Cysteine--tRNA ligase, cytoplasmic",Kd,30000.0,4.52,CHEMBL3991645
Lenvatinib,CHEMBL1289601,CHEMBL4516,Q5VT25,Serine/threonine-protein kinase MRCK alpha,Kd,30000.0,4.52,CHEMBL3991646
Lenvatinib,CHEMBL1289601,CHEMBL5052,Q9Y5S2,Serine/threonine-protein kinase MRCK beta,Kd,30000.0,4.52,CHEMBL3991647
Lenvatinib,CHEMBL1289601,CHEMBL5615,Q6DT37,Serine/threonine-protein kinase MRCK gamma,Kd,30000.0,4.52,CHEMBL3991648
Lenvatinib,CHEMBL1289601,CHEMBL308,P06493,Cyclin-dependent kinase 1,Kd,30000.0,4.52,CHEMBL3991650
Lenvatinib,CHEMBL1289601,CHEMBL3559692,Q9NYV4,Cyclin-dependent kinase 12,Kd,30000.0,4.52,CHEMBL3991652
Lenvatinib,CHEMBL1289601,CHEMBL1795192,Q14004,Cyclin-dependent kinase 13,Kd,30000.0,4.52,CHEMBL3991653
Lenvatinib,CHEMBL1289601,CHEMBL4597,Q00536,Cyclin-dependent kinase 16,Kd,30000.0,4.52,CHEMBL3991654
Lenvatinib,CHEMBL1289601,CHEMBL5790,Q00537,Cyclin-dependent kinase 17,Kd,30000.0,4.52,CHEMBL3991655
Lenvatinib,CHEMBL1289601,CHEMBL301,P24941,Cyclin-dependent kinase 2,Kd,30000.0,4.52,CHEMBL3991657
Lenvatinib,CHEMBL1289601,CHEMBL331,P11802,Cyclin-dependent kinase 4,Kd,30000.0,4.52,CHEMBL3991659
Lenvatinib,CHEMBL1289601,CHEMBL4036,Q00535,Cyclin-dependent kinase 5,Kd,30000.0,4.52,CHEMBL3991660
Lenvatinib,CHEMBL1289601,CHEMBL2508,Q00534,Cyclin-dependent kinase 6,Kd,30000.0,4.52,CHEMBL3991661
Lenvatinib,CHEMBL1289601,CHEMBL3055,P50613,Cyclin-dependent kinase 7,Kd,30000.0,4.52,CHEMBL3991662
Lenvatinib,CHEMBL1289601,CHEMBL3116,P50750,Cyclin-dependent kinase 9,Kd,30000.0,4.52,CHEMBL3991663
Lenvatinib,CHEMBL1289601,CHEMBL4105742,Q14839,Chromodomain-helicase-DNA-binding protein 4,Kd,30000.0,4.52,CHEMBL3991665
Lenvatinib,CHEMBL1289601,CHEMBL4630,O14757,Serine/threonine-protein kinase Chk1,Kd,30000.0,4.52,CHEMBL3991666
Lenvatinib,CHEMBL1289601,CHEMBL5579,O14578,Citron Rho-interacting kinase,Kd,30000.0,4.52,CHEMBL3991667
Lenvatinib,CHEMBL1289601,CHEMBL4224,P49759,Dual specificity protein kinase CLK1,Kd,30000.0,4.52,CHEMBL3991668
Lenvatinib,CHEMBL1289601,CHEMBL4225,P49760,Dual specificity protein kinase CLK2,Kd,30000.0,4.52,CHEMBL3991669
Lenvatinib,CHEMBL1289601,CHEMBL4226,P49761,Dual specificity protein kinase CLK3,Kd,30000.0,4.52,CHEMBL3991670
Lenvatinib,CHEMBL1289601,CHEMBL4203,Q9HAZ1,Dual specificity protein kinase CLK4,Kd,30000.0,4.52,CHEMBL3991671
Lenvatinib,CHEMBL1289601,CHEMBL5681,P30085,UMP-CMP kinase,Kd,30000.0,4.52,CHEMBL3991672
Lenvatinib,CHEMBL1289601,CHEMBL2634,P41240,Tyrosine-protein kinase CSK,Kd,30000.0,4.52,CHEMBL3991673
Lenvatinib,CHEMBL1289601,CHEMBL2793,P48729,Casein kinase I isoform alpha,Kd,30000.0,4.52,CHEMBL3991674
Lenvatinib,CHEMBL1289601,CHEMBL2828,P48730,Casein kinase I isoform delta,Kd,30000.0,4.52,CHEMBL3991675
Lenvatinib,CHEMBL1289601,CHEMBL4937,P49674,Casein kinase I isoform epsilon,Kd,30000.0,4.52,CHEMBL3991676
Lenvatinib,CHEMBL1289601,CHEMBL2426,Q9HCP0,Casein kinase I isoform gamma-1,Kd,30000.0,4.52,CHEMBL3991677
Lenvatinib,CHEMBL1289601,CHEMBL5084,Q9Y6M4,Casein kinase I isoform gamma-3,Kd,30000.0,4.52,CHEMBL3991679
Lenvatinib,CHEMBL1289601,CHEMBL4070,P19784,Casein kinase II subunit alpha',Kd,30000.0,4.52,CHEMBL3991681
Lenvatinib,CHEMBL1289601,CHEMBL4105975,P08574,"Cytochrome c1, heme protein, mitochondrial",Kd,30000.0,4.52,CHEMBL3991682
Lenvatinib,CHEMBL1289601,CHEMBL2447,P27707,Deoxycytidine kinase,Kd,30000.0,4.52,CHEMBL3991683
Lenvatinib,CHEMBL1289601,CHEMBL3769292,Q9H773,dCTP pyrophosphatase 1,Kd,30000.0,4.52,CHEMBL3991684
Lenvatinib,CHEMBL1289601,CHEMBL5319,Q08345,Epithelial discoidin domain-containing receptor 1,Kd,46.0,7.34,CHEMBL3991685
Lenvatinib,CHEMBL1289601,CHEMBL5122,Q16832,Discoidin domain-containing receptor 2,Kd,218.0,6.66,CHEMBL3991686
Lenvatinib,CHEMBL1289601,CHEMBL2010634,Q92499,ATP-dependent RNA helicase DDX1,Kd,30000.0,4.52,CHEMBL3991687
Lenvatinib,CHEMBL1289601,CHEMBL5553,O00571,ATP-dependent RNA helicase DDX3X,Kd,30000.0,4.52,CHEMBL3991688
Lenvatinib,CHEMBL1289601,CHEMBL4105782,Q86XP3,ATP-dependent RNA helicase DDX42,Kd,30000.0,4.52,CHEMBL3991689
Lenvatinib,CHEMBL1289601,CHEMBL4105783,P26196,Probable ATP-dependent RNA helicase DDX6,Kd,30000.0,4.52,CHEMBL3991690
Lenvatinib,CHEMBL1289601,CHEMBL2331059,Q15392,Delta(24)-sterol reductase,Kd,30000.0,4.52,CHEMBL3991691
Lenvatinib,CHEMBL1289601,CHEMBL2189122,P31689,DnaJ homolog subfamily A member 1,Kd,30000.0,4.52,CHEMBL3991693
Lenvatinib,CHEMBL1289601,CHEMBL2292,Q13627,Dual specificity tyrosine-phosphorylation-regulated kinase 1A,Kd,30000.0,4.52,CHEMBL3991694
Lenvatinib,CHEMBL1289601,CHEMBL203,P00533,Epidermal growth factor receptor,Kd,30000.0,4.52,CHEMBL3991696
Lenvatinib,CHEMBL1289601,CHEMBL6029,Q9BQI3,Eukaryotic translation initiation factor 2-alpha kinase 1,Kd,30000.0,4.52,CHEMBL3991697
Lenvatinib,CHEMBL1289601,CHEMBL4105852,O60841,Eukaryotic translation initiation factor 5B,Kd,30000.0,4.52,CHEMBL3991699
Lenvatinib,CHEMBL1289601,CHEMBL5810,P21709,Ephrin type-A receptor 1,Kd,30000.0,4.52,CHEMBL3991700
Lenvatinib,CHEMBL1289601,CHEMBL2068,P29317,Ephrin type-A receptor 2,Kd,30000.0,4.52,CHEMBL3991701
Lenvatinib,CHEMBL1289601,CHEMBL3988,P54764,Ephrin type-A receptor 4,Kd,30000.0,4.52,CHEMBL3991702
Lenvatinib,CHEMBL1289601,CHEMBL3987,P54756,Ephrin type-A receptor 5,Kd,30000.0,4.52,CHEMBL3991703
Lenvatinib,CHEMBL1289601,CHEMBL3290,P29323,Ephrin type-B receptor 2,Kd,30000.0,4.52,CHEMBL3991705
Lenvatinib,CHEMBL1289601,CHEMBL4901,P54753,Ephrin type-B receptor 3,Kd,30000.0,4.52,CHEMBL3991706
Lenvatinib,CHEMBL1289601,CHEMBL5147,P54760,Ephrin type-B receptor 4,Kd,30000.0,4.52,CHEMBL3991707
Lenvatinib,CHEMBL1289601,CHEMBL5836,O15197,Ephrin type-B receptor 6,Kd,30000.0,4.52,CHEMBL3991708
Lestaurtinib (CEP-701),CHEMBL603469,CHEMBL1844,P07333,Macrophage colony-stimulating factor 1 receptor,IC50,31.0,7.51,CHEMBL1067459
Lestaurtinib (CEP-701),CHEMBL603469,CHEMBL1974,P36888,Receptor-type tyrosine-protein kinase FLT3,IC50,5.0,8.3,CHEMBL1106056
Lestaurtinib (CEP-701),CHEMBL603469,CHEMBL613835,,MV4-11,IC50,9.0,8.05,CHEMBL1106929
Lestaurtinib (CEP-701),CHEMBL603469,CHEMBL1974,P36888,Receptor-type tyrosine-protein kinase FLT3,IC50,1.5,8.82,CHEMBL1244697
Lestaurtinib (CEP-701),CHEMBL603469,CHEMBL1974,P36888,Receptor-type tyrosine-protein kinase FLT3,IC50,2.6,8.59,CHEMBL1244698
Lestaurtinib (CEP-701),CHEMBL603469,CHEMBL613835,,MV4-11,IC50,2.1,8.68,CHEMBL1244699
Lestaurtinib (CEP-701),CHEMBL603469,CHEMBL613859,,A-375,IC50,32.0,7.49,CHEMBL1244700
Lestaurtinib (CEP-701),CHEMBL603469,CHEMBL3830,Q2M2I8,AP2-associated protein kinase 1,Kd,3.1,8.51,CHEMBL1244701
Lestaurtinib (CEP-701),CHEMBL603469,CHEMBL1862,P00519,Tyrosine-protein kinase ABL1,Kd,3300.0,5.48,CHEMBL1244707
Lestaurtinib (CEP-701),CHEMBL603469,CHEMBL1862,P00519,Tyrosine-protein kinase ABL1,Kd,350.0,6.46,CHEMBL1244709
Lestaurtinib (CEP-701),CHEMBL603469,CHEMBL5903,Q04771,Activin receptor type-1,Kd,75.0,7.12,CHEMBL1244712
Lestaurtinib (CEP-701),CHEMBL603469,CHEMBL5310,P36896,Activin receptor type-1B,Kd,86.0,7.07,CHEMBL1244713
Lestaurtinib (CEP-701),CHEMBL603469,CHEMBL5616,P27037,Activin receptor type-2A,Kd,2500.0,5.6,CHEMBL1244714
Lestaurtinib (CEP-701),CHEMBL603469,CHEMBL5466,Q13705,Activin receptor type-2B,Kd,3800.0,5.42,CHEMBL1244715
Lestaurtinib (CEP-701),CHEMBL603469,CHEMBL5311,P37023,Activin receptor type-1-like,Kd,2200.0,5.66,CHEMBL1244716
Lestaurtinib (CEP-701),CHEMBL603469,CHEMBL4282,P31749,RAC-alpha serine/threonine-protein kinase,Kd,4400.0,5.36,CHEMBL1244719
Lestaurtinib (CEP-701),CHEMBL603469,CHEMBL2431,P31751,RAC-beta serine/threonine-protein kinase,Kd,2100.0,5.68,CHEMBL1244720
Lestaurtinib (CEP-701),CHEMBL603469,CHEMBL4816,Q9Y243,RAC-gamma serine/threonine-protein kinase,Kd,6200.0,5.21,CHEMBL1244721
Lestaurtinib (CEP-701),CHEMBL603469,CHEMBL4247,Q9UM73,ALK tyrosine kinase receptor,Kd,71.0,7.15,CHEMBL1244722
Lestaurtinib (CEP-701),CHEMBL603469,CHEMBL4045,Q13131,5'-AMP-activated protein kinase catalytic subunit alpha-1,Kd,25.0,7.6,CHEMBL1244723
Lestaurtinib (CEP-701),CHEMBL603469,CHEMBL2116,P54646,5'-AMP-activated protein kinase catalytic subunit alpha-2,Kd,56.0,7.25,CHEMBL1244724
Lestaurtinib (CEP-701),CHEMBL603469,CHEMBL5547,Q8NFD2,Ankyrin repeat and protein kinase domain-containing protein 1,Kd,32.0,7.49,CHEMBL1244725
Lestaurtinib (CEP-701),CHEMBL603469,CHEMBL5784,O60285,NUAK family SNF1-like kinase 1,Kd,3.7,8.43,CHEMBL1244726
Lestaurtinib (CEP-701),CHEMBL603469,CHEMBL5285,Q99683,Mitogen-activated protein kinase kinase kinase 5,Kd,70.0,7.15,CHEMBL1244727
Lestaurtinib (CEP-701),CHEMBL603469,CHEMBL1163123,O95382,Mitogen-activated protein kinase kinase kinase 6,Kd,170.0,6.77,CHEMBL1244728
Lestaurtinib (CEP-701),CHEMBL603469,CHEMBL4722,O14965,Aurora kinase A,Kd,16.0,7.8,CHEMBL1244729
Lestaurtinib (CEP-701),CHEMBL603469,CHEMBL2185,Q96GD4,Aurora kinase B,Kd,16.0,7.8,CHEMBL1244730
Lestaurtinib (CEP-701),CHEMBL603469,CHEMBL3935,Q9UQB9,Aurora kinase C,Kd,4.1,8.39,CHEMBL1244731
Lestaurtinib (CEP-701),CHEMBL603469,CHEMBL4895,P30530,Tyrosine-protein kinase receptor UFO,Kd,35.0,7.46,CHEMBL1244732
Lestaurtinib (CEP-701),CHEMBL603469,CHEMBL4522,Q9NSY1,BMP-2-inducible protein kinase,Kd,16.0,7.8,CHEMBL1244733
Lestaurtinib (CEP-701),CHEMBL603469,CHEMBL2250,P51451,Tyrosine-protein kinase Blk,Kd,160.0,6.8,CHEMBL1244734
Lestaurtinib (CEP-701),CHEMBL603469,CHEMBL5275,P36894,Bone morphogenetic protein receptor type-1A,Kd,950.0,6.02,CHEMBL1244735
Lestaurtinib (CEP-701),CHEMBL603469,CHEMBL5476,O00238,Bone morphogenetic protein receptor type-1B,Kd,57.0,7.24,CHEMBL1244736
Lestaurtinib (CEP-701),CHEMBL603469,CHEMBL5467,Q13873,Bone morphogenetic protein receptor type-2,Kd,1500.0,5.82,CHEMBL1244737
Lestaurtinib (CEP-701),CHEMBL603469,CHEMBL3834,P51813,Cytoplasmic tyrosine-protein kinase BMX,Kd,200.0,6.7,CHEMBL1244738
Lestaurtinib (CEP-701),CHEMBL603469,CHEMBL4601,Q13882,Protein-tyrosine kinase 6,Kd,1700.0,5.77,CHEMBL1244741
Lestaurtinib (CEP-701),CHEMBL603469,CHEMBL5650,Q8TDC3,Serine/threonine-protein kinase BRSK1,Kd,25.0,7.6,CHEMBL1244742
Lestaurtinib (CEP-701),CHEMBL603469,CHEMBL4574,Q8IWQ3,Serine/threonine-protein kinase BRSK2,Kd,16.0,7.8,CHEMBL1244743
Lestaurtinib (CEP-701),CHEMBL603469,CHEMBL5251,Q06187,Tyrosine-protein kinase BTK,Kd,66.0,7.18,CHEMBL1244744
Lestaurtinib (CEP-701),CHEMBL603469,CHEMBL2493,Q14012,Calcium/calmodulin-dependent protein kinase type 1,Kd,130.0,6.89,CHEMBL1244745
Lestaurtinib (CEP-701),CHEMBL603469,CHEMBL5073,Q8IU85,Calcium/calmodulin-dependent protein kinase type 1D,Kd,47.0,7.33,CHEMBL1244746
Lestaurtinib (CEP-701),CHEMBL603469,CHEMBL3829,Q13555,Calcium/calmodulin-dependent protein kinase type II subunit gamma,Kd,470.0,6.33,CHEMBL1244747
Lestaurtinib (CEP-701),CHEMBL603469,CHEMBL4147,Q9UQM7,Calcium/calmodulin-dependent protein kinase type II subunit alpha,Kd,10.0,8.0,CHEMBL1244748
Lestaurtinib (CEP-701),CHEMBL603469,CHEMBL4121,Q13554,Calcium/calmodulin-dependent protein kinase type II subunit beta,Kd,59.0,7.23,CHEMBL1244749
Lestaurtinib (CEP-701),CHEMBL603469,CHEMBL2801,Q13557,Calcium/calmodulin-dependent protein kinase type II subunit delta,Kd,8.8,8.06,CHEMBL1244750
Lestaurtinib (CEP-701),CHEMBL603469,CHEMBL3829,Q13555,Calcium/calmodulin-dependent protein kinase type II subunit gamma,Kd,26.0,7.59,CHEMBL1244751
Lestaurtinib (CEP-701),CHEMBL603469,CHEMBL2494,Q16566,Calcium/calmodulin-dependent protein kinase type IV,Kd,3000.0,5.52,CHEMBL1244752
Lestaurtinib (CEP-701),CHEMBL603469,CHEMBL5256,Q8N5S9,Calcium/calmodulin-dependent protein kinase kinase 1,Kd,23.0,7.64,CHEMBL1244753
Lestaurtinib (CEP-701),CHEMBL603469,CHEMBL5284,Q96RR4,Calcium/calmodulin-dependent protein kinase kinase 2,Kd,15.0,7.82,CHEMBL1244754
Lestaurtinib (CEP-701),CHEMBL603469,CHEMBL301,P24941,Cyclin-dependent kinase 2,Kd,20.0,7.7,CHEMBL1244758
Lestaurtinib (CEP-701),CHEMBL603469,CHEMBL4442,Q00526,Cyclin-dependent kinase 3,Kd,420.0,6.38,CHEMBL1244759
Lestaurtinib (CEP-701),CHEMBL603469,CHEMBL4036,Q00535,Cyclin-dependent kinase 5,Kd,410.0,6.39,CHEMBL1244760
Lestaurtinib (CEP-701),CHEMBL603469,CHEMBL3055,P50613,Cyclin-dependent kinase 7,Kd,87.0,7.06,CHEMBL1244761
Lestaurtinib (CEP-701),CHEMBL603469,CHEMBL3116,P50750,Cyclin-dependent kinase 9,Kd,530.0,6.28,CHEMBL1244763
Lestaurtinib (CEP-701),CHEMBL603469,CHEMBL5728,Q92772,Cyclin-dependent kinase-like 2,Kd,43.0,7.37,CHEMBL1244764
Lestaurtinib (CEP-701),CHEMBL603469,CHEMBL1163117,Q8IVW4,Cyclin-dependent kinase-like 3,Kd,430.0,6.37,CHEMBL1244765
Lestaurtinib (CEP-701),CHEMBL603469,CHEMBL1163112,O76039,Cyclin-dependent kinase-like 5,Kd,10.0,8.0,CHEMBL1244766
Lestaurtinib (CEP-701),CHEMBL603469,CHEMBL4630,O14757,Serine/threonine-protein kinase Chk1,Kd,2.8,8.55,CHEMBL1244767
Lestaurtinib (CEP-701),CHEMBL603469,CHEMBL2527,O96017,Serine/threonine-protein kinase Chk2,Kd,210.0,6.68,CHEMBL1244768
Lestaurtinib (CEP-701),CHEMBL603469,CHEMBL5579,O14578,Citron Rho-interacting kinase,Kd,85.0,7.07,CHEMBL1244769
Lestaurtinib (CEP-701),CHEMBL603469,CHEMBL4224,P49759,Dual specificity protein kinase CLK1,Kd,9.6,8.02,CHEMBL1244770
Lestaurtinib (CEP-701),CHEMBL603469,CHEMBL4225,P49760,Dual specificity protein kinase CLK2,Kd,44.0,7.36,CHEMBL1244771
Lestaurtinib (CEP-701),CHEMBL603469,CHEMBL4203,Q9HAZ1,Dual specificity protein kinase CLK4,Kd,3.0,8.52,CHEMBL1244773
Lestaurtinib (CEP-701),CHEMBL603469,CHEMBL1844,P07333,Macrophage colony-stimulating factor 1 receptor,Kd,110.0,6.96,CHEMBL1244774
Lestaurtinib (CEP-701),CHEMBL603469,CHEMBL2634,P41240,Tyrosine-protein kinase CSK,Kd,260.0,6.59,CHEMBL1244775
Lestaurtinib (CEP-701),CHEMBL603469,CHEMBL3629,P68400,Casein kinase II subunit alpha,Kd,69.0,7.16,CHEMBL1244782
Lestaurtinib (CEP-701),CHEMBL603469,CHEMBL4070,P19784,Casein kinase II subunit alpha',Kd,180.0,6.74,CHEMBL1244783
Lestaurtinib (CEP-701),CHEMBL603469,CHEMBL4175,P42679,Megakaryocyte-associated tyrosine-protein kinase,Kd,970.0,6.01,CHEMBL1244784
Lestaurtinib (CEP-701),CHEMBL603469,CHEMBL2558,P53355,Death-associated protein kinase 1,Kd,80.0,7.1,CHEMBL1244785
Lestaurtinib (CEP-701),CHEMBL603469,CHEMBL3123,Q9UIK4,Death-associated protein kinase 2,Kd,63.0,7.2,CHEMBL1244786
Lestaurtinib (CEP-701),CHEMBL603469,CHEMBL2468,O43293,Death-associated protein kinase 3,Kd,82.0,7.09,CHEMBL1244787
Lestaurtinib (CEP-701),CHEMBL603469,CHEMBL6123,Q9C098,Serine/threonine-protein kinase DCLK3,Kd,1100.0,5.96,CHEMBL1244790
Lestaurtinib (CEP-701),CHEMBL603469,CHEMBL5319,Q08345,Epithelial discoidin domain-containing receptor 1,Kd,510.0,6.29,CHEMBL1244791
Lestaurtinib (CEP-701),CHEMBL603469,CHEMBL5122,Q16832,Discoidin domain-containing receptor 2,Kd,400.0,6.4,CHEMBL1244792
Lestaurtinib (CEP-701),CHEMBL603469,CHEMBL5671,P80370,Protein delta homolog 1,Kd,840.0,6.08,CHEMBL1244793
Lestaurtinib (CEP-701),CHEMBL603469,CHEMBL5320,Q09013,Myotonin-protein kinase,Kd,240.0,6.62,CHEMBL1244794
Lestaurtinib (CEP-701),CHEMBL603469,CHEMBL5615,Q6DT37,Serine/threonine-protein kinase MRCK gamma,Kd,2500.0,5.6,CHEMBL1244795
Lestaurtinib (CEP-701),CHEMBL603469,CHEMBL4525,Q9UEE5,Serine/threonine-protein kinase 17A,Kd,3.4,8.47,CHEMBL1244796
Lestaurtinib (CEP-701),CHEMBL603469,CHEMBL3980,O94768,Serine/threonine-protein kinase 17B,Kd,5.0,8.3,CHEMBL1244797
Lestaurtinib (CEP-701),CHEMBL603469,CHEMBL2292,Q13627,Dual specificity tyrosine-phosphorylation-regulated kinase 1A,Kd,20.0,7.7,CHEMBL1244798
Lestaurtinib (CEP-701),CHEMBL603469,CHEMBL5543,Q9Y463,Dual specificity tyrosine-phosphorylation-regulated kinase 1B,Kd,29.0,7.54,CHEMBL1244799
Lestaurtinib (CEP-701),CHEMBL603469,CHEMBL4376,Q92630,Dual specificity tyrosine-phosphorylation-regulated kinase 2,Kd,22.0,7.66,CHEMBL1244800
Lestaurtinib (CEP-701),CHEMBL603469,CHEMBL203,P00533,Epidermal growth factor receptor,Kd,1100.0,5.96,CHEMBL1244801
Lestaurtinib (CEP-701),CHEMBL603469,CHEMBL203,P00533,Epidermal growth factor receptor,Kd,1200.0,5.92,CHEMBL1244803
Lestaurtinib (CEP-701),CHEMBL603469,CHEMBL203,P00533,Epidermal growth factor receptor,Kd,1100.0,5.96,CHEMBL1244804
Lestaurtinib (CEP-701),CHEMBL603469,CHEMBL203,P00533,Epidermal growth factor receptor,Kd,860.0,6.07,CHEMBL1244808
Lestaurtinib (CEP-701),CHEMBL603469,CHEMBL203,P00533,Epidermal growth factor receptor,Kd,30.0,7.52,CHEMBL1244809
Lestaurtinib (CEP-701),CHEMBL603469,CHEMBL203,P00533,Epidermal growth factor receptor,Kd,800.0,6.1,CHEMBL1244810
Lestaurtinib (CEP-701),CHEMBL603469,CHEMBL5810,P21709,Ephrin type-A receptor 1,Kd,380.0,6.42,CHEMBL1244812
Lestaurtinib (CEP-701),CHEMBL603469,CHEMBL2068,P29317,Ephrin type-A receptor 2,Kd,790.0,6.1,CHEMBL1244813
Lestaurtinib (CEP-701),CHEMBL603469,CHEMBL4954,P29320,Ephrin type-A receptor 3,Kd,160.0,6.8,CHEMBL1244814
Lestaurtinib (CEP-701),CHEMBL603469,CHEMBL3988,P54764,Ephrin type-A receptor 4,Kd,1700.0,5.77,CHEMBL1244815
Lestaurtinib (CEP-701),CHEMBL603469,CHEMBL4526,Q9UF33,Ephrin type-A receptor 6,Kd,1200.0,5.92,CHEMBL1244817
Lestaurtinib (CEP-701),CHEMBL603469,CHEMBL4602,Q15375,Ephrin type-A receptor 7,Kd,260.0,6.59,CHEMBL1244818
Lestaurtinib (CEP-701),CHEMBL603469,CHEMBL5072,P54762,Ephrin type-B receptor 1,Kd,5200.0,5.28,CHEMBL1244820
Lestaurtinib (CEP-701),CHEMBL603469,CHEMBL5836,O15197,Ephrin type-B receptor 6,Kd,98.0,7.01,CHEMBL1244824
Lestaurtinib (CEP-701),CHEMBL603469,CHEMBL3009,Q15303,Receptor tyrosine-protein kinase erbB-4,Kd,1400.0,5.85,CHEMBL1244827
Lestaurtinib (CEP-701),CHEMBL603469,CHEMBL5332,Q13164,Mitogen-activated protein kinase 7,Kd,1100.0,5.96,CHEMBL1244832
Lestaurtinib (CEP-701),CHEMBL603469,CHEMBL5198,Q8TD08,Mitogen-activated protein kinase 15,Kd,4.9,8.31,CHEMBL1244833
Lestaurtinib (CEP-701),CHEMBL603469,CHEMBL1163101,O75460,Serine/threonine-protein kinase/endoribonuclease IRE1,Kd,5.7,8.24,CHEMBL1244834
Linifanib (ABT-869),CHEMBL223360,CHEMBL279,P35968,Vascular endothelial growth factor receptor 2,IC50,4.0,8.4,CHEMBL920439
Linifanib (ABT-869),CHEMBL223360,CHEMBL1974,P36888,Receptor-type tyrosine-protein kinase FLT3,IC50,5.0,8.3,CHEMBL920440
Linifanib (ABT-869),CHEMBL223360,CHEMBL1936,P10721,Mast/stem cell growth factor receptor Kit,IC50,16.0,7.8,CHEMBL920441
Linifanib (ABT-869),CHEMBL223360,CHEMBL279,P35968,Vascular endothelial growth factor receptor 2,IC50,4.0,8.4,CHEMBL920442
Linifanib (ABT-869),CHEMBL223360,CHEMBL1868,P17948,Vascular endothelial growth factor receptor 1,IC50,3.0,8.52,CHEMBL919908
Linifanib (ABT-869),CHEMBL223360,CHEMBL1955,P35916,Vascular endothelial growth factor receptor 3,IC50,190.0,6.72,CHEMBL919909
Linifanib (ABT-869),CHEMBL223360,CHEMBL1913,P09619,Platelet-derived growth factor receptor beta,IC50,66.0,7.18,CHEMBL919910
Linifanib (ABT-869),CHEMBL223360,CHEMBL1844,P07333,Macrophage colony-stimulating factor 1 receptor,IC50,3.0,8.52,CHEMBL919911
Linifanib (ABT-869),CHEMBL223360,CHEMBL4128,Q02763,Angiopoietin-1 receptor,IC50,170.0,6.77,CHEMBL919912
Linifanib (ABT-869),CHEMBL223360,CHEMBL2041,P07949,Proto-oncogene tyrosine-protein kinase receptor Ret,IC50,1900.0,5.72,CHEMBL919913
Linifanib (ABT-869),CHEMBL223360,CHEMBL2095217,,Fibroblast growth factor receptor,IC50,12500.0,4.9,CHEMBL919914
Linifanib (ABT-869),CHEMBL223360,CHEMBL267,P12931,Proto-oncogene tyrosine-protein kinase Src,IC50,50000.0,4.3,CHEMBL919915
Linifanib (ABT-869),CHEMBL223360,CHEMBL258,P06239,Tyrosine-protein kinase Lck,IC50,500000.0,3.3,CHEMBL919917
Linifanib (ABT-869),CHEMBL223360,CHEMBL4454,P09769,Tyrosine-protein kinase Fgr,IC50,500000.0,3.3,CHEMBL919918
Linifanib (ABT-869),CHEMBL223360,CHEMBL4282,P31749,RAC-alpha serine/threonine-protein kinase,IC50,50000.0,4.3,CHEMBL919919
Linifanib (ABT-869),CHEMBL223360,CHEMBL308,P06493,Cyclin-dependent kinase 1,IC50,9800.0,5.01,CHEMBL919920
Linifanib (ABT-869),CHEMBL223360,CHEMBL279,P35968,Vascular endothelial growth factor receptor 2,IC50,4.0,8.4,CHEMBL930117
Linifanib (ABT-869),CHEMBL223360,CHEMBL3234,P08631,Tyrosine-protein kinase HCK,IC50,50000.0,4.3,CHEMBL947978
Linifanib (ABT-869),CHEMBL223360,CHEMBL3905,P07948,Tyrosine-protein kinase Lyn,IC50,50000.0,4.3,CHEMBL947980
Linifanib (ABT-869),CHEMBL223360,CHEMBL279,P35968,Vascular endothelial growth factor receptor 2,IC50,28.0,7.55,CHEMBL948354
Linifanib (ABT-869),CHEMBL223360,CHEMBL1974,P36888,Receptor-type tyrosine-protein kinase FLT3,Kd,2.6,8.59,CHEMBL1061073
Linifanib (ABT-869),CHEMBL223360,CHEMBL1955,P35916,Vascular endothelial growth factor receptor 3,Kd,16.0,7.8,CHEMBL1060246
Linifanib (ABT-869),CHEMBL223360,CHEMBL4223,P42685,Tyrosine-protein kinase FRK,Kd,400.0,6.4,CHEMBL1060247
Linifanib (ABT-869),CHEMBL223360,CHEMBL2999,O75914,Serine/threonine-protein kinase PAK 3,Kd,10000.0,5.0,CHEMBL1062779
Linifanib (ABT-869),CHEMBL223360,CHEMBL5790,Q00537,Cyclin-dependent kinase 17,Kd,10000.0,5.0,CHEMBL1051349
Linifanib (ABT-869),CHEMBL223360,CHEMBL5316,Q07002,Cyclin-dependent kinase 18,Kd,10000.0,5.0,CHEMBL1062782
Linifanib (ABT-869),CHEMBL223360,CHEMBL2534,O15530,3-phosphoinositide-dependent protein kinase 1,Kd,10000.0,5.0,CHEMBL1061922
Linifanib (ABT-869),CHEMBL223360,CHEMBL6162,O94921,Cyclin-dependent kinase 14,Kd,10000.0,5.0,CHEMBL1051350
Linifanib (ABT-869),CHEMBL223360,CHEMBL4004,Q16816,"Phosphorylase b kinase gamma catalytic chain, skeletal muscle/heart isoform",Kd,10000.0,5.0,CHEMBL1061153
Linifanib (ABT-869),CHEMBL223360,CHEMBL5969,Q99755,Phosphatidylinositol 4-phosphate 5-kinase type-1 alpha,Kd,10000.0,5.0,CHEMBL1061923
Linifanib (ABT-869),CHEMBL223360,CHEMBL5667,P78356,Phosphatidylinositol 5-phosphate 4-kinase type-2 beta,Kd,10000.0,5.0,CHEMBL1062784
Linifanib (ABT-869),CHEMBL223360,CHEMBL4924,Q9UK32,Ribosomal protein S6 kinase alpha-6,Kd,10000.0,5.0,CHEMBL1039275
Linifanib (ABT-869),CHEMBL223360,CHEMBL4924,Q9UK32,Ribosomal protein S6 kinase alpha-6,Kd,10000.0,5.0,CHEMBL1061926
Linifanib (ABT-869),CHEMBL223360,CHEMBL5426,Q86YV6,Myosin light chain kinase family member 4,Kd,10000.0,5.0,CHEMBL1051352
Linifanib (ABT-869),CHEMBL223360,CHEMBL4202,Q9H2G2,STE20-like serine/threonine-protein kinase,Kd,450.0,6.35,CHEMBL1062787
Linifanib (ABT-869),CHEMBL223360,CHEMBL279,P35968,Vascular endothelial growth factor receptor 2,Kd,8.1,8.09,CHEMBL1051261
Linifanib (ABT-869),CHEMBL223360,CHEMBL5491,P30291,Wee1-like protein kinase,Kd,10000.0,5.0,CHEMBL1061935
Linifanib (ABT-869),CHEMBL223360,CHEMBL5405,Q86UX6,Serine/threonine-protein kinase 32C,Kd,10000.0,5.0,CHEMBL1062789
Linifanib (ABT-869),CHEMBL223360,CHEMBL2073,P07947,Tyrosine-protein kinase Yes,Kd,10000.0,5.0,CHEMBL1051262
Linifanib (ABT-869),CHEMBL223360,CHEMBL5552,O00506,Serine/threonine-protein kinase 25,Kd,10000.0,5.0,CHEMBL1051263
Linifanib (ABT-869),CHEMBL223360,CHEMBL3886,Q9NYL2,Mitogen-activated protein kinase kinase kinase 20,Kd,10000.0,5.0,CHEMBL1051317
Linifanib (ABT-869),CHEMBL223360,CHEMBL2803,P43403,Tyrosine-protein kinase ZAP-70,Kd,10000.0,5.0,CHEMBL1061189
Linifanib (ABT-869),CHEMBL223360,CHEMBL2918,P22694,cAMP-dependent protein kinase catalytic subunit beta,Kd,10000.0,5.0,CHEMBL1039274
Linifanib (ABT-869),CHEMBL223360,CHEMBL5818,P51817,cAMP-dependent protein kinase catalytic subunit PRKX,Kd,10000.0,5.0,CHEMBL1061157
Linifanib (ABT-869),CHEMBL223360,CHEMBL5469,Q14289,Protein-tyrosine kinase 2-beta,Kd,10000.0,5.0,CHEMBL1061158
Linifanib (ABT-869),CHEMBL223360,CHEMBL5975,Q9BRS2,Serine/threonine-protein kinase RIO1,Kd,10000.0,5.0,CHEMBL1051258
Linifanib (ABT-869),CHEMBL223360,CHEMBL4226,P49761,Dual specificity protein kinase CLK3,Kd,10000.0,5.0,CHEMBL1060240
Linifanib (ABT-869),CHEMBL223360,CHEMBL2634,P41240,Tyrosine-protein kinase CSK,Kd,10000.0,5.0,CHEMBL1037547
Linifanib (ABT-869),CHEMBL223360,CHEMBL5520,Q8N752,Casein kinase I isoform alpha-like,Kd,10000.0,5.0,CHEMBL1063703
Linifanib (ABT-869),CHEMBL223360,CHEMBL2828,P48730,Casein kinase I isoform delta,Kd,10000.0,5.0,CHEMBL1050829
Linifanib (ABT-869),CHEMBL223360,CHEMBL4937,P49674,Casein kinase I isoform epsilon,Kd,10000.0,5.0,CHEMBL1050834
Linifanib (ABT-869),CHEMBL223360,CHEMBL2543,P78368,Casein kinase I isoform gamma-2,Kd,10000.0,5.0,CHEMBL1063704
Linifanib (ABT-869),CHEMBL223360,CHEMBL5084,Q9Y6M4,Casein kinase I isoform gamma-3,Kd,10000.0,5.0,CHEMBL1051284
Linifanib (ABT-869),CHEMBL223360,CHEMBL4128,Q02763,Angiopoietin-1 receptor,Kd,450.0,6.35,CHEMBL1051315
Linifanib (ABT-869),CHEMBL223360,CHEMBL5388,Q9UKI8,Serine/threonine-protein kinase tousled-like 1,Kd,10000.0,5.0,CHEMBL1061931
Linifanib (ABT-869),CHEMBL223360,CHEMBL5404,Q86UE8,Serine/threonine-protein kinase tousled-like 2,Kd,10000.0,5.0,CHEMBL1061984
Linifanib (ABT-869),CHEMBL223360,CHEMBL4527,Q9UKE5,TRAF2 and NCK-interacting protein kinase,Kd,10000.0,5.0,CHEMBL1062874
Linifanib (ABT-869),CHEMBL223360,CHEMBL4599,Q07912,Activated CDC42 kinase 1,Kd,10000.0,5.0,CHEMBL1051355
Linifanib (ABT-869),CHEMBL223360,CHEMBL2815,P04629,High affinity nerve growth factor receptor,Kd,3100.0,5.51,CHEMBL1061933
Linifanib (ABT-869),CHEMBL223360,CHEMBL4898,Q16620,BDNF/NT-3 growth factors receptor,Kd,1100.0,5.96,CHEMBL1062875
Linifanib (ABT-869),CHEMBL223360,CHEMBL5608,Q16288,NT-3 growth factor receptor,Kd,210.0,6.68,CHEMBL1041998
Linifanib (ABT-869),CHEMBL223360,CHEMBL3983,P33981,Dual specificity protein kinase TTK,Kd,10000.0,5.0,CHEMBL1061934
Linifanib (ABT-869),CHEMBL223360,CHEMBL4367,P42681,Tyrosine-protein kinase TXK,Kd,10000.0,5.0,CHEMBL1061187
Linifanib (ABT-869),CHEMBL223360,CHEMBL3629,P68400,Casein kinase II subunit alpha,Kd,10000.0,5.0,CHEMBL1060241
Linifanib (ABT-869),CHEMBL223360,CHEMBL4070,P19784,Casein kinase II subunit alpha',Kd,10000.0,5.0,CHEMBL1061141
Linifanib (ABT-869),CHEMBL223360,CHEMBL3123,Q9UIK4,Death-associated protein kinase 2,Kd,10000.0,5.0,CHEMBL1053760
Linifanib (ABT-869),CHEMBL223360,CHEMBL2468,O43293,Death-associated protein kinase 3,Kd,10000.0,5.0,CHEMBL1060181
Linifanib (ABT-869),CHEMBL223360,CHEMBL3980,O94768,Serine/threonine-protein kinase 17B,Kd,10000.0,5.0,CHEMBL1060189
Linifanib (ABT-869),CHEMBL223360,CHEMBL5543,Q9Y463,Dual specificity tyrosine-phosphorylation-regulated kinase 1B,Kd,10000.0,5.0,CHEMBL1060243
Linifanib (ABT-869),CHEMBL223360,CHEMBL3385,P27361,Mitogen-activated protein kinase 3,Kd,10000.0,5.0,CHEMBL1037552
Linifanib (ABT-869),CHEMBL223360,CHEMBL4040,P28482,Mitogen-activated protein kinase 1,Kd,10000.0,5.0,CHEMBL1063798
Linifanib (ABT-869),CHEMBL223360,CHEMBL2850,P49840,Glycogen synthase kinase-3 alpha,Kd,10000.0,5.0,CHEMBL1061900
Linifanib (ABT-869),CHEMBL223360,CHEMBL262,P49841,Glycogen synthase kinase-3 beta,Kd,10000.0,5.0,CHEMBL1061074
Linifanib (ABT-869),CHEMBL223360,CHEMBL3529,Q14164,Inhibitor of nuclear factor kappa-B kinase subunit epsilon,Kd,10000.0,5.0,CHEMBL1050835
Linifanib (ABT-869),CHEMBL223360,CHEMBL3553,P29597,Non-receptor tyrosine-protein kinase TYK2,Kd,10000.0,5.0,CHEMBL1061188
Linifanib (ABT-869),CHEMBL223360,CHEMBL5314,Q06418,Tyrosine-protein kinase receptor TYRO3,Kd,10000.0,5.0,CHEMBL1051260
Linifanib (ABT-869),CHEMBL223360,CHEMBL2276,P45983,Mitogen-activated protein kinase 8,Kd,10000.0,5.0,CHEMBL1061076
Linifanib (ABT-869),CHEMBL223360,CHEMBL4179,P45984,Mitogen-activated protein kinase 9,Kd,240.0,6.62,CHEMBL1060196
Linifanib (ABT-869),CHEMBL223360,CHEMBL3836,P53667,LIM domain kinase 1,Kd,10000.0,5.0,CHEMBL1061902
Linifanib (ABT-869),CHEMBL223360,CHEMBL5932,P53671,LIM domain kinase 2,Kd,4700.0,5.33,CHEMBL1063714
Linifanib (ABT-869),CHEMBL223360,CHEMBL5606,Q15831,Serine/threonine-protein kinase STK11,Kd,10000.0,5.0,CHEMBL1051288
Linifanib (ABT-869),CHEMBL223360,CHEMBL5600,P27448,MAP/microtubule affinity-regulating kinase 3,Kd,10000.0,5.0,CHEMBL1063802
Linifanib (ABT-869),CHEMBL223360,CHEMBL3587,Q02750,Dual specificity mitogen-activated protein kinase kinase 1,Kd,10000.0,5.0,CHEMBL1061906
Linifanib (ABT-869),CHEMBL223360,CHEMBL2964,P36507,Dual specificity mitogen-activated protein kinase kinase 2,Kd,10000.0,5.0,CHEMBL1061079
Linifanib (ABT-869),CHEMBL223360,CHEMBL2109,P46734,Dual specificity mitogen-activated protein kinase kinase 3,Kd,10000.0,5.0,CHEMBL1060250
Linifanib (ABT-869),CHEMBL223360,CHEMBL4578,Q14680,Maternal embryonic leucine zipper kinase,Kd,10000.0,5.0,CHEMBL1063803
Linifanib (ABT-869),CHEMBL223360,CHEMBL4718,Q9BUB5,MAP kinase-interacting serine/threonine-protein kinase 1,Kd,4900.0,5.31,CHEMBL1063804
Linifanib (ABT-869),CHEMBL223360,CHEMBL4598,Q13043,Serine/threonine-protein kinase 4,Kd,1400.0,5.85,CHEMBL1061178
Linifanib (ABT-869),CHEMBL223360,CHEMBL3830,Q2M2I8,AP2-associated protein kinase 1,Kd,10000.0,5.0,CHEMBL1037546
Linifanib (ABT-869),CHEMBL223360,CHEMBL1862,P00519,Tyrosine-protein kinase ABL1,Kd,10000.0,5.0,CHEMBL1061129
Linifanib (ABT-869),CHEMBL223360,CHEMBL1862,P00519,Tyrosine-protein kinase ABL1,Kd,10000.0,5.0,CHEMBL1063789
Linifanib (ABT-869),CHEMBL223360,CHEMBL5941,Q9P289,Serine/threonine-protein kinase 26,Kd,10000.0,5.0,CHEMBL1063806
Linifanib (ABT-869),CHEMBL223360,CHEMBL4849,Q8TDX7,Serine/threonine-protein kinase Nek7,Kd,10000.0,5.0,CHEMBL1063808
Linifanib (ABT-869),CHEMBL223360,CHEMBL5364,Q9UBE8,Serine/threonine-protein kinase NLK,Kd,10000.0,5.0,CHEMBL1063809
Linifanib (ABT-869),CHEMBL223360,CHEMBL260,Q16539,Mitogen-activated protein kinase 14,Kd,10000.0,5.0,CHEMBL1061091
Linifanib (ABT-869),CHEMBL223360,CHEMBL3961,Q15759,Mitogen-activated protein kinase 11,Kd,10000.0,5.0,CHEMBL1062864
Linifanib (ABT-869),CHEMBL223360,CHEMBL4674,P53778,Mitogen-activated protein kinase 12,Kd,10000.0,5.0,CHEMBL1061183
Linifanib (ABT-869),CHEMBL223360,CHEMBL3234,P08631,Tyrosine-protein kinase HCK,Kd,10000.0,5.0,CHEMBL1063730
Linifanib (ABT-869),CHEMBL223360,CHEMBL1957,P08069,Insulin-like growth factor 1 receptor,Kd,10000.0,5.0,CHEMBL1061075
Linifanib (ABT-869),CHEMBL223360,CHEMBL1981,P06213,Insulin receptor,Kd,10000.0,5.0,CHEMBL1060195
Lovastatin,CHEMBL503,CHEMBL402,P04035,3-hydroxy-3-methylglutaryl-coenzyme A reductase,IC50,37.0,7.43,CHEMBL692723
Lovastatin,CHEMBL503,CHEMBL395,,HepG2,IC50,79.0,7.1,CHEMBL686030
Lovastatin,CHEMBL503,CHEMBL402,P04035,3-hydroxy-3-methylglutaryl-coenzyme A reductase,IC50,39.0,7.41,CHEMBL692721
Lovastatin,CHEMBL503,CHEMBL2096661,,"Intercellular adhesion molecule (ICAM-1), Integrin alpha-L/beta-2",IC50,3780.0,5.42,CHEMBL700600
Lovastatin,CHEMBL503,CHEMBL402,P04035,3-hydroxy-3-methylglutaryl-coenzyme A reductase,IC50,0.05,10.3,CHEMBL692725
Lovastatin,CHEMBL503,CHEMBL395,,HepG2,IC50,29.0,7.54,CHEMBL872943
Lovastatin,CHEMBL503,CHEMBL402,P04035,3-hydroxy-3-methylglutaryl-coenzyme A reductase,IC50,50.0,7.3,CHEMBL692247
Lovastatin,CHEMBL503,CHEMBL402,P04035,3-hydroxy-3-methylglutaryl-coenzyme A reductase,IC50,50.0,7.3,CHEMBL692726
Lovastatin,CHEMBL503,CHEMBL402,P04035,3-hydroxy-3-methylglutaryl-coenzyme A reductase,IC50,20.0,7.7,CHEMBL692133
Lovastatin,CHEMBL503,CHEMBL3849,Q16850,Lanosterol 14-alpha demethylase,IC50,200000.0,3.7,CHEMBL934981
Lovastatin,CHEMBL503,CHEMBL612544,,SW480,IC50,7100.0,5.15,CHEMBL947496
Lovastatin,CHEMBL503,CHEMBL384,,HT-29,IC50,46800.0,4.33,CHEMBL947498
Lovastatin,CHEMBL503,CHEMBL402,P04035,3-hydroxy-3-methylglutaryl-coenzyme A reductase,Ki,0.6,9.22,CHEMBL991179
Lovastatin,CHEMBL503,CHEMBL402,P04035,3-hydroxy-3-methylglutaryl-coenzyme A reductase,IC50,2.0,8.7,CHEMBL991179
Lovastatin,CHEMBL503,CHEMBL402,P04035,3-hydroxy-3-methylglutaryl-coenzyme A reductase,IC50,20100.0,4.7,CHEMBL1833422
Lovastatin,CHEMBL503,CHEMBL226,P30542,Adenosine receptor A1,IC50,26720.0,4.57,CHEMBL1909213
Lovastatin,CHEMBL503,CHEMBL226,P30542,Adenosine receptor A1,Ki,15586.0,4.81,CHEMBL1909213
Lovastatin,CHEMBL503,CHEMBL222,P23975,Sodium-dependent noradrenaline transporter,IC50,8753.0,5.06,CHEMBL1909094
Lovastatin,CHEMBL503,CHEMBL222,P23975,Sodium-dependent noradrenaline transporter,Ki,8680.0,5.06,CHEMBL1909094
Lovastatin,CHEMBL503,CHEMBL238,Q01959,Sodium-dependent dopamine transporter,IC50,10104.0,5.0,CHEMBL1909143
Lovastatin,CHEMBL503,CHEMBL238,Q01959,Sodium-dependent dopamine transporter,Ki,8028.0,5.1,CHEMBL1909143
Lovastatin,CHEMBL503,CHEMBL402,P04035,3-hydroxy-3-methylglutaryl-coenzyme A reductase,IC50,20.0,7.7,CHEMBL1909158
Lovastatin,CHEMBL503,CHEMBL2327,P21452,Substance-K receptor,IC50,28224.0,4.55,CHEMBL1909114
Lovastatin,CHEMBL503,CHEMBL2327,P21452,Substance-K receptor,Ki,9408.0,5.03,CHEMBL1909114
Lovastatin,CHEMBL503,CHEMBL4302,P08183,ATP-dependent translocase ABCB1,IC50,10000.0,5.0,CHEMBL2078148
Lovastatin,CHEMBL503,CHEMBL4302,P08183,ATP-dependent translocase ABCB1,IC50,114400.0,3.94,CHEMBL2076213
Lovastatin,CHEMBL503,CHEMBL4302,P08183,ATP-dependent translocase ABCB1,IC50,26000.0,4.59,CHEMBL2077344
Lovastatin,CHEMBL503,CHEMBL1697668,Q9Y6L6,Solute carrier organic anion transporter family member 1B1,IC50,28000.0,4.55,CHEMBL2078133
Lovastatin,CHEMBL503,CHEMBL4302,P08183,ATP-dependent translocase ABCB1,IC50,32700.0,4.49,CHEMBL2076214
Lovastatin,CHEMBL503,CHEMBL4302,P08183,ATP-dependent translocase ABCB1,IC50,67000.0,4.17,CHEMBL2077341
Lovastatin,CHEMBL503,CHEMBL1803,P20701,Integrin alpha-L,Kd,12900.0,4.89,CHEMBL2317562
Lovastatin,CHEMBL503,CHEMBL614578,,Hs68,IC50,23200.0,4.63,CHEMBL2351229
Lovastatin,CHEMBL503,CHEMBL392,,A549,IC50,11400.0,4.94,CHEMBL2351231
Lovastatin,CHEMBL503,CHEMBL402,P04035,3-hydroxy-3-methylglutaryl-coenzyme A reductase,IC50,19800.0,4.7,CHEMBL2351234
Lovastatin,CHEMBL503,CHEMBL1865,Q9UBN7,Histone deacetylase 6,IC50,16285.0,4.79,CHEMBL2351235
Lovastatin,CHEMBL503,CHEMBL1937,Q92769,Histone deacetylase 2,IC50,25933.0,4.59,CHEMBL2351477
Lovastatin,CHEMBL503,CHEMBL325,Q13547,Histone deacetylase 1,IC50,11911.0,4.92,CHEMBL2351478
Lovastatin,CHEMBL503,CHEMBL402,P04035,3-hydroxy-3-methylglutaryl-coenzyme A reductase,IC50,29.5,7.53,CHEMBL2351479
Lovastatin,CHEMBL503,CHEMBL395,,HepG2,IC50,8300.0,5.08,CHEMBL3606719
Lovastatin,CHEMBL503,CHEMBL325,Q13547,Histone deacetylase 1,IC50,11911.0,4.92,CHEMBL3706228
Lovastatin,CHEMBL503,CHEMBL1937,Q92769,Histone deacetylase 2,IC50,25933.0,4.59,CHEMBL3707871
Lovastatin,CHEMBL503,CHEMBL1865,Q9UBN7,Histone deacetylase 6,IC50,16285.0,4.79,CHEMBL3707936
Lovastatin,CHEMBL503,CHEMBL402,P04035,3-hydroxy-3-methylglutaryl-coenzyme A reductase,IC50,29.5,7.53,CHEMBL3706229
Lovastatin,CHEMBL503,CHEMBL402,P04035,3-hydroxy-3-methylglutaryl-coenzyme A reductase,IC50,29.5,7.53,CHEMBL3888526
Lovastatin,CHEMBL503,CHEMBL325,Q13547,Histone deacetylase 1,IC50,11214.0,4.95,CHEMBL3888527
Lovastatin,CHEMBL503,CHEMBL1937,Q92769,Histone deacetylase 2,IC50,25933.0,4.59,CHEMBL3888528
Lovastatin,CHEMBL503,CHEMBL1865,Q9UBN7,Histone deacetylase 6,IC50,16283.0,4.79,CHEMBL3888529
Lovastatin,CHEMBL503,CHEMBL6020,O95342,Bile salt export pump,IC50,19300.0,4.71,CHEMBL4011673
Lovastatin,CHEMBL503,CHEMBL6020,O95342,Bile salt export pump,IC50,19300.0,4.71,CHEMBL4028921
Lovastatin,CHEMBL503,CHEMBL5748,Q92887,ATP-binding cassette sub-family C member 2,IC50,133000.0,3.88,CHEMBL4028922
Lovastatin,CHEMBL503,CHEMBL5918,O15438,ATP-binding cassette sub-family C member 3,IC50,133000.0,3.88,CHEMBL4028923
Lovastatin,CHEMBL503,CHEMBL1743128,O15439,ATP-binding cassette sub-family C member 4,IC50,133000.0,3.88,CHEMBL4028924
Lovastatin,CHEMBL503,CHEMBL402,P04035,3-hydroxy-3-methylglutaryl-coenzyme A reductase,IC50,2.2,8.66,CHEMBL4037104
Lovastatin,CHEMBL503,CHEMBL2364172,,Integrin alpha-L/beta-2 (LFA-1),IC50,2400.0,5.62,CHEMBL4604547
MGCD-265,CHEMBL3989914,CHEMBL3717,P08581,Hepatocyte growth factor receptor,IC50,29.0,7.54,CHEMBL3268017
MGCD-265,CHEMBL3989914,CHEMBL3717,P08581,Hepatocyte growth factor receptor,IC50,1.0,9.0,CHEMBL3811343
MGCD-265,CHEMBL3989914,CHEMBL279,P35968,Vascular endothelial growth factor receptor 2,IC50,1.0,9.0,CHEMBL3811336
MGCD-265,CHEMBL3989914,CHEMBL3830,Q2M2I8,AP2-associated protein kinase 1,Kd,30000.0,4.52,CHEMBL3991602
MGCD-265,CHEMBL3989914,CHEMBL1862,P00519,Tyrosine-protein kinase ABL1,Kd,241.0,6.62,CHEMBL3991603
MGCD-265,CHEMBL3989914,CHEMBL4014,P42684,Tyrosine-protein kinase ABL2,Kd,315.0,6.5,CHEMBL3991604
MGCD-265,CHEMBL3989914,CHEMBL4105816,Q6JQN1,Acyl-CoA dehydrogenase family member 10,Kd,30000.0,4.52,CHEMBL3991605
MGCD-265,CHEMBL3989914,CHEMBL4105707,Q709F0,Acyl-CoA dehydrogenase family member 11,Kd,30000.0,4.52,CHEMBL3991606
MGCD-265,CHEMBL3989914,CHEMBL4105892,P49748,"Very long-chain specific acyl-CoA dehydrogenase, mitochondrial",Kd,30000.0,4.52,CHEMBL3991607
MGCD-265,CHEMBL3989914,CHEMBL4105817,O15254,Peroxisomal acyl-coenzyme A oxidase 3,Kd,30000.0,4.52,CHEMBL3991609
MGCD-265,CHEMBL3989914,CHEMBL4105818,Q9ULC5,Long-chain-fatty-acid--CoA ligase 5,Kd,30000.0,4.52,CHEMBL3991610
MGCD-265,CHEMBL3989914,CHEMBL6090,P61160,Actin-related protein 2,Kd,30000.0,4.52,CHEMBL3991611
MGCD-265,CHEMBL3989914,CHEMBL4105857,P61158,Actin-related protein 3,Kd,30000.0,4.52,CHEMBL3991612
MGCD-265,CHEMBL3989914,CHEMBL5903,Q04771,Activin receptor type-1,Kd,30000.0,4.52,CHEMBL3991613
MGCD-265,CHEMBL3989914,CHEMBL5310,P36896,Activin receptor type-1B,Kd,30000.0,4.52,CHEMBL3991614
MGCD-265,CHEMBL3989914,CHEMBL5466,Q13705,Activin receptor type-2B,Kd,30000.0,4.52,CHEMBL3991615
MGCD-265,CHEMBL3989914,CHEMBL4105885,Q86TW2,AarF domain-containing protein kinase 1,Kd,30000.0,4.52,CHEMBL3991617
MGCD-265,CHEMBL3989914,CHEMBL5550,Q8NI60,"Atypical kinase COQ8A, mitochondrial",Kd,30000.0,4.52,CHEMBL3991618
MGCD-265,CHEMBL3989914,CHEMBL4105886,Q3MIX3,Uncharacterized aarF domain-containing protein kinase 5,Kd,30000.0,4.52,CHEMBL3991619
MGCD-265,CHEMBL3989914,CHEMBL3589,P55263,Adenosine kinase,Kd,30000.0,4.52,CHEMBL3991620
MGCD-265,CHEMBL3989914,CHEMBL4079,P25098,Beta-adrenergic receptor kinase 1,Kd,30000.0,4.52,CHEMBL3991621
MGCD-265,CHEMBL3989914,CHEMBL4938,P54819,"Adenylate kinase 2, mitochondrial",Kd,30000.0,4.52,CHEMBL3991622
MGCD-265,CHEMBL3989914,CHEMBL4282,P31749,RAC-alpha serine/threonine-protein kinase,Kd,30000.0,4.52,CHEMBL3991623
MGCD-265,CHEMBL3989914,CHEMBL2431,P31751,RAC-beta serine/threonine-protein kinase,Kd,30000.0,4.52,CHEMBL3991624
MGCD-265,CHEMBL3989914,CHEMBL4816,Q9Y243,RAC-gamma serine/threonine-protein kinase,Kd,30000.0,4.52,CHEMBL3991625
MGCD-265,CHEMBL3989914,CHEMBL4105819,P07741,Adenine phosphoribosyltransferase,Kd,30000.0,4.52,CHEMBL3991627
MGCD-265,CHEMBL3989914,CHEMBL1169596,P10398,Serine/threonine-protein kinase A-Raf,Kd,30000.0,4.52,CHEMBL3991628
MGCD-265,CHEMBL3989914,CHEMBL4722,O14965,Aurora kinase A,Kd,30000.0,4.52,CHEMBL3991630
MGCD-265,CHEMBL3989914,CHEMBL2185,Q96GD4,Aurora kinase B,Kd,30000.0,4.52,CHEMBL3991631
MGCD-265,CHEMBL3989914,CHEMBL5146,P11274,Breakpoint cluster region protein,Kd,858.0,6.07,CHEMBL3991632
MGCD-265,CHEMBL3989914,CHEMBL4522,Q9NSY1,BMP-2-inducible protein kinase,Kd,30000.0,4.52,CHEMBL3991633
MGCD-265,CHEMBL3989914,CHEMBL5275,P36894,Bone morphogenetic protein receptor type-1A,Kd,30000.0,4.52,CHEMBL3991634
MGCD-265,CHEMBL3989914,CHEMBL5476,O00238,Bone morphogenetic protein receptor type-1B,Kd,30000.0,4.52,CHEMBL3991635
MGCD-265,CHEMBL3989914,CHEMBL5467,Q13873,Bone morphogenetic protein receptor type-2,Kd,30000.0,4.52,CHEMBL3991636
MGCD-265,CHEMBL3989914,CHEMBL5145,P15056,Serine/threonine-protein kinase B-raf,Kd,30000.0,4.52,CHEMBL3991637
MGCD-265,CHEMBL3989914,CHEMBL5251,Q06187,Tyrosine-protein kinase BTK,Kd,30000.0,4.52,CHEMBL3991638
MGCD-265,CHEMBL3989914,CHEMBL1772932,O43683,Mitotic checkpoint serine/threonine-protein kinase BUB1,Kd,30000.0,4.52,CHEMBL3991639
MGCD-265,CHEMBL3989914,CHEMBL2801,Q13557,Calcium/calmodulin-dependent protein kinase type II subunit delta,Kd,30000.0,4.52,CHEMBL3991641
MGCD-265,CHEMBL3989914,CHEMBL3829,Q13555,Calcium/calmodulin-dependent protein kinase type II subunit gamma,Kd,30000.0,4.52,CHEMBL3991642
MGCD-265,CHEMBL3989914,CHEMBL2494,Q16566,Calcium/calmodulin-dependent protein kinase type IV,Kd,30000.0,4.52,CHEMBL3991643
MGCD-265,CHEMBL3989914,CHEMBL5284,Q96RR4,Calcium/calmodulin-dependent protein kinase kinase 2,Kd,30000.0,4.52,CHEMBL3991644
MGCD-265,CHEMBL3989914,CHEMBL4105937,P49589,"Cysteine--tRNA ligase, cytoplasmic",Kd,30000.0,4.52,CHEMBL3991645
MGCD-265,CHEMBL3989914,CHEMBL4516,Q5VT25,Serine/threonine-protein kinase MRCK alpha,Kd,30000.0,4.52,CHEMBL3991646
MGCD-265,CHEMBL3989914,CHEMBL5052,Q9Y5S2,Serine/threonine-protein kinase MRCK beta,Kd,30000.0,4.52,CHEMBL3991647
MGCD-265,CHEMBL3989914,CHEMBL5615,Q6DT37,Serine/threonine-protein kinase MRCK gamma,Kd,30000.0,4.52,CHEMBL3991648
MGCD-265,CHEMBL3989914,CHEMBL5443,O00311,Cell division cycle 7-related protein kinase,Kd,30000.0,4.52,CHEMBL3991649
MGCD-265,CHEMBL3989914,CHEMBL308,P06493,Cyclin-dependent kinase 1,Kd,30000.0,4.52,CHEMBL3991650
MGCD-265,CHEMBL3989914,CHEMBL3559692,Q9NYV4,Cyclin-dependent kinase 12,Kd,30000.0,4.52,CHEMBL3991652
MGCD-265,CHEMBL3989914,CHEMBL1795192,Q14004,Cyclin-dependent kinase 13,Kd,30000.0,4.52,CHEMBL3991653
MGCD-265,CHEMBL3989914,CHEMBL4597,Q00536,Cyclin-dependent kinase 16,Kd,30000.0,4.52,CHEMBL3991654
MGCD-265,CHEMBL3989914,CHEMBL5790,Q00537,Cyclin-dependent kinase 17,Kd,30000.0,4.52,CHEMBL3991655
MGCD-265,CHEMBL3989914,CHEMBL301,P24941,Cyclin-dependent kinase 2,Kd,30000.0,4.52,CHEMBL3991657
MGCD-265,CHEMBL3989914,CHEMBL4442,Q00526,Cyclin-dependent kinase 3,Kd,30000.0,4.52,CHEMBL3991658
MGCD-265,CHEMBL3989914,CHEMBL331,P11802,Cyclin-dependent kinase 4,Kd,30000.0,4.52,CHEMBL3991659
MGCD-265,CHEMBL3989914,CHEMBL4036,Q00535,Cyclin-dependent kinase 5,Kd,30000.0,4.52,CHEMBL3991660
MGCD-265,CHEMBL3989914,CHEMBL2508,Q00534,Cyclin-dependent kinase 6,Kd,30000.0,4.52,CHEMBL3991661
MGCD-265,CHEMBL3989914,CHEMBL3055,P50613,Cyclin-dependent kinase 7,Kd,30000.0,4.52,CHEMBL3991662
MGCD-265,CHEMBL3989914,CHEMBL3116,P50750,Cyclin-dependent kinase 9,Kd,30000.0,4.52,CHEMBL3991663
MGCD-265,CHEMBL3989914,CHEMBL1163112,O76039,Cyclin-dependent kinase-like 5,Kd,30000.0,4.52,CHEMBL3991664
MGCD-265,CHEMBL3989914,CHEMBL4105742,Q14839,Chromodomain-helicase-DNA-binding protein 4,Kd,30000.0,4.52,CHEMBL3991665
MGCD-265,CHEMBL3989914,CHEMBL4630,O14757,Serine/threonine-protein kinase Chk1,Kd,30000.0,4.52,CHEMBL3991666
MGCD-265,CHEMBL3989914,CHEMBL5579,O14578,Citron Rho-interacting kinase,Kd,30000.0,4.52,CHEMBL3991667
MGCD-265,CHEMBL3989914,CHEMBL4224,P49759,Dual specificity protein kinase CLK1,Kd,30000.0,4.52,CHEMBL3991668
MGCD-265,CHEMBL3989914,CHEMBL4225,P49760,Dual specificity protein kinase CLK2,Kd,30000.0,4.52,CHEMBL3991669
MGCD-265,CHEMBL3989914,CHEMBL4226,P49761,Dual specificity protein kinase CLK3,Kd,30000.0,4.52,CHEMBL3991670
MGCD-265,CHEMBL3989914,CHEMBL4203,Q9HAZ1,Dual specificity protein kinase CLK4,Kd,30000.0,4.52,CHEMBL3991671
MGCD-265,CHEMBL3989914,CHEMBL5681,P30085,UMP-CMP kinase,Kd,30000.0,4.52,CHEMBL3991672
MGCD-265,CHEMBL3989914,CHEMBL2634,P41240,Tyrosine-protein kinase CSK,Kd,30000.0,4.52,CHEMBL3991673
MGCD-265,CHEMBL3989914,CHEMBL2793,P48729,Casein kinase I isoform alpha,Kd,30000.0,4.52,CHEMBL3991674
MGCD-265,CHEMBL3989914,CHEMBL2828,P48730,Casein kinase I isoform delta,Kd,30000.0,4.52,CHEMBL3991675
MGCD-265,CHEMBL3989914,CHEMBL4937,P49674,Casein kinase I isoform epsilon,Kd,30000.0,4.52,CHEMBL3991676
MGCD-265,CHEMBL3989914,CHEMBL2426,Q9HCP0,Casein kinase I isoform gamma-1,Kd,30000.0,4.52,CHEMBL3991677
MGCD-265,CHEMBL3989914,CHEMBL2543,P78368,Casein kinase I isoform gamma-2,Kd,30000.0,4.52,CHEMBL3991678
MGCD-265,CHEMBL3989914,CHEMBL5084,Q9Y6M4,Casein kinase I isoform gamma-3,Kd,30000.0,4.52,CHEMBL3991679
MGCD-265,CHEMBL3989914,CHEMBL4070,P19784,Casein kinase II subunit alpha',Kd,30000.0,4.52,CHEMBL3991681
MGCD-265,CHEMBL3989914,CHEMBL4105975,P08574,"Cytochrome c1, heme protein, mitochondrial",Kd,30000.0,4.52,CHEMBL3991682
MGCD-265,CHEMBL3989914,CHEMBL2447,P27707,Deoxycytidine kinase,Kd,30000.0,4.52,CHEMBL3991683
MGCD-265,CHEMBL3989914,CHEMBL3769292,Q9H773,dCTP pyrophosphatase 1,Kd,30000.0,4.52,CHEMBL3991684
MGCD-265,CHEMBL3989914,CHEMBL5319,Q08345,Epithelial discoidin domain-containing receptor 1,Kd,549.0,6.26,CHEMBL3991685
MGCD-265,CHEMBL3989914,CHEMBL5122,Q16832,Discoidin domain-containing receptor 2,Kd,1493.0,5.83,CHEMBL3991686
MGCD-265,CHEMBL3989914,CHEMBL2010634,Q92499,ATP-dependent RNA helicase DDX1,Kd,30000.0,4.52,CHEMBL3991687
MGCD-265,CHEMBL3989914,CHEMBL5553,O00571,ATP-dependent RNA helicase DDX3X,Kd,30000.0,4.52,CHEMBL3991688
MGCD-265,CHEMBL3989914,CHEMBL4105782,Q86XP3,ATP-dependent RNA helicase DDX42,Kd,30000.0,4.52,CHEMBL3991689
MGCD-265,CHEMBL3989914,CHEMBL4105783,P26196,Probable ATP-dependent RNA helicase DDX6,Kd,30000.0,4.52,CHEMBL3991690
MGCD-265,CHEMBL3989914,CHEMBL2331059,Q15392,Delta(24)-sterol reductase,Kd,30000.0,4.52,CHEMBL3991691
MGCD-265,CHEMBL3989914,CHEMBL4105814,Q7L2E3,ATP-dependent RNA helicase DHX30,Kd,30000.0,4.52,CHEMBL3991692
MGCD-265,CHEMBL3989914,CHEMBL2189122,P31689,DnaJ homolog subfamily A member 1,Kd,30000.0,4.52,CHEMBL3991693
MGCD-265,CHEMBL3989914,CHEMBL2292,Q13627,Dual specificity tyrosine-phosphorylation-regulated kinase 1A,Kd,30000.0,4.52,CHEMBL3991694
MGCD-265,CHEMBL3989914,CHEMBL203,P00533,Epidermal growth factor receptor,Kd,30000.0,4.52,CHEMBL3991696
MGCD-265,CHEMBL3989914,CHEMBL6029,Q9BQI3,Eukaryotic translation initiation factor 2-alpha kinase 1,Kd,30000.0,4.52,CHEMBL3991697
MGCD-265,CHEMBL3989914,CHEMBL4105852,O60841,Eukaryotic translation initiation factor 5B,Kd,30000.0,4.52,CHEMBL3991699
MGCD-265,CHEMBL3989914,CHEMBL5810,P21709,Ephrin type-A receptor 1,Kd,30000.0,4.52,CHEMBL3991700
MGCD-265,CHEMBL3989914,CHEMBL2068,P29317,Ephrin type-A receptor 2,Kd,30000.0,4.52,CHEMBL3991701
MGCD-265,CHEMBL3989914,CHEMBL3988,P54764,Ephrin type-A receptor 4,Kd,30000.0,4.52,CHEMBL3991702
MGCD-265,CHEMBL3989914,CHEMBL3987,P54756,Ephrin type-A receptor 5,Kd,30000.0,4.52,CHEMBL3991703
MGCD-265,CHEMBL3989914,CHEMBL3290,P29323,Ephrin type-B receptor 2,Kd,30000.0,4.52,CHEMBL3991705
MGCD-265,CHEMBL3989914,CHEMBL4901,P54753,Ephrin type-B receptor 3,Kd,30000.0,4.52,CHEMBL3991706
MGCD-265,CHEMBL3989914,CHEMBL5147,P54760,Ephrin type-B receptor 4,Kd,30000.0,4.52,CHEMBL3991707
MGCD-265,CHEMBL3989914,CHEMBL5836,O15197,Ephrin type-B receptor 6,Kd,30000.0,4.52,CHEMBL3991708
MGCD-265,CHEMBL3989914,CHEMBL4105743,P18074,General transcription and DNA repair factor IIH helicase subunit XPD,Kd,30000.0,4.52,CHEMBL3991709
MK-2206,CHEMBL1079175,CHEMBL4282,P31749,RAC-alpha serine/threonine-protein kinase,IC50,8.0,8.1,CHEMBL1111477
MK-2206,CHEMBL1079175,CHEMBL2431,P31751,RAC-beta serine/threonine-protein kinase,IC50,12.0,7.92,CHEMBL1111478
MK-2206,CHEMBL1079175,CHEMBL4816,Q9Y243,RAC-gamma serine/threonine-protein kinase,IC50,65.0,7.19,CHEMBL1111480
MK-2206,CHEMBL1079175,CHEMBL1075435,,DOK,IC50,3228.59,5.49,CHEMBL2363186
MK-2206,CHEMBL1079175,CHEMBL2366079,,DSH1,IC50,9208.7,5.04,CHEMBL2363187
MK-2206,CHEMBL1079175,CHEMBL2366246,,DU-4475,IC50,36903.26,4.43,CHEMBL2363189
MK-2206,CHEMBL1079175,CHEMBL612519,,Daoy,IC50,36653.8,4.44,CHEMBL2363191
MK-2206,CHEMBL1079175,CHEMBL613508,,DU-145,IC50,647.45,6.19,CHEMBL2363188
MK-2206,CHEMBL1079175,CHEMBL614487,,EKVX,IC50,12031.29,4.92,CHEMBL2363207
MK-2206,CHEMBL1079175,CHEMBL2366281,,EM-2,IC50,979.39,6.01,CHEMBL2363208
MK-2206,CHEMBL1079175,CHEMBL1075443,,EPLC-272H,IC50,1172.56,5.93,CHEMBL2363209
MK-2206,CHEMBL1079175,CHEMBL2366118,,ES4,IC50,23423.22,4.63,CHEMBL2363212
MK-2206,CHEMBL1079175,CHEMBL2366312,,ES5,IC50,344.55,6.46,CHEMBL2363213
MK-2206,CHEMBL1079175,CHEMBL2366146,,ES1,IC50,1240.65,5.91,CHEMBL2363210
MK-2206,CHEMBL1079175,CHEMBL2366135,,ES3,IC50,2497.59,5.6,CHEMBL2363211
MK-2206,CHEMBL1079175,CHEMBL1075432,,Detroit 562,IC50,16731.8,4.78,CHEMBL2363193
MK-2206,CHEMBL1079175,CHEMBL1075436,,DoTc2-4510,IC50,84218.53,4.07,CHEMBL2363194
MK-2206,CHEMBL1079175,CHEMBL2366117,,ECC10,IC50,3936.22,5.4,CHEMBL2363198
MK-2206,CHEMBL1079175,CHEMBL1075439,,EFM-19,IC50,440.1,6.36,CHEMBL2363202
MK-2206,CHEMBL1079175,CHEMBL1075440,,EFO-21,IC50,38934.86,4.41,CHEMBL2363203
MK-2206,CHEMBL1079175,CHEMBL1075441,,EFO-27,IC50,9164.12,5.04,CHEMBL2363204
MK-2206,CHEMBL1079175,CHEMBL1075442,,EGI-1,IC50,4377.78,5.36,CHEMBL2363205
MK-2206,CHEMBL1079175,CHEMBL614516,,A498,IC50,6819.61,5.17,CHEMBL2363731
MK-2206,CHEMBL1079175,CHEMBL392,,A549,IC50,10397.34,4.98,CHEMBL2363732
MK-2206,CHEMBL1079175,CHEMBL614530,,BXPC-3,IC50,40568.59,4.39,CHEMBL2363768
MK-2206,CHEMBL1079175,CHEMBL2366313,,C-33-A,IC50,64095.75,4.19,CHEMBL2363769
MK-2206,CHEMBL1079175,CHEMBL1075428,,COLO-741,IC50,40130.39,4.4,CHEMBL2363138
MK-2206,CHEMBL1079175,CHEMBL1075429,,COLO-792,IC50,95256.38,4.02,CHEMBL2363139
MK-2206,CHEMBL1079175,CHEMBL2366186,,DEL,IC50,11423.96,4.94,CHEMBL2363176
MK-2206,CHEMBL1079175,CHEMBL614517,,A673,IC50,161705.05,3.79,CHEMBL2363733
MK-2206,CHEMBL1079175,CHEMBL614567,,A704,IC50,6630.6,5.18,CHEMBL2363734
MK-2206,CHEMBL1079175,CHEMBL2366283,,C2BBe1,IC50,231904.58,3.63,CHEMBL2363771
MK-2206,CHEMBL1079175,CHEMBL1075401,,C32,IC50,18472.74,4.73,CHEMBL2363772
MK-2206,CHEMBL1079175,CHEMBL2366224,,COLO-800,IC50,34364.7,4.46,CHEMBL2363140
MK-2206,CHEMBL1079175,CHEMBL1075430,,COLO-824,IC50,60071.95,4.22,CHEMBL2363141
MK-2206,CHEMBL1079175,CHEMBL2366264,,DJM-1,IC50,23523.43,4.63,CHEMBL2363178
MK-2206,CHEMBL1079175,CHEMBL1075433,,DK-MG,IC50,24293.99,4.61,CHEMBL2363179
MK-2206,CHEMBL1079175,CHEMBL1075391,,ABC-1,IC50,2332.53,5.63,CHEMBL2363735
MK-2206,CHEMBL1079175,CHEMBL2366195,,ACN,IC50,9532.77,5.02,CHEMBL2363737
MK-2206,CHEMBL1079175,CHEMBL1075402,,C3A,IC50,311802.2,3.51,CHEMBL2363773
MK-2206,CHEMBL1079175,CHEMBL614533,,C8166,IC50,278506.11,3.56,CHEMBL2363774
MK-2206,CHEMBL1079175,CHEMBL1075431,,COR-L105,IC50,1797.37,5.75,CHEMBL2363143
MK-2206,CHEMBL1079175,CHEMBL2366181,,DOHH-2,IC50,1282.03,5.89,CHEMBL2363185
MK-2206,CHEMBL1079175,CHEMBL613860,,AGS,IC50,2721.37,5.57,CHEMBL2363738
MK-2206,CHEMBL1079175,CHEMBL2366294,,ALL-PO,IC50,24618.99,4.61,CHEMBL2363739
MK-2206,CHEMBL1079175,CHEMBL614067,,CAKI-1,IC50,48284.47,4.32,CHEMBL2363776
MK-2206,CHEMBL1079175,CHEMBL1075405,,CAL-120,IC50,14702.65,4.83,CHEMBL2363777
MK-2206,CHEMBL1079175,CHEMBL613854,,COR-L23,IC50,32907.28,4.48,CHEMBL2363144
MK-2206,CHEMBL1079175,CHEMBL614642,,DMS-114,IC50,3622.78,5.44,CHEMBL2363180
MK-2206,CHEMBL1079175,CHEMBL614034,,DMS-273,IC50,1519.59,5.82,CHEMBL2363182
MK-2206,CHEMBL1079175,CHEMBL2366192,,AM-38,IC50,22868.86,4.64,CHEMBL2363740
MK-2206,CHEMBL1079175,CHEMBL1075392,,AN3-CA,IC50,3624.56,5.44,CHEMBL2363741
MK-2206,CHEMBL1079175,CHEMBL1075406,,CAL-12T,IC50,28111.2,4.55,CHEMBL2363778
MK-2206,CHEMBL1079175,CHEMBL2366329,,COR-L88,IC50,142140.22,3.85,CHEMBL2363146
MK-2206,CHEMBL1079175,CHEMBL2366076,,CP50-MEL-B,IC50,144501.08,3.84,CHEMBL2363147
MK-2206,CHEMBL1079175,CHEMBL2366277,,ATN-1,IC50,4443.04,5.35,CHEMBL2363743
MK-2206,CHEMBL1079175,CHEMBL1075408,,CAL-27,IC50,5463.39,5.26,CHEMBL2363780
MK-2206,CHEMBL1079175,CHEMBL1075409,,CAL-33,IC50,7662.33,5.12,CHEMBL2363781
MK-2206,CHEMBL1079175,CHEMBL1075410,,CAL-39,IC50,4721.46,5.33,CHEMBL2363782
MK-2206,CHEMBL1079175,CHEMBL612657,,CWR22R,IC50,21568.54,4.67,CHEMBL2363708
MK-2206,CHEMBL1079175,CHEMBL612565,,5637,IC50,9849.84,5.01,CHEMBL2363710
MK-2206,CHEMBL1079175,CHEMBL1075393,,AU565,IC50,6969.57,5.16,CHEMBL2363744
MK-2206,CHEMBL1079175,CHEMBL612588,,ASPC1,IC50,221.22,6.66,CHEMBL2363745
MK-2206,CHEMBL1079175,CHEMBL2366269,,BALL-1,IC50,126229.92,3.9,CHEMBL2363746
MK-2206,CHEMBL1079175,CHEMBL1075411,,CAL-51,IC50,12071.57,4.92,CHEMBL2363783
MK-2206,CHEMBL1079175,CHEMBL1075412,,CAL-54,IC50,1712.42,5.77,CHEMBL2363784
MK-2206,CHEMBL1079175,CHEMBL2366344,,CTB-1,IC50,1289.9,5.89,CHEMBL2363152
MK-2206,CHEMBL1079175,CHEMBL2366360,,CTV-1,IC50,13345.02,4.87,CHEMBL2363153
MK-2206,CHEMBL1079175,CHEMBL1075383,,639-V,IC50,18335.35,4.74,CHEMBL2363711
MK-2206,CHEMBL1079175,CHEMBL1075384,,647-V,IC50,60134.7,4.22,CHEMBL2363712
MK-2206,CHEMBL1079175,CHEMBL2366271,,BB30-HNC,IC50,11798.21,4.93,CHEMBL2363747
MK-2206,CHEMBL1079175,CHEMBL2366295,,BB49-HNC,IC50,12117.72,4.92,CHEMBL2363748
MK-2206,CHEMBL1079175,CHEMBL1075413,,CAL-62,IC50,80094.97,4.1,CHEMBL2363785
MK-2206,CHEMBL1079175,CHEMBL1075414,,CAL-72,IC50,185053.69,3.73,CHEMBL2363786
MK-2206,CHEMBL1079175,CHEMBL1075415,,CAL-85-1,IC50,18235.7,4.74,CHEMBL2363787
MK-2206,CHEMBL1079175,CHEMBL2366174,,CW-2,IC50,21606.86,4.67,CHEMBL2363154
MK-2206,CHEMBL1079175,CHEMBL1075403,,Ca-Ski,IC50,12904.14,4.89,CHEMBL2363155
MK-2206,CHEMBL1079175,CHEMBL1075404,,Ca9-22,IC50,139833.02,3.85,CHEMBL2363156
MK-2206,CHEMBL1079175,CHEMBL2366253,,697,IC50,1376.16,5.86,CHEMBL2363713
MK-2206,CHEMBL1079175,CHEMBL1075385,,769-P,IC50,32364.07,4.49,CHEMBL2363714
MK-2206,CHEMBL1079175,CHEMBL2366247,,BB65-RCC,IC50,17047.88,4.77,CHEMBL2363749
MK-2206,CHEMBL1079175,CHEMBL1075416,,CAMA-1,IC50,8771.46,5.06,CHEMBL2363832
MK-2206,CHEMBL1079175,CHEMBL614536,,CAPAN-1,IC50,153063.83,3.82,CHEMBL2363833
MK-2206,CHEMBL1079175,CHEMBL1075418,,CaR-1,IC50,33982.24,4.47,CHEMBL2363157
MK-2206,CHEMBL1079175,CHEMBL614534,,Calu-3,IC50,4244.16,5.37,CHEMBL2363159
MK-2206,CHEMBL1079175,CHEMBL613102,,786-0,IC50,4946.73,5.31,CHEMBL2363715
MK-2206,CHEMBL1079175,CHEMBL2366115,,8-MG-BA,IC50,19064.65,4.72,CHEMBL2363716
MK-2206,CHEMBL1079175,CHEMBL1075386,,8305C,IC50,19228.6,4.72,CHEMBL2363717
MK-2206,CHEMBL1079175,CHEMBL1075394,,BCPAP,IC50,12474.93,4.9,CHEMBL2363752
MK-2206,CHEMBL1079175,CHEMBL2366100,,CAS-1,IC50,15418.41,4.81,CHEMBL2363834
MK-2206,CHEMBL1079175,CHEMBL614535,,Calu-6,IC50,43238.23,4.36,CHEMBL2363160
MK-2206,CHEMBL1079175,CHEMBL1075387,,8505C,IC50,9042.32,5.04,CHEMBL2363718
MK-2206,CHEMBL1079175,CHEMBL2366306,,A101D,IC50,9999.74,5.0,CHEMBL2363719
MK-2206,CHEMBL1079175,CHEMBL2366303,,BE-13,IC50,344166.65,3.46,CHEMBL2363753
MK-2206,CHEMBL1079175,CHEMBL1075395,,BEN,IC50,153928.47,3.81,CHEMBL2363754
MK-2206,CHEMBL1079175,CHEMBL1075396,,BFTC-905,IC50,15769.44,4.8,CHEMBL2363755
MK-2206,CHEMBL1079175,CHEMBL382,,CCRF-CEM,IC50,243795.07,3.61,CHEMBL2363836
MK-2206,CHEMBL1079175,CHEMBL613506,,CFPAC-1,IC50,11978.21,4.92,CHEMBL2363838
MK-2206,CHEMBL1079175,CHEMBL1075417,,Capan-2,IC50,160553.3,3.79,CHEMBL2363163
MK-2206,CHEMBL1079175,CHEMBL1075421,,ChaGo-K-1,IC50,49479.28,4.31,CHEMBL2363164
MLN8054,CHEMBL259084,CHEMBL3629,P68400,Casein kinase II subunit alpha,IC50,20500.0,4.69,CHEMBL927034
MLN8054,CHEMBL259084,CHEMBL258,P06239,Tyrosine-protein kinase Lck,IC50,3200.0,5.49,CHEMBL927035
MLN8054,CHEMBL259084,CHEMBL4630,O14757,Serine/threonine-protein kinase Chk1,IC50,100000.0,4.0,CHEMBL934731
MLN8054,CHEMBL259084,CHEMBL2527,O96017,Serine/threonine-protein kinase Chk2,IC50,28000.0,4.55,CHEMBL934732
MLN8054,CHEMBL259084,CHEMBL308,P06493,Cyclin-dependent kinase 1,IC50,100000.0,4.0,CHEMBL934733
MLN8054,CHEMBL259084,CHEMBL3024,P53350,Serine/threonine-protein kinase PLK1,IC50,53000.0,4.28,CHEMBL934734
MLN8054,CHEMBL259084,CHEMBL4722,O14965,Aurora kinase A,IC50,34.0,7.47,CHEMBL922651
MLN8054,CHEMBL259084,CHEMBL2185,Q96GD4,Aurora kinase B,IC50,5700.0,5.24,CHEMBL922655
MLN8054,CHEMBL259084,CHEMBL394,,HCT-116,IC50,180.0,6.74,CHEMBL931566
MLN8054,CHEMBL259084,CHEMBL612544,,SW480,IC50,860.0,6.07,CHEMBL931567
MLN8054,CHEMBL259084,CHEMBL614285,,DLD-1,IC50,1430.0,5.84,CHEMBL931568
MLN8054,CHEMBL259084,CHEMBL387,,MCF7,IC50,670.0,6.17,CHEMBL931569
MLN8054,CHEMBL259084,CHEMBL400,,MDA-MB-231,IC50,740.0,6.13,CHEMBL931570
MLN8054,CHEMBL259084,CHEMBL614535,,Calu-6,IC50,220.0,6.66,CHEMBL931571
MLN8054,CHEMBL259084,CHEMBL396,,NCI-H460,IC50,110.0,6.96,CHEMBL931572
MLN8054,CHEMBL259084,CHEMBL614925,,SK-OV-3,IC50,530.0,6.28,CHEMBL931573
MLN8054,CHEMBL259084,CHEMBL390,,PC-3,IC50,790.0,6.1,CHEMBL931574
MLN8054,CHEMBL259084,CHEMBL4722,O14965,Aurora kinase A,IC50,1.0,9.0,CHEMBL966955
MLN8054,CHEMBL259084,CHEMBL2185,Q96GD4,Aurora kinase B,IC50,9.3,8.03,CHEMBL969659
MLN8054,CHEMBL259084,CHEMBL394,,HCT-116,IC50,100.0,7.0,CHEMBL969661
MLN8054,CHEMBL259084,CHEMBL384,,HT-29,IC50,150.0,6.82,CHEMBL969662
MLN8054,CHEMBL259084,CHEMBL4722,O14965,Aurora kinase A,IC50,160.0,6.8,CHEMBL973502
MLN8054,CHEMBL259084,CHEMBL4722,O14965,Aurora kinase A,IC50,310.0,6.51,CHEMBL973503
MLN8054,CHEMBL259084,CHEMBL2185,Q96GD4,Aurora kinase B,IC50,5000.0,5.3,CHEMBL973504
MLN8054,CHEMBL259084,CHEMBL4722,O14965,Aurora kinase A,IC50,4.0,8.4,CHEMBL993738
MLN8054,CHEMBL259084,CHEMBL2185,Q96GD4,Aurora kinase B,IC50,172.0,6.76,CHEMBL993739
MLN8054,CHEMBL259084,CHEMBL2250,P51451,Tyrosine-protein kinase Blk,Kd,68.0,7.17,CHEMBL981414
MLN8054,CHEMBL259084,CHEMBL3094,Q8IW41,MAP kinase-activated protein kinase 5,Kd,8.0,8.1,CHEMBL981415
MLN8054,CHEMBL259084,CHEMBL4722,O14965,Aurora kinase A,IC50,34.0,7.47,CHEMBL993740
MLN8054,CHEMBL259084,CHEMBL2185,Q96GD4,Aurora kinase B,IC50,4000.0,5.4,CHEMBL993741
MLN8054,CHEMBL259084,CHEMBL1974,P36888,Receptor-type tyrosine-protein kinase FLT3,Kd,10000.0,5.0,CHEMBL1063729
MLN8054,CHEMBL259084,CHEMBL1974,P36888,Receptor-type tyrosine-protein kinase FLT3,Kd,10000.0,5.0,CHEMBL1061073
MLN8054,CHEMBL259084,CHEMBL1955,P35916,Vascular endothelial growth factor receptor 3,Kd,3100.0,5.51,CHEMBL1060246
MLN8054,CHEMBL259084,CHEMBL4674,P53778,Mitogen-activated protein kinase 12,Kd,10000.0,5.0,CHEMBL1061183
MLN8054,CHEMBL259084,CHEMBL2999,O75914,Serine/threonine-protein kinase PAK 3,Kd,10000.0,5.0,CHEMBL1062779
MLN8054,CHEMBL259084,CHEMBL5790,Q00537,Cyclin-dependent kinase 17,Kd,10000.0,5.0,CHEMBL1051349
MLN8054,CHEMBL259084,CHEMBL5316,Q07002,Cyclin-dependent kinase 18,Kd,10000.0,5.0,CHEMBL1062782
MLN8054,CHEMBL259084,CHEMBL2534,O15530,3-phosphoinositide-dependent protein kinase 1,Kd,10000.0,5.0,CHEMBL1061922
MLN8054,CHEMBL259084,CHEMBL6162,O94921,Cyclin-dependent kinase 14,Kd,10000.0,5.0,CHEMBL1051350
MLN8054,CHEMBL259084,CHEMBL4004,Q16816,"Phosphorylase b kinase gamma catalytic chain, skeletal muscle/heart isoform",Kd,10000.0,5.0,CHEMBL1061153
MLN8054,CHEMBL259084,CHEMBL5969,Q99755,Phosphatidylinositol 4-phosphate 5-kinase type-1 alpha,Kd,10000.0,5.0,CHEMBL1061923
MLN8054,CHEMBL259084,CHEMBL4924,Q9UK32,Ribosomal protein S6 kinase alpha-6,Kd,10000.0,5.0,CHEMBL1039275
MLN8054,CHEMBL259084,CHEMBL4924,Q9UK32,Ribosomal protein S6 kinase alpha-6,Kd,10000.0,5.0,CHEMBL1061926
MLN8054,CHEMBL259084,CHEMBL5426,Q86YV6,Myosin light chain kinase family member 4,Kd,10000.0,5.0,CHEMBL1051352
MLN8054,CHEMBL259084,CHEMBL5314,Q06418,Tyrosine-protein kinase receptor TYRO3,Kd,3100.0,5.51,CHEMBL1051260
MLN8054,CHEMBL259084,CHEMBL279,P35968,Vascular endothelial growth factor receptor 2,Kd,10000.0,5.0,CHEMBL1051261
MLN8054,CHEMBL259084,CHEMBL5491,P30291,Wee1-like protein kinase,Kd,10000.0,5.0,CHEMBL1061935
MLN8054,CHEMBL259084,CHEMBL5405,Q86UX6,Serine/threonine-protein kinase 32C,Kd,10000.0,5.0,CHEMBL1062789
MLN8054,CHEMBL259084,CHEMBL2073,P07947,Tyrosine-protein kinase Yes,Kd,260.0,6.59,CHEMBL1051262
MLN8054,CHEMBL259084,CHEMBL5552,O00506,Serine/threonine-protein kinase 25,Kd,10000.0,5.0,CHEMBL1051263
MLN8054,CHEMBL259084,CHEMBL3886,Q9NYL2,Mitogen-activated protein kinase kinase kinase 20,Kd,10000.0,5.0,CHEMBL1051317
MLN8054,CHEMBL259084,CHEMBL2803,P43403,Tyrosine-protein kinase ZAP-70,Kd,10000.0,5.0,CHEMBL1061189
MLN8054,CHEMBL259084,CHEMBL5667,P78356,Phosphatidylinositol 5-phosphate 4-kinase type-2 beta,Kd,10000.0,5.0,CHEMBL1062784
MLN8054,CHEMBL259084,CHEMBL2918,P22694,cAMP-dependent protein kinase catalytic subunit beta,Kd,10000.0,5.0,CHEMBL1039274
MLN8054,CHEMBL259084,CHEMBL5818,P51817,cAMP-dependent protein kinase catalytic subunit PRKX,Kd,10000.0,5.0,CHEMBL1061157
MLN8054,CHEMBL259084,CHEMBL5469,Q14289,Protein-tyrosine kinase 2-beta,Kd,2000.0,5.7,CHEMBL1061158
MLN8054,CHEMBL259084,CHEMBL4224,P49759,Dual specificity protein kinase CLK1,Kd,10000.0,5.0,CHEMBL1050838
MLN8054,CHEMBL259084,CHEMBL4226,P49761,Dual specificity protein kinase CLK3,Kd,2300.0,5.64,CHEMBL1060240
MLN8054,CHEMBL259084,CHEMBL2634,P41240,Tyrosine-protein kinase CSK,Kd,9000.0,5.05,CHEMBL1037547
MLN8054,CHEMBL259084,CHEMBL5520,Q8N752,Casein kinase I isoform alpha-like,Kd,10000.0,5.0,CHEMBL1063703
MLN8054,CHEMBL259084,CHEMBL2828,P48730,Casein kinase I isoform delta,Kd,10000.0,5.0,CHEMBL1050829
MLN8054,CHEMBL259084,CHEMBL4937,P49674,Casein kinase I isoform epsilon,Kd,10000.0,5.0,CHEMBL1050834
MLN8054,CHEMBL259084,CHEMBL2543,P78368,Casein kinase I isoform gamma-2,Kd,10000.0,5.0,CHEMBL1063704
MLN8054,CHEMBL259084,CHEMBL5274,P35590,Tyrosine-protein kinase receptor Tie-1,Kd,1600.0,5.8,CHEMBL1061930
MLN8054,CHEMBL259084,CHEMBL4128,Q02763,Angiopoietin-1 receptor,Kd,300.0,6.52,CHEMBL1051315
MLN8054,CHEMBL259084,CHEMBL5388,Q9UKI8,Serine/threonine-protein kinase tousled-like 1,Kd,10000.0,5.0,CHEMBL1061931
MLN8054,CHEMBL259084,CHEMBL5404,Q86UE8,Serine/threonine-protein kinase tousled-like 2,Kd,10000.0,5.0,CHEMBL1061984
MLN8054,CHEMBL259084,CHEMBL4527,Q9UKE5,TRAF2 and NCK-interacting protein kinase,Kd,10000.0,5.0,CHEMBL1062874
MLN8054,CHEMBL259084,CHEMBL4599,Q07912,Activated CDC42 kinase 1,Kd,10000.0,5.0,CHEMBL1051355
MLN8054,CHEMBL259084,CHEMBL2815,P04629,High affinity nerve growth factor receptor,Kd,10000.0,5.0,CHEMBL1061933
MLN8054,CHEMBL259084,CHEMBL4898,Q16620,BDNF/NT-3 growth factors receptor,Kd,10000.0,5.0,CHEMBL1062875
MLN8054,CHEMBL259084,CHEMBL5608,Q16288,NT-3 growth factor receptor,Kd,10000.0,5.0,CHEMBL1041998
MLN8054,CHEMBL259084,CHEMBL3983,P33981,Dual specificity protein kinase TTK,Kd,10000.0,5.0,CHEMBL1061934
MLN8054,CHEMBL259084,CHEMBL5084,Q9Y6M4,Casein kinase I isoform gamma-3,Kd,10000.0,5.0,CHEMBL1051284
MLN8054,CHEMBL259084,CHEMBL3629,P68400,Casein kinase II subunit alpha,Kd,10000.0,5.0,CHEMBL1060241
MLN8054,CHEMBL259084,CHEMBL4070,P19784,Casein kinase II subunit alpha',Kd,10000.0,5.0,CHEMBL1061141
MLN8054,CHEMBL259084,CHEMBL3123,Q9UIK4,Death-associated protein kinase 2,Kd,10000.0,5.0,CHEMBL1053760
MLN8054,CHEMBL259084,CHEMBL2468,O43293,Death-associated protein kinase 3,Kd,10000.0,5.0,CHEMBL1060181
MLN8054,CHEMBL259084,CHEMBL3980,O94768,Serine/threonine-protein kinase 17B,Kd,8.1,8.09,CHEMBL1060189
MLN8054,CHEMBL259084,CHEMBL5543,Q9Y463,Dual specificity tyrosine-phosphorylation-regulated kinase 1B,Kd,10000.0,5.0,CHEMBL1060243
MLN8054,CHEMBL259084,CHEMBL3385,P27361,Mitogen-activated protein kinase 3,Kd,10000.0,5.0,CHEMBL1037552
MLN8054,CHEMBL259084,CHEMBL4040,P28482,Mitogen-activated protein kinase 1,Kd,10000.0,5.0,CHEMBL1063798
MLN8054,CHEMBL259084,CHEMBL2850,P49840,Glycogen synthase kinase-3 alpha,Kd,10000.0,5.0,CHEMBL1061900
MLN8054,CHEMBL259084,CHEMBL262,P49841,Glycogen synthase kinase-3 beta,Kd,10000.0,5.0,CHEMBL1061074
MLN8054,CHEMBL259084,CHEMBL3529,Q14164,Inhibitor of nuclear factor kappa-B kinase subunit epsilon,Kd,10000.0,5.0,CHEMBL1050835
MLN8054,CHEMBL259084,CHEMBL4367,P42681,Tyrosine-protein kinase TXK,Kd,10000.0,5.0,CHEMBL1061187
MLN8054,CHEMBL259084,CHEMBL3553,P29597,Non-receptor tyrosine-protein kinase TYK2,Kd,10000.0,5.0,CHEMBL1061188
MLN8054,CHEMBL259084,CHEMBL2276,P45983,Mitogen-activated protein kinase 8,Kd,10000.0,5.0,CHEMBL1061076
MLN8054,CHEMBL259084,CHEMBL4179,P45984,Mitogen-activated protein kinase 9,Kd,10000.0,5.0,CHEMBL1060196
MLN8054,CHEMBL259084,CHEMBL3836,P53667,LIM domain kinase 1,Kd,10000.0,5.0,CHEMBL1061902
MLN8054,CHEMBL259084,CHEMBL5932,P53671,LIM domain kinase 2,Kd,10000.0,5.0,CHEMBL1063714
MLN8054,CHEMBL259084,CHEMBL5606,Q15831,Serine/threonine-protein kinase STK11,Kd,10000.0,5.0,CHEMBL1051288
MLN8054,CHEMBL259084,CHEMBL5600,P27448,MAP/microtubule affinity-regulating kinase 3,Kd,10000.0,5.0,CHEMBL1063802
MLN8054,CHEMBL259084,CHEMBL3587,Q02750,Dual specificity mitogen-activated protein kinase kinase 1,Kd,10000.0,5.0,CHEMBL1061906
MLN8054,CHEMBL259084,CHEMBL2964,P36507,Dual specificity mitogen-activated protein kinase kinase 2,Kd,10000.0,5.0,CHEMBL1061079
MLN8054,CHEMBL259084,CHEMBL2109,P46734,Dual specificity mitogen-activated protein kinase kinase 3,Kd,10000.0,5.0,CHEMBL1060250
MLN8054,CHEMBL259084,CHEMBL4578,Q14680,Maternal embryonic leucine zipper kinase,Kd,10000.0,5.0,CHEMBL1063803
MLN8054,CHEMBL259084,CHEMBL4718,Q9BUB5,MAP kinase-interacting serine/threonine-protein kinase 1,Kd,10000.0,5.0,CHEMBL1063804
MLN8054,CHEMBL259084,CHEMBL3830,Q2M2I8,AP2-associated protein kinase 1,Kd,10000.0,5.0,CHEMBL1037546
MLN8054,CHEMBL259084,CHEMBL1862,P00519,Tyrosine-protein kinase ABL1,Kd,820.0,6.09,CHEMBL1061129
Masitinib (AB-1010),CHEMBL1908391,CHEMBL4224,P49759,Dual specificity protein kinase CLK1,Kd,10000.0,5.0,CHEMBL1908461
Masitinib (AB-1010),CHEMBL1908391,CHEMBL5608,Q16288,NT-3 growth factor receptor,Kd,10000.0,5.0,CHEMBL1908462
Masitinib (AB-1010),CHEMBL1908391,CHEMBL4674,P53778,Mitogen-activated protein kinase 12,Kd,10000.0,5.0,CHEMBL1908463
Masitinib (AB-1010),CHEMBL1908391,CHEMBL5331,Q12866,Tyrosine-protein kinase Mer,Kd,10000.0,5.0,CHEMBL1908464
Masitinib (AB-1010),CHEMBL1908391,CHEMBL5668,P78362,SRSF protein kinase 2,Kd,10000.0,5.0,CHEMBL1908465
Masitinib (AB-1010),CHEMBL1908391,CHEMBL3935,Q9UQB9,Aurora kinase C,Kd,10000.0,5.0,CHEMBL1908466
Masitinib (AB-1010),CHEMBL1908391,CHEMBL2801,Q13557,Calcium/calmodulin-dependent protein kinase type II subunit delta,Kd,10000.0,5.0,CHEMBL1908467
Masitinib (AB-1010),CHEMBL1908391,CHEMBL5404,Q86UE8,Serine/threonine-protein kinase tousled-like 2,Kd,10000.0,5.0,CHEMBL1908468
Masitinib (AB-1010),CHEMBL1908391,CHEMBL2185,Q96GD4,Aurora kinase B,Kd,10000.0,5.0,CHEMBL1908469
Masitinib (AB-1010),CHEMBL1908391,CHEMBL4045,Q13131,5'-AMP-activated protein kinase catalytic subunit alpha-1,Kd,10000.0,5.0,CHEMBL1908470
Masitinib (AB-1010),CHEMBL1908391,CHEMBL6149,Q9Y2K2,Serine/threonine-protein kinase SIK3,Kd,10000.0,5.0,CHEMBL1908471
Masitinib (AB-1010),CHEMBL1908391,CHEMBL3938,O75716,Serine/threonine-protein kinase 16,Kd,10000.0,5.0,CHEMBL1908472
Masitinib (AB-1010),CHEMBL1908391,CHEMBL5790,Q00537,Cyclin-dependent kinase 17,Kd,10000.0,5.0,CHEMBL1908473
Masitinib (AB-1010),CHEMBL1908391,CHEMBL5122,Q16832,Discoidin domain-containing receptor 2,Kd,26.0,7.59,CHEMBL1908474
Masitinib (AB-1010),CHEMBL1908391,CHEMBL5311,P37023,Activin receptor type-1-like,Kd,10000.0,5.0,CHEMBL1908475
Masitinib (AB-1010),CHEMBL1908391,CHEMBL5251,Q06187,Tyrosine-protein kinase BTK,Kd,10000.0,5.0,CHEMBL1908476
Masitinib (AB-1010),CHEMBL1908391,CHEMBL331,P11802,Cyclin-dependent kinase 4,Kd,10000.0,5.0,CHEMBL1908477
Masitinib (AB-1010),CHEMBL1908391,CHEMBL331,P11802,Cyclin-dependent kinase 4,Kd,10000.0,5.0,CHEMBL1908478
Masitinib (AB-1010),CHEMBL1908391,CHEMBL2742,P22607,Fibroblast growth factor receptor 3,Kd,10000.0,5.0,CHEMBL1908479
Masitinib (AB-1010),CHEMBL1908391,CHEMBL2742,P22607,Fibroblast growth factor receptor 3,Kd,10000.0,5.0,CHEMBL1908480
Masitinib (AB-1010),CHEMBL1908391,CHEMBL1981,P06213,Insulin receptor,Kd,10000.0,5.0,CHEMBL1908481
Masitinib (AB-1010),CHEMBL1908391,CHEMBL2148,P52333,Tyrosine-protein kinase JAK3,Kd,10000.0,5.0,CHEMBL1908482
Masitinib (AB-1010),CHEMBL1908391,CHEMBL1936,P10721,Mast/stem cell growth factor receptor Kit,Kd,8.1,8.09,CHEMBL1908483
Masitinib (AB-1010),CHEMBL1908391,CHEMBL1936,P10721,Mast/stem cell growth factor receptor Kit,Kd,12.0,7.92,CHEMBL1908484
Masitinib (AB-1010),CHEMBL1908391,CHEMBL1936,P10721,Mast/stem cell growth factor receptor Kit,Kd,1500.0,5.82,CHEMBL1908485
Masitinib (AB-1010),CHEMBL1908391,CHEMBL1936,P10721,Mast/stem cell growth factor receptor Kit,Kd,1300.0,5.89,CHEMBL1908486
Masitinib (AB-1010),CHEMBL1908391,CHEMBL1936,P10721,Mast/stem cell growth factor receptor Kit,Kd,7.9,8.1,CHEMBL1908487
Masitinib (AB-1010),CHEMBL1908391,CHEMBL1936,P10721,Mast/stem cell growth factor receptor Kit,Kd,5.8,8.24,CHEMBL1908488
Masitinib (AB-1010),CHEMBL1908391,CHEMBL1936,P10721,Mast/stem cell growth factor receptor Kit,Kd,10000.0,5.0,CHEMBL1908489
Masitinib (AB-1010),CHEMBL1908391,CHEMBL1936,P10721,Mast/stem cell growth factor receptor Kit,Kd,4.7,8.33,CHEMBL1908490
Masitinib (AB-1010),CHEMBL1908391,CHEMBL3717,P08581,Hepatocyte growth factor receptor,Kd,10000.0,5.0,CHEMBL1908491
Masitinib (AB-1010),CHEMBL1908391,CHEMBL3717,P08581,Hepatocyte growth factor receptor,Kd,10000.0,5.0,CHEMBL1908492
Masitinib (AB-1010),CHEMBL1908391,CHEMBL3717,P08581,Hepatocyte growth factor receptor,Kd,10000.0,5.0,CHEMBL1908493
Masitinib (AB-1010),CHEMBL1908391,CHEMBL2349,P15735,"Phosphorylase b kinase gamma catalytic chain, liver/testis isoform",Kd,10000.0,5.0,CHEMBL1908494
Masitinib (AB-1010),CHEMBL1908391,CHEMBL5606,Q15831,Serine/threonine-protein kinase STK11,Kd,10000.0,5.0,CHEMBL1908495
Masitinib (AB-1010),CHEMBL1908391,CHEMBL4128,Q02763,Angiopoietin-1 receptor,Kd,10000.0,5.0,CHEMBL1908496
Masitinib (AB-1010),CHEMBL1908391,CHEMBL1957,P08069,Insulin-like growth factor 1 receptor,Kd,10000.0,5.0,CHEMBL1908497
Masitinib (AB-1010),CHEMBL1908391,CHEMBL1163127,Q6ZN16,Mitogen-activated protein kinase kinase kinase 15,Kd,10000.0,5.0,CHEMBL1908498
Masitinib (AB-1010),CHEMBL1908391,CHEMBL5407,Q86V86,Serine/threonine-protein kinase pim-3,Kd,720.0,6.14,CHEMBL1908499
Masitinib (AB-1010),CHEMBL1908391,CHEMBL2527,O96017,Serine/threonine-protein kinase Chk2,Kd,10000.0,5.0,CHEMBL1908500
Masitinib (AB-1010),CHEMBL1908391,CHEMBL1824,P04626,Receptor tyrosine-protein kinase erbB-2,Kd,1200.0,5.92,CHEMBL1908501
Masitinib (AB-1010),CHEMBL1908391,CHEMBL3906,Q15349,Ribosomal protein S6 kinase alpha-2,Kd,10000.0,5.0,CHEMBL1908502
Masitinib (AB-1010),CHEMBL1908391,CHEMBL3125,O75676,Ribosomal protein S6 kinase alpha-4,Kd,10000.0,5.0,CHEMBL1908503
Masitinib (AB-1010),CHEMBL1908391,CHEMBL4599,Q07912,Activated CDC42 kinase 1,Kd,10000.0,5.0,CHEMBL1908504
Masitinib (AB-1010),CHEMBL1908391,CHEMBL2815,P04629,High affinity nerve growth factor receptor,Kd,10000.0,5.0,CHEMBL1908505
Masitinib (AB-1010),CHEMBL1908391,CHEMBL5426,Q86YV6,Myosin light chain kinase family member 4,Kd,10000.0,5.0,CHEMBL1908506
Masitinib (AB-1010),CHEMBL1908391,CHEMBL5358,Q9P2K8,eIF-2-alpha kinase GCN2,Kd,10000.0,5.0,CHEMBL1908507
Masitinib (AB-1010),CHEMBL1908391,CHEMBL4482,O96013,Serine/threonine-protein kinase PAK 4,Kd,10000.0,5.0,CHEMBL1908508
Masitinib (AB-1010),CHEMBL1908391,CHEMBL1163129,Q52WX2,Serine/threonine-protein kinase SBK1,Kd,10000.0,5.0,CHEMBL1908509
Masitinib (AB-1010),CHEMBL1908391,CHEMBL5518,Q8N4C8,Misshapen-like kinase 1,Kd,10000.0,5.0,CHEMBL1908510
Masitinib (AB-1010),CHEMBL1908391,CHEMBL5519,Q8N568,Serine/threonine-protein kinase DCLK2,Kd,10000.0,5.0,CHEMBL1908511
Masitinib (AB-1010),CHEMBL1908391,CHEMBL3009,Q15303,Receptor tyrosine-protein kinase erbB-4,Kd,10000.0,5.0,CHEMBL1908512
Masitinib (AB-1010),CHEMBL1908391,CHEMBL5749,Q92918,Mitogen-activated protein kinase kinase kinase kinase 1,Kd,10000.0,5.0,CHEMBL1908513
Masitinib (AB-1010),CHEMBL1908391,CHEMBL4526,Q9UF33,Ephrin type-A receptor 6,Kd,10000.0,5.0,CHEMBL1908445
Masitinib (AB-1010),CHEMBL1908391,CHEMBL5654,Q8WXR4,Myosin-IIIb,Kd,10000.0,5.0,CHEMBL1908514
Masitinib (AB-1010),CHEMBL1908391,CHEMBL5047,Q6PHR2,Serine/threonine-protein kinase ULK3,Kd,10000.0,5.0,CHEMBL1908515
Masitinib (AB-1010),CHEMBL1908391,CHEMBL5903,Q04771,Activin receptor type-1,Kd,10000.0,5.0,CHEMBL1908516
Masitinib (AB-1010),CHEMBL1908391,CHEMBL5466,Q13705,Activin receptor type-2B,Kd,10000.0,5.0,CHEMBL1908517
Masitinib (AB-1010),CHEMBL1908391,CHEMBL6150,Q8WU08,Serine/threonine-protein kinase 32A,Kd,10000.0,5.0,CHEMBL1908518
Masitinib (AB-1010),CHEMBL1908391,CHEMBL1163117,Q8IVW4,Cyclin-dependent kinase-like 3,Kd,10000.0,5.0,CHEMBL1908519
Masitinib (AB-1010),CHEMBL1908391,CHEMBL4718,Q9BUB5,MAP kinase-interacting serine/threonine-protein kinase 1,Kd,10000.0,5.0,CHEMBL1908520
Masitinib (AB-1010),CHEMBL1908391,CHEMBL5969,Q99755,Phosphatidylinositol 4-phosphate 5-kinase type-1 alpha,Kd,10000.0,5.0,CHEMBL1908521
Masitinib (AB-1010),CHEMBL1908391,CHEMBL5476,O00238,Bone morphogenetic protein receptor type-1B,Kd,10000.0,5.0,CHEMBL1908522
Masitinib (AB-1010),CHEMBL1908391,CHEMBL5467,Q13873,Bone morphogenetic protein receptor type-2,Kd,10000.0,5.0,CHEMBL1908523
Masitinib (AB-1010),CHEMBL1908391,CHEMBL4121,Q13554,Calcium/calmodulin-dependent protein kinase type II subunit beta,Kd,10000.0,5.0,CHEMBL1908524
Masitinib (AB-1010),CHEMBL1908391,CHEMBL4442,Q00526,Cyclin-dependent kinase 3,Kd,10000.0,5.0,CHEMBL1908525
Masitinib (AB-1010),CHEMBL1908391,CHEMBL5719,P49336,Cyclin-dependent kinase 8,Kd,10000.0,5.0,CHEMBL1908526
Masitinib (AB-1010),CHEMBL1908391,CHEMBL3116,P50750,Cyclin-dependent kinase 9,Kd,10000.0,5.0,CHEMBL1908527
Masitinib (AB-1010),CHEMBL1908391,CHEMBL4630,O14757,Serine/threonine-protein kinase Chk1,Kd,10000.0,5.0,CHEMBL1908528
Masitinib (AB-1010),CHEMBL1908391,CHEMBL3476,O15111,Inhibitor of nuclear factor kappa-B kinase subunit alpha,Kd,10000.0,5.0,CHEMBL1908529
Masitinib (AB-1010),CHEMBL1908391,CHEMBL2543,P78368,Casein kinase I isoform gamma-2,Kd,10000.0,5.0,CHEMBL1908530
Masitinib (AB-1010),CHEMBL1908391,CHEMBL2468,O43293,Death-associated protein kinase 3,Kd,10000.0,5.0,CHEMBL1908531
Masitinib (AB-1010),CHEMBL1908391,CHEMBL1163101,O75460,Serine/threonine-protein kinase/endoribonuclease IRE1,Kd,10000.0,5.0,CHEMBL1908532
Masitinib (AB-1010),CHEMBL1908391,CHEMBL1991,O14920,Inhibitor of nuclear factor kappa-B kinase subunit beta,Kd,10000.0,5.0,CHEMBL1908533
Masitinib (AB-1010),CHEMBL1908391,CHEMBL3357,P51617,Interleukin-1 receptor-associated kinase 1,Kd,10000.0,5.0,CHEMBL1908534
Masitinib (AB-1010),CHEMBL1908391,CHEMBL5616,P27037,Activin receptor type-2A,Kd,10000.0,5.0,CHEMBL1908535
Masitinib (AB-1010),CHEMBL1908391,CHEMBL2431,P31751,RAC-beta serine/threonine-protein kinase,Kd,10000.0,5.0,CHEMBL1908536
Masitinib (AB-1010),CHEMBL1908391,CHEMBL4895,P30530,Tyrosine-protein kinase receptor UFO,Kd,10000.0,5.0,CHEMBL1908537
Masitinib (AB-1010),CHEMBL1908391,CHEMBL2250,P51451,Tyrosine-protein kinase Blk,Kd,150.0,6.82,CHEMBL1908538
Masitinib (AB-1010),CHEMBL1908391,CHEMBL3834,P51813,Cytoplasmic tyrosine-protein kinase BMX,Kd,10000.0,5.0,CHEMBL1908539
Masitinib (AB-1010),CHEMBL1908391,CHEMBL2494,Q16566,Calcium/calmodulin-dependent protein kinase type IV,Kd,10000.0,5.0,CHEMBL1908540
Masitinib (AB-1010),CHEMBL1908391,CHEMBL301,P24941,Cyclin-dependent kinase 2,Kd,10000.0,5.0,CHEMBL1908541
Masitinib (AB-1010),CHEMBL1908391,CHEMBL3055,P50613,Cyclin-dependent kinase 7,Kd,10000.0,5.0,CHEMBL1908542
Masitinib (AB-1010),CHEMBL1908391,CHEMBL2793,P48729,Casein kinase I isoform alpha,Kd,10000.0,5.0,CHEMBL1908543
Masitinib (AB-1010),CHEMBL1908391,CHEMBL4937,P49674,Casein kinase I isoform epsilon,Kd,10000.0,5.0,CHEMBL1908544
Masitinib (AB-1010),CHEMBL1908391,CHEMBL3629,P68400,Casein kinase II subunit alpha,Kd,10000.0,5.0,CHEMBL1908545
Masitinib (AB-1010),CHEMBL1908391,CHEMBL4070,P19784,Casein kinase II subunit alpha',Kd,10000.0,5.0,CHEMBL1908546
Masitinib (AB-1010),CHEMBL1908391,CHEMBL5319,Q08345,Epithelial discoidin domain-containing receptor 1,Kd,8.7,8.06,CHEMBL1908547
Masitinib (AB-1010),CHEMBL1908391,CHEMBL5838,P21860,Receptor tyrosine-protein kinase erbB-3,Kd,10000.0,5.0,CHEMBL1908548
Masitinib (AB-1010),CHEMBL1908391,CHEMBL5455,P07332,Tyrosine-protein kinase Fes/Fps,Kd,10000.0,5.0,CHEMBL1908549
Masitinib (AB-1010),CHEMBL1908391,CHEMBL1868,P17948,Vascular endothelial growth factor receptor 1,Kd,10000.0,5.0,CHEMBL1908550
Masitinib (AB-1010),CHEMBL1908391,CHEMBL1955,P35916,Vascular endothelial growth factor receptor 3,Kd,10000.0,5.0,CHEMBL1908551
Masitinib (AB-1010),CHEMBL1908391,CHEMBL4223,P42685,Tyrosine-protein kinase FRK,Kd,87.0,7.06,CHEMBL1908552
Masitinib (AB-1010),CHEMBL1908391,CHEMBL262,P49841,Glycogen synthase kinase-3 beta,Kd,10000.0,5.0,CHEMBL1908553
Masitinib (AB-1010),CHEMBL1908391,CHEMBL3234,P08631,Tyrosine-protein kinase HCK,Kd,690.0,6.16,CHEMBL1908554
Masitinib (AB-1010),CHEMBL1908391,CHEMBL2835,P23458,Tyrosine-protein kinase JAK1,Kd,10000.0,5.0,CHEMBL1908555
Masitinib (AB-1010),CHEMBL1908391,CHEMBL2835,P23458,Tyrosine-protein kinase JAK1,Kd,10000.0,5.0,CHEMBL1908556
Masitinib (AB-1010),CHEMBL1908391,CHEMBL279,P35968,Vascular endothelial growth factor receptor 2,Kd,10000.0,5.0,CHEMBL1908557
Masitinib (AB-1010),CHEMBL1908391,CHEMBL3836,P53667,LIM domain kinase 1,Kd,10000.0,5.0,CHEMBL1908558
Masitinib (AB-1010),CHEMBL1908391,CHEMBL3905,P07948,Tyrosine-protein kinase Lyn,Kd,61.0,7.21,CHEMBL1908559
Metformin,CHEMBL1431,CHEMBL284,P27487,Dipeptidyl peptidase 4,IC50,29000.0,4.54,CHEMBL927861
Metformin,CHEMBL1431,CHEMBL1743126,Q96FL8,Multidrug and toxin extrusion protein 1,IC50,250000.0,3.6,CHEMBL2320306
Metformin,CHEMBL1431,CHEMBL613508,,DU-145,IC50,838320.93,3.08,CHEMBL2363188
Midostaurin,CHEMBL608533,CHEMBL1974,P36888,Receptor-type tyrosine-protein kinase FLT3,Kd,11.0,7.96,CHEMBL1063729
Midostaurin,CHEMBL608533,CHEMBL1974,P36888,Receptor-type tyrosine-protein kinase FLT3,Kd,6.0,8.22,CHEMBL1061073
Midostaurin,CHEMBL608533,CHEMBL1955,P35916,Vascular endothelial growth factor receptor 3,Kd,670.0,6.17,CHEMBL1060246
Midostaurin,CHEMBL608533,CHEMBL4674,P53778,Mitogen-activated protein kinase 12,Kd,10000.0,5.0,CHEMBL1061183
Midostaurin,CHEMBL608533,CHEMBL2999,O75914,Serine/threonine-protein kinase PAK 3,Kd,180.0,6.74,CHEMBL1062779
Midostaurin,CHEMBL608533,CHEMBL5790,Q00537,Cyclin-dependent kinase 17,Kd,10000.0,5.0,CHEMBL1051349
Midostaurin,CHEMBL608533,CHEMBL5316,Q07002,Cyclin-dependent kinase 18,Kd,10000.0,5.0,CHEMBL1062782
Midostaurin,CHEMBL608533,CHEMBL2534,O15530,3-phosphoinositide-dependent protein kinase 1,Kd,190.0,6.72,CHEMBL1061922
Midostaurin,CHEMBL608533,CHEMBL6162,O94921,Cyclin-dependent kinase 14,Kd,10000.0,5.0,CHEMBL1051350
Midostaurin,CHEMBL608533,CHEMBL4004,Q16816,"Phosphorylase b kinase gamma catalytic chain, skeletal muscle/heart isoform",Kd,900.0,6.05,CHEMBL1061153
Midostaurin,CHEMBL608533,CHEMBL5969,Q99755,Phosphatidylinositol 4-phosphate 5-kinase type-1 alpha,Kd,310.0,6.51,CHEMBL1061923
Midostaurin,CHEMBL608533,CHEMBL4924,Q9UK32,Ribosomal protein S6 kinase alpha-6,Kd,1500.0,5.82,CHEMBL1039275
Midostaurin,CHEMBL608533,CHEMBL4924,Q9UK32,Ribosomal protein S6 kinase alpha-6,Kd,10000.0,5.0,CHEMBL1061926
Midostaurin,CHEMBL608533,CHEMBL5426,Q86YV6,Myosin light chain kinase family member 4,Kd,640.0,6.19,CHEMBL1051352
Midostaurin,CHEMBL608533,CHEMBL5314,Q06418,Tyrosine-protein kinase receptor TYRO3,Kd,10000.0,5.0,CHEMBL1051260
Midostaurin,CHEMBL608533,CHEMBL279,P35968,Vascular endothelial growth factor receptor 2,Kd,3200.0,5.49,CHEMBL1051261
Midostaurin,CHEMBL608533,CHEMBL5491,P30291,Wee1-like protein kinase,Kd,10000.0,5.0,CHEMBL1061935
Midostaurin,CHEMBL608533,CHEMBL5405,Q86UX6,Serine/threonine-protein kinase 32C,Kd,10000.0,5.0,CHEMBL1062789
Midostaurin,CHEMBL608533,CHEMBL2073,P07947,Tyrosine-protein kinase Yes,Kd,950.0,6.02,CHEMBL1051262
Midostaurin,CHEMBL608533,CHEMBL5552,O00506,Serine/threonine-protein kinase 25,Kd,1800.0,5.74,CHEMBL1051263
Midostaurin,CHEMBL608533,CHEMBL3886,Q9NYL2,Mitogen-activated protein kinase kinase kinase 20,Kd,10000.0,5.0,CHEMBL1051317
Midostaurin,CHEMBL608533,CHEMBL2803,P43403,Tyrosine-protein kinase ZAP-70,Kd,2600.0,5.59,CHEMBL1061189
Midostaurin,CHEMBL608533,CHEMBL5667,P78356,Phosphatidylinositol 5-phosphate 4-kinase type-2 beta,Kd,270.0,6.57,CHEMBL1062784
Midostaurin,CHEMBL608533,CHEMBL2918,P22694,cAMP-dependent protein kinase catalytic subunit beta,Kd,240.0,6.62,CHEMBL1039274
Midostaurin,CHEMBL608533,CHEMBL5818,P51817,cAMP-dependent protein kinase catalytic subunit PRKX,Kd,960.0,6.02,CHEMBL1061157
Midostaurin,CHEMBL608533,CHEMBL5469,Q14289,Protein-tyrosine kinase 2-beta,Kd,660.0,6.18,CHEMBL1061158
Midostaurin,CHEMBL608533,CHEMBL4224,P49759,Dual specificity protein kinase CLK1,Kd,350.0,6.46,CHEMBL1050838
Midostaurin,CHEMBL608533,CHEMBL4226,P49761,Dual specificity protein kinase CLK3,Kd,10000.0,5.0,CHEMBL1060240
Midostaurin,CHEMBL608533,CHEMBL2634,P41240,Tyrosine-protein kinase CSK,Kd,8700.0,5.06,CHEMBL1037547
Midostaurin,CHEMBL608533,CHEMBL5520,Q8N752,Casein kinase I isoform alpha-like,Kd,10000.0,5.0,CHEMBL1063703
Midostaurin,CHEMBL608533,CHEMBL2828,P48730,Casein kinase I isoform delta,Kd,10000.0,5.0,CHEMBL1050829
Midostaurin,CHEMBL608533,CHEMBL4937,P49674,Casein kinase I isoform epsilon,Kd,10000.0,5.0,CHEMBL1050834
Midostaurin,CHEMBL608533,CHEMBL2543,P78368,Casein kinase I isoform gamma-2,Kd,10000.0,5.0,CHEMBL1063704
Midostaurin,CHEMBL608533,CHEMBL5274,P35590,Tyrosine-protein kinase receptor Tie-1,Kd,1400.0,5.85,CHEMBL1061930
Midostaurin,CHEMBL608533,CHEMBL4128,Q02763,Angiopoietin-1 receptor,Kd,1900.0,5.72,CHEMBL1051315
Midostaurin,CHEMBL608533,CHEMBL5388,Q9UKI8,Serine/threonine-protein kinase tousled-like 1,Kd,10000.0,5.0,CHEMBL1061931
Midostaurin,CHEMBL608533,CHEMBL5404,Q86UE8,Serine/threonine-protein kinase tousled-like 2,Kd,10000.0,5.0,CHEMBL1061984
Midostaurin,CHEMBL608533,CHEMBL4527,Q9UKE5,TRAF2 and NCK-interacting protein kinase,Kd,1600.0,5.8,CHEMBL1062874
Midostaurin,CHEMBL608533,CHEMBL4599,Q07912,Activated CDC42 kinase 1,Kd,120.0,6.92,CHEMBL1051355
Midostaurin,CHEMBL608533,CHEMBL2815,P04629,High affinity nerve growth factor receptor,Kd,380.0,6.42,CHEMBL1061933
Midostaurin,CHEMBL608533,CHEMBL4898,Q16620,BDNF/NT-3 growth factors receptor,Kd,310.0,6.51,CHEMBL1062875
Midostaurin,CHEMBL608533,CHEMBL5608,Q16288,NT-3 growth factor receptor,Kd,1700.0,5.77,CHEMBL1041998
Midostaurin,CHEMBL608533,CHEMBL3983,P33981,Dual specificity protein kinase TTK,Kd,350.0,6.46,CHEMBL1061934
Midostaurin,CHEMBL608533,CHEMBL5084,Q9Y6M4,Casein kinase I isoform gamma-3,Kd,10000.0,5.0,CHEMBL1051284
Midostaurin,CHEMBL608533,CHEMBL3629,P68400,Casein kinase II subunit alpha,Kd,250.0,6.6,CHEMBL1060241
Midostaurin,CHEMBL608533,CHEMBL4070,P19784,Casein kinase II subunit alpha',Kd,10000.0,5.0,CHEMBL1061141
Midostaurin,CHEMBL608533,CHEMBL3123,Q9UIK4,Death-associated protein kinase 2,Kd,890.0,6.05,CHEMBL1053760
Midostaurin,CHEMBL608533,CHEMBL2468,O43293,Death-associated protein kinase 3,Kd,10000.0,5.0,CHEMBL1060181
Midostaurin,CHEMBL608533,CHEMBL3980,O94768,Serine/threonine-protein kinase 17B,Kd,4700.0,5.33,CHEMBL1060189
Midostaurin,CHEMBL608533,CHEMBL5543,Q9Y463,Dual specificity tyrosine-phosphorylation-regulated kinase 1B,Kd,330.0,6.48,CHEMBL1060243
Midostaurin,CHEMBL608533,CHEMBL3385,P27361,Mitogen-activated protein kinase 3,Kd,10000.0,5.0,CHEMBL1037552
Midostaurin,CHEMBL608533,CHEMBL4040,P28482,Mitogen-activated protein kinase 1,Kd,10000.0,5.0,CHEMBL1063798
Midostaurin,CHEMBL608533,CHEMBL2850,P49840,Glycogen synthase kinase-3 alpha,Kd,2500.0,5.6,CHEMBL1061900
Midostaurin,CHEMBL608533,CHEMBL262,P49841,Glycogen synthase kinase-3 beta,Kd,1800.0,5.74,CHEMBL1061074
Midostaurin,CHEMBL608533,CHEMBL3529,Q14164,Inhibitor of nuclear factor kappa-B kinase subunit epsilon,Kd,160.0,6.8,CHEMBL1050835
Midostaurin,CHEMBL608533,CHEMBL4367,P42681,Tyrosine-protein kinase TXK,Kd,10000.0,5.0,CHEMBL1061187
Midostaurin,CHEMBL608533,CHEMBL3553,P29597,Non-receptor tyrosine-protein kinase TYK2,Kd,250.0,6.6,CHEMBL1061188
Midostaurin,CHEMBL608533,CHEMBL2276,P45983,Mitogen-activated protein kinase 8,Kd,4400.0,5.36,CHEMBL1061076
Midostaurin,CHEMBL608533,CHEMBL4179,P45984,Mitogen-activated protein kinase 9,Kd,10000.0,5.0,CHEMBL1060196
Midostaurin,CHEMBL608533,CHEMBL3836,P53667,LIM domain kinase 1,Kd,10000.0,5.0,CHEMBL1061902
Midostaurin,CHEMBL608533,CHEMBL5932,P53671,LIM domain kinase 2,Kd,10000.0,5.0,CHEMBL1063714
Midostaurin,CHEMBL608533,CHEMBL5606,Q15831,Serine/threonine-protein kinase STK11,Kd,350.0,6.46,CHEMBL1051288
Midostaurin,CHEMBL608533,CHEMBL5600,P27448,MAP/microtubule affinity-regulating kinase 3,Kd,21.0,7.68,CHEMBL1063802
Midostaurin,CHEMBL608533,CHEMBL3587,Q02750,Dual specificity mitogen-activated protein kinase kinase 1,Kd,10000.0,5.0,CHEMBL1061906
Midostaurin,CHEMBL608533,CHEMBL2964,P36507,Dual specificity mitogen-activated protein kinase kinase 2,Kd,10000.0,5.0,CHEMBL1061079
Midostaurin,CHEMBL608533,CHEMBL2109,P46734,Dual specificity mitogen-activated protein kinase kinase 3,Kd,5300.0,5.28,CHEMBL1060250
Midostaurin,CHEMBL608533,CHEMBL4578,Q14680,Maternal embryonic leucine zipper kinase,Kd,280.0,6.55,CHEMBL1063803
Midostaurin,CHEMBL608533,CHEMBL4718,Q9BUB5,MAP kinase-interacting serine/threonine-protein kinase 1,Kd,10000.0,5.0,CHEMBL1063804
Midostaurin,CHEMBL608533,CHEMBL3830,Q2M2I8,AP2-associated protein kinase 1,Kd,48.0,7.32,CHEMBL1037546
Midostaurin,CHEMBL608533,CHEMBL1862,P00519,Tyrosine-protein kinase ABL1,Kd,10000.0,5.0,CHEMBL1061129
Midostaurin,CHEMBL608533,CHEMBL1862,P00519,Tyrosine-protein kinase ABL1,Kd,10000.0,5.0,CHEMBL1063789
Midostaurin,CHEMBL608533,CHEMBL4598,Q13043,Serine/threonine-protein kinase 4,Kd,40.0,7.4,CHEMBL1061178
Midostaurin,CHEMBL608533,CHEMBL5941,Q9P289,Serine/threonine-protein kinase 26,Kd,10000.0,5.0,CHEMBL1063806
Midostaurin,CHEMBL608533,CHEMBL4849,Q8TDX7,Serine/threonine-protein kinase Nek7,Kd,10000.0,5.0,CHEMBL1063808
Midostaurin,CHEMBL608533,CHEMBL5364,Q9UBE8,Serine/threonine-protein kinase NLK,Kd,10000.0,5.0,CHEMBL1063809
Midostaurin,CHEMBL608533,CHEMBL260,Q16539,Mitogen-activated protein kinase 14,Kd,10000.0,5.0,CHEMBL1061091
Midostaurin,CHEMBL608533,CHEMBL3961,Q15759,Mitogen-activated protein kinase 11,Kd,10000.0,5.0,CHEMBL1062864
Midostaurin,CHEMBL608533,CHEMBL5358,Q9P2K8,eIF-2-alpha kinase GCN2,Kd,39.0,7.41,CHEMBL1060248
Midostaurin,CHEMBL608533,CHEMBL3234,P08631,Tyrosine-protein kinase HCK,Kd,720.0,6.14,CHEMBL1063730
Midostaurin,CHEMBL608533,CHEMBL1957,P08069,Insulin-like growth factor 1 receptor,Kd,10000.0,5.0,CHEMBL1061075
Midostaurin,CHEMBL608533,CHEMBL1981,P06213,Insulin receptor,Kd,10000.0,5.0,CHEMBL1060195
Midostaurin,CHEMBL608533,CHEMBL5483,P14616,Insulin receptor-related protein,Kd,10000.0,5.0,CHEMBL1061175
Midostaurin,CHEMBL608533,CHEMBL1862,P00519,Tyrosine-protein kinase ABL1,Kd,10000.0,5.0,CHEMBL1060174
Midostaurin,CHEMBL608533,CHEMBL1862,P00519,Tyrosine-protein kinase ABL1,Kd,10000.0,5.0,CHEMBL1062829
Midostaurin,CHEMBL608533,CHEMBL1862,P00519,Tyrosine-protein kinase ABL1,Kd,10000.0,5.0,CHEMBL1062830
Midostaurin,CHEMBL608533,CHEMBL1862,P00519,Tyrosine-protein kinase ABL1,Kd,3200.0,5.49,CHEMBL1051277
Midostaurin,CHEMBL608533,CHEMBL1862,P00519,Tyrosine-protein kinase ABL1,Kd,10000.0,5.0,CHEMBL1061130
Midostaurin,CHEMBL608533,CHEMBL4014,P42684,Tyrosine-protein kinase ABL2,Kd,10000.0,5.0,CHEMBL1061131
Midostaurin,CHEMBL608533,CHEMBL5081,Q9Y616,Interleukin-1 receptor-associated kinase 3,Kd,180.0,6.74,CHEMBL1062842
Midostaurin,CHEMBL608533,CHEMBL2959,Q08881,Tyrosine-protein kinase ITK/TSK,Kd,10000.0,5.0,CHEMBL1063712
Midostaurin,CHEMBL608533,CHEMBL2835,P23458,Tyrosine-protein kinase JAK1,Kd,10000.0,5.0,CHEMBL1057717
Midostaurin,CHEMBL608533,CHEMBL2971,O60674,Tyrosine-protein kinase JAK2,Kd,94.0,7.03,CHEMBL1063801
Midostaurin,CHEMBL608533,CHEMBL2148,P52333,Tyrosine-protein kinase JAK3,Kd,12.0,7.92,CHEMBL1051335
Midostaurin,CHEMBL608533,CHEMBL2637,P53779,Mitogen-activated protein kinase 10,Kd,3600.0,5.44,CHEMBL1063713
Midostaurin,CHEMBL608533,CHEMBL1936,P10721,Mast/stem cell growth factor receptor Kit,Kd,220.0,6.66,CHEMBL1060197
Midostaurin,CHEMBL608533,CHEMBL5975,Q9BRS2,Serine/threonine-protein kinase RIO1,Kd,1200.0,5.92,CHEMBL1051258
Midostaurin,CHEMBL608533,CHEMBL5659,O14730,Serine/threonine-protein kinase RIO3,Kd,420.0,6.38,CHEMBL1061924
Midostaurin,CHEMBL608533,CHEMBL5699,Q9H0K1,Serine/threonine-protein kinase SIK2,Kd,560.0,6.25,CHEMBL1061982
Midostaurin,CHEMBL608533,CHEMBL4375,Q96SB4,SRSF protein kinase 1,Kd,42.0,7.38,CHEMBL1051313
Midostaurin,CHEMBL608533,CHEMBL5903,Q04771,Activin receptor type-1,Kd,10000.0,5.0,CHEMBL1063697
Motesanib (AMG-706),CHEMBL572881,CHEMBL1974,P36888,Receptor-type tyrosine-protein kinase FLT3,Kd,1100.0,5.96,CHEMBL1061073
Motesanib (AMG-706),CHEMBL572881,CHEMBL1955,P35916,Vascular endothelial growth factor receptor 3,Kd,9.7,8.01,CHEMBL1060246
Motesanib (AMG-706),CHEMBL572881,CHEMBL4223,P42685,Tyrosine-protein kinase FRK,Kd,99.0,7.0,CHEMBL1060247
Motesanib (AMG-706),CHEMBL572881,CHEMBL2999,O75914,Serine/threonine-protein kinase PAK 3,Kd,10000.0,5.0,CHEMBL1062779
Motesanib (AMG-706),CHEMBL572881,CHEMBL5790,Q00537,Cyclin-dependent kinase 17,Kd,10000.0,5.0,CHEMBL1051349
Motesanib (AMG-706),CHEMBL572881,CHEMBL5316,Q07002,Cyclin-dependent kinase 18,Kd,10000.0,5.0,CHEMBL1062782
Motesanib (AMG-706),CHEMBL572881,CHEMBL2534,O15530,3-phosphoinositide-dependent protein kinase 1,Kd,10000.0,5.0,CHEMBL1061922
Motesanib (AMG-706),CHEMBL572881,CHEMBL6162,O94921,Cyclin-dependent kinase 14,Kd,10000.0,5.0,CHEMBL1051350
Motesanib (AMG-706),CHEMBL572881,CHEMBL4004,Q16816,"Phosphorylase b kinase gamma catalytic chain, skeletal muscle/heart isoform",Kd,10000.0,5.0,CHEMBL1061153
Motesanib (AMG-706),CHEMBL572881,CHEMBL5969,Q99755,Phosphatidylinositol 4-phosphate 5-kinase type-1 alpha,Kd,10000.0,5.0,CHEMBL1061923
Motesanib (AMG-706),CHEMBL572881,CHEMBL5667,P78356,Phosphatidylinositol 5-phosphate 4-kinase type-2 beta,Kd,10000.0,5.0,CHEMBL1062784
Motesanib (AMG-706),CHEMBL572881,CHEMBL4924,Q9UK32,Ribosomal protein S6 kinase alpha-6,Kd,10000.0,5.0,CHEMBL1039275
Motesanib (AMG-706),CHEMBL572881,CHEMBL4924,Q9UK32,Ribosomal protein S6 kinase alpha-6,Kd,10000.0,5.0,CHEMBL1061926
Motesanib (AMG-706),CHEMBL572881,CHEMBL5426,Q86YV6,Myosin light chain kinase family member 4,Kd,10000.0,5.0,CHEMBL1051352
Motesanib (AMG-706),CHEMBL572881,CHEMBL4202,Q9H2G2,STE20-like serine/threonine-protein kinase,Kd,1300.0,5.89,CHEMBL1062787
Motesanib (AMG-706),CHEMBL572881,CHEMBL279,P35968,Vascular endothelial growth factor receptor 2,Kd,26.0,7.59,CHEMBL1051261
Motesanib (AMG-706),CHEMBL572881,CHEMBL5491,P30291,Wee1-like protein kinase,Kd,10000.0,5.0,CHEMBL1061935
Motesanib (AMG-706),CHEMBL572881,CHEMBL5405,Q86UX6,Serine/threonine-protein kinase 32C,Kd,10000.0,5.0,CHEMBL1062789
Motesanib (AMG-706),CHEMBL572881,CHEMBL2073,P07947,Tyrosine-protein kinase Yes,Kd,10000.0,5.0,CHEMBL1051262
Motesanib (AMG-706),CHEMBL572881,CHEMBL5552,O00506,Serine/threonine-protein kinase 25,Kd,10000.0,5.0,CHEMBL1051263
Motesanib (AMG-706),CHEMBL572881,CHEMBL3886,Q9NYL2,Mitogen-activated protein kinase kinase kinase 20,Kd,8.0,8.1,CHEMBL1051317
Motesanib (AMG-706),CHEMBL572881,CHEMBL2803,P43403,Tyrosine-protein kinase ZAP-70,Kd,10000.0,5.0,CHEMBL1061189
Motesanib (AMG-706),CHEMBL572881,CHEMBL2918,P22694,cAMP-dependent protein kinase catalytic subunit beta,Kd,10000.0,5.0,CHEMBL1039274
Motesanib (AMG-706),CHEMBL572881,CHEMBL5818,P51817,cAMP-dependent protein kinase catalytic subunit PRKX,Kd,10000.0,5.0,CHEMBL1061157
Motesanib (AMG-706),CHEMBL572881,CHEMBL5469,Q14289,Protein-tyrosine kinase 2-beta,Kd,10000.0,5.0,CHEMBL1061158
Motesanib (AMG-706),CHEMBL572881,CHEMBL5975,Q9BRS2,Serine/threonine-protein kinase RIO1,Kd,10000.0,5.0,CHEMBL1051258
Motesanib (AMG-706),CHEMBL572881,CHEMBL4226,P49761,Dual specificity protein kinase CLK3,Kd,10000.0,5.0,CHEMBL1060240
Motesanib (AMG-706),CHEMBL572881,CHEMBL2634,P41240,Tyrosine-protein kinase CSK,Kd,10000.0,5.0,CHEMBL1037547
Motesanib (AMG-706),CHEMBL572881,CHEMBL5520,Q8N752,Casein kinase I isoform alpha-like,Kd,10000.0,5.0,CHEMBL1063703
Motesanib (AMG-706),CHEMBL572881,CHEMBL2828,P48730,Casein kinase I isoform delta,Kd,10000.0,5.0,CHEMBL1050829
Motesanib (AMG-706),CHEMBL572881,CHEMBL4937,P49674,Casein kinase I isoform epsilon,Kd,10000.0,5.0,CHEMBL1050834
Motesanib (AMG-706),CHEMBL572881,CHEMBL2543,P78368,Casein kinase I isoform gamma-2,Kd,10000.0,5.0,CHEMBL1063704
Motesanib (AMG-706),CHEMBL572881,CHEMBL5084,Q9Y6M4,Casein kinase I isoform gamma-3,Kd,10000.0,5.0,CHEMBL1051284
Motesanib (AMG-706),CHEMBL572881,CHEMBL4128,Q02763,Angiopoietin-1 receptor,Kd,10000.0,5.0,CHEMBL1051315
Motesanib (AMG-706),CHEMBL572881,CHEMBL5388,Q9UKI8,Serine/threonine-protein kinase tousled-like 1,Kd,10000.0,5.0,CHEMBL1061931
Motesanib (AMG-706),CHEMBL572881,CHEMBL5404,Q86UE8,Serine/threonine-protein kinase tousled-like 2,Kd,10000.0,5.0,CHEMBL1061984
Motesanib (AMG-706),CHEMBL572881,CHEMBL4527,Q9UKE5,TRAF2 and NCK-interacting protein kinase,Kd,10000.0,5.0,CHEMBL1062874
Motesanib (AMG-706),CHEMBL572881,CHEMBL4599,Q07912,Activated CDC42 kinase 1,Kd,10000.0,5.0,CHEMBL1051355
Motesanib (AMG-706),CHEMBL572881,CHEMBL2815,P04629,High affinity nerve growth factor receptor,Kd,10000.0,5.0,CHEMBL1061933
Motesanib (AMG-706),CHEMBL572881,CHEMBL4898,Q16620,BDNF/NT-3 growth factors receptor,Kd,10000.0,5.0,CHEMBL1062875
Motesanib (AMG-706),CHEMBL572881,CHEMBL5608,Q16288,NT-3 growth factor receptor,Kd,10000.0,5.0,CHEMBL1041998
Motesanib (AMG-706),CHEMBL572881,CHEMBL3983,P33981,Dual specificity protein kinase TTK,Kd,10000.0,5.0,CHEMBL1061934
Motesanib (AMG-706),CHEMBL572881,CHEMBL4367,P42681,Tyrosine-protein kinase TXK,Kd,10000.0,5.0,CHEMBL1061187
Motesanib (AMG-706),CHEMBL572881,CHEMBL3629,P68400,Casein kinase II subunit alpha,Kd,10000.0,5.0,CHEMBL1060241
Motesanib (AMG-706),CHEMBL572881,CHEMBL4070,P19784,Casein kinase II subunit alpha',Kd,10000.0,5.0,CHEMBL1061141
Motesanib (AMG-706),CHEMBL572881,CHEMBL3123,Q9UIK4,Death-associated protein kinase 2,Kd,10000.0,5.0,CHEMBL1053760
Motesanib (AMG-706),CHEMBL572881,CHEMBL2468,O43293,Death-associated protein kinase 3,Kd,10000.0,5.0,CHEMBL1060181
Motesanib (AMG-706),CHEMBL572881,CHEMBL3980,O94768,Serine/threonine-protein kinase 17B,Kd,10000.0,5.0,CHEMBL1060189
Motesanib (AMG-706),CHEMBL572881,CHEMBL5543,Q9Y463,Dual specificity tyrosine-phosphorylation-regulated kinase 1B,Kd,10000.0,5.0,CHEMBL1060243
Motesanib (AMG-706),CHEMBL572881,CHEMBL3385,P27361,Mitogen-activated protein kinase 3,Kd,10000.0,5.0,CHEMBL1037552
Motesanib (AMG-706),CHEMBL572881,CHEMBL4040,P28482,Mitogen-activated protein kinase 1,Kd,10000.0,5.0,CHEMBL1063798
Motesanib (AMG-706),CHEMBL572881,CHEMBL2850,P49840,Glycogen synthase kinase-3 alpha,Kd,10000.0,5.0,CHEMBL1061900
Motesanib (AMG-706),CHEMBL572881,CHEMBL262,P49841,Glycogen synthase kinase-3 beta,Kd,10000.0,5.0,CHEMBL1061074
Motesanib (AMG-706),CHEMBL572881,CHEMBL3529,Q14164,Inhibitor of nuclear factor kappa-B kinase subunit epsilon,Kd,10000.0,5.0,CHEMBL1050835
Motesanib (AMG-706),CHEMBL572881,CHEMBL3553,P29597,Non-receptor tyrosine-protein kinase TYK2,Kd,10000.0,5.0,CHEMBL1061188
Motesanib (AMG-706),CHEMBL572881,CHEMBL5314,Q06418,Tyrosine-protein kinase receptor TYRO3,Kd,10000.0,5.0,CHEMBL1051260
Motesanib (AMG-706),CHEMBL572881,CHEMBL2276,P45983,Mitogen-activated protein kinase 8,Kd,10000.0,5.0,CHEMBL1061076
Motesanib (AMG-706),CHEMBL572881,CHEMBL4179,P45984,Mitogen-activated protein kinase 9,Kd,10000.0,5.0,CHEMBL1060196
Motesanib (AMG-706),CHEMBL572881,CHEMBL3836,P53667,LIM domain kinase 1,Kd,10000.0,5.0,CHEMBL1061902
Motesanib (AMG-706),CHEMBL572881,CHEMBL5932,P53671,LIM domain kinase 2,Kd,10000.0,5.0,CHEMBL1063714
Motesanib (AMG-706),CHEMBL572881,CHEMBL5606,Q15831,Serine/threonine-protein kinase STK11,Kd,10000.0,5.0,CHEMBL1051288
Motesanib (AMG-706),CHEMBL572881,CHEMBL5600,P27448,MAP/microtubule affinity-regulating kinase 3,Kd,10000.0,5.0,CHEMBL1063802
Motesanib (AMG-706),CHEMBL572881,CHEMBL3587,Q02750,Dual specificity mitogen-activated protein kinase kinase 1,Kd,10000.0,5.0,CHEMBL1061906
Motesanib (AMG-706),CHEMBL572881,CHEMBL2964,P36507,Dual specificity mitogen-activated protein kinase kinase 2,Kd,10000.0,5.0,CHEMBL1061079
Motesanib (AMG-706),CHEMBL572881,CHEMBL2109,P46734,Dual specificity mitogen-activated protein kinase kinase 3,Kd,10000.0,5.0,CHEMBL1060250
Motesanib (AMG-706),CHEMBL572881,CHEMBL4578,Q14680,Maternal embryonic leucine zipper kinase,Kd,10000.0,5.0,CHEMBL1063803
Motesanib (AMG-706),CHEMBL572881,CHEMBL4718,Q9BUB5,MAP kinase-interacting serine/threonine-protein kinase 1,Kd,10000.0,5.0,CHEMBL1063804
Motesanib (AMG-706),CHEMBL572881,CHEMBL4598,Q13043,Serine/threonine-protein kinase 4,Kd,10000.0,5.0,CHEMBL1061178
Motesanib (AMG-706),CHEMBL572881,CHEMBL3830,Q2M2I8,AP2-associated protein kinase 1,Kd,10000.0,5.0,CHEMBL1037546
Motesanib (AMG-706),CHEMBL572881,CHEMBL1862,P00519,Tyrosine-protein kinase ABL1,Kd,3900.0,5.41,CHEMBL1061129
Motesanib (AMG-706),CHEMBL572881,CHEMBL1862,P00519,Tyrosine-protein kinase ABL1,Kd,10000.0,5.0,CHEMBL1063789
Motesanib (AMG-706),CHEMBL572881,CHEMBL5941,Q9P289,Serine/threonine-protein kinase 26,Kd,10000.0,5.0,CHEMBL1063806
Motesanib (AMG-706),CHEMBL572881,CHEMBL4849,Q8TDX7,Serine/threonine-protein kinase Nek7,Kd,10000.0,5.0,CHEMBL1063808
Motesanib (AMG-706),CHEMBL572881,CHEMBL5364,Q9UBE8,Serine/threonine-protein kinase NLK,Kd,10000.0,5.0,CHEMBL1063809
Motesanib (AMG-706),CHEMBL572881,CHEMBL260,Q16539,Mitogen-activated protein kinase 14,Kd,10000.0,5.0,CHEMBL1061091
Motesanib (AMG-706),CHEMBL572881,CHEMBL3961,Q15759,Mitogen-activated protein kinase 11,Kd,10000.0,5.0,CHEMBL1062864
Motesanib (AMG-706),CHEMBL572881,CHEMBL4674,P53778,Mitogen-activated protein kinase 12,Kd,10000.0,5.0,CHEMBL1061183
Motesanib (AMG-706),CHEMBL572881,CHEMBL3234,P08631,Tyrosine-protein kinase HCK,Kd,10000.0,5.0,CHEMBL1063730
Motesanib (AMG-706),CHEMBL572881,CHEMBL1957,P08069,Insulin-like growth factor 1 receptor,Kd,10000.0,5.0,CHEMBL1061075
Motesanib (AMG-706),CHEMBL572881,CHEMBL1981,P06213,Insulin receptor,Kd,10000.0,5.0,CHEMBL1060195
Motesanib (AMG-706),CHEMBL572881,CHEMBL5483,P14616,Insulin receptor-related protein,Kd,10000.0,5.0,CHEMBL1061175
Motesanib (AMG-706),CHEMBL572881,CHEMBL5081,Q9Y616,Interleukin-1 receptor-associated kinase 3,Kd,10000.0,5.0,CHEMBL1062842
Motesanib (AMG-706),CHEMBL572881,CHEMBL1862,P00519,Tyrosine-protein kinase ABL1,Kd,10000.0,5.0,CHEMBL1060174
Motesanib (AMG-706),CHEMBL572881,CHEMBL1862,P00519,Tyrosine-protein kinase ABL1,Kd,10000.0,5.0,CHEMBL1062829
Motesanib (AMG-706),CHEMBL572881,CHEMBL1862,P00519,Tyrosine-protein kinase ABL1,Kd,10000.0,5.0,CHEMBL1062830
Motesanib (AMG-706),CHEMBL572881,CHEMBL1862,P00519,Tyrosine-protein kinase ABL1,Kd,10000.0,5.0,CHEMBL1051277
Motesanib (AMG-706),CHEMBL572881,CHEMBL1862,P00519,Tyrosine-protein kinase ABL1,Kd,10000.0,5.0,CHEMBL1061130
Motesanib (AMG-706),CHEMBL572881,CHEMBL4014,P42684,Tyrosine-protein kinase ABL2,Kd,10000.0,5.0,CHEMBL1061131
Motesanib (AMG-706),CHEMBL572881,CHEMBL5903,Q04771,Activin receptor type-1,Kd,10000.0,5.0,CHEMBL1063697
Motesanib (AMG-706),CHEMBL572881,CHEMBL2959,Q08881,Tyrosine-protein kinase ITK/TSK,Kd,10000.0,5.0,CHEMBL1063712
Motesanib (AMG-706),CHEMBL572881,CHEMBL2835,P23458,Tyrosine-protein kinase JAK1,Kd,10000.0,5.0,CHEMBL1057717
Motesanib (AMG-706),CHEMBL572881,CHEMBL2971,O60674,Tyrosine-protein kinase JAK2,Kd,10000.0,5.0,CHEMBL1063801
Motesanib (AMG-706),CHEMBL572881,CHEMBL2148,P52333,Tyrosine-protein kinase JAK3,Kd,10000.0,5.0,CHEMBL1051335
Motesanib (AMG-706),CHEMBL572881,CHEMBL2637,P53779,Mitogen-activated protein kinase 10,Kd,10000.0,5.0,CHEMBL1063713
Motesanib (AMG-706),CHEMBL572881,CHEMBL1936,P10721,Mast/stem cell growth factor receptor Kit,Kd,3.7,8.43,CHEMBL1060197
Motesanib (AMG-706),CHEMBL572881,CHEMBL1936,P10721,Mast/stem cell growth factor receptor Kit,Kd,410.0,6.39,CHEMBL1060198
Motesanib (AMG-706),CHEMBL572881,CHEMBL5659,O14730,Serine/threonine-protein kinase RIO3,Kd,10000.0,5.0,CHEMBL1061924
Motesanib (AMG-706),CHEMBL572881,CHEMBL5699,Q9H0K1,Serine/threonine-protein kinase SIK2,Kd,10000.0,5.0,CHEMBL1061982
Motesanib (AMG-706),CHEMBL572881,CHEMBL4375,Q96SB4,SRSF protein kinase 1,Kd,10000.0,5.0,CHEMBL1051313
Motesanib (AMG-706),CHEMBL572881,CHEMBL5668,P78362,SRSF protein kinase 2,Kd,10000.0,5.0,CHEMBL1061928
NVP-AEW541,CHEMBL551064,CHEMBL1957,P08069,Insulin-like growth factor 1 receptor,IC50,86.0,7.07,CHEMBL1058958
NVP-AEW541,CHEMBL551064,CHEMBL1981,P06213,Insulin receptor,IC50,2300.0,5.64,CHEMBL1058959
NVP-AEW541,CHEMBL551064,CHEMBL203,P00533,Epidermal growth factor receptor,IC50,10000.0,5.0,CHEMBL1055730
NVP-AEW541,CHEMBL551064,CHEMBL2096618,,Bcr/Abl fusion protein,IC50,10000.0,5.0,CHEMBL1058963
NVP-AEW541,CHEMBL551064,CHEMBL1936,P10721,Mast/stem cell growth factor receptor Kit,IC50,5000.0,5.3,CHEMBL1058964
NVP-AEW541,CHEMBL551064,CHEMBL3830,Q2M2I8,AP2-associated protein kinase 1,Kd,30000.0,4.52,CHEMBL3991602
NVP-AEW541,CHEMBL551064,CHEMBL1862,P00519,Tyrosine-protein kinase ABL1,Kd,30000.0,4.52,CHEMBL3991603
NVP-AEW541,CHEMBL551064,CHEMBL4014,P42684,Tyrosine-protein kinase ABL2,Kd,30000.0,4.52,CHEMBL3991604
NVP-AEW541,CHEMBL551064,CHEMBL4105816,Q6JQN1,Acyl-CoA dehydrogenase family member 10,Kd,30000.0,4.52,CHEMBL3991605
NVP-AEW541,CHEMBL551064,CHEMBL4105892,P49748,"Very long-chain specific acyl-CoA dehydrogenase, mitochondrial",Kd,30000.0,4.52,CHEMBL3991607
NVP-AEW541,CHEMBL551064,CHEMBL4105817,O15254,Peroxisomal acyl-coenzyme A oxidase 3,Kd,30000.0,4.52,CHEMBL3991609
NVP-AEW541,CHEMBL551064,CHEMBL4105818,Q9ULC5,Long-chain-fatty-acid--CoA ligase 5,Kd,30000.0,4.52,CHEMBL3991610
NVP-AEW541,CHEMBL551064,CHEMBL6090,P61160,Actin-related protein 2,Kd,30000.0,4.52,CHEMBL3991611
NVP-AEW541,CHEMBL551064,CHEMBL4105857,P61158,Actin-related protein 3,Kd,30000.0,4.52,CHEMBL3991612
NVP-AEW541,CHEMBL551064,CHEMBL5903,Q04771,Activin receptor type-1,Kd,1202.0,5.92,CHEMBL3991613
NVP-AEW541,CHEMBL551064,CHEMBL5310,P36896,Activin receptor type-1B,Kd,30000.0,4.52,CHEMBL3991614
NVP-AEW541,CHEMBL551064,CHEMBL5466,Q13705,Activin receptor type-2B,Kd,30000.0,4.52,CHEMBL3991615
NVP-AEW541,CHEMBL551064,CHEMBL4105885,Q86TW2,AarF domain-containing protein kinase 1,Kd,30000.0,4.52,CHEMBL3991617
NVP-AEW541,CHEMBL551064,CHEMBL5550,Q8NI60,"Atypical kinase COQ8A, mitochondrial",Kd,835.0,6.08,CHEMBL3991618
NVP-AEW541,CHEMBL551064,CHEMBL3589,P55263,Adenosine kinase,Kd,30000.0,4.52,CHEMBL3991620
NVP-AEW541,CHEMBL551064,CHEMBL4079,P25098,Beta-adrenergic receptor kinase 1,Kd,30000.0,4.52,CHEMBL3991621
NVP-AEW541,CHEMBL551064,CHEMBL4938,P54819,"Adenylate kinase 2, mitochondrial",Kd,30000.0,4.52,CHEMBL3991622
NVP-AEW541,CHEMBL551064,CHEMBL4282,P31749,RAC-alpha serine/threonine-protein kinase,Kd,30000.0,4.52,CHEMBL3991623
NVP-AEW541,CHEMBL551064,CHEMBL2431,P31751,RAC-beta serine/threonine-protein kinase,Kd,30000.0,4.52,CHEMBL3991624
NVP-AEW541,CHEMBL551064,CHEMBL4816,Q9Y243,RAC-gamma serine/threonine-protein kinase,Kd,30000.0,4.52,CHEMBL3991625
NVP-AEW541,CHEMBL551064,CHEMBL4247,Q9UM73,ALK tyrosine kinase receptor,Kd,30000.0,4.52,CHEMBL3991626
NVP-AEW541,CHEMBL551064,CHEMBL1169596,P10398,Serine/threonine-protein kinase A-Raf,Kd,30000.0,4.52,CHEMBL3991628
NVP-AEW541,CHEMBL551064,CHEMBL5024,Q13535,Serine/threonine-protein kinase ATR,Kd,5.0,8.3,CHEMBL3991629
NVP-AEW541,CHEMBL551064,CHEMBL4722,O14965,Aurora kinase A,Kd,30000.0,4.52,CHEMBL3991630
NVP-AEW541,CHEMBL551064,CHEMBL2185,Q96GD4,Aurora kinase B,Kd,30000.0,4.52,CHEMBL3991631
NVP-AEW541,CHEMBL551064,CHEMBL5146,P11274,Breakpoint cluster region protein,Kd,30000.0,4.52,CHEMBL3991632
NVP-AEW541,CHEMBL551064,CHEMBL4522,Q9NSY1,BMP-2-inducible protein kinase,Kd,30000.0,4.52,CHEMBL3991633
NVP-AEW541,CHEMBL551064,CHEMBL5275,P36894,Bone morphogenetic protein receptor type-1A,Kd,30000.0,4.52,CHEMBL3991634
NVP-AEW541,CHEMBL551064,CHEMBL5476,O00238,Bone morphogenetic protein receptor type-1B,Kd,1442.0,5.84,CHEMBL3991635
NVP-AEW541,CHEMBL551064,CHEMBL5467,Q13873,Bone morphogenetic protein receptor type-2,Kd,30000.0,4.52,CHEMBL3991636
NVP-AEW541,CHEMBL551064,CHEMBL5145,P15056,Serine/threonine-protein kinase B-raf,Kd,30000.0,4.52,CHEMBL3991637
NVP-AEW541,CHEMBL551064,CHEMBL5251,Q06187,Tyrosine-protein kinase BTK,Kd,30000.0,4.52,CHEMBL3991638
NVP-AEW541,CHEMBL551064,CHEMBL1772932,O43683,Mitotic checkpoint serine/threonine-protein kinase BUB1,Kd,30000.0,4.52,CHEMBL3991639
NVP-AEW541,CHEMBL551064,CHEMBL5258,Q96NX5,Calcium/calmodulin-dependent protein kinase type 1G,Kd,30000.0,4.52,CHEMBL3991640
NVP-AEW541,CHEMBL551064,CHEMBL2801,Q13557,Calcium/calmodulin-dependent protein kinase type II subunit delta,Kd,30000.0,4.52,CHEMBL3991641
NVP-AEW541,CHEMBL551064,CHEMBL3829,Q13555,Calcium/calmodulin-dependent protein kinase type II subunit gamma,Kd,30000.0,4.52,CHEMBL3991642
NVP-AEW541,CHEMBL551064,CHEMBL2494,Q16566,Calcium/calmodulin-dependent protein kinase type IV,Kd,30000.0,4.52,CHEMBL3991643
NVP-AEW541,CHEMBL551064,CHEMBL5284,Q96RR4,Calcium/calmodulin-dependent protein kinase kinase 2,Kd,30000.0,4.52,CHEMBL3991644
NVP-AEW541,CHEMBL551064,CHEMBL4105937,P49589,"Cysteine--tRNA ligase, cytoplasmic",Kd,30000.0,4.52,CHEMBL3991645
NVP-AEW541,CHEMBL551064,CHEMBL4516,Q5VT25,Serine/threonine-protein kinase MRCK alpha,Kd,30000.0,4.52,CHEMBL3991646
NVP-AEW541,CHEMBL551064,CHEMBL5052,Q9Y5S2,Serine/threonine-protein kinase MRCK beta,Kd,30000.0,4.52,CHEMBL3991647
NVP-AEW541,CHEMBL551064,CHEMBL5615,Q6DT37,Serine/threonine-protein kinase MRCK gamma,Kd,30000.0,4.52,CHEMBL3991648
NVP-AEW541,CHEMBL551064,CHEMBL308,P06493,Cyclin-dependent kinase 1,Kd,30000.0,4.52,CHEMBL3991650
NVP-AEW541,CHEMBL551064,CHEMBL3559692,Q9NYV4,Cyclin-dependent kinase 12,Kd,30000.0,4.52,CHEMBL3991652
NVP-AEW541,CHEMBL551064,CHEMBL1795192,Q14004,Cyclin-dependent kinase 13,Kd,30000.0,4.52,CHEMBL3991653
NVP-AEW541,CHEMBL551064,CHEMBL4597,Q00536,Cyclin-dependent kinase 16,Kd,30000.0,4.52,CHEMBL3991654
NVP-AEW541,CHEMBL551064,CHEMBL5790,Q00537,Cyclin-dependent kinase 17,Kd,30000.0,4.52,CHEMBL3991655
NVP-AEW541,CHEMBL551064,CHEMBL301,P24941,Cyclin-dependent kinase 2,Kd,30000.0,4.52,CHEMBL3991657
NVP-AEW541,CHEMBL551064,CHEMBL4442,Q00526,Cyclin-dependent kinase 3,Kd,30000.0,4.52,CHEMBL3991658
NVP-AEW541,CHEMBL551064,CHEMBL331,P11802,Cyclin-dependent kinase 4,Kd,30000.0,4.52,CHEMBL3991659
NVP-AEW541,CHEMBL551064,CHEMBL4036,Q00535,Cyclin-dependent kinase 5,Kd,30000.0,4.52,CHEMBL3991660
NVP-AEW541,CHEMBL551064,CHEMBL2508,Q00534,Cyclin-dependent kinase 6,Kd,30000.0,4.52,CHEMBL3991661
NVP-AEW541,CHEMBL551064,CHEMBL3055,P50613,Cyclin-dependent kinase 7,Kd,30000.0,4.52,CHEMBL3991662
NVP-AEW541,CHEMBL551064,CHEMBL3116,P50750,Cyclin-dependent kinase 9,Kd,30000.0,4.52,CHEMBL3991663
NVP-AEW541,CHEMBL551064,CHEMBL4630,O14757,Serine/threonine-protein kinase Chk1,Kd,30000.0,4.52,CHEMBL3991666
NVP-AEW541,CHEMBL551064,CHEMBL5579,O14578,Citron Rho-interacting kinase,Kd,30000.0,4.52,CHEMBL3991667
NVP-AEW541,CHEMBL551064,CHEMBL4225,P49760,Dual specificity protein kinase CLK2,Kd,30000.0,4.52,CHEMBL3991669
NVP-AEW541,CHEMBL551064,CHEMBL2634,P41240,Tyrosine-protein kinase CSK,Kd,30000.0,4.52,CHEMBL3991673
NVP-AEW541,CHEMBL551064,CHEMBL2828,P48730,Casein kinase I isoform delta,Kd,30000.0,4.52,CHEMBL3991675
NVP-AEW541,CHEMBL551064,CHEMBL4937,P49674,Casein kinase I isoform epsilon,Kd,60523.0,4.22,CHEMBL3991676
NVP-AEW541,CHEMBL551064,CHEMBL2426,Q9HCP0,Casein kinase I isoform gamma-1,Kd,30000.0,4.52,CHEMBL3991677
NVP-AEW541,CHEMBL551064,CHEMBL2543,P78368,Casein kinase I isoform gamma-2,Kd,30000.0,4.52,CHEMBL3991678
NVP-AEW541,CHEMBL551064,CHEMBL5084,Q9Y6M4,Casein kinase I isoform gamma-3,Kd,30000.0,4.52,CHEMBL3991679
NVP-AEW541,CHEMBL551064,CHEMBL4070,P19784,Casein kinase II subunit alpha',Kd,30000.0,4.52,CHEMBL3991681
NVP-AEW541,CHEMBL551064,CHEMBL4105975,P08574,"Cytochrome c1, heme protein, mitochondrial",Kd,30000.0,4.52,CHEMBL3991682
NVP-AEW541,CHEMBL551064,CHEMBL2447,P27707,Deoxycytidine kinase,Kd,30000.0,4.52,CHEMBL3991683
NVP-AEW541,CHEMBL551064,CHEMBL3769292,Q9H773,dCTP pyrophosphatase 1,Kd,30000.0,4.52,CHEMBL3991684
NVP-AEW541,CHEMBL551064,CHEMBL5319,Q08345,Epithelial discoidin domain-containing receptor 1,Kd,30000.0,4.52,CHEMBL3991685
NVP-AEW541,CHEMBL551064,CHEMBL5122,Q16832,Discoidin domain-containing receptor 2,Kd,30000.0,4.52,CHEMBL3991686
NVP-AEW541,CHEMBL551064,CHEMBL2010634,Q92499,ATP-dependent RNA helicase DDX1,Kd,30000.0,4.52,CHEMBL3991687
NVP-AEW541,CHEMBL551064,CHEMBL5553,O00571,ATP-dependent RNA helicase DDX3X,Kd,30000.0,4.52,CHEMBL3991688
NVP-AEW541,CHEMBL551064,CHEMBL4105782,Q86XP3,ATP-dependent RNA helicase DDX42,Kd,30000.0,4.52,CHEMBL3991689
NVP-AEW541,CHEMBL551064,CHEMBL4105783,P26196,Probable ATP-dependent RNA helicase DDX6,Kd,30000.0,4.52,CHEMBL3991690
NVP-AEW541,CHEMBL551064,CHEMBL2331059,Q15392,Delta(24)-sterol reductase,Kd,30000.0,4.52,CHEMBL3991691
NVP-AEW541,CHEMBL551064,CHEMBL4105814,Q7L2E3,ATP-dependent RNA helicase DHX30,Kd,30000.0,4.52,CHEMBL3991692
NVP-AEW541,CHEMBL551064,CHEMBL2189122,P31689,DnaJ homolog subfamily A member 1,Kd,30000.0,4.52,CHEMBL3991693
NVP-AEW541,CHEMBL551064,CHEMBL2292,Q13627,Dual specificity tyrosine-phosphorylation-regulated kinase 1A,Kd,30000.0,4.52,CHEMBL3991694
NVP-AEW541,CHEMBL551064,CHEMBL203,P00533,Epidermal growth factor receptor,Kd,30000.0,4.52,CHEMBL3991696
NVP-AEW541,CHEMBL551064,CHEMBL6029,Q9BQI3,Eukaryotic translation initiation factor 2-alpha kinase 1,Kd,30000.0,4.52,CHEMBL3991697
NVP-AEW541,CHEMBL551064,CHEMBL5810,P21709,Ephrin type-A receptor 1,Kd,30000.0,4.52,CHEMBL3991700
NVP-AEW541,CHEMBL551064,CHEMBL2068,P29317,Ephrin type-A receptor 2,Kd,30000.0,4.52,CHEMBL3991701
NVP-AEW541,CHEMBL551064,CHEMBL3988,P54764,Ephrin type-A receptor 4,Kd,30000.0,4.52,CHEMBL3991702
NVP-AEW541,CHEMBL551064,CHEMBL3987,P54756,Ephrin type-A receptor 5,Kd,30000.0,4.52,CHEMBL3991703
NVP-AEW541,CHEMBL551064,CHEMBL4602,Q15375,Ephrin type-A receptor 7,Kd,30000.0,4.52,CHEMBL3991704
NVP-AEW541,CHEMBL551064,CHEMBL3290,P29323,Ephrin type-B receptor 2,Kd,30000.0,4.52,CHEMBL3991705
NVP-AEW541,CHEMBL551064,CHEMBL4901,P54753,Ephrin type-B receptor 3,Kd,30000.0,4.52,CHEMBL3991706
NVP-AEW541,CHEMBL551064,CHEMBL5147,P54760,Ephrin type-B receptor 4,Kd,30000.0,4.52,CHEMBL3991707
NVP-AEW541,CHEMBL551064,CHEMBL5836,O15197,Ephrin type-B receptor 6,Kd,30000.0,4.52,CHEMBL3991708
NVP-AEW541,CHEMBL551064,CHEMBL4105743,P18074,General transcription and DNA repair factor IIH helicase subunit XPD,Kd,30000.0,4.52,CHEMBL3991709
NVP-AEW541,CHEMBL551064,CHEMBL1163101,O75460,Serine/threonine-protein kinase/endoribonuclease IRE1,Kd,30000.0,4.52,CHEMBL3991710
NVP-AEW541,CHEMBL551064,CHEMBL4105932,Q76MJ5,Serine/threonine-protein kinase/endoribonuclease IRE2,Kd,30000.0,4.52,CHEMBL3991711
NVP-AEW541,CHEMBL551064,CHEMBL4105969,Q9NSD9,Phenylalanine--tRNA ligase beta subunit,Kd,30000.0,4.52,CHEMBL3991713
NVP-AEW541,CHEMBL551064,CHEMBL3879831,P22830,"Ferrochelatase, mitochondrial",Kd,6501.0,5.19,CHEMBL3991714
NVP-AEW541,CHEMBL551064,CHEMBL3982,P16591,Tyrosine-protein kinase Fer,Kd,30000.0,4.52,CHEMBL3991715
NVP-AEW541,CHEMBL551064,CHEMBL5455,P07332,Tyrosine-protein kinase Fes/Fps,Kd,30000.0,4.52,CHEMBL3991716
Neratinib (HKI-272),CHEMBL180022,CHEMBL1824,P04626,Receptor tyrosine-protein kinase erbB-2,IC50,59.0,7.23,CHEMBL874202
Neratinib (HKI-272),CHEMBL180022,CHEMBL203,P00533,Epidermal growth factor receptor,IC50,92.0,7.04,CHEMBL873338
Neratinib (HKI-272),CHEMBL180022,CHEMBL614069,,A-431,IC50,86.0,7.07,CHEMBL834295
Neratinib (HKI-272),CHEMBL180022,CHEMBL613834,,SK-BR-3,IC50,1.8,8.74,CHEMBL833864
Neratinib (HKI-272),CHEMBL180022,CHEMBL612262,,SW-620,IC50,730.0,6.14,CHEMBL833865
Neratinib (HKI-272),CHEMBL180022,CHEMBL203,P00533,Epidermal growth factor receptor,IC50,0.08,10.1,CHEMBL892951
Neratinib (HKI-272),CHEMBL180022,CHEMBL203,P00533,Epidermal growth factor receptor,IC50,0.18,9.74,CHEMBL892954
Neratinib (HKI-272),CHEMBL180022,CHEMBL279,P35968,Vascular endothelial growth factor receptor 2,IC50,858.2,6.07,CHEMBL892958
Neratinib (HKI-272),CHEMBL180022,CHEMBL279,P35968,Vascular endothelial growth factor receptor 2,IC50,10000.0,5.0,CHEMBL892960
Neratinib (HKI-272),CHEMBL180022,CHEMBL203,P00533,Epidermal growth factor receptor,IC50,92.0,7.04,CHEMBL976899
Neratinib (HKI-272),CHEMBL180022,CHEMBL1824,P04626,Receptor tyrosine-protein kinase erbB-2,IC50,59.0,7.23,CHEMBL976909
Neratinib (HKI-272),CHEMBL180022,CHEMBL203,P00533,Epidermal growth factor receptor,IC50,1.0,9.0,CHEMBL1009318
Neratinib (HKI-272),CHEMBL180022,CHEMBL1824,P04626,Receptor tyrosine-protein kinase erbB-2,IC50,1.0,9.0,CHEMBL1009319
Neratinib (HKI-272),CHEMBL180022,CHEMBL2971,O60674,Tyrosine-protein kinase JAK2,Kd,10000.0,5.0,CHEMBL1908670
Neratinib (HKI-272),CHEMBL180022,CHEMBL3130,O00329,"Phosphatidylinositol 4,5-bisphosphate 3-kinase catalytic subunit delta isoform",Kd,10000.0,5.0,CHEMBL1908671
Neratinib (HKI-272),CHEMBL180022,CHEMBL3024,P53350,Serine/threonine-protein kinase PLK1,Kd,10000.0,5.0,CHEMBL1908672
Neratinib (HKI-272),CHEMBL180022,CHEMBL5818,P51817,cAMP-dependent protein kinase catalytic subunit PRKX,Kd,10000.0,5.0,CHEMBL1908673
Neratinib (HKI-272),CHEMBL180022,CHEMBL1163104,O95747,Serine/threonine-protein kinase OSR1,Kd,10000.0,5.0,CHEMBL1908674
Neratinib (HKI-272),CHEMBL180022,CHEMBL1862,P00519,Tyrosine-protein kinase ABL1,Kd,10000.0,5.0,CHEMBL1908675
Neratinib (HKI-272),CHEMBL180022,CHEMBL1862,P00519,Tyrosine-protein kinase ABL1,Kd,10000.0,5.0,CHEMBL1908676
Neratinib (HKI-272),CHEMBL180022,CHEMBL1862,P00519,Tyrosine-protein kinase ABL1,Kd,10000.0,5.0,CHEMBL1908677
Neratinib (HKI-272),CHEMBL180022,CHEMBL1862,P00519,Tyrosine-protein kinase ABL1,Kd,10000.0,5.0,CHEMBL1908678
Neratinib (HKI-272),CHEMBL180022,CHEMBL1862,P00519,Tyrosine-protein kinase ABL1,Kd,10000.0,5.0,CHEMBL1908679
Neratinib (HKI-272),CHEMBL180022,CHEMBL1862,P00519,Tyrosine-protein kinase ABL1,Kd,10000.0,5.0,CHEMBL1908680
Neratinib (HKI-272),CHEMBL180022,CHEMBL1862,P00519,Tyrosine-protein kinase ABL1,Kd,10000.0,5.0,CHEMBL1908681
Neratinib (HKI-272),CHEMBL180022,CHEMBL1862,P00519,Tyrosine-protein kinase ABL1,Kd,10000.0,5.0,CHEMBL1908682
Neratinib (HKI-272),CHEMBL180022,CHEMBL1862,P00519,Tyrosine-protein kinase ABL1,Kd,7100.0,5.15,CHEMBL1908683
Neratinib (HKI-272),CHEMBL180022,CHEMBL1862,P00519,Tyrosine-protein kinase ABL1,Kd,6000.0,5.22,CHEMBL1908684
Neratinib (HKI-272),CHEMBL180022,CHEMBL1862,P00519,Tyrosine-protein kinase ABL1,Kd,10000.0,5.0,CHEMBL1908685
Neratinib (HKI-272),CHEMBL180022,CHEMBL1862,P00519,Tyrosine-protein kinase ABL1,Kd,10000.0,5.0,CHEMBL1908686
Neratinib (HKI-272),CHEMBL180022,CHEMBL1862,P00519,Tyrosine-protein kinase ABL1,Kd,10000.0,5.0,CHEMBL1908687
Neratinib (HKI-272),CHEMBL180022,CHEMBL1862,P00519,Tyrosine-protein kinase ABL1,Kd,10000.0,5.0,CHEMBL1908688
Neratinib (HKI-272),CHEMBL180022,CHEMBL1862,P00519,Tyrosine-protein kinase ABL1,Kd,10000.0,5.0,CHEMBL1908689
Neratinib (HKI-272),CHEMBL180022,CHEMBL4014,P42684,Tyrosine-protein kinase ABL2,Kd,10000.0,5.0,CHEMBL1908690
Neratinib (HKI-272),CHEMBL180022,CHEMBL4282,P31749,RAC-alpha serine/threonine-protein kinase,Kd,10000.0,5.0,CHEMBL1908691
Neratinib (HKI-272),CHEMBL180022,CHEMBL1844,P07333,Macrophage colony-stimulating factor 1 receptor,Kd,670.0,6.17,CHEMBL1908692
Neratinib (HKI-272),CHEMBL180022,CHEMBL203,P00533,Epidermal growth factor receptor,Kd,1.1,8.96,CHEMBL1908693
Neratinib (HKI-272),CHEMBL180022,CHEMBL203,P00533,Epidermal growth factor receptor,Kd,2.3,8.64,CHEMBL1908694
Neratinib (HKI-272),CHEMBL180022,CHEMBL203,P00533,Epidermal growth factor receptor,Kd,0.37,9.43,CHEMBL1908695
Neratinib (HKI-272),CHEMBL180022,CHEMBL203,P00533,Epidermal growth factor receptor,Kd,0.91,9.04,CHEMBL1908696
Neratinib (HKI-272),CHEMBL180022,CHEMBL203,P00533,Epidermal growth factor receptor,Kd,0.61,9.21,CHEMBL1908697
Neratinib (HKI-272),CHEMBL180022,CHEMBL203,P00533,Epidermal growth factor receptor,Kd,0.93,9.03,CHEMBL1908698
Neratinib (HKI-272),CHEMBL180022,CHEMBL203,P00533,Epidermal growth factor receptor,Kd,1.0,9.0,CHEMBL1908699
Neratinib (HKI-272),CHEMBL180022,CHEMBL203,P00533,Epidermal growth factor receptor,Kd,0.67,9.17,CHEMBL1908700
Neratinib (HKI-272),CHEMBL180022,CHEMBL203,P00533,Epidermal growth factor receptor,Kd,27.0,7.57,CHEMBL1908701
Neratinib (HKI-272),CHEMBL180022,CHEMBL203,P00533,Epidermal growth factor receptor,Kd,0.37,9.43,CHEMBL1908702
Neratinib (HKI-272),CHEMBL180022,CHEMBL203,P00533,Epidermal growth factor receptor,Kd,0.63,9.2,CHEMBL1908703
Neratinib (HKI-272),CHEMBL180022,CHEMBL203,P00533,Epidermal growth factor receptor,Kd,1.5,8.82,CHEMBL1908704
Neratinib (HKI-272),CHEMBL180022,CHEMBL5810,P21709,Ephrin type-A receptor 1,Kd,10000.0,5.0,CHEMBL1908705
Neratinib (HKI-272),CHEMBL180022,CHEMBL4954,P29320,Ephrin type-A receptor 3,Kd,10000.0,5.0,CHEMBL1908706
Neratinib (HKI-272),CHEMBL180022,CHEMBL3982,P16591,Tyrosine-protein kinase Fer,Kd,510.0,6.29,CHEMBL1908707
Neratinib (HKI-272),CHEMBL180022,CHEMBL4454,P09769,Tyrosine-protein kinase Fgr,Kd,1900.0,5.72,CHEMBL1908708
Neratinib (HKI-272),CHEMBL180022,CHEMBL4355,O14976,Cyclin-G-associated kinase,Kd,250.0,6.6,CHEMBL1908709
Neratinib (HKI-272),CHEMBL180022,CHEMBL258,P06239,Tyrosine-protein kinase Lck,Kd,120.0,6.92,CHEMBL1908710
Neratinib (HKI-272),CHEMBL180022,CHEMBL3582,Q02156,Protein kinase C epsilon type,Kd,10000.0,5.0,CHEMBL1908711
Neratinib (HKI-272),CHEMBL180022,CHEMBL3231,Q13464,Rho-associated protein kinase 1,Kd,10000.0,5.0,CHEMBL1908712
Neratinib (HKI-272),CHEMBL180022,CHEMBL267,P12931,Proto-oncogene tyrosine-protein kinase Src,Kd,4100.0,5.39,CHEMBL1908713
Neratinib (HKI-272),CHEMBL180022,CHEMBL5274,P35590,Tyrosine-protein kinase receptor Tie-1,Kd,390.0,6.41,CHEMBL1908714
Neratinib (HKI-272),CHEMBL180022,CHEMBL2073,P07947,Tyrosine-protein kinase Yes,Kd,240.0,6.62,CHEMBL1908715
Neratinib (HKI-272),CHEMBL180022,CHEMBL4816,Q9Y243,RAC-gamma serine/threonine-protein kinase,Kd,10000.0,5.0,CHEMBL1908716
Neratinib (HKI-272),CHEMBL180022,CHEMBL2959,Q08881,Tyrosine-protein kinase ITK/TSK,Kd,10000.0,5.0,CHEMBL1908717
Neratinib (HKI-272),CHEMBL180022,CHEMBL5932,P53671,LIM domain kinase 2,Kd,10000.0,5.0,CHEMBL1908718
Neratinib (HKI-272),CHEMBL180022,CHEMBL5684,O15146,"Muscle, skeletal receptor tyrosine-protein kinase",Kd,10000.0,5.0,CHEMBL1908719
Neratinib (HKI-272),CHEMBL180022,CHEMBL4577,Q9H422,Homeodomain-interacting protein kinase 3,Kd,10000.0,5.0,CHEMBL1908720
Neratinib (HKI-272),CHEMBL180022,CHEMBL2595,O94806,Serine/threonine-protein kinase D3,Kd,2400.0,5.62,CHEMBL1908721
Neratinib (HKI-272),CHEMBL180022,CHEMBL1163106,P20794,Serine/threonine-protein kinase MAK,Kd,10000.0,5.0,CHEMBL1908722
Neratinib (HKI-272),CHEMBL180022,CHEMBL3956,Q13233,Mitogen-activated protein kinase kinase kinase 1,Kd,10000.0,5.0,CHEMBL1908723
Neratinib (HKI-272),CHEMBL180022,CHEMBL4853,Q9Y6R4,Mitogen-activated protein kinase kinase kinase 4,Kd,39.0,7.41,CHEMBL1908724
Neratinib (HKI-272),CHEMBL180022,CHEMBL5285,Q99683,Mitogen-activated protein kinase kinase kinase 5,Kd,10000.0,5.0,CHEMBL1908725
Neratinib (HKI-272),CHEMBL180022,CHEMBL4601,Q13882,Protein-tyrosine kinase 6,Kd,10000.0,5.0,CHEMBL1908726
Neratinib (HKI-272),CHEMBL180022,CHEMBL3981,O94804,Serine/threonine-protein kinase 10,Kd,13.0,7.89,CHEMBL1908727
Neratinib (HKI-272),CHEMBL180022,CHEMBL5052,Q9Y5S2,Serine/threonine-protein kinase MRCK beta,Kd,10000.0,5.0,CHEMBL1908728
Neratinib (HKI-272),CHEMBL180022,CHEMBL4898,Q16620,BDNF/NT-3 growth factors receptor,Kd,10000.0,5.0,CHEMBL1908729
Neratinib (HKI-272),CHEMBL180022,CHEMBL4597,Q00536,Cyclin-dependent kinase 16,Kd,2300.0,5.64,CHEMBL1908730
Neratinib (HKI-272),CHEMBL180022,CHEMBL2007,P16234,Platelet-derived growth factor receptor alpha,Kd,10000.0,5.0,CHEMBL1908731
Neratinib (HKI-272),CHEMBL180022,CHEMBL4004,Q16816,"Phosphorylase b kinase gamma catalytic chain, skeletal muscle/heart isoform",Kd,10000.0,5.0,CHEMBL1908732
Neratinib (HKI-272),CHEMBL180022,CHEMBL4005,P42336,"Phosphatidylinositol 4,5-bisphosphate 3-kinase catalytic subunit alpha isoform",Kd,10000.0,5.0,CHEMBL1908733
Neratinib (HKI-272),CHEMBL180022,CHEMBL4005,P42336,"Phosphatidylinositol 4,5-bisphosphate 3-kinase catalytic subunit alpha isoform",Kd,10000.0,5.0,CHEMBL1908734
Neratinib (HKI-272),CHEMBL180022,CHEMBL4005,P42336,"Phosphatidylinositol 4,5-bisphosphate 3-kinase catalytic subunit alpha isoform",Kd,10000.0,5.0,CHEMBL1908735
Neratinib (HKI-272),CHEMBL180022,CHEMBL4005,P42336,"Phosphatidylinositol 4,5-bisphosphate 3-kinase catalytic subunit alpha isoform",Kd,10000.0,5.0,CHEMBL1908736
Neratinib (HKI-272),CHEMBL180022,CHEMBL4005,P42336,"Phosphatidylinositol 4,5-bisphosphate 3-kinase catalytic subunit alpha isoform",Kd,10000.0,5.0,CHEMBL1908737
Neratinib (HKI-272),CHEMBL180022,CHEMBL4005,P42336,"Phosphatidylinositol 4,5-bisphosphate 3-kinase catalytic subunit alpha isoform",Kd,10000.0,5.0,CHEMBL1908738
Neratinib (HKI-272),CHEMBL180022,CHEMBL4005,P42336,"Phosphatidylinositol 4,5-bisphosphate 3-kinase catalytic subunit alpha isoform",Kd,10000.0,5.0,CHEMBL1908739
Neratinib (HKI-272),CHEMBL180022,CHEMBL4005,P42336,"Phosphatidylinositol 4,5-bisphosphate 3-kinase catalytic subunit alpha isoform",Kd,10000.0,5.0,CHEMBL1908740
Neratinib (HKI-272),CHEMBL180022,CHEMBL4005,P42336,"Phosphatidylinositol 4,5-bisphosphate 3-kinase catalytic subunit alpha isoform",Kd,10000.0,5.0,CHEMBL1908741
Neratinib (HKI-272),CHEMBL180022,CHEMBL4005,P42336,"Phosphatidylinositol 4,5-bisphosphate 3-kinase catalytic subunit alpha isoform",Kd,10000.0,5.0,CHEMBL1908742
Neratinib (HKI-272),CHEMBL180022,CHEMBL3145,P42338,"Phosphatidylinositol 4,5-bisphosphate 3-kinase catalytic subunit beta isoform",Kd,10000.0,5.0,CHEMBL1908743
Neratinib (HKI-272),CHEMBL180022,CHEMBL2116,P54646,5'-AMP-activated protein kinase catalytic subunit alpha-2,Kd,10000.0,5.0,CHEMBL1908744
Neratinib (HKI-272),CHEMBL180022,CHEMBL2996,Q05655,Protein kinase C delta type,Kd,10000.0,5.0,CHEMBL1908745
Neratinib (HKI-272),CHEMBL180022,CHEMBL3616,P24723,Protein kinase C eta type,Kd,10000.0,5.0,CHEMBL1908746
Neratinib (HKI-272),CHEMBL180022,CHEMBL3032,Q16513,Serine/threonine-protein kinase N2,Kd,10000.0,5.0,CHEMBL1908747
Neratinib (HKI-272),CHEMBL180022,CHEMBL3920,Q04759,Protein kinase C theta type,Kd,10000.0,5.0,CHEMBL1908748
Neratinib (HKI-272),CHEMBL180022,CHEMBL4273,Q13976,cGMP-dependent protein kinase 1,Kd,10000.0,5.0,CHEMBL1908749
Neratinib (HKI-272),CHEMBL180022,CHEMBL2896,Q13237,cGMP-dependent protein kinase 2,Kd,10000.0,5.0,CHEMBL1908750
Neratinib (HKI-272),CHEMBL180022,CHEMBL4708,Q13188,Serine/threonine-protein kinase 3,Kd,58.0,7.24,CHEMBL1908751
Neratinib (HKI-272),CHEMBL180022,CHEMBL4598,Q13043,Serine/threonine-protein kinase 4,Kd,270.0,6.57,CHEMBL1908752
Neratinib (HKI-272),CHEMBL180022,CHEMBL5604,Q15569,Dual specificity testis-specific protein kinase 1,Kd,10000.0,5.0,CHEMBL1908753
Neratinib (HKI-272),CHEMBL180022,CHEMBL5314,Q06418,Tyrosine-protein kinase receptor TYRO3,Kd,10000.0,5.0,CHEMBL1908754
Neratinib (HKI-272),CHEMBL180022,CHEMBL1649059,Q86Y07,Serine/threonine-protein kinase VRK2,Kd,10000.0,5.0,CHEMBL1908755
Neratinib (HKI-272),CHEMBL180022,CHEMBL1908389,Q12852,Mitogen-activated protein kinase kinase kinase 12,Kd,370.0,6.43,CHEMBL1908459
Nilotinib,CHEMBL255863,CHEMBL1906,P04049,RAF proto-oncogene serine/threonine-protein kinase,IC50,1100.0,5.96,CHEMBL951323
Nilotinib,CHEMBL255863,CHEMBL261,P00915,Carbonic anhydrase 1,Ki,29.3,7.53,CHEMBL1053951
Nilotinib,CHEMBL255863,CHEMBL205,P00918,Carbonic anhydrase 2,Ki,4.1,8.39,CHEMBL1053952
Nilotinib,CHEMBL255863,CHEMBL2885,P07451,Carbonic anhydrase 3,Ki,443.0,6.35,CHEMBL1053953
Nilotinib,CHEMBL255863,CHEMBL3729,P22748,Carbonic anhydrase 4,Ki,446.0,6.35,CHEMBL1053954
Nilotinib,CHEMBL255863,CHEMBL4789,P35218,"Carbonic anhydrase 5A, mitochondrial",Ki,5485.0,5.26,CHEMBL1053955
Nilotinib,CHEMBL255863,CHEMBL3969,Q9Y2D0,"Carbonic anhydrase 5B, mitochondrial",Ki,14920.0,4.83,CHEMBL1053956
Nilotinib,CHEMBL255863,CHEMBL3025,P23280,Carbonic anhydrase 6,Ki,461.0,6.34,CHEMBL1053957
Nilotinib,CHEMBL255863,CHEMBL2326,P43166,Carbonic anhydrase 7,Ki,99.0,7.0,CHEMBL1053958
Nilotinib,CHEMBL255863,CHEMBL3594,Q16790,Carbonic anhydrase 9,Ki,41.9,7.38,CHEMBL1053959
Nilotinib,CHEMBL255863,CHEMBL3242,O43570,Carbonic anhydrase 12,Ki,302.0,6.52,CHEMBL1059702
Nilotinib,CHEMBL255863,CHEMBL3510,Q9ULX7,Carbonic anhydrase 14,Ki,223.0,6.65,CHEMBL1059704
Nilotinib,CHEMBL255863,CHEMBL1862,P00519,Tyrosine-protein kinase ABL1,IC50,38.0,7.42,CHEMBL1110556
Nilotinib,CHEMBL255863,CHEMBL1936,P10721,Mast/stem cell growth factor receptor Kit,IC50,158.0,6.8,CHEMBL1110555
Nilotinib,CHEMBL255863,CHEMBL2096618,,Bcr/Abl fusion protein,IC50,42.0,7.38,CHEMBL1251496
Nilotinib,CHEMBL255863,CHEMBL2096618,,Bcr/Abl fusion protein,IC50,20.0,7.7,CHEMBL1251495
Nilotinib,CHEMBL255863,CHEMBL2007,P16234,Platelet-derived growth factor receptor alpha,IC50,71.0,7.15,CHEMBL1251493
Nilotinib,CHEMBL255863,CHEMBL1913,P09619,Platelet-derived growth factor receptor beta,IC50,71.0,7.15,CHEMBL1251492
Nilotinib,CHEMBL255863,CHEMBL1936,P10721,Mast/stem cell growth factor receptor Kit,IC50,217.0,6.66,CHEMBL1251494
Nilotinib,CHEMBL255863,CHEMBL5319,Q08345,Epithelial discoidin domain-containing receptor 1,IC50,3.7,8.43,CHEMBL1251491
Nilotinib,CHEMBL255863,CHEMBL5122,Q16832,Discoidin domain-containing receptor 2,IC50,5.2,8.28,CHEMBL1251490
Nilotinib,CHEMBL255863,CHEMBL1844,P07333,Macrophage colony-stimulating factor 1 receptor,IC50,677.0,6.17,CHEMBL1251497
Nilotinib,CHEMBL255863,CHEMBL385,,K562,IC50,21.0,7.68,CHEMBL1251498
Nilotinib,CHEMBL255863,CHEMBL2096618,,Bcr/Abl fusion protein,IC50,39.3,7.41,CHEMBL1763239
Nilotinib,CHEMBL255863,CHEMBL385,,K562,IC50,6.5,8.19,CHEMBL1763240
Nilotinib,CHEMBL255863,CHEMBL385,,K562,IC50,260.0,6.59,CHEMBL1763242
Nilotinib,CHEMBL255863,CHEMBL4224,P49759,Dual specificity protein kinase CLK1,Kd,2100.0,5.68,CHEMBL1908461
Nilotinib,CHEMBL255863,CHEMBL5608,Q16288,NT-3 growth factor receptor,Kd,600.0,6.22,CHEMBL1908462
Nilotinib,CHEMBL255863,CHEMBL4674,P53778,Mitogen-activated protein kinase 12,Kd,10000.0,5.0,CHEMBL1908463
Nilotinib,CHEMBL255863,CHEMBL5331,Q12866,Tyrosine-protein kinase Mer,Kd,10000.0,5.0,CHEMBL1908464
Nilotinib,CHEMBL255863,CHEMBL5668,P78362,SRSF protein kinase 2,Kd,10000.0,5.0,CHEMBL1908465
Nilotinib,CHEMBL255863,CHEMBL3935,Q9UQB9,Aurora kinase C,Kd,10000.0,5.0,CHEMBL1908466
Nilotinib,CHEMBL255863,CHEMBL2801,Q13557,Calcium/calmodulin-dependent protein kinase type II subunit delta,Kd,10000.0,5.0,CHEMBL1908467
Nilotinib,CHEMBL255863,CHEMBL5404,Q86UE8,Serine/threonine-protein kinase tousled-like 2,Kd,10000.0,5.0,CHEMBL1908468
Nilotinib,CHEMBL255863,CHEMBL2185,Q96GD4,Aurora kinase B,Kd,10000.0,5.0,CHEMBL1908469
Nilotinib,CHEMBL255863,CHEMBL4045,Q13131,5'-AMP-activated protein kinase catalytic subunit alpha-1,Kd,10000.0,5.0,CHEMBL1908470
Nilotinib,CHEMBL255863,CHEMBL6149,Q9Y2K2,Serine/threonine-protein kinase SIK3,Kd,10000.0,5.0,CHEMBL1908471
Nilotinib,CHEMBL255863,CHEMBL3938,O75716,Serine/threonine-protein kinase 16,Kd,10000.0,5.0,CHEMBL1908472
Nilotinib,CHEMBL255863,CHEMBL5790,Q00537,Cyclin-dependent kinase 17,Kd,10000.0,5.0,CHEMBL1908473
Nilotinib,CHEMBL255863,CHEMBL5122,Q16832,Discoidin domain-containing receptor 2,Kd,33.0,7.48,CHEMBL1908474
Nilotinib,CHEMBL255863,CHEMBL5311,P37023,Activin receptor type-1-like,Kd,10000.0,5.0,CHEMBL1908475
Nilotinib,CHEMBL255863,CHEMBL5251,Q06187,Tyrosine-protein kinase BTK,Kd,10000.0,5.0,CHEMBL1908476
Nilotinib,CHEMBL255863,CHEMBL331,P11802,Cyclin-dependent kinase 4,Kd,10000.0,5.0,CHEMBL1908477
Nilotinib,CHEMBL255863,CHEMBL331,P11802,Cyclin-dependent kinase 4,Kd,10000.0,5.0,CHEMBL1908478
Nilotinib,CHEMBL255863,CHEMBL2742,P22607,Fibroblast growth factor receptor 3,Kd,10000.0,5.0,CHEMBL1908479
Nilotinib,CHEMBL255863,CHEMBL2742,P22607,Fibroblast growth factor receptor 3,Kd,10000.0,5.0,CHEMBL1908480
Nilotinib,CHEMBL255863,CHEMBL1981,P06213,Insulin receptor,Kd,10000.0,5.0,CHEMBL1908481
Nilotinib,CHEMBL255863,CHEMBL2148,P52333,Tyrosine-protein kinase JAK3,Kd,10000.0,5.0,CHEMBL1908482
Nilotinib,CHEMBL255863,CHEMBL1936,P10721,Mast/stem cell growth factor receptor Kit,Kd,29.0,7.54,CHEMBL1908483
Nilotinib,CHEMBL255863,CHEMBL1936,P10721,Mast/stem cell growth factor receptor Kit,Kd,46.0,7.34,CHEMBL1908484
Nilotinib,CHEMBL255863,CHEMBL1936,P10721,Mast/stem cell growth factor receptor Kit,Kd,540.0,6.27,CHEMBL1908485
Nilotinib,CHEMBL255863,CHEMBL1936,P10721,Mast/stem cell growth factor receptor Kit,Kd,770.0,6.11,CHEMBL1908486
Nilotinib,CHEMBL255863,CHEMBL1936,P10721,Mast/stem cell growth factor receptor Kit,Kd,22.0,7.66,CHEMBL1908487
Nilotinib,CHEMBL255863,CHEMBL1936,P10721,Mast/stem cell growth factor receptor Kit,Kd,46.0,7.34,CHEMBL1908488
Nilotinib,CHEMBL255863,CHEMBL1936,P10721,Mast/stem cell growth factor receptor Kit,Kd,150.0,6.82,CHEMBL1908489
Nilotinib,CHEMBL255863,CHEMBL1936,P10721,Mast/stem cell growth factor receptor Kit,Kd,260.0,6.59,CHEMBL1908490
Nilotinib,CHEMBL255863,CHEMBL3717,P08581,Hepatocyte growth factor receptor,Kd,10000.0,5.0,CHEMBL1908491
Nilotinib,CHEMBL255863,CHEMBL3717,P08581,Hepatocyte growth factor receptor,Kd,10000.0,5.0,CHEMBL1908492
Nilotinib,CHEMBL255863,CHEMBL3717,P08581,Hepatocyte growth factor receptor,Kd,10000.0,5.0,CHEMBL1908493
Nilotinib,CHEMBL255863,CHEMBL2349,P15735,"Phosphorylase b kinase gamma catalytic chain, liver/testis isoform",Kd,10000.0,5.0,CHEMBL1908494
Nilotinib,CHEMBL255863,CHEMBL5606,Q15831,Serine/threonine-protein kinase STK11,Kd,10000.0,5.0,CHEMBL1908495
Nilotinib,CHEMBL255863,CHEMBL4128,Q02763,Angiopoietin-1 receptor,Kd,1000.0,6.0,CHEMBL1908496
Nilotinib,CHEMBL255863,CHEMBL1957,P08069,Insulin-like growth factor 1 receptor,Kd,10000.0,5.0,CHEMBL1908497
Nilotinib,CHEMBL255863,CHEMBL1163127,Q6ZN16,Mitogen-activated protein kinase kinase kinase 15,Kd,10000.0,5.0,CHEMBL1908498
Nilotinib,CHEMBL255863,CHEMBL5407,Q86V86,Serine/threonine-protein kinase pim-3,Kd,10000.0,5.0,CHEMBL1908499
Nilotinib,CHEMBL255863,CHEMBL2527,O96017,Serine/threonine-protein kinase Chk2,Kd,10000.0,5.0,CHEMBL1908500
Nilotinib,CHEMBL255863,CHEMBL1824,P04626,Receptor tyrosine-protein kinase erbB-2,Kd,10000.0,5.0,CHEMBL1908501
Nilotinib,CHEMBL255863,CHEMBL3906,Q15349,Ribosomal protein S6 kinase alpha-2,Kd,10000.0,5.0,CHEMBL1908502
Nilotinib,CHEMBL255863,CHEMBL3125,O75676,Ribosomal protein S6 kinase alpha-4,Kd,10000.0,5.0,CHEMBL1908503
Nilotinib,CHEMBL255863,CHEMBL4599,Q07912,Activated CDC42 kinase 1,Kd,10000.0,5.0,CHEMBL1908504
Nilotinib,CHEMBL255863,CHEMBL2815,P04629,High affinity nerve growth factor receptor,Kd,10000.0,5.0,CHEMBL1908505
Nilotinib,CHEMBL255863,CHEMBL5426,Q86YV6,Myosin light chain kinase family member 4,Kd,10000.0,5.0,CHEMBL1908506
Nilotinib,CHEMBL255863,CHEMBL5358,Q9P2K8,eIF-2-alpha kinase GCN2,Kd,10000.0,5.0,CHEMBL1908507
Nilotinib,CHEMBL255863,CHEMBL4482,O96013,Serine/threonine-protein kinase PAK 4,Kd,10000.0,5.0,CHEMBL1908508
Nilotinib,CHEMBL255863,CHEMBL1163129,Q52WX2,Serine/threonine-protein kinase SBK1,Kd,10000.0,5.0,CHEMBL1908509
Nilotinib,CHEMBL255863,CHEMBL5518,Q8N4C8,Misshapen-like kinase 1,Kd,10000.0,5.0,CHEMBL1908510
Nilotinib,CHEMBL255863,CHEMBL5519,Q8N568,Serine/threonine-protein kinase DCLK2,Kd,10000.0,5.0,CHEMBL1908511
Nilotinib,CHEMBL255863,CHEMBL3009,Q15303,Receptor tyrosine-protein kinase erbB-4,Kd,10000.0,5.0,CHEMBL1908512
Nilotinib,CHEMBL255863,CHEMBL5749,Q92918,Mitogen-activated protein kinase kinase kinase kinase 1,Kd,890.0,6.05,CHEMBL1908513
Nilotinib,CHEMBL255863,CHEMBL4526,Q9UF33,Ephrin type-A receptor 6,Kd,640.0,6.19,CHEMBL1908445
Nilotinib,CHEMBL255863,CHEMBL5654,Q8WXR4,Myosin-IIIb,Kd,10000.0,5.0,CHEMBL1908514
Nilotinib,CHEMBL255863,CHEMBL5047,Q6PHR2,Serine/threonine-protein kinase ULK3,Kd,10000.0,5.0,CHEMBL1908515
Nilotinib,CHEMBL255863,CHEMBL5903,Q04771,Activin receptor type-1,Kd,10000.0,5.0,CHEMBL1908516
Nilotinib,CHEMBL255863,CHEMBL5466,Q13705,Activin receptor type-2B,Kd,10000.0,5.0,CHEMBL1908517
Nilotinib,CHEMBL255863,CHEMBL6150,Q8WU08,Serine/threonine-protein kinase 32A,Kd,10000.0,5.0,CHEMBL1908518
Nilotinib,CHEMBL255863,CHEMBL1163117,Q8IVW4,Cyclin-dependent kinase-like 3,Kd,10000.0,5.0,CHEMBL1908519
Nilotinib,CHEMBL255863,CHEMBL4718,Q9BUB5,MAP kinase-interacting serine/threonine-protein kinase 1,Kd,10000.0,5.0,CHEMBL1908520
Nilotinib,CHEMBL255863,CHEMBL5969,Q99755,Phosphatidylinositol 4-phosphate 5-kinase type-1 alpha,Kd,10000.0,5.0,CHEMBL1908521
Nilotinib,CHEMBL255863,CHEMBL5476,O00238,Bone morphogenetic protein receptor type-1B,Kd,10000.0,5.0,CHEMBL1908522
Nilotinib,CHEMBL255863,CHEMBL5467,Q13873,Bone morphogenetic protein receptor type-2,Kd,10000.0,5.0,CHEMBL1908523
Nilotinib,CHEMBL255863,CHEMBL4121,Q13554,Calcium/calmodulin-dependent protein kinase type II subunit beta,Kd,10000.0,5.0,CHEMBL1908524
Nilotinib,CHEMBL255863,CHEMBL4442,Q00526,Cyclin-dependent kinase 3,Kd,10000.0,5.0,CHEMBL1908525
Nilotinib,CHEMBL255863,CHEMBL5719,P49336,Cyclin-dependent kinase 8,Kd,10000.0,5.0,CHEMBL1908526
Nilotinib,CHEMBL255863,CHEMBL3116,P50750,Cyclin-dependent kinase 9,Kd,10000.0,5.0,CHEMBL1908527
Nilotinib,CHEMBL255863,CHEMBL4630,O14757,Serine/threonine-protein kinase Chk1,Kd,10000.0,5.0,CHEMBL1908528
Nilotinib,CHEMBL255863,CHEMBL3476,O15111,Inhibitor of nuclear factor kappa-B kinase subunit alpha,Kd,10000.0,5.0,CHEMBL1908529
Nilotinib,CHEMBL255863,CHEMBL2543,P78368,Casein kinase I isoform gamma-2,Kd,10000.0,5.0,CHEMBL1908530
Nilotinib,CHEMBL255863,CHEMBL2468,O43293,Death-associated protein kinase 3,Kd,10000.0,5.0,CHEMBL1908531
Nilotinib,CHEMBL255863,CHEMBL1163101,O75460,Serine/threonine-protein kinase/endoribonuclease IRE1,Kd,10000.0,5.0,CHEMBL1908532
Nilotinib,CHEMBL255863,CHEMBL1991,O14920,Inhibitor of nuclear factor kappa-B kinase subunit beta,Kd,10000.0,5.0,CHEMBL1908533
OTX-015,CHEMBL3581647,CHEMBL1163125,O60885,Bromodomain-containing protein 4,IC50,25.5,7.59,CHEMBL3584939
OTX-015,CHEMBL3581647,CHEMBL1163125,O60885,Bromodomain-containing protein 4,IC50,16.6,7.78,CHEMBL3584940
OTX-015,CHEMBL3581647,CHEMBL1293289,P25440,Bromodomain-containing protein 2,Ki,16.6,7.78,CHEMBL3584941
OTX-015,CHEMBL3581647,CHEMBL1293289,P25440,Bromodomain-containing protein 2,Ki,5.4,8.27,CHEMBL3585074
OTX-015,CHEMBL3581647,CHEMBL1795186,Q15059,Bromodomain-containing protein 3,Ki,10.7,7.97,CHEMBL3585075
OTX-015,CHEMBL3581647,CHEMBL1795186,Q15059,Bromodomain-containing protein 3,Ki,4.0,8.4,CHEMBL3583406
OTX-015,CHEMBL3581647,CHEMBL1163125,O60885,Bromodomain-containing protein 4,Ki,10.9,7.96,CHEMBL3584939
OTX-015,CHEMBL3581647,CHEMBL1163125,O60885,Bromodomain-containing protein 4,Ki,6.0,8.22,CHEMBL3584940
OTX-015,CHEMBL3581647,CHEMBL1163125,O60885,Bromodomain-containing protein 4,IC50,20.0,7.7,CHEMBL3791151
OTX-015,CHEMBL3581647,CHEMBL1163125,O60885,Bromodomain-containing protein 4,IC50,92.0,7.04,CHEMBL4043476
OTX-015,CHEMBL3581647,CHEMBL1293289,P25440,Bromodomain-containing protein 2,IC50,92.0,7.04,CHEMBL4043477
OTX-015,CHEMBL3581647,CHEMBL1795186,Q15059,Bromodomain-containing protein 3,IC50,92.0,7.04,CHEMBL4043478
OTX-015,CHEMBL3581647,CHEMBL1163125,O60885,Bromodomain-containing protein 4,IC50,16.0,7.8,CHEMBL4047508
OTX-015,CHEMBL3581647,CHEMBL614245,,THP-1,IC50,33.0,7.48,CHEMBL4047510
OTX-015,CHEMBL3581647,CHEMBL1163125,O60885,Bromodomain-containing protein 4,IC50,92.0,7.04,CHEMBL4154867
OTX-015,CHEMBL3581647,CHEMBL612518,,LNCaP,IC50,111.4,6.95,CHEMBL4154868
OTX-015,CHEMBL3581647,CHEMBL1163125,O60885,Bromodomain-containing protein 4,Ki,6.0,8.22,CHEMBL4219281
OTX-015,CHEMBL3581647,CHEMBL1795186,Q15059,Bromodomain-containing protein 3,Ki,4.0,8.4,CHEMBL4219279
OTX-015,CHEMBL3581647,CHEMBL1163125,O60885,Bromodomain-containing protein 4,IC50,25.5,7.59,CHEMBL4219280
OTX-015,CHEMBL3581647,CHEMBL1163125,O60885,Bromodomain-containing protein 4,Ki,10.9,7.96,CHEMBL4219280
OTX-015,CHEMBL3581647,CHEMBL1163125,O60885,Bromodomain-containing protein 4,IC50,16.6,7.78,CHEMBL4219281
OTX-015,CHEMBL3581647,CHEMBL1795186,Q15059,Bromodomain-containing protein 3,IC50,21.0,7.68,CHEMBL4219279
OTX-015,CHEMBL3581647,CHEMBL1795186,Q15059,Bromodomain-containing protein 3,Ki,10.7,7.97,CHEMBL4219278
OTX-015,CHEMBL3581647,CHEMBL1795186,Q15059,Bromodomain-containing protein 3,IC50,38.5,7.41,CHEMBL4219278
OTX-015,CHEMBL3581647,CHEMBL1293289,P25440,Bromodomain-containing protein 2,Ki,5.4,8.27,CHEMBL4219277
OTX-015,CHEMBL3581647,CHEMBL1293289,P25440,Bromodomain-containing protein 2,IC50,24.8,7.61,CHEMBL4219277
OTX-015,CHEMBL3581647,CHEMBL1293289,P25440,Bromodomain-containing protein 2,Ki,16.6,7.78,CHEMBL4219276
OTX-015,CHEMBL3581647,CHEMBL1293289,P25440,Bromodomain-containing protein 2,IC50,33.3,7.48,CHEMBL4219276
OTX-015,CHEMBL3581647,CHEMBL1163125,O60885,Bromodomain-containing protein 4,IC50,92.0,7.04,CHEMBL4331528
OTX-015,CHEMBL3581647,CHEMBL1163125,O60885,Bromodomain-containing protein 4,Ki,9.9,8.0,CHEMBL4363361
OTX-015,CHEMBL3581647,CHEMBL1163125,O60885,Bromodomain-containing protein 4,Ki,11.7,7.93,CHEMBL4363360
OTX-015,CHEMBL3581647,CHEMBL1795186,Q15059,Bromodomain-containing protein 3,Ki,8.7,8.06,CHEMBL4363362
OTX-015,CHEMBL3581647,CHEMBL1795186,Q15059,Bromodomain-containing protein 3,Ki,11.2,7.95,CHEMBL4363363
OTX-015,CHEMBL3581647,CHEMBL1293289,P25440,Bromodomain-containing protein 2,Ki,33.2,7.48,CHEMBL4363364
OTX-015,CHEMBL3581647,CHEMBL1293289,P25440,Bromodomain-containing protein 2,Ki,10.3,7.99,CHEMBL4363365
OTX-015,CHEMBL3581647,CHEMBL4296471,,MM1.S,IC50,22.7,7.64,CHEMBL4363367
OTX-015,CHEMBL3581647,CHEMBL613835,,MV4-11,IC50,17.6,7.75,CHEMBL4363359
OTX-015,CHEMBL3581647,CHEMBL1163125,O60885,Bromodomain-containing protein 4,IC50,23.0,7.64,CHEMBL4382969
OTX-015,CHEMBL3581647,CHEMBL1163125,O60885,Bromodomain-containing protein 4,Ki,5.7,8.24,CHEMBL4382969
OTX-015,CHEMBL3581647,CHEMBL1163125,O60885,Bromodomain-containing protein 4,IC50,40.8,7.39,CHEMBL4405043
OTX-015,CHEMBL3581647,CHEMBL1163125,O60885,Bromodomain-containing protein 4,IC50,197.0,6.71,CHEMBL4405044
OTX-015,CHEMBL3581647,CHEMBL1163125,O60885,Bromodomain-containing protein 4,IC50,92.0,7.04,CHEMBL4405041
OTX-015,CHEMBL3581647,CHEMBL613835,,MV4-11,IC50,46.3,7.33,CHEMBL4405047
OTX-015,CHEMBL3581647,CHEMBL3784,Q09472,Histone acetyltransferase p300,IC50,33000.0,4.48,CHEMBL4405045
OTX-015,CHEMBL3581647,CHEMBL613988,,Kasumi 1,IC50,135.0,6.87,CHEMBL4405076
OTX-015,CHEMBL3581647,CHEMBL2366159,,RS4-11,IC50,416.0,6.38,CHEMBL4405077
OTX-015,CHEMBL3581647,CHEMBL4296471,,MM1.S,IC50,137.0,6.86,CHEMBL4405078
OTX-015,CHEMBL3581647,CHEMBL1163125,O60885,Bromodomain-containing protein 4,IC50,34.3,7.46,CHEMBL4415481
OTX-015,CHEMBL3581647,CHEMBL4296471,,MM1.S,IC50,6.3,8.2,CHEMBL4415482
OTX-015,CHEMBL3581647,CHEMBL325,Q13547,Histone deacetylase 1,IC50,10000.0,5.0,CHEMBL4733657
OTX-015,CHEMBL3581647,CHEMBL1865,Q9UBN7,Histone deacetylase 6,IC50,10000.0,5.0,CHEMBL4733658
OTX-015,CHEMBL3581647,CHEMBL1163125,O60885,Bromodomain-containing protein 4,IC50,9.2,8.04,CHEMBL4733659
OTX-015,CHEMBL3581647,CHEMBL1163125,O60885,Bromodomain-containing protein 4,IC50,15.4,7.81,CHEMBL4733660
OTX-015,CHEMBL3581647,CHEMBL613835,,MV4-11,IC50,200.0,6.7,CHEMBL4733661
OTX-015,CHEMBL3581647,CHEMBL4296435,,HPBALL,IC50,7010.0,5.15,CHEMBL5056857
OTX-015,CHEMBL3581647,CHEMBL2366254,,TALL-1,IC50,1350.0,5.87,CHEMBL5056858
OTX-015,CHEMBL3581647,CHEMBL383,,HL-60,IC50,820.0,6.09,CHEMBL5056859
OTX-015,CHEMBL3581647,CHEMBL385,,K562,IC50,2840.0,5.55,CHEMBL5056860
OTX-015,CHEMBL3581647,CHEMBL2366142,,HAL-01,IC50,2530.0,5.6,CHEMBL5056861
OTX-015,CHEMBL3581647,CHEMBL2366320,,REH,IC50,15320.0,4.81,CHEMBL5056862
OTX-015,CHEMBL3581647,CHEMBL1293289,P25440,Bromodomain-containing protein 2,IC50,92.0,7.04,CHEMBL5096992
OTX-015,CHEMBL3581647,CHEMBL1163125,O60885,Bromodomain-containing protein 4,IC50,92.0,7.04,CHEMBL5096993
OTX-015,CHEMBL3581647,CHEMBL1795186,Q15059,Bromodomain-containing protein 3,IC50,92.0,7.04,CHEMBL5096994
OTX-015,CHEMBL3581647,CHEMBL1163125,O60885,Bromodomain-containing protein 4,Ki,27.0,7.57,CHEMBL5114940
OTX-015,CHEMBL3581647,CHEMBL1163125,O60885,Bromodomain-containing protein 4,IC50,14.9,7.83,CHEMBL5114962
OTX-015,CHEMBL3581647,CHEMBL1163125,O60885,Bromodomain-containing protein 4,IC50,11.9,7.92,CHEMBL5114963
OTX-015,CHEMBL3581647,CHEMBL1163125,O60885,Bromodomain-containing protein 4,IC50,14.9,7.83,CHEMBL5137869
OTX-015,CHEMBL3581647,CHEMBL1163125,O60885,Bromodomain-containing protein 4,IC50,11.9,7.92,CHEMBL5137870
OTX-015,CHEMBL3581647,CHEMBL1163125,O60885,Bromodomain-containing protein 4,Kd,14.0,7.85,CHEMBL5231279
OTX-015,CHEMBL3581647,CHEMBL1163125,O60885,Bromodomain-containing protein 4,Kd,3.5,8.46,CHEMBL5231280
OTX-015,CHEMBL3581647,CHEMBL1293289,P25440,Bromodomain-containing protein 2,IC50,92.0,7.04,CHEMBL5231286
OTX-015,CHEMBL3581647,CHEMBL1795186,Q15059,Bromodomain-containing protein 3,IC50,92.0,7.04,CHEMBL5231287
OTX-015,CHEMBL3581647,CHEMBL1163125,O60885,Bromodomain-containing protein 4,IC50,92.0,7.04,CHEMBL5231288
OTX-015,CHEMBL3581647,CHEMBL1795186,Q15059,Bromodomain-containing protein 3,Ki,7.91,8.1,CHEMBL5322456
OTX-015,CHEMBL3581647,CHEMBL1795186,Q15059,Bromodomain-containing protein 3,Ki,8.16,8.09,CHEMBL5322457
OTX-015,CHEMBL3581647,CHEMBL1163125,O60885,Bromodomain-containing protein 4,IC50,181.0,6.74,CHEMBL5349002
OTX-015,CHEMBL3581647,CHEMBL1163125,O60885,Bromodomain-containing protein 4,IC50,9.0,8.05,CHEMBL5349003
OTX-015,CHEMBL3581647,CHEMBL1293289,P25440,Bromodomain-containing protein 2,IC50,58.0,7.24,CHEMBL5349004
OTX-015,CHEMBL3581647,CHEMBL1293289,P25440,Bromodomain-containing protein 2,IC50,3.0,8.52,CHEMBL5349005
OTX-015,CHEMBL3581647,CHEMBL5441366,,HD-MB03,IC50,134.0,6.87,CHEMBL5349010
OTX-015,CHEMBL3581647,CHEMBL614476,,D283 Med,IC50,66.0,7.18,CHEMBL5349011
OTX-015,CHEMBL3581647,CHEMBL3706572,,MOLM-13,IC50,11.0,7.96,CHEMBL5349013
OTX-015,CHEMBL3581647,CHEMBL613835,,MV4-11,IC50,22.0,7.66,CHEMBL5349014
OTX-015,CHEMBL3581647,CHEMBL1163125,O60885,Bromodomain-containing protein 4,IC50,14.9,7.83,CHEMBL5534063
OTX-015,CHEMBL3581647,CHEMBL1293289,P25440,Bromodomain-containing protein 2,IC50,92.0,7.04,CHEMBL5540492
OTX-015,CHEMBL3581647,CHEMBL1795186,Q15059,Bromodomain-containing protein 3,IC50,92.0,7.04,CHEMBL5540493
OTX-015,CHEMBL3581647,CHEMBL1163125,O60885,Bromodomain-containing protein 4,IC50,92.0,7.04,CHEMBL5540494
OTX-015,CHEMBL3581647,CHEMBL1163125,O60885,Bromodomain-containing protein 4,Kd,37.0,7.43,CHEMBL5543589
OTX-015,CHEMBL3581647,CHEMBL1163125,O60885,Bromodomain-containing protein 4,Kd,11.0,7.96,CHEMBL5543590
OTX-015,CHEMBL3581647,CHEMBL1163125,O60885,Bromodomain-containing protein 4,IC50,35.0,7.46,CHEMBL5543595
OTX-015,CHEMBL3581647,CHEMBL1163125,O60885,Bromodomain-containing protein 4,IC50,14.0,7.85,CHEMBL5543596
OTX-015,CHEMBL3581647,CHEMBL1163125,O60885,Bromodomain-containing protein 4,IC50,10.5,7.98,CHEMBL5617960
Olaparib,CHEMBL521686,CHEMBL3105,P09874,Poly [ADP-ribose] polymerase 1,IC50,5.0,8.3,CHEMBL982809
Olaparib,CHEMBL521686,CHEMBL5366,Q9UGN5,Poly [ADP-ribose] polymerase 2,IC50,1.0,9.0,CHEMBL982812
Olaparib,CHEMBL521686,CHEMBL6164,O95271,Poly [ADP-ribose] polymerase tankyrase-1,IC50,1500.0,5.82,CHEMBL982813
Olaparib,CHEMBL521686,CHEMBL3105,P09874,Poly [ADP-ribose] polymerase 1,IC50,6.0,8.22,CHEMBL985473
Olaparib,CHEMBL521686,CHEMBL3390820,,"PARP 1, 2 and 3",IC50,20.9,7.68,CHEMBL2330714
Olaparib,CHEMBL521686,CHEMBL3105,P09874,Poly [ADP-ribose] polymerase 1,IC50,4.0,8.4,CHEMBL2330729
Olaparib,CHEMBL521686,CHEMBL1075435,,DOK,IC50,191409.67,3.72,CHEMBL2363186
Olaparib,CHEMBL521686,CHEMBL2366079,,DSH1,IC50,237077.0,3.63,CHEMBL2363187
Olaparib,CHEMBL521686,CHEMBL2366246,,DU-4475,IC50,24333.65,4.61,CHEMBL2363189
Olaparib,CHEMBL521686,CHEMBL612519,,Daoy,IC50,284038.84,3.55,CHEMBL2363191
Olaparib,CHEMBL521686,CHEMBL613508,,DU-145,IC50,217731.14,3.66,CHEMBL2363188
Olaparib,CHEMBL521686,CHEMBL614487,,EKVX,IC50,73082.94,4.14,CHEMBL2363207
Olaparib,CHEMBL521686,CHEMBL2366281,,EM-2,IC50,80636.79,4.09,CHEMBL2363208
Olaparib,CHEMBL521686,CHEMBL1075443,,EPLC-272H,IC50,632037.67,3.2,CHEMBL2363209
Olaparib,CHEMBL521686,CHEMBL2366118,,ES4,IC50,5513.89,5.26,CHEMBL2363212
Olaparib,CHEMBL521686,CHEMBL2366312,,ES5,IC50,2881.89,5.54,CHEMBL2363213
Olaparib,CHEMBL521686,CHEMBL2366146,,ES1,IC50,1114.08,5.95,CHEMBL2363210
Olaparib,CHEMBL521686,CHEMBL2366135,,ES3,IC50,150503.6,3.82,CHEMBL2363211
Olaparib,CHEMBL521686,CHEMBL1075432,,Detroit 562,IC50,117558.73,3.93,CHEMBL2363193
Olaparib,CHEMBL521686,CHEMBL1075436,,DoTc2-4510,IC50,279399.32,3.55,CHEMBL2363194
Olaparib,CHEMBL521686,CHEMBL2366240,,EC-GI-10,IC50,447135.2,3.35,CHEMBL2363197
Olaparib,CHEMBL521686,CHEMBL2366117,,ECC10,IC50,23741.01,4.62,CHEMBL2363198
Olaparib,CHEMBL521686,CHEMBL1075439,,EFM-19,IC50,115069.58,3.94,CHEMBL2363202
Olaparib,CHEMBL521686,CHEMBL1075440,,EFO-21,IC50,415397.13,3.38,CHEMBL2363203
Olaparib,CHEMBL521686,CHEMBL1075441,,EFO-27,IC50,92525.75,4.03,CHEMBL2363204
Olaparib,CHEMBL521686,CHEMBL1075442,,EGI-1,IC50,230724.65,3.64,CHEMBL2363205
Olaparib,CHEMBL521686,CHEMBL614516,,A498,IC50,191535.28,3.72,CHEMBL2363731
Olaparib,CHEMBL521686,CHEMBL392,,A549,IC50,195940.3,3.71,CHEMBL2363732
Olaparib,CHEMBL521686,CHEMBL614530,,BXPC-3,IC50,496897.62,3.3,CHEMBL2363768
Olaparib,CHEMBL521686,CHEMBL2366313,,C-33-A,IC50,490263.5,3.31,CHEMBL2363769
Olaparib,CHEMBL521686,CHEMBL1075428,,COLO-741,IC50,480866.17,3.32,CHEMBL2363138
Olaparib,CHEMBL521686,CHEMBL1075429,,COLO-792,IC50,301039.05,3.52,CHEMBL2363139
Olaparib,CHEMBL521686,CHEMBL2366186,,DEL,IC50,5200.06,5.28,CHEMBL2363176
Olaparib,CHEMBL521686,CHEMBL2366264,,DJM-1,IC50,47541.26,4.32,CHEMBL2363178
Olaparib,CHEMBL521686,CHEMBL614517,,A673,IC50,41034.33,4.39,CHEMBL2363733
Olaparib,CHEMBL521686,CHEMBL614567,,A704,IC50,482396.31,3.32,CHEMBL2363734
Olaparib,CHEMBL521686,CHEMBL1075391,,ABC-1,IC50,78678.11,4.1,CHEMBL2363735
Olaparib,CHEMBL521686,CHEMBL2366283,,C2BBe1,IC50,119403.8,3.92,CHEMBL2363771
Olaparib,CHEMBL521686,CHEMBL1075401,,C32,IC50,257135.71,3.59,CHEMBL2363772
Olaparib,CHEMBL521686,CHEMBL2366224,,COLO-800,IC50,441.64,6.35,CHEMBL2363140
Olaparib,CHEMBL521686,CHEMBL1075430,,COLO-824,IC50,498902.66,3.3,CHEMBL2363141
Olaparib,CHEMBL521686,CHEMBL1075433,,DK-MG,IC50,152046.59,3.82,CHEMBL2363179
Olaparib,CHEMBL521686,CHEMBL614642,,DMS-114,IC50,239846.71,3.62,CHEMBL2363180
Olaparib,CHEMBL521686,CHEMBL614519,,ACHN,IC50,164805.83,3.78,CHEMBL2363736
Olaparib,CHEMBL521686,CHEMBL2366195,,ACN,IC50,513546.72,3.29,CHEMBL2363737
Olaparib,CHEMBL521686,CHEMBL1075402,,C3A,IC50,719483.79,3.14,CHEMBL2363773
Olaparib,CHEMBL521686,CHEMBL614533,,C8166,IC50,45082.18,4.35,CHEMBL2363774
Olaparib,CHEMBL521686,CHEMBL2366275,,COLO-829,IC50,111603.34,3.95,CHEMBL2363142
Olaparib,CHEMBL521686,CHEMBL1075431,,COR-L105,IC50,65352.65,4.18,CHEMBL2363143
Olaparib,CHEMBL521686,CHEMBL614286,,DMS-79,IC50,266671.35,3.57,CHEMBL2363184
Olaparib,CHEMBL521686,CHEMBL2366181,,DOHH-2,IC50,8235.8,5.08,CHEMBL2363185
Olaparib,CHEMBL521686,CHEMBL2366294,,ALL-PO,IC50,19597.17,4.71,CHEMBL2363739
Olaparib,CHEMBL521686,CHEMBL614067,,CAKI-1,IC50,20221.9,4.69,CHEMBL2363776
Olaparib,CHEMBL521686,CHEMBL1075405,,CAL-120,IC50,288848.4,3.54,CHEMBL2363777
Olaparib,CHEMBL521686,CHEMBL613854,,COR-L23,IC50,64636.55,4.19,CHEMBL2363144
Olaparib,CHEMBL521686,CHEMBL2366329,,COR-L88,IC50,191231.74,3.72,CHEMBL2363146
Olaparib,CHEMBL521686,CHEMBL614034,,DMS-273,IC50,70006.98,4.15,CHEMBL2363182
Olaparib,CHEMBL521686,CHEMBL2366192,,AM-38,IC50,105595.42,3.98,CHEMBL2363740
Olaparib,CHEMBL521686,CHEMBL1075392,,AN3-CA,IC50,108315.8,3.97,CHEMBL2363741
Olaparib,CHEMBL521686,CHEMBL1075406,,CAL-12T,IC50,114041.45,3.94,CHEMBL2363778
Olaparib,CHEMBL521686,CHEMBL1075408,,CAL-27,IC50,91366.42,4.04,CHEMBL2363780
Olaparib,CHEMBL521686,CHEMBL2366076,,CP50-MEL-B,IC50,381509.21,3.42,CHEMBL2363147
Olaparib,CHEMBL521686,CHEMBL2366277,,ATN-1,IC50,86457.5,4.06,CHEMBL2363743
Olaparib,CHEMBL521686,CHEMBL1075409,,CAL-33,IC50,311760.42,3.51,CHEMBL2363781
Olaparib,CHEMBL521686,CHEMBL1075410,,CAL-39,IC50,621490.11,3.21,CHEMBL2363782
Olaparib,CHEMBL521686,CHEMBL2366344,,CTB-1,IC50,7761.75,5.11,CHEMBL2363152
Olaparib,CHEMBL521686,CHEMBL612657,,CWR22R,IC50,295571.57,3.53,CHEMBL2363708
Olaparib,CHEMBL521686,CHEMBL612565,,5637,IC50,7928.6,5.1,CHEMBL2363710
Olaparib,CHEMBL521686,CHEMBL1075393,,AU565,IC50,458546.18,3.34,CHEMBL2363744
Olaparib,CHEMBL521686,CHEMBL612588,,ASPC1,IC50,367802.46,3.43,CHEMBL2363745
Olaparib,CHEMBL521686,CHEMBL2366269,,BALL-1,IC50,39212.87,4.41,CHEMBL2363746
Olaparib,CHEMBL521686,CHEMBL1075411,,CAL-51,IC50,35070.87,4.46,CHEMBL2363783
Olaparib,CHEMBL521686,CHEMBL1075412,,CAL-54,IC50,276718.85,3.56,CHEMBL2363784
Olaparib,CHEMBL521686,CHEMBL1075413,,CAL-62,IC50,259556.65,3.59,CHEMBL2363785
Olaparib,CHEMBL521686,CHEMBL2366360,,CTV-1,IC50,13444.97,4.87,CHEMBL2363153
Olaparib,CHEMBL521686,CHEMBL2366174,,CW-2,IC50,422034.89,3.37,CHEMBL2363154
Olaparib,CHEMBL521686,CHEMBL1075383,,639-V,IC50,65292.62,4.19,CHEMBL2363711
Olaparib,CHEMBL521686,CHEMBL1075384,,647-V,IC50,377801.15,3.42,CHEMBL2363712
Olaparib,CHEMBL521686,CHEMBL2366271,,BB30-HNC,IC50,48307.22,4.32,CHEMBL2363747
Olaparib,CHEMBL521686,CHEMBL2366295,,BB49-HNC,IC50,386297.96,3.41,CHEMBL2363748
Olaparib,CHEMBL521686,CHEMBL1075414,,CAL-72,IC50,76905.01,4.11,CHEMBL2363786
Olaparib,CHEMBL521686,CHEMBL1075415,,CAL-85-1,IC50,405450.99,3.39,CHEMBL2363787
Olaparib,CHEMBL521686,CHEMBL1075403,,Ca-Ski,IC50,95166.98,4.02,CHEMBL2363155
Olaparib,CHEMBL521686,CHEMBL1075404,,Ca9-22,IC50,75840.62,4.12,CHEMBL2363156
Olaparib,CHEMBL521686,CHEMBL2366253,,697,IC50,2841.73,5.55,CHEMBL2363713
Olaparib,CHEMBL521686,CHEMBL1075385,,769-P,IC50,24846.58,4.6,CHEMBL2363714
Olaparib,CHEMBL521686,CHEMBL613102,,786-0,IC50,214809.16,3.67,CHEMBL2363715
Olaparib,CHEMBL521686,CHEMBL2366247,,BB65-RCC,IC50,396165.08,3.4,CHEMBL2363749
Olaparib,CHEMBL521686,CHEMBL1075416,,CAMA-1,IC50,101652.59,3.99,CHEMBL2363832
Olaparib,CHEMBL521686,CHEMBL614536,,CAPAN-1,IC50,169568.84,3.77,CHEMBL2363833
Olaparib,CHEMBL521686,CHEMBL1075418,,CaR-1,IC50,186298.09,3.73,CHEMBL2363157
Olaparib,CHEMBL521686,CHEMBL614534,,Calu-3,IC50,428351.45,3.37,CHEMBL2363159
Olaparib,CHEMBL521686,CHEMBL2366115,,8-MG-BA,IC50,8689.88,5.06,CHEMBL2363716
Olaparib,CHEMBL521686,CHEMBL1075386,,8305C,IC50,237823.31,3.62,CHEMBL2363717
Olaparib,CHEMBL521686,CHEMBL1075394,,BCPAP,IC50,56133.18,4.25,CHEMBL2363752
Olaparib,CHEMBL521686,CHEMBL2366100,,CAS-1,IC50,252947.51,3.6,CHEMBL2363834
Olaparib,CHEMBL521686,CHEMBL382,,CCRF-CEM,IC50,56890.65,4.24,CHEMBL2363836
Olaparib,CHEMBL521686,CHEMBL614535,,Calu-6,IC50,448043.8,3.35,CHEMBL2363160
Olaparib,CHEMBL521686,CHEMBL1075417,,Capan-2,IC50,476060.53,3.32,CHEMBL2363163
PH-797804,CHEMBL1088751,CHEMBL260,Q16539,Mitogen-activated protein kinase 14,Ki,5.8,8.24,CHEMBL1111805
PH-797804,CHEMBL1088751,CHEMBL260,Q16539,Mitogen-activated protein kinase 14,IC50,5.8,8.24,CHEMBL1110043
PH-797804,CHEMBL1088751,CHEMBL4179,P45984,Mitogen-activated protein kinase 9,IC50,200000.0,3.7,CHEMBL1110044
PH-797804,CHEMBL1088751,CHEMBL612794,,U-937,IC50,5.9,8.23,CHEMBL1798628
PH-797804,CHEMBL1088751,CHEMBL260,Q16539,Mitogen-activated protein kinase 14,IC50,1.05,8.98,CHEMBL1798599
PH-797804,CHEMBL1088751,CHEMBL260,Q16539,Mitogen-activated protein kinase 14,IC50,17.4,7.76,CHEMBL1798602
PH-797804,CHEMBL1088751,CHEMBL613416,,Blood,IC50,85.0,7.07,CHEMBL1798603
PH-797804,CHEMBL1088751,CHEMBL260,Q16539,Mitogen-activated protein kinase 14,Ki,2.9,8.54,CHEMBL1798415
PH-797804,CHEMBL1088751,CHEMBL3961,Q15759,Mitogen-activated protein kinase 11,Ki,40.0,7.4,CHEMBL1798626
PH-797804,CHEMBL1088751,CHEMBL4179,P45984,Mitogen-activated protein kinase 9,Ki,400000.0,3.4,CHEMBL1798627
PH-797804,CHEMBL1088751,CHEMBL260,Q16539,Mitogen-activated protein kinase 14,IC50,2.5,8.6,CHEMBL1805307
PH-797804,CHEMBL1088751,CHEMBL260,Q16539,Mitogen-activated protein kinase 14,IC50,2.3,8.64,CHEMBL1805307
PH-797804,CHEMBL1088751,CHEMBL260,Q16539,Mitogen-activated protein kinase 14,IC50,247.0,6.61,CHEMBL1805307
PH-797804,CHEMBL1088751,CHEMBL613107,,PBMC,IC50,15.0,7.82,CHEMBL1805309
PH-797804,CHEMBL1088751,CHEMBL613107,,PBMC,IC50,3.4,8.47,CHEMBL1805309
PH-797804,CHEMBL1088751,CHEMBL2973,O75116,Rho-associated protein kinase 2,Ki,5011.87,5.3,CHEMBL1963722
PH-797804,CHEMBL1088751,CHEMBL4674,P53778,Mitogen-activated protein kinase 12,Ki,6309.57,5.2,CHEMBL1963836
PH-797804,CHEMBL1088751,CHEMBL3830,Q2M2I8,AP2-associated protein kinase 1,Kd,30000.0,4.52,CHEMBL3991602
PH-797804,CHEMBL1088751,CHEMBL1862,P00519,Tyrosine-protein kinase ABL1,Kd,30000.0,4.52,CHEMBL3991603
PH-797804,CHEMBL1088751,CHEMBL4014,P42684,Tyrosine-protein kinase ABL2,Kd,30000.0,4.52,CHEMBL3991604
PH-797804,CHEMBL1088751,CHEMBL4105707,Q709F0,Acyl-CoA dehydrogenase family member 11,Kd,30000.0,4.52,CHEMBL3991606
PH-797804,CHEMBL1088751,CHEMBL4105892,P49748,"Very long-chain specific acyl-CoA dehydrogenase, mitochondrial",Kd,30000.0,4.52,CHEMBL3991607
PH-797804,CHEMBL1088751,CHEMBL4105748,Q15067,Peroxisomal acyl-coenzyme A oxidase 1,Kd,30000.0,4.52,CHEMBL3991608
PH-797804,CHEMBL1088751,CHEMBL4105817,O15254,Peroxisomal acyl-coenzyme A oxidase 3,Kd,30000.0,4.52,CHEMBL3991609
PH-797804,CHEMBL1088751,CHEMBL4105818,Q9ULC5,Long-chain-fatty-acid--CoA ligase 5,Kd,30000.0,4.52,CHEMBL3991610
PH-797804,CHEMBL1088751,CHEMBL6090,P61160,Actin-related protein 2,Kd,30000.0,4.52,CHEMBL3991611
PH-797804,CHEMBL1088751,CHEMBL5903,Q04771,Activin receptor type-1,Kd,30000.0,4.52,CHEMBL3991613
PH-797804,CHEMBL1088751,CHEMBL5310,P36896,Activin receptor type-1B,Kd,30000.0,4.52,CHEMBL3991614
PH-797804,CHEMBL1088751,CHEMBL5466,Q13705,Activin receptor type-2B,Kd,30000.0,4.52,CHEMBL3991615
PH-797804,CHEMBL1088751,CHEMBL4105885,Q86TW2,AarF domain-containing protein kinase 1,Kd,30000.0,4.52,CHEMBL3991617
PH-797804,CHEMBL1088751,CHEMBL5550,Q8NI60,"Atypical kinase COQ8A, mitochondrial",Kd,30000.0,4.52,CHEMBL3991618
PH-797804,CHEMBL1088751,CHEMBL4105886,Q3MIX3,Uncharacterized aarF domain-containing protein kinase 5,Kd,30000.0,4.52,CHEMBL3991619
PH-797804,CHEMBL1088751,CHEMBL3589,P55263,Adenosine kinase,Kd,30000.0,4.52,CHEMBL3991620
PH-797804,CHEMBL1088751,CHEMBL4079,P25098,Beta-adrenergic receptor kinase 1,Kd,30000.0,4.52,CHEMBL3991621
PH-797804,CHEMBL1088751,CHEMBL4938,P54819,"Adenylate kinase 2, mitochondrial",Kd,30000.0,4.52,CHEMBL3991622
PH-797804,CHEMBL1088751,CHEMBL4282,P31749,RAC-alpha serine/threonine-protein kinase,Kd,30000.0,4.52,CHEMBL3991623
PH-797804,CHEMBL1088751,CHEMBL2431,P31751,RAC-beta serine/threonine-protein kinase,Kd,30000.0,4.52,CHEMBL3991624
PH-797804,CHEMBL1088751,CHEMBL4816,Q9Y243,RAC-gamma serine/threonine-protein kinase,Kd,30000.0,4.52,CHEMBL3991625
PH-797804,CHEMBL1088751,CHEMBL1169596,P10398,Serine/threonine-protein kinase A-Raf,Kd,30000.0,4.52,CHEMBL3991628
PH-797804,CHEMBL1088751,CHEMBL4722,O14965,Aurora kinase A,Kd,30000.0,4.52,CHEMBL3991630
PH-797804,CHEMBL1088751,CHEMBL2185,Q96GD4,Aurora kinase B,Kd,30000.0,4.52,CHEMBL3991631
PH-797804,CHEMBL1088751,CHEMBL5146,P11274,Breakpoint cluster region protein,Kd,30000.0,4.52,CHEMBL3991632
PH-797804,CHEMBL1088751,CHEMBL4522,Q9NSY1,BMP-2-inducible protein kinase,Kd,30000.0,4.52,CHEMBL3991633
PH-797804,CHEMBL1088751,CHEMBL5275,P36894,Bone morphogenetic protein receptor type-1A,Kd,30000.0,4.52,CHEMBL3991634
PH-797804,CHEMBL1088751,CHEMBL5476,O00238,Bone morphogenetic protein receptor type-1B,Kd,30000.0,4.52,CHEMBL3991635
PH-797804,CHEMBL1088751,CHEMBL5467,Q13873,Bone morphogenetic protein receptor type-2,Kd,30000.0,4.52,CHEMBL3991636
PH-797804,CHEMBL1088751,CHEMBL5145,P15056,Serine/threonine-protein kinase B-raf,Kd,30000.0,4.52,CHEMBL3991637
PH-797804,CHEMBL1088751,CHEMBL5251,Q06187,Tyrosine-protein kinase BTK,Kd,30000.0,4.52,CHEMBL3991638
PH-797804,CHEMBL1088751,CHEMBL1772932,O43683,Mitotic checkpoint serine/threonine-protein kinase BUB1,Kd,30000.0,4.52,CHEMBL3991639
PH-797804,CHEMBL1088751,CHEMBL2801,Q13557,Calcium/calmodulin-dependent protein kinase type II subunit delta,Kd,30000.0,4.52,CHEMBL3991641
PH-797804,CHEMBL1088751,CHEMBL3829,Q13555,Calcium/calmodulin-dependent protein kinase type II subunit gamma,Kd,30000.0,4.52,CHEMBL3991642
PH-797804,CHEMBL1088751,CHEMBL2494,Q16566,Calcium/calmodulin-dependent protein kinase type IV,Kd,30000.0,4.52,CHEMBL3991643
PH-797804,CHEMBL1088751,CHEMBL5284,Q96RR4,Calcium/calmodulin-dependent protein kinase kinase 2,Kd,30000.0,4.52,CHEMBL3991644
PH-797804,CHEMBL1088751,CHEMBL4516,Q5VT25,Serine/threonine-protein kinase MRCK alpha,Kd,30000.0,4.52,CHEMBL3991646
PH-797804,CHEMBL1088751,CHEMBL5052,Q9Y5S2,Serine/threonine-protein kinase MRCK beta,Kd,30000.0,4.52,CHEMBL3991647
PH-797804,CHEMBL1088751,CHEMBL308,P06493,Cyclin-dependent kinase 1,Kd,30000.0,4.52,CHEMBL3991650
PH-797804,CHEMBL1088751,CHEMBL3559692,Q9NYV4,Cyclin-dependent kinase 12,Kd,30000.0,4.52,CHEMBL3991652
PH-797804,CHEMBL1088751,CHEMBL1795192,Q14004,Cyclin-dependent kinase 13,Kd,30000.0,4.52,CHEMBL3991653
PH-797804,CHEMBL1088751,CHEMBL4597,Q00536,Cyclin-dependent kinase 16,Kd,30000.0,4.52,CHEMBL3991654
PH-797804,CHEMBL1088751,CHEMBL5790,Q00537,Cyclin-dependent kinase 17,Kd,30000.0,4.52,CHEMBL3991655
PH-797804,CHEMBL1088751,CHEMBL301,P24941,Cyclin-dependent kinase 2,Kd,30000.0,4.52,CHEMBL3991657
PH-797804,CHEMBL1088751,CHEMBL4442,Q00526,Cyclin-dependent kinase 3,Kd,30000.0,4.52,CHEMBL3991658
PH-797804,CHEMBL1088751,CHEMBL331,P11802,Cyclin-dependent kinase 4,Kd,30000.0,4.52,CHEMBL3991659
PH-797804,CHEMBL1088751,CHEMBL4036,Q00535,Cyclin-dependent kinase 5,Kd,30000.0,4.52,CHEMBL3991660
PH-797804,CHEMBL1088751,CHEMBL2508,Q00534,Cyclin-dependent kinase 6,Kd,30000.0,4.52,CHEMBL3991661
PH-797804,CHEMBL1088751,CHEMBL3055,P50613,Cyclin-dependent kinase 7,Kd,30000.0,4.52,CHEMBL3991662
PH-797804,CHEMBL1088751,CHEMBL3116,P50750,Cyclin-dependent kinase 9,Kd,30000.0,4.52,CHEMBL3991663
PH-797804,CHEMBL1088751,CHEMBL4630,O14757,Serine/threonine-protein kinase Chk1,Kd,30000.0,4.52,CHEMBL3991666
PH-797804,CHEMBL1088751,CHEMBL5579,O14578,Citron Rho-interacting kinase,Kd,30000.0,4.52,CHEMBL3991667
PH-797804,CHEMBL1088751,CHEMBL4224,P49759,Dual specificity protein kinase CLK1,Kd,30000.0,4.52,CHEMBL3991668
PH-797804,CHEMBL1088751,CHEMBL4225,P49760,Dual specificity protein kinase CLK2,Kd,30000.0,4.52,CHEMBL3991669
PH-797804,CHEMBL1088751,CHEMBL2634,P41240,Tyrosine-protein kinase CSK,Kd,30000.0,4.52,CHEMBL3991673
PH-797804,CHEMBL1088751,CHEMBL2793,P48729,Casein kinase I isoform alpha,Kd,30000.0,4.52,CHEMBL3991674
PH-797804,CHEMBL1088751,CHEMBL2828,P48730,Casein kinase I isoform delta,Kd,30000.0,4.52,CHEMBL3991675
PH-797804,CHEMBL1088751,CHEMBL4937,P49674,Casein kinase I isoform epsilon,Kd,30000.0,4.52,CHEMBL3991676
PH-797804,CHEMBL1088751,CHEMBL2426,Q9HCP0,Casein kinase I isoform gamma-1,Kd,30000.0,4.52,CHEMBL3991677
PH-797804,CHEMBL1088751,CHEMBL2543,P78368,Casein kinase I isoform gamma-2,Kd,30000.0,4.52,CHEMBL3991678
PH-797804,CHEMBL1088751,CHEMBL5084,Q9Y6M4,Casein kinase I isoform gamma-3,Kd,30000.0,4.52,CHEMBL3991679
PH-797804,CHEMBL1088751,CHEMBL4070,P19784,Casein kinase II subunit alpha',Kd,30000.0,4.52,CHEMBL3991681
PH-797804,CHEMBL1088751,CHEMBL4105975,P08574,"Cytochrome c1, heme protein, mitochondrial",Kd,30000.0,4.52,CHEMBL3991682
PH-797804,CHEMBL1088751,CHEMBL2447,P27707,Deoxycytidine kinase,Kd,30000.0,4.52,CHEMBL3991683
PH-797804,CHEMBL1088751,CHEMBL3769292,Q9H773,dCTP pyrophosphatase 1,Kd,30000.0,4.52,CHEMBL3991684
PH-797804,CHEMBL1088751,CHEMBL5319,Q08345,Epithelial discoidin domain-containing receptor 1,Kd,30000.0,4.52,CHEMBL3991685
PH-797804,CHEMBL1088751,CHEMBL5122,Q16832,Discoidin domain-containing receptor 2,Kd,30000.0,4.52,CHEMBL3991686
PH-797804,CHEMBL1088751,CHEMBL2010634,Q92499,ATP-dependent RNA helicase DDX1,Kd,30000.0,4.52,CHEMBL3991687
PH-797804,CHEMBL1088751,CHEMBL5553,O00571,ATP-dependent RNA helicase DDX3X,Kd,30000.0,4.52,CHEMBL3991688
PH-797804,CHEMBL1088751,CHEMBL4105782,Q86XP3,ATP-dependent RNA helicase DDX42,Kd,30000.0,4.52,CHEMBL3991689
PH-797804,CHEMBL1088751,CHEMBL2331059,Q15392,Delta(24)-sterol reductase,Kd,30000.0,4.52,CHEMBL3991691
PH-797804,CHEMBL1088751,CHEMBL4105814,Q7L2E3,ATP-dependent RNA helicase DHX30,Kd,30000.0,4.52,CHEMBL3991692
PH-797804,CHEMBL1088751,CHEMBL2189122,P31689,DnaJ homolog subfamily A member 1,Kd,30000.0,4.52,CHEMBL3991693
PH-797804,CHEMBL1088751,CHEMBL2292,Q13627,Dual specificity tyrosine-phosphorylation-regulated kinase 1A,Kd,30000.0,4.52,CHEMBL3991694
PH-797804,CHEMBL1088751,CHEMBL203,P00533,Epidermal growth factor receptor,Kd,30000.0,4.52,CHEMBL3991696
PH-797804,CHEMBL1088751,CHEMBL6029,Q9BQI3,Eukaryotic translation initiation factor 2-alpha kinase 1,Kd,30000.0,4.52,CHEMBL3991697
PH-797804,CHEMBL1088751,CHEMBL4105852,O60841,Eukaryotic translation initiation factor 5B,Kd,30000.0,4.52,CHEMBL3991699
PH-797804,CHEMBL1088751,CHEMBL5810,P21709,Ephrin type-A receptor 1,Kd,30000.0,4.52,CHEMBL3991700
PH-797804,CHEMBL1088751,CHEMBL2068,P29317,Ephrin type-A receptor 2,Kd,30000.0,4.52,CHEMBL3991701
PH-797804,CHEMBL1088751,CHEMBL3988,P54764,Ephrin type-A receptor 4,Kd,30000.0,4.52,CHEMBL3991702
PH-797804,CHEMBL1088751,CHEMBL3987,P54756,Ephrin type-A receptor 5,Kd,30000.0,4.52,CHEMBL3991703
PH-797804,CHEMBL1088751,CHEMBL3290,P29323,Ephrin type-B receptor 2,Kd,30000.0,4.52,CHEMBL3991705
PH-797804,CHEMBL1088751,CHEMBL4901,P54753,Ephrin type-B receptor 3,Kd,30000.0,4.52,CHEMBL3991706
Palbociclib,CHEMBL189963,CHEMBL2095942,,Cyclin-dependent kinase 4/cyclin D,IC50,11.0,7.96,CHEMBL827894
Palbociclib,CHEMBL189963,CHEMBL2094128,,Cyclin-dependent kinase 2/cyclin A,IC50,5000.0,5.3,CHEMBL827912
Palbociclib,CHEMBL189963,CHEMBL614697,,MDA-MB-435,IC50,160.0,6.8,CHEMBL833509
Palbociclib,CHEMBL189963,CHEMBL614335,,MDA-MB-468,IC50,3000.0,5.52,CHEMBL833510
Palbociclib,CHEMBL189963,CHEMBL331,P11802,Cyclin-dependent kinase 4,IC50,20.0,7.7,CHEMBL1039602
Palbociclib,CHEMBL189963,CHEMBL331,P11802,Cyclin-dependent kinase 4,IC50,11.0,7.96,CHEMBL1274436
Palbociclib,CHEMBL189963,CHEMBL2508,Q00534,Cyclin-dependent kinase 6,IC50,16.0,7.8,CHEMBL1274455
Palbociclib,CHEMBL189963,CHEMBL3529,Q14164,Inhibitor of nuclear factor kappa-B kinase subunit epsilon,Ki,3162.28,5.5,CHEMBL1964108
Palbociclib,CHEMBL189963,CHEMBL4225,P49760,Dual specificity protein kinase CLK2,Ki,316.23,6.5,CHEMBL1963691
Palbociclib,CHEMBL189963,CHEMBL2689,Q04912,Macrophage-stimulating protein receptor,Ki,3162.28,5.5,CHEMBL1964103
Palbociclib,CHEMBL189963,CHEMBL4147,Q9UQM7,Calcium/calmodulin-dependent protein kinase type II subunit alpha,Ki,3981.07,5.4,CHEMBL1964111
Palbociclib,CHEMBL189963,CHEMBL3587,Q02750,Dual specificity mitogen-activated protein kinase kinase 1,Ki,1995.26,5.7,CHEMBL1963692
Palbociclib,CHEMBL189963,CHEMBL5408,Q9UHD2,Serine/threonine-protein kinase TBK1,Ki,3162.28,5.5,CHEMBL1963698
Palbociclib,CHEMBL189963,CHEMBL4247,Q9UM73,ALK tyrosine kinase receptor,Ki,1584.89,5.8,CHEMBL1963704
Palbociclib,CHEMBL189963,CHEMBL3920,Q04759,Protein kinase C theta type,Ki,2511.89,5.6,CHEMBL1963687
Palbociclib,CHEMBL189963,CHEMBL2971,O60674,Tyrosine-protein kinase JAK2,Ki,2511.89,5.6,CHEMBL1963693
Palbociclib,CHEMBL189963,CHEMBL1844,P07333,Macrophage colony-stimulating factor 1 receptor,Ki,2511.89,5.6,CHEMBL1964104
Palbociclib,CHEMBL189963,CHEMBL5627,P29376,Leukocyte tyrosine kinase receptor,Ki,2511.89,5.6,CHEMBL1964115
Palbociclib,CHEMBL189963,CHEMBL5608,Q16288,NT-3 growth factor receptor,Ki,3162.28,5.5,CHEMBL1963688
Palbociclib,CHEMBL189963,CHEMBL2041,P07949,Proto-oncogene tyrosine-protein kinase receptor Ret,Ki,2511.89,5.6,CHEMBL1963706
Palbociclib,CHEMBL189963,CHEMBL4045,Q13131,5'-AMP-activated protein kinase catalytic subunit alpha-1,Ki,1000.0,6.0,CHEMBL1963701
Palbociclib,CHEMBL189963,CHEMBL2964,P36507,Dual specificity mitogen-activated protein kinase kinase 2,Ki,3981.07,5.4,CHEMBL1964106
Palbociclib,CHEMBL189963,CHEMBL260,Q16539,Mitogen-activated protein kinase 14,Ki,3981.07,5.4,CHEMBL1964117
Palbociclib,CHEMBL189963,CHEMBL2345,P51812,Ribosomal protein S6 kinase alpha-3,Ki,794.33,6.1,CHEMBL1963690
Palbociclib,CHEMBL189963,CHEMBL6166,O95819,Mitogen-activated protein kinase kinase kinase kinase 4,Ki,1258.93,5.9,CHEMBL1964101
Palbociclib,CHEMBL189963,CHEMBL2292,Q13627,Dual specificity tyrosine-phosphorylation-regulated kinase 1A,Ki,794.33,6.1,CHEMBL1964107
Palbociclib,CHEMBL189963,CHEMBL5543,Q9Y463,Dual specificity tyrosine-phosphorylation-regulated kinase 1B,Ki,100.0,7.0,CHEMBL1963799
Palbociclib,CHEMBL189963,CHEMBL1075104,Q5S007,Leucine-rich repeat serine/threonine-protein kinase 2,Ki,2511.89,5.6,CHEMBL1963806
Palbociclib,CHEMBL189963,CHEMBL2973,O75116,Rho-associated protein kinase 2,Ki,125.89,6.9,CHEMBL1963722
Palbociclib,CHEMBL189963,CHEMBL3836,P53667,LIM domain kinase 1,Ki,3162.28,5.5,CHEMBL1963749
Palbociclib,CHEMBL189963,CHEMBL3717,P08581,Hepatocyte growth factor receptor,Ki,2511.89,5.6,CHEMBL1963775
Palbociclib,CHEMBL189963,CHEMBL5543,Q9Y463,Dual specificity tyrosine-phosphorylation-regulated kinase 1B,Ki,100.0,7.0,CHEMBL1963799
Palbociclib,CHEMBL189963,CHEMBL2185,Q96GD4,Aurora kinase B,Ki,3981.07,5.4,CHEMBL1963807
Palbociclib,CHEMBL189963,CHEMBL5600,P27448,MAP/microtubule affinity-regulating kinase 3,Ki,5011.87,5.3,CHEMBL1963756
Palbociclib,CHEMBL189963,CHEMBL4630,O14757,Serine/threonine-protein kinase Chk1,Ki,2511.89,5.6,CHEMBL1963782
Palbociclib,CHEMBL189963,CHEMBL4599,Q07912,Activated CDC42 kinase 1,Ki,3981.07,5.4,CHEMBL1963777
Palbociclib,CHEMBL189963,CHEMBL279,P35968,Vascular endothelial growth factor receptor 2,Ki,1995.26,5.7,CHEMBL1963788
Palbociclib,CHEMBL189963,CHEMBL5818,P51817,cAMP-dependent protein kinase catalytic subunit PRKX,Ki,2511.89,5.6,CHEMBL1963800
Palbociclib,CHEMBL189963,CHEMBL4722,O14965,Aurora kinase A,Ki,1584.89,5.8,CHEMBL1963727
Palbociclib,CHEMBL189963,CHEMBL5678,P34947,G protein-coupled receptor kinase 5,Ki,3981.07,5.4,CHEMBL1963789
Palbociclib,CHEMBL189963,CHEMBL258,P06239,Tyrosine-protein kinase Lck,Ki,6309.57,5.2,CHEMBL1963718
Palbociclib,CHEMBL189963,CHEMBL5261,Q7L7X3,Serine/threonine-protein kinase TAO1,Ki,501.19,6.3,CHEMBL1963750
Palbociclib,CHEMBL189963,CHEMBL1913,P09619,Platelet-derived growth factor receptor beta,Ki,1995.26,5.7,CHEMBL1963778
Palbociclib,CHEMBL189963,CHEMBL2815,P04629,High affinity nerve growth factor receptor,Ki,3162.28,5.5,CHEMBL1963757
Palbociclib,CHEMBL189963,CHEMBL2850,P49840,Glycogen synthase kinase-3 alpha,Ki,2511.89,5.6,CHEMBL1963771
Palbociclib,CHEMBL189963,CHEMBL3650,P11362,Fibroblast growth factor receptor 1,Ki,3981.07,5.4,CHEMBL1963740
Palbociclib,CHEMBL189963,CHEMBL2695,Q05397,Focal adhesion kinase 1,Ki,6309.57,5.2,CHEMBL1963801
Palbociclib,CHEMBL189963,CHEMBL2468,O43293,Death-associated protein kinase 3,Ki,125.89,6.9,CHEMBL1963719
Palbociclib,CHEMBL189963,CHEMBL1974,P36888,Receptor-type tyrosine-protein kinase FLT3,Ki,3162.28,5.5,CHEMBL1963779
Palbociclib,CHEMBL189963,CHEMBL4036,Q00535,Cyclin-dependent kinase 5,Ki,316.23,6.5,CHEMBL1963790
Palbociclib,CHEMBL189963,CHEMBL4036,Q00535,Cyclin-dependent kinase 5,Ki,316.23,6.5,CHEMBL1963790
Palbociclib,CHEMBL189963,CHEMBL5314,Q06418,Tyrosine-protein kinase receptor TYRO3,Ki,3162.28,5.5,CHEMBL1963714
Palbociclib,CHEMBL189963,CHEMBL2468,O43293,Death-associated protein kinase 3,Ki,125.89,6.9,CHEMBL1963719
Palbociclib,CHEMBL189963,CHEMBL4179,P45984,Mitogen-activated protein kinase 9,Ki,3981.07,5.4,CHEMBL1963746
Palbociclib,CHEMBL189963,CHEMBL1862,P00519,Tyrosine-protein kinase ABL1,Ki,2511.89,5.6,CHEMBL1963785
Palbociclib,CHEMBL189963,CHEMBL4482,O96013,Serine/threonine-protein kinase PAK 4,Ki,3981.07,5.4,CHEMBL1963736
Palbociclib,CHEMBL189963,CHEMBL5330,Q12851,Mitogen-activated protein kinase kinase kinase kinase 2,Ki,2511.89,5.6,CHEMBL1963772
Palbociclib,CHEMBL189963,CHEMBL2276,P45983,Mitogen-activated protein kinase 8,Ki,1584.89,5.8,CHEMBL1963725
Palbociclib,CHEMBL189963,CHEMBL2793,P48729,Casein kinase I isoform alpha,Ki,3981.07,5.4,CHEMBL1963741
Palbociclib,CHEMBL189963,CHEMBL2595,O94806,Serine/threonine-protein kinase D3,Ki,398.11,6.4,CHEMBL1963715
Palbociclib,CHEMBL189963,CHEMBL5491,P30291,Wee1-like protein kinase,Ki,3162.28,5.5,CHEMBL1963774
Palbociclib,CHEMBL189963,CHEMBL5903,Q04771,Activin receptor type-1,Ki,3981.07,5.4,CHEMBL1963721
Palbociclib,CHEMBL189963,CHEMBL2148,P52333,Tyrosine-protein kinase JAK3,Ki,5011.87,5.3,CHEMBL1963742
Palbociclib,CHEMBL189963,CHEMBL1957,P08069,Insulin-like growth factor 1 receptor,Ki,2511.89,5.6,CHEMBL1963792
Palbociclib,CHEMBL189963,CHEMBL2007,P16234,Platelet-derived growth factor receptor alpha,Ki,2511.89,5.6,CHEMBL1963805
Palbociclib,CHEMBL189963,CHEMBL2973,O75116,Rho-associated protein kinase 2,Ki,125.89,6.9,CHEMBL1963722
Palbociclib,CHEMBL189963,CHEMBL2147,P11309,Serine/threonine-protein kinase pim-1,Ki,6309.57,5.2,CHEMBL1963726
Palbociclib,CHEMBL189963,CHEMBL5251,Q06187,Tyrosine-protein kinase BTK,Ki,6309.57,5.2,CHEMBL1963733
Palbociclib,CHEMBL189963,CHEMBL3835,P51955,Serine/threonine-protein kinase Nek2,Ki,3162.28,5.5,CHEMBL1963823
Palbociclib,CHEMBL189963,CHEMBL5719,P49336,Cyclin-dependent kinase 8,Ki,3981.07,5.4,CHEMBL1963824
Palbociclib,CHEMBL189963,CHEMBL3055,P50613,Cyclin-dependent kinase 7,Ki,5011.87,5.3,CHEMBL1963825
Palbociclib,CHEMBL189963,CHEMBL262,P49841,Glycogen synthase kinase-3 beta,Ki,1995.26,5.7,CHEMBL1963830
Palbociclib,CHEMBL189963,CHEMBL4101,P17612,cAMP-dependent protein kinase catalytic subunit alpha,Ki,1258.93,5.9,CHEMBL1963835
Palbociclib,CHEMBL189963,CHEMBL3231,Q13464,Rho-associated protein kinase 1,Ki,3981.07,5.4,CHEMBL1963814
Palbociclib,CHEMBL189963,CHEMBL3116,P50750,Cyclin-dependent kinase 9,Ki,398.11,6.4,CHEMBL1963831
Palbociclib,CHEMBL189963,CHEMBL1868,P17948,Vascular endothelial growth factor receptor 1,Ki,3981.07,5.4,CHEMBL1963826
Palbociclib,CHEMBL189963,CHEMBL4898,Q16620,BDNF/NT-3 growth factors receptor,Ki,3981.07,5.4,CHEMBL1963832
Palbociclib,CHEMBL189963,CHEMBL4203,Q9HAZ1,Dual specificity protein kinase CLK4,Ki,19.95,7.7,CHEMBL1963837
Palbociclib,CHEMBL189963,CHEMBL4852,Q9Y4K4,Mitogen-activated protein kinase kinase kinase kinase 5,Ki,1584.89,5.8,CHEMBL1963810
Palbociclib,CHEMBL189963,CHEMBL4203,Q9HAZ1,Dual specificity protein kinase CLK4,Ki,19.95,7.7,CHEMBL1963837
Palbociclib,CHEMBL189963,CHEMBL5073,Q8IU85,Calcium/calmodulin-dependent protein kinase type 1D,Ki,2511.89,5.6,CHEMBL1963811
Palbociclib,CHEMBL189963,CHEMBL1841,P06241,Tyrosine-protein kinase Fyn,Ki,6309.57,5.2,CHEMBL1963817
Palbociclib,CHEMBL189963,CHEMBL2366181,,DOHH-2,IC50,7440.2,5.13,CHEMBL2363185
Palbociclib,CHEMBL189963,CHEMBL1075435,,DOK,IC50,6220.72,5.21,CHEMBL2363186
Palbociclib,CHEMBL189963,CHEMBL2366079,,DSH1,IC50,7063.3,5.15,CHEMBL2363187
Palbociclib,CHEMBL189963,CHEMBL2366246,,DU-4475,IC50,62549.48,4.2,CHEMBL2363189
Palbociclib,CHEMBL189963,CHEMBL612519,,Daoy,IC50,12285.55,4.91,CHEMBL2363191
Palbociclib,CHEMBL189963,CHEMBL613508,,DU-145,IC50,3462.69,5.46,CHEMBL2363188
Palbociclib,CHEMBL189963,CHEMBL614487,,EKVX,IC50,156981.35,3.8,CHEMBL2363207
Palbociclib,CHEMBL189963,CHEMBL2366281,,EM-2,IC50,650.64,6.19,CHEMBL2363208
Palbociclib,CHEMBL189963,CHEMBL1075443,,EPLC-272H,IC50,19043.39,4.72,CHEMBL2363209
Palbociclib,CHEMBL189963,CHEMBL2366118,,ES4,IC50,2454.22,5.61,CHEMBL2363212
Palbociclib,CHEMBL189963,CHEMBL2366312,,ES5,IC50,752.8,6.12,CHEMBL2363213
Palbociclib,CHEMBL189963,CHEMBL2366146,,ES1,IC50,256.25,6.59,CHEMBL2363210
Palbociclib,CHEMBL189963,CHEMBL2366135,,ES3,IC50,728.93,6.14,CHEMBL2363211
Palbociclib,CHEMBL189963,CHEMBL1075432,,Detroit 562,IC50,11051.52,4.96,CHEMBL2363193
Palbociclib,CHEMBL189963,CHEMBL1075436,,DoTc2-4510,IC50,71443.01,4.15,CHEMBL2363194
Palbociclib,CHEMBL189963,CHEMBL2366117,,ECC10,IC50,2702.06,5.57,CHEMBL2363198
Palbociclib,CHEMBL189963,CHEMBL1075439,,EFM-19,IC50,8085.45,5.09,CHEMBL2363202
Palbociclib,CHEMBL189963,CHEMBL1075440,,EFO-21,IC50,110988.21,3.95,CHEMBL2363203
Panobinostat,CHEMBL483254,CHEMBL325,Q13547,Histone deacetylase 1,Ki,1.0,9.0,CHEMBL1216982
Panobinostat,CHEMBL483254,CHEMBL1937,Q92769,Histone deacetylase 2,Ki,0.65,9.19,CHEMBL1216983
Panobinostat,CHEMBL483254,CHEMBL1829,O15379,Histone deacetylase 3,Ki,1.1,8.96,CHEMBL1216984
Panobinostat,CHEMBL483254,CHEMBL3524,P56524,Histone deacetylase 4,Ki,550.0,6.26,CHEMBL1216985
Panobinostat,CHEMBL483254,CHEMBL2563,Q9UQL6,Histone deacetylase 5,Ki,80.0,7.1,CHEMBL1216986
Panobinostat,CHEMBL483254,CHEMBL1865,Q9UBN7,Histone deacetylase 6,Ki,1.5,8.82,CHEMBL1216987
Panobinostat,CHEMBL483254,CHEMBL2716,Q8WUI4,Histone deacetylase 7,Ki,4550.0,5.34,CHEMBL1216988
Panobinostat,CHEMBL483254,CHEMBL3192,Q9BY41,Histone deacetylase 8,Ki,105.0,6.98,CHEMBL1216989
Panobinostat,CHEMBL483254,CHEMBL4145,Q9UKV0,Histone deacetylase 9,Ki,3200.0,5.49,CHEMBL1216990
Panobinostat,CHEMBL483254,CHEMBL325,Q13547,Histone deacetylase 1,IC50,6.8,8.17,CHEMBL1832515
Panobinostat,CHEMBL483254,CHEMBL614561,,COLO 205,IC50,18.0,7.74,CHEMBL1832516
Panobinostat,CHEMBL483254,CHEMBL614004,,A2780,IC50,35.0,7.46,CHEMBL1832517
Panobinostat,CHEMBL483254,CHEMBL394,,HCT-116,IC50,48.0,7.32,CHEMBL1832518
Panobinostat,CHEMBL483254,CHEMBL390,,PC-3,IC50,24.0,7.62,CHEMBL1832519
Panobinostat,CHEMBL483254,CHEMBL325,Q13547,Histone deacetylase 1,Ki,2.5,8.6,CHEMBL1832520
Panobinostat,CHEMBL483254,CHEMBL1937,Q92769,Histone deacetylase 2,Ki,1.9,8.72,CHEMBL1832521
Panobinostat,CHEMBL483254,CHEMBL1829,O15379,Histone deacetylase 3,Ki,2.3,8.64,CHEMBL1832522
Panobinostat,CHEMBL483254,CHEMBL3524,P56524,Histone deacetylase 4,Ki,0.6,9.22,CHEMBL1832523
Panobinostat,CHEMBL483254,CHEMBL2563,Q9UQL6,Histone deacetylase 5,Ki,0.7,9.15,CHEMBL1832524
Panobinostat,CHEMBL483254,CHEMBL1865,Q9UBN7,Histone deacetylase 6,Ki,0.7,9.15,CHEMBL1832525
Panobinostat,CHEMBL483254,CHEMBL2716,Q8WUI4,Histone deacetylase 7,Ki,2.3,8.64,CHEMBL1832526
Panobinostat,CHEMBL483254,CHEMBL3192,Q9BY41,Histone deacetylase 8,Ki,22.0,7.66,CHEMBL1832527
Panobinostat,CHEMBL483254,CHEMBL4145,Q9UKV0,Histone deacetylase 9,Ki,1.2,8.92,CHEMBL1832528
Panobinostat,CHEMBL483254,CHEMBL5103,Q969S8,Polyamine deacetylase HDAC10,Ki,31.0,7.51,CHEMBL1832529
Panobinostat,CHEMBL483254,CHEMBL3310,Q96DB2,Histone deacetylase 11,Ki,3.5,8.46,CHEMBL1832530
Panobinostat,CHEMBL483254,CHEMBL3192,Q9BY41,Histone deacetylase 8,IC50,300.0,6.52,CHEMBL2384800
Panobinostat,CHEMBL483254,CHEMBL1865,Q9UBN7,Histone deacetylase 6,IC50,300.0,6.52,CHEMBL2384803
Panobinostat,CHEMBL483254,CHEMBL2563,Q9UQL6,Histone deacetylase 5,IC50,300.0,6.52,CHEMBL2384804
Panobinostat,CHEMBL483254,CHEMBL3524,P56524,Histone deacetylase 4,IC50,300.0,6.52,CHEMBL2384805
Panobinostat,CHEMBL483254,CHEMBL1829,O15379,Histone deacetylase 3,IC50,300.0,6.52,CHEMBL2384806
Panobinostat,CHEMBL483254,CHEMBL1937,Q92769,Histone deacetylase 2,IC50,300.0,6.52,CHEMBL2384807
Panobinostat,CHEMBL483254,CHEMBL325,Q13547,Histone deacetylase 1,IC50,300.0,6.52,CHEMBL2384808
Panobinostat,CHEMBL483254,CHEMBL2093865,,Histone deacetylase,IC50,30.0,7.52,CHEMBL2390503
Panobinostat,CHEMBL483254,CHEMBL3192,Q9BY41,Histone deacetylase 8,IC50,280.0,6.55,CHEMBL3538489
Panobinostat,CHEMBL483254,CHEMBL1865,Q9UBN7,Histone deacetylase 6,IC50,11.0,7.96,CHEMBL3538488
Panobinostat,CHEMBL483254,CHEMBL3524,P56524,Histone deacetylase 4,IC50,200.0,6.7,CHEMBL3538487
Panobinostat,CHEMBL483254,CHEMBL1829,O15379,Histone deacetylase 3,IC50,2.1,8.68,CHEMBL3538486
Panobinostat,CHEMBL483254,CHEMBL1937,Q92769,Histone deacetylase 2,IC50,13.0,7.89,CHEMBL3538485
Panobinostat,CHEMBL483254,CHEMBL325,Q13547,Histone deacetylase 1,IC50,2.5,8.6,CHEMBL3538484
Panobinostat,CHEMBL483254,CHEMBL3192,Q9BY41,Histone deacetylase 8,Ki,105.0,6.98,CHEMBL3598915
Panobinostat,CHEMBL483254,CHEMBL1829,O15379,Histone deacetylase 3,Ki,1.1,8.96,CHEMBL3598914
Panobinostat,CHEMBL483254,CHEMBL1937,Q92769,Histone deacetylase 2,Ki,0.7,9.15,CHEMBL3598913
Panobinostat,CHEMBL483254,CHEMBL325,Q13547,Histone deacetylase 1,Ki,1.0,9.0,CHEMBL3598912
Panobinostat,CHEMBL483254,CHEMBL3524,P56524,Histone deacetylase 4,Ki,550.0,6.26,CHEMBL3598916
Panobinostat,CHEMBL483254,CHEMBL2563,Q9UQL6,Histone deacetylase 5,Ki,80.0,7.1,CHEMBL3598917
Panobinostat,CHEMBL483254,CHEMBL2716,Q8WUI4,Histone deacetylase 7,Ki,4550.0,5.34,CHEMBL3598918
Panobinostat,CHEMBL483254,CHEMBL4145,Q9UKV0,Histone deacetylase 9,Ki,3200.0,5.49,CHEMBL3598919
Panobinostat,CHEMBL483254,CHEMBL1865,Q9UBN7,Histone deacetylase 6,Ki,1.5,8.82,CHEMBL3598920
Panobinostat,CHEMBL483254,CHEMBL1937,Q92769,Histone deacetylase 2,IC50,3.0,8.52,CHEMBL3778484
Panobinostat,CHEMBL483254,CHEMBL1829,O15379,Histone deacetylase 3,IC50,2.0,8.7,CHEMBL3778485
Panobinostat,CHEMBL483254,CHEMBL2563,Q9UQL6,Histone deacetylase 5,IC50,190.0,6.72,CHEMBL3778487
Panobinostat,CHEMBL483254,CHEMBL2716,Q8WUI4,Histone deacetylase 7,IC50,4354.0,5.36,CHEMBL3778488
Panobinostat,CHEMBL483254,CHEMBL4145,Q9UKV0,Histone deacetylase 9,IC50,888.0,6.05,CHEMBL3778489
Panobinostat,CHEMBL483254,CHEMBL5103,Q969S8,Polyamine deacetylase HDAC10,IC50,4.0,8.4,CHEMBL3778490
Panobinostat,CHEMBL483254,CHEMBL3310,Q96DB2,Histone deacetylase 11,IC50,4112.0,5.39,CHEMBL3778491
Panobinostat,CHEMBL483254,CHEMBL325,Q13547,Histone deacetylase 1,IC50,1.0,9.0,CHEMBL3778475
Panobinostat,CHEMBL483254,CHEMBL1865,Q9UBN7,Histone deacetylase 6,IC50,4.0,8.4,CHEMBL3778476
Panobinostat,CHEMBL483254,CHEMBL3192,Q9BY41,Histone deacetylase 8,IC50,5.0,8.3,CHEMBL3778477
Panobinostat,CHEMBL483254,CHEMBL3524,P56524,Histone deacetylase 4,IC50,338.0,6.47,CHEMBL3778486
Panobinostat,CHEMBL483254,CHEMBL325,Q13547,Histone deacetylase 1,IC50,1.0,9.0,CHEMBL3830868
Panobinostat,CHEMBL483254,CHEMBL325,Q13547,Histone deacetylase 1,IC50,1.26,8.9,CHEMBL3828935
Panobinostat,CHEMBL483254,CHEMBL1937,Q92769,Histone deacetylase 2,IC50,2.0,8.7,CHEMBL3830979
Panobinostat,CHEMBL483254,CHEMBL1829,O15379,Histone deacetylase 3,IC50,2.0,8.7,CHEMBL3830981
Panobinostat,CHEMBL483254,CHEMBL3524,P56524,Histone deacetylase 4,IC50,373.0,6.43,CHEMBL3831143
Panobinostat,CHEMBL483254,CHEMBL2563,Q9UQL6,Histone deacetylase 5,IC50,92.0,7.04,CHEMBL3831144
Panobinostat,CHEMBL483254,CHEMBL1865,Q9UBN7,Histone deacetylase 6,IC50,2.0,8.7,CHEMBL3828937
Panobinostat,CHEMBL483254,CHEMBL2716,Q8WUI4,Histone deacetylase 7,IC50,2830.0,5.55,CHEMBL3828938
Panobinostat,CHEMBL483254,CHEMBL3192,Q9BY41,Histone deacetylase 8,IC50,231.0,6.64,CHEMBL3828939
Panobinostat,CHEMBL483254,CHEMBL4145,Q9UKV0,Histone deacetylase 9,IC50,2680.0,5.57,CHEMBL3828940
Panobinostat,CHEMBL483254,CHEMBL613835,,MV4-11,IC50,2.97,8.53,CHEMBL3829029
Panobinostat,CHEMBL483254,CHEMBL1937,Q92769,Histone deacetylase 2,IC50,3.28,8.48,CHEMBL3829032
Panobinostat,CHEMBL483254,CHEMBL2111363,,Histone deacetylase 3/Nuclear receptor corepressor 2 (HDAC3/NCoR2),IC50,2.27,8.64,CHEMBL3829033
Panobinostat,CHEMBL483254,CHEMBL3192,Q9BY41,Histone deacetylase 8,IC50,4.86,8.31,CHEMBL3829034
Panobinostat,CHEMBL483254,CHEMBL3524,P56524,Histone deacetylase 4,IC50,337.8,6.47,CHEMBL3829035
Panobinostat,CHEMBL483254,CHEMBL2563,Q9UQL6,Histone deacetylase 5,IC50,190.3,6.72,CHEMBL3829036
Panobinostat,CHEMBL483254,CHEMBL2716,Q8WUI4,Histone deacetylase 7,IC50,4354.0,5.36,CHEMBL3829037
Panobinostat,CHEMBL483254,CHEMBL4145,Q9UKV0,Histone deacetylase 9,IC50,887.8,6.05,CHEMBL3829038
Panobinostat,CHEMBL483254,CHEMBL1865,Q9UBN7,Histone deacetylase 6,IC50,4.16,8.38,CHEMBL3829039
Panobinostat,CHEMBL483254,CHEMBL5103,Q969S8,Polyamine deacetylase HDAC10,IC50,4.45,8.35,CHEMBL3829040
Panobinostat,CHEMBL483254,CHEMBL3310,Q96DB2,Histone deacetylase 11,IC50,4112.0,5.39,CHEMBL3829041
Panobinostat,CHEMBL483254,CHEMBL3145,P42338,"Phosphatidylinositol 4,5-bisphosphate 3-kinase catalytic subunit beta isoform",IC50,10000.0,5.0,CHEMBL3829044
Panobinostat,CHEMBL483254,CHEMBL3267,P48736,"Phosphatidylinositol 4,5-bisphosphate 3-kinase catalytic subunit gamma isoform",IC50,10000.0,5.0,CHEMBL3829045
Panobinostat,CHEMBL483254,CHEMBL2111432,,PI3-kinase p110-delta/p85-alpha,IC50,10000.0,5.0,CHEMBL3829046
Panobinostat,CHEMBL483254,CHEMBL2093865,,Histone deacetylase,IC50,0.83,9.08,CHEMBL3829047
Panobinostat,CHEMBL483254,CHEMBL325,Q13547,Histone deacetylase 1,IC50,2.5,8.6,CHEMBL3860980
Panobinostat,CHEMBL483254,CHEMBL1937,Q92769,Histone deacetylase 2,IC50,13.2,7.88,CHEMBL3860981
Panobinostat,CHEMBL483254,CHEMBL1829,O15379,Histone deacetylase 3,IC50,2.1,8.68,CHEMBL3860982
Panobinostat,CHEMBL483254,CHEMBL1865,Q9UBN7,Histone deacetylase 6,IC50,10.5,7.98,CHEMBL3860983
Panobinostat,CHEMBL483254,CHEMBL3192,Q9BY41,Histone deacetylase 8,IC50,1780.0,5.75,CHEMBL3998873
Panobinostat,CHEMBL483254,CHEMBL1865,Q9UBN7,Histone deacetylase 6,IC50,130.0,6.89,CHEMBL3998874
Panobinostat,CHEMBL483254,CHEMBL1829,O15379,Histone deacetylase 3,IC50,60.0,7.22,CHEMBL3998875
Panobinostat,CHEMBL483254,CHEMBL325,Q13547,Histone deacetylase 1,IC50,20.0,7.7,CHEMBL3998876
Panobinostat,CHEMBL483254,CHEMBL4618,P09960,Leukotriene A-4 hydrolase,IC50,10000.0,5.0,CHEMBL4009227
Panobinostat,CHEMBL483254,CHEMBL4618,P09960,Leukotriene A-4 hydrolase,IC50,10000.0,5.0,CHEMBL4009226
Panobinostat,CHEMBL483254,CHEMBL1163125,O60885,Bromodomain-containing protein 4,IC50,5.0,8.3,CHEMBL4045021
Panobinostat,CHEMBL483254,CHEMBL614198,,NFF,IC50,70.0,7.15,CHEMBL4185246
Panobinostat,CHEMBL483254,CHEMBL614818,,HEK293,IC50,70.0,7.15,CHEMBL4185247
Panobinostat,CHEMBL483254,CHEMBL325,Q13547,Histone deacetylase 1,Ki,0.54,9.27,CHEMBL4236282
Panobinostat,CHEMBL483254,CHEMBL325,Q13547,Histone deacetylase 1,Ki,3.0,8.52,CHEMBL4236284
Panobinostat,CHEMBL483254,CHEMBL1937,Q92769,Histone deacetylase 2,Ki,22.0,7.66,CHEMBL4236285
Pazopanib (GW786034),CHEMBL477772,CHEMBL1868,P17948,Vascular endothelial growth factor receptor 1,IC50,10.0,8.0,CHEMBL981070
Pazopanib (GW786034),CHEMBL477772,CHEMBL279,P35968,Vascular endothelial growth factor receptor 2,IC50,30.0,7.52,CHEMBL981072
Pazopanib (GW786034),CHEMBL477772,CHEMBL1955,P35916,Vascular endothelial growth factor receptor 3,IC50,47.0,7.33,CHEMBL981077
Pazopanib (GW786034),CHEMBL477772,CHEMBL1913,P09619,Platelet-derived growth factor receptor beta,IC50,84.0,7.08,CHEMBL981078
Pazopanib (GW786034),CHEMBL477772,CHEMBL1936,P10721,Mast/stem cell growth factor receptor Kit,IC50,74.0,7.13,CHEMBL981079
Pazopanib (GW786034),CHEMBL477772,CHEMBL3650,P11362,Fibroblast growth factor receptor 1,IC50,140.0,6.85,CHEMBL981080
Pazopanib (GW786034),CHEMBL477772,CHEMBL1844,P07333,Macrophage colony-stimulating factor 1 receptor,IC50,146.0,6.84,CHEMBL981081
Pazopanib (GW786034),CHEMBL477772,CHEMBL279,P35968,Vascular endothelial growth factor receptor 2,IC50,8.0,8.1,CHEMBL981082
Pazopanib (GW786034),CHEMBL477772,CHEMBL1974,P36888,Receptor-type tyrosine-protein kinase FLT3,Kd,2500.0,5.6,CHEMBL1063729
Pazopanib (GW786034),CHEMBL477772,CHEMBL1974,P36888,Receptor-type tyrosine-protein kinase FLT3,Kd,1600.0,5.8,CHEMBL1061073
Pazopanib (GW786034),CHEMBL477772,CHEMBL1955,P35916,Vascular endothelial growth factor receptor 3,Kd,27.0,7.57,CHEMBL1060246
Pazopanib (GW786034),CHEMBL477772,CHEMBL4223,P42685,Tyrosine-protein kinase FRK,Kd,750.0,6.12,CHEMBL1060247
Pazopanib (GW786034),CHEMBL477772,CHEMBL2999,O75914,Serine/threonine-protein kinase PAK 3,Kd,10000.0,5.0,CHEMBL1062779
Pazopanib (GW786034),CHEMBL477772,CHEMBL5790,Q00537,Cyclin-dependent kinase 17,Kd,10000.0,5.0,CHEMBL1051349
Pazopanib (GW786034),CHEMBL477772,CHEMBL5316,Q07002,Cyclin-dependent kinase 18,Kd,10000.0,5.0,CHEMBL1062782
Pazopanib (GW786034),CHEMBL477772,CHEMBL2534,O15530,3-phosphoinositide-dependent protein kinase 1,Kd,10000.0,5.0,CHEMBL1061922
Pazopanib (GW786034),CHEMBL477772,CHEMBL6162,O94921,Cyclin-dependent kinase 14,Kd,10000.0,5.0,CHEMBL1051350
Pazopanib (GW786034),CHEMBL477772,CHEMBL4004,Q16816,"Phosphorylase b kinase gamma catalytic chain, skeletal muscle/heart isoform",Kd,10000.0,5.0,CHEMBL1061153
Pazopanib (GW786034),CHEMBL477772,CHEMBL5969,Q99755,Phosphatidylinositol 4-phosphate 5-kinase type-1 alpha,Kd,10000.0,5.0,CHEMBL1061923
Pazopanib (GW786034),CHEMBL477772,CHEMBL4924,Q9UK32,Ribosomal protein S6 kinase alpha-6,Kd,10000.0,5.0,CHEMBL1039275
Pazopanib (GW786034),CHEMBL477772,CHEMBL4924,Q9UK32,Ribosomal protein S6 kinase alpha-6,Kd,10000.0,5.0,CHEMBL1061926
Pazopanib (GW786034),CHEMBL477772,CHEMBL5426,Q86YV6,Myosin light chain kinase family member 4,Kd,10000.0,5.0,CHEMBL1051352
Pazopanib (GW786034),CHEMBL477772,CHEMBL4202,Q9H2G2,STE20-like serine/threonine-protein kinase,Kd,10000.0,5.0,CHEMBL1062787
Pazopanib (GW786034),CHEMBL477772,CHEMBL279,P35968,Vascular endothelial growth factor receptor 2,Kd,14.0,7.85,CHEMBL1051261
Pazopanib (GW786034),CHEMBL477772,CHEMBL5491,P30291,Wee1-like protein kinase,Kd,10000.0,5.0,CHEMBL1061935
Pazopanib (GW786034),CHEMBL477772,CHEMBL5405,Q86UX6,Serine/threonine-protein kinase 32C,Kd,10000.0,5.0,CHEMBL1062789
Pazopanib (GW786034),CHEMBL477772,CHEMBL2073,P07947,Tyrosine-protein kinase Yes,Kd,5000.0,5.3,CHEMBL1051262
Pazopanib (GW786034),CHEMBL477772,CHEMBL5552,O00506,Serine/threonine-protein kinase 25,Kd,10000.0,5.0,CHEMBL1051263
Pazopanib (GW786034),CHEMBL477772,CHEMBL3886,Q9NYL2,Mitogen-activated protein kinase kinase kinase 20,Kd,10000.0,5.0,CHEMBL1051317
Pazopanib (GW786034),CHEMBL477772,CHEMBL2803,P43403,Tyrosine-protein kinase ZAP-70,Kd,10000.0,5.0,CHEMBL1061189
Pazopanib (GW786034),CHEMBL477772,CHEMBL5667,P78356,Phosphatidylinositol 5-phosphate 4-kinase type-2 beta,Kd,10000.0,5.0,CHEMBL1062784
Pazopanib (GW786034),CHEMBL477772,CHEMBL2918,P22694,cAMP-dependent protein kinase catalytic subunit beta,Kd,10000.0,5.0,CHEMBL1039274
Pazopanib (GW786034),CHEMBL477772,CHEMBL5818,P51817,cAMP-dependent protein kinase catalytic subunit PRKX,Kd,10000.0,5.0,CHEMBL1061157
Pazopanib (GW786034),CHEMBL477772,CHEMBL5469,Q14289,Protein-tyrosine kinase 2-beta,Kd,10000.0,5.0,CHEMBL1061158
Pazopanib (GW786034),CHEMBL477772,CHEMBL5975,Q9BRS2,Serine/threonine-protein kinase RIO1,Kd,10000.0,5.0,CHEMBL1051258
Pazopanib (GW786034),CHEMBL477772,CHEMBL4226,P49761,Dual specificity protein kinase CLK3,Kd,10000.0,5.0,CHEMBL1060240
Pazopanib (GW786034),CHEMBL477772,CHEMBL2634,P41240,Tyrosine-protein kinase CSK,Kd,10000.0,5.0,CHEMBL1037547
Pazopanib (GW786034),CHEMBL477772,CHEMBL5520,Q8N752,Casein kinase I isoform alpha-like,Kd,10000.0,5.0,CHEMBL1063703
Pazopanib (GW786034),CHEMBL477772,CHEMBL2828,P48730,Casein kinase I isoform delta,Kd,10000.0,5.0,CHEMBL1050829
Pazopanib (GW786034),CHEMBL477772,CHEMBL4937,P49674,Casein kinase I isoform epsilon,Kd,10000.0,5.0,CHEMBL1050834
Pazopanib (GW786034),CHEMBL477772,CHEMBL2543,P78368,Casein kinase I isoform gamma-2,Kd,10000.0,5.0,CHEMBL1063704
Pazopanib (GW786034),CHEMBL477772,CHEMBL5084,Q9Y6M4,Casein kinase I isoform gamma-3,Kd,10000.0,5.0,CHEMBL1051284
Pazopanib (GW786034),CHEMBL477772,CHEMBL4128,Q02763,Angiopoietin-1 receptor,Kd,10000.0,5.0,CHEMBL1051315
Pazopanib (GW786034),CHEMBL477772,CHEMBL5388,Q9UKI8,Serine/threonine-protein kinase tousled-like 1,Kd,10000.0,5.0,CHEMBL1061931
Pazopanib (GW786034),CHEMBL477772,CHEMBL5404,Q86UE8,Serine/threonine-protein kinase tousled-like 2,Kd,10000.0,5.0,CHEMBL1061984
Pazopanib (GW786034),CHEMBL477772,CHEMBL4527,Q9UKE5,TRAF2 and NCK-interacting protein kinase,Kd,310.0,6.51,CHEMBL1062874
Pazopanib (GW786034),CHEMBL477772,CHEMBL4599,Q07912,Activated CDC42 kinase 1,Kd,10000.0,5.0,CHEMBL1051355
Pazopanib (GW786034),CHEMBL477772,CHEMBL2815,P04629,High affinity nerve growth factor receptor,Kd,10000.0,5.0,CHEMBL1061933
Pazopanib (GW786034),CHEMBL477772,CHEMBL4898,Q16620,BDNF/NT-3 growth factors receptor,Kd,10000.0,5.0,CHEMBL1062875
Pazopanib (GW786034),CHEMBL477772,CHEMBL5608,Q16288,NT-3 growth factor receptor,Kd,10000.0,5.0,CHEMBL1041998
Pazopanib (GW786034),CHEMBL477772,CHEMBL3983,P33981,Dual specificity protein kinase TTK,Kd,150.0,6.82,CHEMBL1061934
Pazopanib (GW786034),CHEMBL477772,CHEMBL4367,P42681,Tyrosine-protein kinase TXK,Kd,2600.0,5.59,CHEMBL1061187
Pazopanib (GW786034),CHEMBL477772,CHEMBL3629,P68400,Casein kinase II subunit alpha,Kd,10000.0,5.0,CHEMBL1060241
Pazopanib (GW786034),CHEMBL477772,CHEMBL4070,P19784,Casein kinase II subunit alpha',Kd,10000.0,5.0,CHEMBL1061141
Pazopanib (GW786034),CHEMBL477772,CHEMBL3123,Q9UIK4,Death-associated protein kinase 2,Kd,10000.0,5.0,CHEMBL1053760
Pazopanib (GW786034),CHEMBL477772,CHEMBL2468,O43293,Death-associated protein kinase 3,Kd,10000.0,5.0,CHEMBL1060181
Pazopanib (GW786034),CHEMBL477772,CHEMBL3980,O94768,Serine/threonine-protein kinase 17B,Kd,10000.0,5.0,CHEMBL1060189
Pazopanib (GW786034),CHEMBL477772,CHEMBL5543,Q9Y463,Dual specificity tyrosine-phosphorylation-regulated kinase 1B,Kd,10000.0,5.0,CHEMBL1060243
Pazopanib (GW786034),CHEMBL477772,CHEMBL3385,P27361,Mitogen-activated protein kinase 3,Kd,10000.0,5.0,CHEMBL1037552
Pazopanib (GW786034),CHEMBL477772,CHEMBL4040,P28482,Mitogen-activated protein kinase 1,Kd,10000.0,5.0,CHEMBL1063798
Pazopanib (GW786034),CHEMBL477772,CHEMBL2850,P49840,Glycogen synthase kinase-3 alpha,Kd,10000.0,5.0,CHEMBL1061900
Pazopanib (GW786034),CHEMBL477772,CHEMBL262,P49841,Glycogen synthase kinase-3 beta,Kd,10000.0,5.0,CHEMBL1061074
Pazopanib (GW786034),CHEMBL477772,CHEMBL3529,Q14164,Inhibitor of nuclear factor kappa-B kinase subunit epsilon,Kd,10000.0,5.0,CHEMBL1050835
Pazopanib (GW786034),CHEMBL477772,CHEMBL3553,P29597,Non-receptor tyrosine-protein kinase TYK2,Kd,10000.0,5.0,CHEMBL1061188
Pazopanib (GW786034),CHEMBL477772,CHEMBL5314,Q06418,Tyrosine-protein kinase receptor TYRO3,Kd,10000.0,5.0,CHEMBL1051260
Pazopanib (GW786034),CHEMBL477772,CHEMBL2276,P45983,Mitogen-activated protein kinase 8,Kd,10000.0,5.0,CHEMBL1061076
Pazopanib (GW786034),CHEMBL477772,CHEMBL4179,P45984,Mitogen-activated protein kinase 9,Kd,10000.0,5.0,CHEMBL1060196
Pazopanib (GW786034),CHEMBL477772,CHEMBL3836,P53667,LIM domain kinase 1,Kd,720.0,6.14,CHEMBL1061902
Pazopanib (GW786034),CHEMBL477772,CHEMBL5932,P53671,LIM domain kinase 2,Kd,390.0,6.41,CHEMBL1063714
Pazopanib (GW786034),CHEMBL477772,CHEMBL5606,Q15831,Serine/threonine-protein kinase STK11,Kd,10000.0,5.0,CHEMBL1051288
Pazopanib (GW786034),CHEMBL477772,CHEMBL5600,P27448,MAP/microtubule affinity-regulating kinase 3,Kd,4000.0,5.4,CHEMBL1063802
Pazopanib (GW786034),CHEMBL477772,CHEMBL3587,Q02750,Dual specificity mitogen-activated protein kinase kinase 1,Kd,10000.0,5.0,CHEMBL1061906
Pazopanib (GW786034),CHEMBL477772,CHEMBL2964,P36507,Dual specificity mitogen-activated protein kinase kinase 2,Kd,10000.0,5.0,CHEMBL1061079
Pazopanib (GW786034),CHEMBL477772,CHEMBL2109,P46734,Dual specificity mitogen-activated protein kinase kinase 3,Kd,10000.0,5.0,CHEMBL1060250
Pazopanib (GW786034),CHEMBL477772,CHEMBL4578,Q14680,Maternal embryonic leucine zipper kinase,Kd,10000.0,5.0,CHEMBL1063803
Pazopanib (GW786034),CHEMBL477772,CHEMBL4718,Q9BUB5,MAP kinase-interacting serine/threonine-protein kinase 1,Kd,10000.0,5.0,CHEMBL1063804
Pazopanib (GW786034),CHEMBL477772,CHEMBL3830,Q2M2I8,AP2-associated protein kinase 1,Kd,2900.0,5.54,CHEMBL1037546
Pazopanib (GW786034),CHEMBL477772,CHEMBL1862,P00519,Tyrosine-protein kinase ABL1,Kd,1700.0,5.77,CHEMBL1061129
Pazopanib (GW786034),CHEMBL477772,CHEMBL1862,P00519,Tyrosine-protein kinase ABL1,Kd,10000.0,5.0,CHEMBL1063789
Pazopanib (GW786034),CHEMBL477772,CHEMBL4598,Q13043,Serine/threonine-protein kinase 4,Kd,10000.0,5.0,CHEMBL1061178
Pazopanib (GW786034),CHEMBL477772,CHEMBL5941,Q9P289,Serine/threonine-protein kinase 26,Kd,10000.0,5.0,CHEMBL1063806
Pazopanib (GW786034),CHEMBL477772,CHEMBL4849,Q8TDX7,Serine/threonine-protein kinase Nek7,Kd,10000.0,5.0,CHEMBL1063808
Pazopanib (GW786034),CHEMBL477772,CHEMBL5364,Q9UBE8,Serine/threonine-protein kinase NLK,Kd,4400.0,5.36,CHEMBL1063809
Pazopanib (GW786034),CHEMBL477772,CHEMBL260,Q16539,Mitogen-activated protein kinase 14,Kd,10000.0,5.0,CHEMBL1061091
Pazopanib (GW786034),CHEMBL477772,CHEMBL3961,Q15759,Mitogen-activated protein kinase 11,Kd,10000.0,5.0,CHEMBL1062864
Pazopanib (GW786034),CHEMBL477772,CHEMBL4674,P53778,Mitogen-activated protein kinase 12,Kd,10000.0,5.0,CHEMBL1061183
Pazopanib (GW786034),CHEMBL477772,CHEMBL3234,P08631,Tyrosine-protein kinase HCK,Kd,10000.0,5.0,CHEMBL1063730
Pazopanib (GW786034),CHEMBL477772,CHEMBL1957,P08069,Insulin-like growth factor 1 receptor,Kd,10000.0,5.0,CHEMBL1061075
Pazopanib (GW786034),CHEMBL477772,CHEMBL1981,P06213,Insulin receptor,Kd,10000.0,5.0,CHEMBL1060195
Pazopanib (GW786034),CHEMBL477772,CHEMBL5483,P14616,Insulin receptor-related protein,Kd,10000.0,5.0,CHEMBL1061175
Pazopanib (GW786034),CHEMBL477772,CHEMBL1862,P00519,Tyrosine-protein kinase ABL1,Kd,10000.0,5.0,CHEMBL1060174
Pazopanib (GW786034),CHEMBL477772,CHEMBL1862,P00519,Tyrosine-protein kinase ABL1,Kd,10000.0,5.0,CHEMBL1062829
Pazopanib (GW786034),CHEMBL477772,CHEMBL1862,P00519,Tyrosine-protein kinase ABL1,Kd,10000.0,5.0,CHEMBL1062830
Pazopanib (GW786034),CHEMBL477772,CHEMBL1862,P00519,Tyrosine-protein kinase ABL1,Kd,3400.0,5.47,CHEMBL1051277
Pazopanib (GW786034),CHEMBL477772,CHEMBL1862,P00519,Tyrosine-protein kinase ABL1,Kd,10000.0,5.0,CHEMBL1061130
Pazopanib (GW786034),CHEMBL477772,CHEMBL4014,P42684,Tyrosine-protein kinase ABL2,Kd,3000.0,5.52,CHEMBL1061131
Pazopanib (GW786034),CHEMBL477772,CHEMBL5903,Q04771,Activin receptor type-1,Kd,10000.0,5.0,CHEMBL1063697
Pazopanib (GW786034),CHEMBL477772,CHEMBL5081,Q9Y616,Interleukin-1 receptor-associated kinase 3,Kd,800.0,6.1,CHEMBL1062842
Pazopanib (GW786034),CHEMBL477772,CHEMBL2959,Q08881,Tyrosine-protein kinase ITK/TSK,Kd,10000.0,5.0,CHEMBL1063712
Pazopanib (GW786034),CHEMBL477772,CHEMBL2835,P23458,Tyrosine-protein kinase JAK1,Kd,10000.0,5.0,CHEMBL1057717
Pelitinib (EKB-569),CHEMBL607707,CHEMBL203,P00533,Epidermal growth factor receptor,IC50,83.0,7.08,CHEMBL683041
Pelitinib (EKB-569),CHEMBL607707,CHEMBL1824,P04626,Receptor tyrosine-protein kinase erbB-2,IC50,1229.0,5.91,CHEMBL698843
Pelitinib (EKB-569),CHEMBL607707,CHEMBL203,P00533,Epidermal growth factor receptor,IC50,80.0,7.1,CHEMBL680028
Pelitinib (EKB-569),CHEMBL607707,CHEMBL1824,P04626,Receptor tyrosine-protein kinase erbB-2,IC50,1230.0,5.91,CHEMBL769139
Pelitinib (EKB-569),CHEMBL607707,CHEMBL614069,,A-431,IC50,80.0,7.1,CHEMBL620834
Pelitinib (EKB-569),CHEMBL607707,CHEMBL612262,,SW-620,IC50,680.0,6.17,CHEMBL805740
Pelitinib (EKB-569),CHEMBL607707,CHEMBL203,P00533,Epidermal growth factor receptor,IC50,14.5,7.84,CHEMBL677385
Pelitinib (EKB-569),CHEMBL607707,CHEMBL203,P00533,Epidermal growth factor receptor,IC50,97.6,7.01,CHEMBL677384
Pelitinib (EKB-569),CHEMBL607707,CHEMBL203,P00533,Epidermal growth factor receptor,IC50,80.0,7.1,CHEMBL680027
Pelitinib (EKB-569),CHEMBL607707,CHEMBL1824,P04626,Receptor tyrosine-protein kinase erbB-2,IC50,1230.0,5.91,CHEMBL874202
Pelitinib (EKB-569),CHEMBL607707,CHEMBL203,P00533,Epidermal growth factor receptor,IC50,80.0,7.1,CHEMBL873338
Pelitinib (EKB-569),CHEMBL607707,CHEMBL614069,,A-431,IC50,10.0,8.0,CHEMBL834295
Pelitinib (EKB-569),CHEMBL607707,CHEMBL613834,,SK-BR-3,IC50,680.0,6.17,CHEMBL833864
Pelitinib (EKB-569),CHEMBL607707,CHEMBL612262,,SW-620,IC50,680.0,6.17,CHEMBL833865
Pelitinib (EKB-569),CHEMBL607707,CHEMBL4597,Q00536,Cyclin-dependent kinase 16,Kd,10000.0,5.0,CHEMBL860663
Pelitinib (EKB-569),CHEMBL607707,CHEMBL5284,Q96RR4,Calcium/calmodulin-dependent protein kinase kinase 2,Kd,2200.0,5.66,CHEMBL860655
Pelitinib (EKB-569),CHEMBL607707,CHEMBL4226,P49761,Dual specificity protein kinase CLK3,Kd,2100.0,5.68,CHEMBL860772
Pelitinib (EKB-569),CHEMBL607707,CHEMBL4355,O14976,Cyclin-G-associated kinase,Kd,1.5,8.82,CHEMBL860789
Pelitinib (EKB-569),CHEMBL607707,CHEMBL4225,P49760,Dual specificity protein kinase CLK2,Kd,700.0,6.15,CHEMBL860773
Pelitinib (EKB-569),CHEMBL607707,CHEMBL3906,Q15349,Ribosomal protein S6 kinase alpha-2,Kd,8100.0,5.09,CHEMBL860804
Pelitinib (EKB-569),CHEMBL607707,CHEMBL2349,P15735,"Phosphorylase b kinase gamma catalytic chain, liver/testis isoform",Kd,2500.0,5.6,CHEMBL860795
Pelitinib (EKB-569),CHEMBL607707,CHEMBL4224,P49759,Dual specificity protein kinase CLK1,Kd,1000.0,6.0,CHEMBL860774
Pelitinib (EKB-569),CHEMBL607707,CHEMBL5072,P54762,Ephrin type-B receptor 1,Kd,4200.0,5.38,CHEMBL860665
Pelitinib (EKB-569),CHEMBL607707,CHEMBL3987,P54756,Ephrin type-A receptor 5,Kd,710.0,6.15,CHEMBL860666
Pelitinib (EKB-569),CHEMBL607707,CHEMBL3980,O94768,Serine/threonine-protein kinase 17B,Kd,1300.0,5.89,CHEMBL860782
Pelitinib (EKB-569),CHEMBL607707,CHEMBL4937,P49674,Casein kinase I isoform epsilon,Kd,97.0,7.01,CHEMBL860902
Pelitinib (EKB-569),CHEMBL607707,CHEMBL4203,Q9HAZ1,Dual specificity protein kinase CLK4,Kd,2900.0,5.54,CHEMBL860652
Pelitinib (EKB-569),CHEMBL607707,CHEMBL1862,P00519,Tyrosine-protein kinase ABL1,Kd,220.0,6.66,CHEMBL859868
Pelitinib (EKB-569),CHEMBL607707,CHEMBL3981,O94804,Serine/threonine-protein kinase 10,Kd,110.0,6.96,CHEMBL860781
Pelitinib (EKB-569),CHEMBL607707,CHEMBL1862,P00519,Tyrosine-protein kinase ABL1,Kd,300.0,6.52,CHEMBL859873
Pelitinib (EKB-569),CHEMBL607707,CHEMBL1862,P00519,Tyrosine-protein kinase ABL1,Kd,130.0,6.89,CHEMBL859872
Pelitinib (EKB-569),CHEMBL607707,CHEMBL4526,Q9UF33,Ephrin type-A receptor 6,Kd,4100.0,5.39,CHEMBL859486
Pelitinib (EKB-569),CHEMBL607707,CHEMBL4223,P42685,Tyrosine-protein kinase FRK,Kd,190.0,6.72,CHEMBL860775
Pelitinib (EKB-569),CHEMBL607707,CHEMBL1862,P00519,Tyrosine-protein kinase ABL1,Kd,160.0,6.8,CHEMBL859869
Pelitinib (EKB-569),CHEMBL607707,CHEMBL1862,P00519,Tyrosine-protein kinase ABL1,Kd,110.0,6.96,CHEMBL861044
Pelitinib (EKB-569),CHEMBL607707,CHEMBL4134,P29322,Ephrin type-A receptor 8,Kd,400.0,6.4,CHEMBL860777
Pelitinib (EKB-569),CHEMBL607707,CHEMBL1862,P00519,Tyrosine-protein kinase ABL1,Kd,170.0,6.77,CHEMBL859871
Pelitinib (EKB-569),CHEMBL607707,CHEMBL2777,Q9H1R3,"Myosin light chain kinase 2, skeletal/cardiac muscle",Kd,1800.0,5.74,CHEMBL860800
Pelitinib (EKB-569),CHEMBL607707,CHEMBL4014,P42684,Tyrosine-protein kinase ABL2,Kd,160.0,6.8,CHEMBL860899
Pelitinib (EKB-569),CHEMBL607707,CHEMBL4202,Q9H2G2,STE20-like serine/threonine-protein kinase,Kd,250.0,6.6,CHEMBL860653
Pelitinib (EKB-569),CHEMBL607707,CHEMBL4852,Q9Y4K4,Mitogen-activated protein kinase kinase kinase kinase 5,Kd,3.7,8.43,CHEMBL860642
Pelitinib (EKB-569),CHEMBL607707,CHEMBL4128,Q02763,Angiopoietin-1 receptor,Kd,2900.0,5.54,CHEMBL860794
Pelitinib (EKB-569),CHEMBL607707,CHEMBL5147,P54760,Ephrin type-B receptor 4,Kd,1300.0,5.89,CHEMBL860636
Pelitinib (EKB-569),CHEMBL607707,CHEMBL1862,P00519,Tyrosine-protein kinase ABL1,Kd,540.0,6.27,CHEMBL859870
Pelitinib (EKB-569),CHEMBL607707,CHEMBL4312,Q9NRP7,Serine/threonine-protein kinase 36,Kd,1200.0,5.92,CHEMBL860647
Pelitinib (EKB-569),CHEMBL607707,CHEMBL4954,P29320,Ephrin type-A receptor 3,Kd,4100.0,5.39,CHEMBL860778
Pelitinib (EKB-569),CHEMBL607707,CHEMBL258,P06239,Tyrosine-protein kinase Lck,Kd,44.0,7.36,CHEMBL860915
Pelitinib (EKB-569),CHEMBL607707,CHEMBL4598,Q13043,Serine/threonine-protein kinase 4,Kd,3900.0,5.41,CHEMBL860661
Pelitinib (EKB-569),CHEMBL607707,CHEMBL3830,Q2M2I8,AP2-associated protein kinase 1,Kd,2300.0,5.64,CHEMBL860786
Pelitinib (EKB-569),CHEMBL607707,CHEMBL2468,O43293,Death-associated protein kinase 3,Kd,4100.0,5.39,CHEMBL860917
Pelitinib (EKB-569),CHEMBL607707,CHEMBL4522,Q9NSY1,BMP-2-inducible protein kinase,Kd,540.0,6.27,CHEMBL860646
Pelitinib (EKB-569),CHEMBL607707,CHEMBL5073,Q8IU85,Calcium/calmodulin-dependent protein kinase type 1D,Kd,3800.0,5.42,CHEMBL860659
Pelitinib (EKB-569),CHEMBL607707,CHEMBL4004,Q16816,"Phosphorylase b kinase gamma catalytic chain, skeletal muscle/heart isoform",Kd,1500.0,5.82,CHEMBL860897
Pelitinib (EKB-569),CHEMBL607707,CHEMBL3234,P08631,Tyrosine-protein kinase HCK,Kd,2300.0,5.64,CHEMBL860887
Pelitinib (EKB-569),CHEMBL607707,CHEMBL4527,Q9UKE5,TRAF2 and NCK-interacting protein kinase,Kd,45.0,7.35,CHEMBL859485
Pelitinib (EKB-569),CHEMBL607707,CHEMBL4525,Q9UEE5,Serine/threonine-protein kinase 17A,Kd,57.0,7.24,CHEMBL859487
Pelitinib (EKB-569),CHEMBL607707,CHEMBL2073,P07947,Tyrosine-protein kinase Yes,Kd,840.0,6.08,CHEMBL859642
Pelitinib (EKB-569),CHEMBL607707,CHEMBL3835,P51955,Serine/threonine-protein kinase Nek2,Kd,140.0,6.85,CHEMBL860668
Pelitinib (EKB-569),CHEMBL607707,CHEMBL3905,P07948,Tyrosine-protein kinase Lyn,Kd,960.0,6.02,CHEMBL860805
Pelitinib (EKB-569),CHEMBL607707,CHEMBL2695,Q05397,Focal adhesion kinase 1,Kd,4400.0,5.36,CHEMBL860898
Pelitinib (EKB-569),CHEMBL607707,CHEMBL2971,O60674,Tyrosine-protein kinase JAK2,Kd,2000.0,5.7,CHEMBL860903
Pelitinib (EKB-569),CHEMBL607707,CHEMBL3982,P16591,Tyrosine-protein kinase Fer,Kd,250.0,6.6,CHEMBL860780
Pelitinib (EKB-569),CHEMBL607707,CHEMBL4851,Q9Y2H1,Serine/threonine-protein kinase 38-like,Kd,3100.0,5.51,CHEMBL861050
Pelitinib (EKB-569),CHEMBL607707,CHEMBL4599,Q07912,Activated CDC42 kinase 1,Kd,890.0,6.05,CHEMBL860662
Pelitinib (EKB-569),CHEMBL607707,CHEMBL267,P12931,Proto-oncogene tyrosine-protein kinase Src,Kd,120.0,6.92,CHEMBL861049
Pelitinib (EKB-569),CHEMBL607707,CHEMBL4853,Q9Y6R4,Mitogen-activated protein kinase kinase kinase 4,Kd,130.0,6.89,CHEMBL860641
Pelitinib (EKB-569),CHEMBL607707,CHEMBL1841,P06241,Tyrosine-protein kinase Fyn,Kd,1600.0,5.8,CHEMBL860888
Pelitinib (EKB-569),CHEMBL607707,CHEMBL203,P00533,Epidermal growth factor receptor,Kd,1.0,9.0,CHEMBL859867
Pelitinib (EKB-569),CHEMBL607707,CHEMBL1824,P04626,Receptor tyrosine-protein kinase erbB-2,Kd,77.0,7.11,CHEMBL860920
Pelitinib (EKB-569),CHEMBL607707,CHEMBL3984,Q99640,Membrane-associated tyrosine- and threonine-specific cdc2-inhibitory kinase,Kd,930.0,6.03,CHEMBL861047
Pelitinib (EKB-569),CHEMBL607707,CHEMBL2599,P43405,Tyrosine-protein kinase SYK,Kd,1200.0,5.92,CHEMBL860905
Pelitinib (EKB-569),CHEMBL607707,CHEMBL5251,Q06187,Tyrosine-protein kinase BTK,Kd,1500.0,5.82,CHEMBL860638
Pelitinib (EKB-569),CHEMBL607707,CHEMBL4600,Q13153,Serine/threonine-protein kinase PAK 1,Kd,2100.0,5.68,CHEMBL861046
Pelitinib (EKB-569),CHEMBL607707,CHEMBL2634,P41240,Tyrosine-protein kinase CSK,Kd,2300.0,5.64,CHEMBL860907
Pelitinib (EKB-569),CHEMBL607707,CHEMBL203,P00533,Epidermal growth factor receptor,IC50,0.6,9.22,CHEMBL892951
Pelitinib (EKB-569),CHEMBL607707,CHEMBL203,P00533,Epidermal growth factor receptor,IC50,34.9,7.46,CHEMBL892954
Pelitinib (EKB-569),CHEMBL607707,CHEMBL279,P35968,Vascular endothelial growth factor receptor 2,IC50,3131.0,5.5,CHEMBL892958
Pelitinib (EKB-569),CHEMBL607707,CHEMBL279,P35968,Vascular endothelial growth factor receptor 2,IC50,10000.0,5.0,CHEMBL892960
Pelitinib (EKB-569),CHEMBL607707,CHEMBL203,P00533,Epidermal growth factor receptor,IC50,38.5,7.41,CHEMBL1003097
Pelitinib (EKB-569),CHEMBL607707,CHEMBL1974,P36888,Receptor-type tyrosine-protein kinase FLT3,Kd,10000.0,5.0,CHEMBL1063729
Pelitinib (EKB-569),CHEMBL607707,CHEMBL1974,P36888,Receptor-type tyrosine-protein kinase FLT3,Kd,2000.0,5.7,CHEMBL1061073
Pelitinib (EKB-569),CHEMBL607707,CHEMBL1955,P35916,Vascular endothelial growth factor receptor 3,Kd,10000.0,5.0,CHEMBL1060246
Pelitinib (EKB-569),CHEMBL607707,CHEMBL4223,P42685,Tyrosine-protein kinase FRK,Kd,680.0,6.17,CHEMBL1060247
Pelitinib (EKB-569),CHEMBL607707,CHEMBL2999,O75914,Serine/threonine-protein kinase PAK 3,Kd,10000.0,5.0,CHEMBL1062779
Pelitinib (EKB-569),CHEMBL607707,CHEMBL5790,Q00537,Cyclin-dependent kinase 17,Kd,10000.0,5.0,CHEMBL1051349
Pelitinib (EKB-569),CHEMBL607707,CHEMBL5316,Q07002,Cyclin-dependent kinase 18,Kd,10000.0,5.0,CHEMBL1062782
Pelitinib (EKB-569),CHEMBL607707,CHEMBL2534,O15530,3-phosphoinositide-dependent protein kinase 1,Kd,10000.0,5.0,CHEMBL1061922
Pelitinib (EKB-569),CHEMBL607707,CHEMBL6162,O94921,Cyclin-dependent kinase 14,Kd,10000.0,5.0,CHEMBL1051350
Pelitinib (EKB-569),CHEMBL607707,CHEMBL4004,Q16816,"Phosphorylase b kinase gamma catalytic chain, skeletal muscle/heart isoform",Kd,3500.0,5.46,CHEMBL1061153
Pelitinib (EKB-569),CHEMBL607707,CHEMBL5969,Q99755,Phosphatidylinositol 4-phosphate 5-kinase type-1 alpha,Kd,10000.0,5.0,CHEMBL1061923
Pelitinib (EKB-569),CHEMBL607707,CHEMBL5667,P78356,Phosphatidylinositol 5-phosphate 4-kinase type-2 beta,Kd,2600.0,5.59,CHEMBL1062784
Pelitinib (EKB-569),CHEMBL607707,CHEMBL4924,Q9UK32,Ribosomal protein S6 kinase alpha-6,Kd,10000.0,5.0,CHEMBL1039275
Pelitinib (EKB-569),CHEMBL607707,CHEMBL4924,Q9UK32,Ribosomal protein S6 kinase alpha-6,Kd,10000.0,5.0,CHEMBL1061926
Pelitinib (EKB-569),CHEMBL607707,CHEMBL5426,Q86YV6,Myosin light chain kinase family member 4,Kd,10000.0,5.0,CHEMBL1051352
Pelitinib (EKB-569),CHEMBL607707,CHEMBL4202,Q9H2G2,STE20-like serine/threonine-protein kinase,Kd,360.0,6.44,CHEMBL1062787
Pelitinib (EKB-569),CHEMBL607707,CHEMBL279,P35968,Vascular endothelial growth factor receptor 2,Kd,10000.0,5.0,CHEMBL1051261
Pelitinib (EKB-569),CHEMBL607707,CHEMBL5491,P30291,Wee1-like protein kinase,Kd,770.0,6.11,CHEMBL1061935
Pelitinib (EKB-569),CHEMBL607707,CHEMBL5405,Q86UX6,Serine/threonine-protein kinase 32C,Kd,10000.0,5.0,CHEMBL1062789
Pelitinib (EKB-569),CHEMBL607707,CHEMBL2073,P07947,Tyrosine-protein kinase Yes,Kd,1100.0,5.96,CHEMBL1051262
Pelitinib (EKB-569),CHEMBL607707,CHEMBL5552,O00506,Serine/threonine-protein kinase 25,Kd,3400.0,5.47,CHEMBL1051263
Perhexiline maleate,CHEMBL1334033,CHEMBL6089,P61088,Ubiquitin-conjugating enzyme E2 N,IC50,20000.0,4.7,CHEMBL1738239
Perhexiline maleate,CHEMBL1334033,CHEMBL1741214,Q9C000,"NACHT, LRR and PYD domains-containing protein 1",IC50,12900.0,4.89,CHEMBL1738356
Perhexiline maleate,CHEMBL1334033,CHEMBL1075322,Q9Y2T6,G-protein coupled receptor 55,IC50,3188.77,5.5,CHEMBL1614165
Ponatinib (AP24534),CHEMBL1171837,CHEMBL1862,P00519,Tyrosine-protein kinase ABL1,IC50,8.6,8.07,CHEMBL1176860
Ponatinib (AP24534),CHEMBL1171837,CHEMBL1862,P00519,Tyrosine-protein kinase ABL1,IC50,40.0,7.4,CHEMBL1176861
Ponatinib (AP24534),CHEMBL1171837,CHEMBL1862,P00519,Tyrosine-protein kinase ABL1,IC50,0.37,9.43,CHEMBL1176866
Ponatinib (AP24534),CHEMBL1171837,CHEMBL1862,P00519,Tyrosine-protein kinase ABL1,IC50,2.0,8.7,CHEMBL1176867
Ponatinib (AP24534),CHEMBL1171837,CHEMBL1862,P00519,Tyrosine-protein kinase ABL1,IC50,40.0,7.4,CHEMBL1787641
Ponatinib (AP24534),CHEMBL1171837,CHEMBL1862,P00519,Tyrosine-protein kinase ABL1,IC50,8.6,8.07,CHEMBL1787640
Ponatinib (AP24534),CHEMBL1171837,CHEMBL1862,P00519,Tyrosine-protein kinase ABL1,IC50,0.5,9.3,CHEMBL2320765
Ponatinib (AP24534),CHEMBL1171837,CHEMBL1862,P00519,Tyrosine-protein kinase ABL1,IC50,0.41,9.39,CHEMBL2320766
Ponatinib (AP24534),CHEMBL1171837,CHEMBL1862,P00519,Tyrosine-protein kinase ABL1,IC50,0.43,9.37,CHEMBL2320767
Ponatinib (AP24534),CHEMBL1171837,CHEMBL1862,P00519,Tyrosine-protein kinase ABL1,IC50,0.32,9.49,CHEMBL2320769
Ponatinib (AP24534),CHEMBL1171837,CHEMBL1862,P00519,Tyrosine-protein kinase ABL1,IC50,1.43,8.84,CHEMBL2320768
Ponatinib (AP24534),CHEMBL1171837,CHEMBL1862,P00519,Tyrosine-protein kinase ABL1,IC50,1.08,8.97,CHEMBL2320770
Ponatinib (AP24534),CHEMBL1171837,CHEMBL1862,P00519,Tyrosine-protein kinase ABL1,IC50,1.39,8.86,CHEMBL2320771
Ponatinib (AP24534),CHEMBL1171837,CHEMBL1862,P00519,Tyrosine-protein kinase ABL1,IC50,0.33,9.48,CHEMBL2320772
Ponatinib (AP24534),CHEMBL1171837,CHEMBL1862,P00519,Tyrosine-protein kinase ABL1,IC50,0.58,9.24,CHEMBL2353816
Ponatinib (AP24534),CHEMBL1171837,CHEMBL385,,K562,IC50,23.0,7.64,CHEMBL2351842
Ponatinib (AP24534),CHEMBL1171837,CHEMBL1075435,,DOK,IC50,3361.86,5.47,CHEMBL2363186
Ponatinib (AP24534),CHEMBL1171837,CHEMBL2366079,,DSH1,IC50,7797.62,5.11,CHEMBL2363187
Ponatinib (AP24534),CHEMBL1171837,CHEMBL1075437,,DV-90,IC50,36906.73,4.43,CHEMBL2363190
Ponatinib (AP24534),CHEMBL1171837,CHEMBL612519,,Daoy,IC50,11433.62,4.94,CHEMBL2363191
Ponatinib (AP24534),CHEMBL1171837,CHEMBL614281,,Daudi,IC50,25.37,7.6,CHEMBL2363192
Ponatinib (AP24534),CHEMBL1171837,CHEMBL613508,,DU-145,IC50,1080.73,5.97,CHEMBL2363188
Ponatinib (AP24534),CHEMBL1171837,CHEMBL2366246,,DU-4475,IC50,495.11,6.31,CHEMBL2363189
Ponatinib (AP24534),CHEMBL1171837,CHEMBL2366258,,EHEB,IC50,521.82,6.28,CHEMBL2363206
Ponatinib (AP24534),CHEMBL1171837,CHEMBL614487,,EKVX,IC50,65079.85,4.19,CHEMBL2363207
Ponatinib (AP24534),CHEMBL1171837,CHEMBL2366281,,EM-2,IC50,1.427e-13,21.85,CHEMBL2363208
Ponatinib (AP24534),CHEMBL1171837,CHEMBL2366146,,ES1,IC50,14485.09,4.84,CHEMBL2363210
Ponatinib (AP24534),CHEMBL1171837,CHEMBL2366118,,ES4,IC50,33170.47,4.48,CHEMBL2363212
Ponatinib (AP24534),CHEMBL1171837,CHEMBL2366312,,ES5,IC50,21686.39,4.66,CHEMBL2363213
Ponatinib (AP24534),CHEMBL1171837,CHEMBL2366135,,ES3,IC50,2497.37,5.6,CHEMBL2363211
Ponatinib (AP24534),CHEMBL1171837,CHEMBL1075432,,Detroit 562,IC50,8754.55,5.06,CHEMBL2363193
Ponatinib (AP24534),CHEMBL1171837,CHEMBL1075436,,DoTc2-4510,IC50,549.58,6.26,CHEMBL2363194
Ponatinib (AP24534),CHEMBL1171837,CHEMBL2366369,,EB-3,IC50,17576.03,4.76,CHEMBL2363195
Ponatinib (AP24534),CHEMBL1171837,CHEMBL2366338,,EB2,IC50,55.76,7.25,CHEMBL2363196
Ponatinib (AP24534),CHEMBL1171837,CHEMBL2366240,,EC-GI-10,IC50,100305.55,4.0,CHEMBL2363197
Ponatinib (AP24534),CHEMBL1171837,CHEMBL2366180,,ECC12,IC50,565.58,6.25,CHEMBL2363199
Ponatinib (AP24534),CHEMBL1171837,CHEMBL2366367,,ECC4,IC50,39081.37,4.41,CHEMBL2363200
Ponatinib (AP24534),CHEMBL1171837,CHEMBL1075438,,EFE-184,IC50,12710.61,4.9,CHEMBL2363201
Ponatinib (AP24534),CHEMBL1171837,CHEMBL1075439,,EFM-19,IC50,14111.19,4.85,CHEMBL2363202
Ponatinib (AP24534),CHEMBL1171837,CHEMBL1075440,,EFO-21,IC50,304.11,6.52,CHEMBL2363203
Ponatinib (AP24534),CHEMBL1171837,CHEMBL1075441,,EFO-27,IC50,787.33,6.1,CHEMBL2363204
Ponatinib (AP24534),CHEMBL1171837,CHEMBL1075442,,EGI-1,IC50,27269.78,4.56,CHEMBL2363205
Ponatinib (AP24534),CHEMBL1171837,CHEMBL614516,,A498,IC50,1812.82,5.74,CHEMBL2363731
Ponatinib (AP24534),CHEMBL1171837,CHEMBL614517,,A673,IC50,1975.16,5.7,CHEMBL2363733
Ponatinib (AP24534),CHEMBL1171837,CHEMBL2366313,,C-33-A,IC50,6916.88,5.16,CHEMBL2363769
Ponatinib (AP24534),CHEMBL1171837,CHEMBL1075400,,C-4-II,IC50,2913.53,5.54,CHEMBL2363770
Ponatinib (AP24534),CHEMBL1171837,CHEMBL1075429,,COLO-792,IC50,22711.1,4.64,CHEMBL2363139
Ponatinib (AP24534),CHEMBL1171837,CHEMBL2366224,,COLO-800,IC50,37566.96,4.43,CHEMBL2363140
Ponatinib (AP24534),CHEMBL1171837,CHEMBL2366199,,DG-75,IC50,105984.09,3.97,CHEMBL2363177
Ponatinib (AP24534),CHEMBL1171837,CHEMBL2366264,,DJM-1,IC50,73924.92,4.13,CHEMBL2363178
Ponatinib (AP24534),CHEMBL1171837,CHEMBL614567,,A704,IC50,1683.11,5.77,CHEMBL2363734
Ponatinib (AP24534),CHEMBL1171837,CHEMBL1075391,,ABC-1,IC50,15803.29,4.8,CHEMBL2363735
Ponatinib (AP24534),CHEMBL1171837,CHEMBL2366283,,C2BBe1,IC50,19414.81,4.71,CHEMBL2363771
Ponatinib (AP24534),CHEMBL1171837,CHEMBL1075401,,C32,IC50,16971.68,4.77,CHEMBL2363772
Ponatinib (AP24534),CHEMBL1171837,CHEMBL1075402,,C3A,IC50,10317.85,4.99,CHEMBL2363773
Ponatinib (AP24534),CHEMBL1171837,CHEMBL1075430,,COLO-824,IC50,26400.21,4.58,CHEMBL2363141
Ponatinib (AP24534),CHEMBL1171837,CHEMBL1075433,,DK-MG,IC50,3259.76,5.49,CHEMBL2363179
Ponatinib (AP24534),CHEMBL1171837,CHEMBL614642,,DMS-114,IC50,32418.2,4.49,CHEMBL2363180
Ponatinib (AP24534),CHEMBL1171837,CHEMBL614519,,ACHN,IC50,293.23,6.53,CHEMBL2363736
Ponatinib (AP24534),CHEMBL1171837,CHEMBL2366195,,ACN,IC50,348.73,6.46,CHEMBL2363737
Ponatinib (AP24534),CHEMBL1171837,CHEMBL614533,,C8166,IC50,2785.13,5.56,CHEMBL2363774
Ponatinib (AP24534),CHEMBL1171837,CHEMBL2366275,,COLO-829,IC50,4770.43,5.32,CHEMBL2363142
Ponatinib (AP24534),CHEMBL1171837,CHEMBL1075431,,COR-L105,IC50,2163.73,5.66,CHEMBL2363143
Ponatinib (AP24534),CHEMBL1171837,CHEMBL613854,,COR-L23,IC50,21805.12,4.66,CHEMBL2363144
Ponatinib (AP24534),CHEMBL1171837,CHEMBL614286,,DMS-79,IC50,20849.04,4.68,CHEMBL2363184
Ponatinib (AP24534),CHEMBL1171837,CHEMBL2366181,,DOHH-2,IC50,48.03,7.32,CHEMBL2363185
Ponatinib (AP24534),CHEMBL1171837,CHEMBL613860,,AGS,IC50,1763.58,5.75,CHEMBL2363738
Ponatinib (AP24534),CHEMBL1171837,CHEMBL2366294,,ALL-PO,IC50,124.43,6.91,CHEMBL2363739
Ponatinib (AP24534),CHEMBL1171837,CHEMBL612566,,CA46,IC50,174.89,6.76,CHEMBL2363775
Ponatinib (AP24534),CHEMBL1171837,CHEMBL614067,,CAKI-1,IC50,216.66,6.66,CHEMBL2363776
Ponatinib (AP24534),CHEMBL1171837,CHEMBL1075405,,CAL-120,IC50,476.43,6.32,CHEMBL2363777
Ponatinib (AP24534),CHEMBL1171837,CHEMBL2366352,,COR-L279,IC50,36198.11,4.44,CHEMBL2363145
Ponatinib (AP24534),CHEMBL1171837,CHEMBL2366329,,COR-L88,IC50,5768.46,5.24,CHEMBL2363146
Ponatinib (AP24534),CHEMBL1171837,CHEMBL2366167,,DMS-153,IC50,62109.38,4.21,CHEMBL2363181
Ponatinib (AP24534),CHEMBL1171837,CHEMBL614034,,DMS-273,IC50,2756.32,5.56,CHEMBL2363182
Ponatinib (AP24534),CHEMBL1171837,CHEMBL1075434,,DMS-53,IC50,12264.92,4.91,CHEMBL2363183
Ponatinib (AP24534),CHEMBL1171837,CHEMBL2366192,,AM-38,IC50,3380.51,5.47,CHEMBL2363740
Ponatinib (AP24534),CHEMBL1171837,CHEMBL1075392,,AN3-CA,IC50,18.73,7.73,CHEMBL2363741
Ponatinib (AP24534),CHEMBL1171837,CHEMBL1075406,,CAL-12T,IC50,738.77,6.13,CHEMBL2363778
Ponatinib (AP24534),CHEMBL1171837,CHEMBL1075407,,CAL-148,IC50,32666.46,4.49,CHEMBL2363779
Ponatinib (AP24534),CHEMBL1171837,CHEMBL1075408,,CAL-27,IC50,60968.24,4.21,CHEMBL2363780
Ponatinib (AP24534),CHEMBL1171837,CHEMBL2366076,,CP50-MEL-B,IC50,26567.51,4.58,CHEMBL2363147
Ponatinib (AP24534),CHEMBL1171837,CHEMBL2366363,,CP66-MEL,IC50,42188.56,4.37,CHEMBL2363148
Ponatinib (AP24534),CHEMBL1171837,CHEMBL612657,,CWR22R,IC50,39839.78,4.4,CHEMBL2363708
Ponatinib (AP24534),CHEMBL1171837,CHEMBL2366241,,ARH-77,IC50,1229.24,5.91,CHEMBL2363742
Ponatinib (AP24534),CHEMBL1171837,CHEMBL2366277,,ATN-1,IC50,36851.64,4.43,CHEMBL2363743
Ponatinib (AP24534),CHEMBL1171837,CHEMBL1075393,,AU565,IC50,34506.86,4.46,CHEMBL2363744
Ponatinib (AP24534),CHEMBL1171837,CHEMBL1075409,,CAL-33,IC50,18278.11,4.74,CHEMBL2363781
Ponatinib (AP24534),CHEMBL1171837,CHEMBL1075410,,CAL-39,IC50,465.19,6.33,CHEMBL2363782
Ponatinib (AP24534),CHEMBL1171837,CHEMBL1075411,,CAL-51,IC50,5628.53,5.25,CHEMBL2363783
Ponatinib (AP24534),CHEMBL1171837,CHEMBL2366061,,CPC-N,IC50,67696.94,4.17,CHEMBL2363150
Ponatinib (AP24534),CHEMBL1171837,CHEMBL2366344,,CTB-1,IC50,173.16,6.76,CHEMBL2363152
Ponatinib (AP24534),CHEMBL1171837,CHEMBL1075382,,23132-87,IC50,41273.23,4.38,CHEMBL2363709
Ponatinib (AP24534),CHEMBL1171837,CHEMBL612565,,5637,IC50,4904.87,5.31,CHEMBL2363710
Ponatinib (AP24534),CHEMBL1171837,CHEMBL1075383,,639-V,IC50,2453.82,5.61,CHEMBL2363711
Ponatinib (AP24534),CHEMBL1171837,CHEMBL612588,,ASPC1,IC50,7286.05,5.14,CHEMBL2363745
Ponatinib (AP24534),CHEMBL1171837,CHEMBL1075412,,CAL-54,IC50,1039.59,5.98,CHEMBL2363784
Ponatinib (AP24534),CHEMBL1171837,CHEMBL1075413,,CAL-62,IC50,22751.73,4.64,CHEMBL2363785
Ponatinib (AP24534),CHEMBL1171837,CHEMBL2366360,,CTV-1,IC50,5.206,8.28,CHEMBL2363153
Ponatinib (AP24534),CHEMBL1171837,CHEMBL2366174,,CW-2,IC50,65756.6,4.18,CHEMBL2363154
Quizartinib (AC220),CHEMBL576982,CHEMBL1955,P35916,Vascular endothelial growth factor receptor 3,Kd,41.0,7.39,CHEMBL1057698
Quizartinib (AC220),CHEMBL576982,CHEMBL1868,P17948,Vascular endothelial growth factor receptor 1,Kd,41.0,7.39,CHEMBL1057697
Quizartinib (AC220),CHEMBL576982,CHEMBL5319,Q08345,Epithelial discoidin domain-containing receptor 1,Kd,81.0,7.09,CHEMBL1057699
Quizartinib (AC220),CHEMBL576982,CHEMBL279,P35968,Vascular endothelial growth factor receptor 2,Kd,87.0,7.06,CHEMBL1057700
Quizartinib (AC220),CHEMBL576982,CHEMBL1974,P36888,Receptor-type tyrosine-protein kinase FLT3,Kd,1.6,8.8,CHEMBL1056849
Quizartinib (AC220),CHEMBL576982,CHEMBL613835,,MV4-11,IC50,0.56,9.25,CHEMBL1057690
Quizartinib (AC220),CHEMBL576982,CHEMBL1936,P10721,Mast/stem cell growth factor receptor Kit,Kd,4.8,8.32,CHEMBL1057691
Quizartinib (AC220),CHEMBL576982,CHEMBL2007,P16234,Platelet-derived growth factor receptor alpha,Kd,11.0,7.96,CHEMBL1057693
Quizartinib (AC220),CHEMBL576982,CHEMBL1913,P09619,Platelet-derived growth factor receptor beta,Kd,7.7,8.11,CHEMBL1057694
Quizartinib (AC220),CHEMBL576982,CHEMBL2041,P07949,Proto-oncogene tyrosine-protein kinase receptor Ret,Kd,9.9,8.0,CHEMBL1057695
Quizartinib (AC220),CHEMBL576982,CHEMBL1844,P07333,Macrophage colony-stimulating factor 1 receptor,Kd,12.0,7.92,CHEMBL1057696
Quizartinib (AC220),CHEMBL576982,CHEMBL1974,P36888,Receptor-type tyrosine-protein kinase FLT3,IC50,1.1,8.96,CHEMBL1244697
Quizartinib (AC220),CHEMBL576982,CHEMBL1974,P36888,Receptor-type tyrosine-protein kinase FLT3,IC50,4.2,8.38,CHEMBL1244698
Quizartinib (AC220),CHEMBL576982,CHEMBL613835,,MV4-11,IC50,0.56,9.25,CHEMBL1244699
Quizartinib (AC220),CHEMBL576982,CHEMBL613859,,A-375,IC50,10000.0,5.0,CHEMBL1244700
Quizartinib (AC220),CHEMBL576982,CHEMBL1974,P36888,Receptor-type tyrosine-protein kinase FLT3,IC50,2.0,8.7,CHEMBL1245046
Quizartinib (AC220),CHEMBL576982,CHEMBL1862,P00519,Tyrosine-protein kinase ABL1,Kd,320.0,6.49,CHEMBL1244709
Quizartinib (AC220),CHEMBL576982,CHEMBL1844,P07333,Macrophage colony-stimulating factor 1 receptor,Kd,12.0,7.92,CHEMBL1244774
Quizartinib (AC220),CHEMBL576982,CHEMBL5319,Q08345,Epithelial discoidin domain-containing receptor 1,Kd,81.0,7.09,CHEMBL1244791
Quizartinib (AC220),CHEMBL576982,CHEMBL5122,Q16832,Discoidin domain-containing receptor 2,Kd,690.0,6.16,CHEMBL1244792
Quizartinib (AC220),CHEMBL576982,CHEMBL5836,O15197,Ephrin type-B receptor 6,Kd,1200.0,5.92,CHEMBL1244824
Quizartinib (AC220),CHEMBL576982,CHEMBL5198,Q8TD08,Mitogen-activated protein kinase 15,Kd,270.0,6.57,CHEMBL1244833
Quizartinib (AC220),CHEMBL576982,CHEMBL1868,P17948,Vascular endothelial growth factor receptor 1,Kd,41.0,7.39,CHEMBL1244844
Quizartinib (AC220),CHEMBL576982,CHEMBL1974,P36888,Receptor-type tyrosine-protein kinase FLT3,Kd,1.6,8.8,CHEMBL1244845
Quizartinib (AC220),CHEMBL576982,CHEMBL1974,P36888,Receptor-type tyrosine-protein kinase FLT3,Kd,3.7,8.43,CHEMBL1244846
Quizartinib (AC220),CHEMBL576982,CHEMBL1974,P36888,Receptor-type tyrosine-protein kinase FLT3,Kd,7.1,8.15,CHEMBL1244847
Quizartinib (AC220),CHEMBL576982,CHEMBL1974,P36888,Receptor-type tyrosine-protein kinase FLT3,Kd,2.2,8.66,CHEMBL1244849
Quizartinib (AC220),CHEMBL576982,CHEMBL1974,P36888,Receptor-type tyrosine-protein kinase FLT3,Kd,4.1,8.39,CHEMBL1244850
Quizartinib (AC220),CHEMBL576982,CHEMBL1955,P35916,Vascular endothelial growth factor receptor 3,Kd,41.0,7.39,CHEMBL1244851
Quizartinib (AC220),CHEMBL576982,CHEMBL4223,P42685,Tyrosine-protein kinase FRK,Kd,1800.0,5.74,CHEMBL1244852
Quizartinib (AC220),CHEMBL576982,CHEMBL1075167,Q8NE63,Homeodomain-interacting protein kinase 4,Kd,320.0,6.49,CHEMBL1244865
Quizartinib (AC220),CHEMBL576982,CHEMBL1936,P10721,Mast/stem cell growth factor receptor Kit,Kd,4.8,8.32,CHEMBL1244472
Quizartinib (AC220),CHEMBL576982,CHEMBL1936,P10721,Mast/stem cell growth factor receptor Kit,Kd,150.0,6.82,CHEMBL1244473
Quizartinib (AC220),CHEMBL576982,CHEMBL1936,P10721,Mast/stem cell growth factor receptor Kit,Kd,6.3,8.2,CHEMBL1244474
Quizartinib (AC220),CHEMBL576982,CHEMBL1936,P10721,Mast/stem cell growth factor receptor Kit,Kd,5.0,8.3,CHEMBL1244475
Quizartinib (AC220),CHEMBL576982,CHEMBL1936,P10721,Mast/stem cell growth factor receptor Kit,Kd,6.0,8.22,CHEMBL1244476
Quizartinib (AC220),CHEMBL576982,CHEMBL1936,P10721,Mast/stem cell growth factor receptor Kit,Kd,36.0,7.44,CHEMBL1244477
Quizartinib (AC220),CHEMBL576982,CHEMBL3981,O94804,Serine/threonine-protein kinase 10,Kd,9400.0,5.03,CHEMBL1244484
Quizartinib (AC220),CHEMBL576982,CHEMBL6166,O95819,Mitogen-activated protein kinase kinase kinase kinase 4,Kd,2500.0,5.6,CHEMBL1244496
Quizartinib (AC220),CHEMBL576982,CHEMBL4852,Q9Y4K4,Mitogen-activated protein kinase kinase kinase kinase 5,Kd,440.0,6.36,CHEMBL1244497
Quizartinib (AC220),CHEMBL576982,CHEMBL4204,Q9HBH9,MAP kinase-interacting serine/threonine-protein kinase 2,Kd,2600.0,5.59,CHEMBL1244517
Quizartinib (AC220),CHEMBL576982,CHEMBL2428,Q15746,"Myosin light chain kinase, smooth muscle",Kd,410.0,6.39,CHEMBL1244518
Quizartinib (AC220),CHEMBL576982,CHEMBL5684,O15146,"Muscle, skeletal receptor tyrosine-protein kinase",Kd,1000.0,6.0,CHEMBL1244529
Quizartinib (AC220),CHEMBL576982,CHEMBL2007,P16234,Platelet-derived growth factor receptor alpha,Kd,11.0,7.96,CHEMBL1244558
Quizartinib (AC220),CHEMBL576982,CHEMBL1913,P09619,Platelet-derived growth factor receptor beta,Kd,7.7,8.11,CHEMBL1244559
Quizartinib (AC220),CHEMBL576982,CHEMBL2041,P07949,Proto-oncogene tyrosine-protein kinase receptor Ret,Kd,9.9,8.0,CHEMBL1244951
Quizartinib (AC220),CHEMBL576982,CHEMBL2041,P07949,Proto-oncogene tyrosine-protein kinase receptor Ret,Kd,3.0,8.52,CHEMBL1244952
Quizartinib (AC220),CHEMBL576982,CHEMBL2041,P07949,Proto-oncogene tyrosine-protein kinase receptor Ret,Kd,13.0,7.89,CHEMBL1244953
Quizartinib (AC220),CHEMBL576982,CHEMBL2041,P07949,Proto-oncogene tyrosine-protein kinase receptor Ret,Kd,9.1,8.04,CHEMBL1244954
Quizartinib (AC220),CHEMBL576982,CHEMBL5776,O43318,Mitogen-activated protein kinase kinase kinase 7,Kd,8500.0,5.07,CHEMBL1244993
Quizartinib (AC220),CHEMBL576982,CHEMBL5274,P35590,Tyrosine-protein kinase receptor Tie-1,Kd,3200.0,5.49,CHEMBL1245002
Quizartinib (AC220),CHEMBL576982,CHEMBL2815,P04629,High affinity nerve growth factor receptor,Kd,2300.0,5.64,CHEMBL1245010
Quizartinib (AC220),CHEMBL576982,CHEMBL4898,Q16620,BDNF/NT-3 growth factors receptor,Kd,620.0,6.21,CHEMBL1245011
Quizartinib (AC220),CHEMBL576982,CHEMBL5608,Q16288,NT-3 growth factor receptor,Kd,550.0,6.26,CHEMBL1245012
Quizartinib (AC220),CHEMBL576982,CHEMBL279,P35968,Vascular endothelial growth factor receptor 2,Kd,87.0,7.06,CHEMBL1245022
Quizartinib (AC220),CHEMBL576982,CHEMBL6191,Q56UN5,Mitogen-activated protein kinase kinase kinase 19,Kd,2000.0,5.7,CHEMBL1245029
Quizartinib (AC220),CHEMBL576982,CHEMBL1974,P36888,Receptor-type tyrosine-protein kinase FLT3,Kd,1.6,8.8,CHEMBL1244696
Quizartinib (AC220),CHEMBL576982,CHEMBL3830,Q2M2I8,AP2-associated protein kinase 1,Kd,10000.0,5.0,CHEMBL1244701
Quizartinib (AC220),CHEMBL576982,CHEMBL1862,P00519,Tyrosine-protein kinase ABL1,Kd,10000.0,5.0,CHEMBL1244702
Quizartinib (AC220),CHEMBL576982,CHEMBL1862,P00519,Tyrosine-protein kinase ABL1,Kd,10000.0,5.0,CHEMBL1244703
Quizartinib (AC220),CHEMBL576982,CHEMBL1862,P00519,Tyrosine-protein kinase ABL1,Kd,10000.0,5.0,CHEMBL1244704
Quizartinib (AC220),CHEMBL576982,CHEMBL1862,P00519,Tyrosine-protein kinase ABL1,Kd,10000.0,5.0,CHEMBL1244705
Quizartinib (AC220),CHEMBL576982,CHEMBL1862,P00519,Tyrosine-protein kinase ABL1,Kd,10000.0,5.0,CHEMBL1244706
Quizartinib (AC220),CHEMBL576982,CHEMBL1862,P00519,Tyrosine-protein kinase ABL1,Kd,10000.0,5.0,CHEMBL1244707
Quizartinib (AC220),CHEMBL576982,CHEMBL1862,P00519,Tyrosine-protein kinase ABL1,Kd,10000.0,5.0,CHEMBL1244708
Quizartinib (AC220),CHEMBL576982,CHEMBL1862,P00519,Tyrosine-protein kinase ABL1,Kd,10000.0,5.0,CHEMBL1244710
Quizartinib (AC220),CHEMBL576982,CHEMBL4014,P42684,Tyrosine-protein kinase ABL2,Kd,10000.0,5.0,CHEMBL1244711
Quizartinib (AC220),CHEMBL576982,CHEMBL5903,Q04771,Activin receptor type-1,Kd,10000.0,5.0,CHEMBL1244712
Quizartinib (AC220),CHEMBL576982,CHEMBL5310,P36896,Activin receptor type-1B,Kd,10000.0,5.0,CHEMBL1244713
Quizartinib (AC220),CHEMBL576982,CHEMBL5616,P27037,Activin receptor type-2A,Kd,10000.0,5.0,CHEMBL1244714
Quizartinib (AC220),CHEMBL576982,CHEMBL5466,Q13705,Activin receptor type-2B,Kd,10000.0,5.0,CHEMBL1244715
Quizartinib (AC220),CHEMBL576982,CHEMBL5311,P37023,Activin receptor type-1-like,Kd,10000.0,5.0,CHEMBL1244716
Quizartinib (AC220),CHEMBL576982,CHEMBL5550,Q8NI60,"Atypical kinase COQ8A, mitochondrial",Kd,10000.0,5.0,CHEMBL1244717
Quizartinib (AC220),CHEMBL576982,CHEMBL5753,Q96D53,"Atypical kinase COQ8B, mitochondrial",Kd,10000.0,5.0,CHEMBL1244718
Quizartinib (AC220),CHEMBL576982,CHEMBL4282,P31749,RAC-alpha serine/threonine-protein kinase,Kd,10000.0,5.0,CHEMBL1244719
Quizartinib (AC220),CHEMBL576982,CHEMBL2431,P31751,RAC-beta serine/threonine-protein kinase,Kd,10000.0,5.0,CHEMBL1244720
Quizartinib (AC220),CHEMBL576982,CHEMBL4816,Q9Y243,RAC-gamma serine/threonine-protein kinase,Kd,10000.0,5.0,CHEMBL1244721
Quizartinib (AC220),CHEMBL576982,CHEMBL4247,Q9UM73,ALK tyrosine kinase receptor,Kd,10000.0,5.0,CHEMBL1244722
Quizartinib (AC220),CHEMBL576982,CHEMBL4045,Q13131,5'-AMP-activated protein kinase catalytic subunit alpha-1,Kd,10000.0,5.0,CHEMBL1244723
Quizartinib (AC220),CHEMBL576982,CHEMBL2116,P54646,5'-AMP-activated protein kinase catalytic subunit alpha-2,Kd,10000.0,5.0,CHEMBL1244724
Quizartinib (AC220),CHEMBL576982,CHEMBL5547,Q8NFD2,Ankyrin repeat and protein kinase domain-containing protein 1,Kd,10000.0,5.0,CHEMBL1244725
Quizartinib (AC220),CHEMBL576982,CHEMBL5784,O60285,NUAK family SNF1-like kinase 1,Kd,10000.0,5.0,CHEMBL1244726
Quizartinib (AC220),CHEMBL576982,CHEMBL5285,Q99683,Mitogen-activated protein kinase kinase kinase 5,Kd,10000.0,5.0,CHEMBL1244727
Quizartinib (AC220),CHEMBL576982,CHEMBL1163123,O95382,Mitogen-activated protein kinase kinase kinase 6,Kd,10000.0,5.0,CHEMBL1244728
Quizartinib (AC220),CHEMBL576982,CHEMBL4722,O14965,Aurora kinase A,Kd,10000.0,5.0,CHEMBL1244729
Quizartinib (AC220),CHEMBL576982,CHEMBL2185,Q96GD4,Aurora kinase B,Kd,10000.0,5.0,CHEMBL1244730
Quizartinib (AC220),CHEMBL576982,CHEMBL3935,Q9UQB9,Aurora kinase C,Kd,10000.0,5.0,CHEMBL1244731
Quizartinib (AC220),CHEMBL576982,CHEMBL4895,P30530,Tyrosine-protein kinase receptor UFO,Kd,10000.0,5.0,CHEMBL1244732
Quizartinib (AC220),CHEMBL576982,CHEMBL4522,Q9NSY1,BMP-2-inducible protein kinase,Kd,10000.0,5.0,CHEMBL1244733
Quizartinib (AC220),CHEMBL576982,CHEMBL2250,P51451,Tyrosine-protein kinase Blk,Kd,10000.0,5.0,CHEMBL1244734
Quizartinib (AC220),CHEMBL576982,CHEMBL5275,P36894,Bone morphogenetic protein receptor type-1A,Kd,10000.0,5.0,CHEMBL1244735
Quizartinib (AC220),CHEMBL576982,CHEMBL5476,O00238,Bone morphogenetic protein receptor type-1B,Kd,10000.0,5.0,CHEMBL1244736
Quizartinib (AC220),CHEMBL576982,CHEMBL5467,Q13873,Bone morphogenetic protein receptor type-2,Kd,10000.0,5.0,CHEMBL1244737
Quizartinib (AC220),CHEMBL576982,CHEMBL3834,P51813,Cytoplasmic tyrosine-protein kinase BMX,Kd,10000.0,5.0,CHEMBL1244738
Quizartinib (AC220),CHEMBL576982,CHEMBL5145,P15056,Serine/threonine-protein kinase B-raf,Kd,10000.0,5.0,CHEMBL1244739
Quizartinib (AC220),CHEMBL576982,CHEMBL5145,P15056,Serine/threonine-protein kinase B-raf,Kd,10000.0,5.0,CHEMBL1244740
Quizartinib (AC220),CHEMBL576982,CHEMBL4601,Q13882,Protein-tyrosine kinase 6,Kd,10000.0,5.0,CHEMBL1244741
Quizartinib (AC220),CHEMBL576982,CHEMBL5650,Q8TDC3,Serine/threonine-protein kinase BRSK1,Kd,10000.0,5.0,CHEMBL1244742
Quizartinib (AC220),CHEMBL576982,CHEMBL4574,Q8IWQ3,Serine/threonine-protein kinase BRSK2,Kd,10000.0,5.0,CHEMBL1244743
Quizartinib (AC220),CHEMBL576982,CHEMBL5251,Q06187,Tyrosine-protein kinase BTK,Kd,10000.0,5.0,CHEMBL1244744
RAF265 (CHIR-265),CHEMBL558752,CHEMBL1974,P36888,Receptor-type tyrosine-protein kinase FLT3,Kd,10000.0,5.0,CHEMBL1063729
RAF265 (CHIR-265),CHEMBL558752,CHEMBL1974,P36888,Receptor-type tyrosine-protein kinase FLT3,Kd,10000.0,5.0,CHEMBL1061073
RAF265 (CHIR-265),CHEMBL558752,CHEMBL1955,P35916,Vascular endothelial growth factor receptor 3,Kd,2000.0,5.7,CHEMBL1060246
RAF265 (CHIR-265),CHEMBL558752,CHEMBL4223,P42685,Tyrosine-protein kinase FRK,Kd,590.0,6.23,CHEMBL1060247
RAF265 (CHIR-265),CHEMBL558752,CHEMBL2999,O75914,Serine/threonine-protein kinase PAK 3,Kd,770.0,6.11,CHEMBL1062779
RAF265 (CHIR-265),CHEMBL558752,CHEMBL5790,Q00537,Cyclin-dependent kinase 17,Kd,10000.0,5.0,CHEMBL1051349
RAF265 (CHIR-265),CHEMBL558752,CHEMBL5316,Q07002,Cyclin-dependent kinase 18,Kd,10000.0,5.0,CHEMBL1062782
RAF265 (CHIR-265),CHEMBL558752,CHEMBL2534,O15530,3-phosphoinositide-dependent protein kinase 1,Kd,10000.0,5.0,CHEMBL1061922
RAF265 (CHIR-265),CHEMBL558752,CHEMBL6162,O94921,Cyclin-dependent kinase 14,Kd,10000.0,5.0,CHEMBL1051350
RAF265 (CHIR-265),CHEMBL558752,CHEMBL4004,Q16816,"Phosphorylase b kinase gamma catalytic chain, skeletal muscle/heart isoform",Kd,10000.0,5.0,CHEMBL1061153
RAF265 (CHIR-265),CHEMBL558752,CHEMBL5969,Q99755,Phosphatidylinositol 4-phosphate 5-kinase type-1 alpha,Kd,10000.0,5.0,CHEMBL1061923
RAF265 (CHIR-265),CHEMBL558752,CHEMBL5667,P78356,Phosphatidylinositol 5-phosphate 4-kinase type-2 beta,Kd,10000.0,5.0,CHEMBL1062784
RAF265 (CHIR-265),CHEMBL558752,CHEMBL4924,Q9UK32,Ribosomal protein S6 kinase alpha-6,Kd,10000.0,5.0,CHEMBL1039275
RAF265 (CHIR-265),CHEMBL558752,CHEMBL4924,Q9UK32,Ribosomal protein S6 kinase alpha-6,Kd,10000.0,5.0,CHEMBL1061926
RAF265 (CHIR-265),CHEMBL558752,CHEMBL5426,Q86YV6,Myosin light chain kinase family member 4,Kd,10000.0,5.0,CHEMBL1051352
RAF265 (CHIR-265),CHEMBL558752,CHEMBL4202,Q9H2G2,STE20-like serine/threonine-protein kinase,Kd,510.0,6.29,CHEMBL1062787
RAF265 (CHIR-265),CHEMBL558752,CHEMBL279,P35968,Vascular endothelial growth factor receptor 2,Kd,1300.0,5.89,CHEMBL1051261
RAF265 (CHIR-265),CHEMBL558752,CHEMBL5491,P30291,Wee1-like protein kinase,Kd,10000.0,5.0,CHEMBL1061935
RAF265 (CHIR-265),CHEMBL558752,CHEMBL5405,Q86UX6,Serine/threonine-protein kinase 32C,Kd,10000.0,5.0,CHEMBL1062789
RAF265 (CHIR-265),CHEMBL558752,CHEMBL2073,P07947,Tyrosine-protein kinase Yes,Kd,940.0,6.03,CHEMBL1051262
RAF265 (CHIR-265),CHEMBL558752,CHEMBL5552,O00506,Serine/threonine-protein kinase 25,Kd,10000.0,5.0,CHEMBL1051263
RAF265 (CHIR-265),CHEMBL558752,CHEMBL3886,Q9NYL2,Mitogen-activated protein kinase kinase kinase 20,Kd,63.0,7.2,CHEMBL1051317
RAF265 (CHIR-265),CHEMBL558752,CHEMBL2803,P43403,Tyrosine-protein kinase ZAP-70,Kd,10000.0,5.0,CHEMBL1061189
RAF265 (CHIR-265),CHEMBL558752,CHEMBL2918,P22694,cAMP-dependent protein kinase catalytic subunit beta,Kd,10000.0,5.0,CHEMBL1039274
RAF265 (CHIR-265),CHEMBL558752,CHEMBL5818,P51817,cAMP-dependent protein kinase catalytic subunit PRKX,Kd,10000.0,5.0,CHEMBL1061157
RAF265 (CHIR-265),CHEMBL558752,CHEMBL5469,Q14289,Protein-tyrosine kinase 2-beta,Kd,10000.0,5.0,CHEMBL1061158
RAF265 (CHIR-265),CHEMBL558752,CHEMBL5975,Q9BRS2,Serine/threonine-protein kinase RIO1,Kd,10000.0,5.0,CHEMBL1051258
RAF265 (CHIR-265),CHEMBL558752,CHEMBL4226,P49761,Dual specificity protein kinase CLK3,Kd,10000.0,5.0,CHEMBL1060240
RAF265 (CHIR-265),CHEMBL558752,CHEMBL2634,P41240,Tyrosine-protein kinase CSK,Kd,10000.0,5.0,CHEMBL1037547
RAF265 (CHIR-265),CHEMBL558752,CHEMBL5520,Q8N752,Casein kinase I isoform alpha-like,Kd,10000.0,5.0,CHEMBL1063703
RAF265 (CHIR-265),CHEMBL558752,CHEMBL2828,P48730,Casein kinase I isoform delta,Kd,10000.0,5.0,CHEMBL1050829
RAF265 (CHIR-265),CHEMBL558752,CHEMBL4937,P49674,Casein kinase I isoform epsilon,Kd,10000.0,5.0,CHEMBL1050834
RAF265 (CHIR-265),CHEMBL558752,CHEMBL2543,P78368,Casein kinase I isoform gamma-2,Kd,10000.0,5.0,CHEMBL1063704
RAF265 (CHIR-265),CHEMBL558752,CHEMBL5084,Q9Y6M4,Casein kinase I isoform gamma-3,Kd,10000.0,5.0,CHEMBL1051284
RAF265 (CHIR-265),CHEMBL558752,CHEMBL4128,Q02763,Angiopoietin-1 receptor,Kd,1300.0,5.89,CHEMBL1051315
RAF265 (CHIR-265),CHEMBL558752,CHEMBL5388,Q9UKI8,Serine/threonine-protein kinase tousled-like 1,Kd,10000.0,5.0,CHEMBL1061931
RAF265 (CHIR-265),CHEMBL558752,CHEMBL5404,Q86UE8,Serine/threonine-protein kinase tousled-like 2,Kd,10000.0,5.0,CHEMBL1061984
RAF265 (CHIR-265),CHEMBL558752,CHEMBL4527,Q9UKE5,TRAF2 and NCK-interacting protein kinase,Kd,1500.0,5.82,CHEMBL1062874
RAF265 (CHIR-265),CHEMBL558752,CHEMBL4599,Q07912,Activated CDC42 kinase 1,Kd,10000.0,5.0,CHEMBL1051355
RAF265 (CHIR-265),CHEMBL558752,CHEMBL2815,P04629,High affinity nerve growth factor receptor,Kd,10000.0,5.0,CHEMBL1061933
RAF265 (CHIR-265),CHEMBL558752,CHEMBL4898,Q16620,BDNF/NT-3 growth factors receptor,Kd,10000.0,5.0,CHEMBL1062875
RAF265 (CHIR-265),CHEMBL558752,CHEMBL5608,Q16288,NT-3 growth factor receptor,Kd,10000.0,5.0,CHEMBL1041998
RAF265 (CHIR-265),CHEMBL558752,CHEMBL3983,P33981,Dual specificity protein kinase TTK,Kd,10000.0,5.0,CHEMBL1061934
RAF265 (CHIR-265),CHEMBL558752,CHEMBL4367,P42681,Tyrosine-protein kinase TXK,Kd,10000.0,5.0,CHEMBL1061187
RAF265 (CHIR-265),CHEMBL558752,CHEMBL3629,P68400,Casein kinase II subunit alpha,Kd,10000.0,5.0,CHEMBL1060241
RAF265 (CHIR-265),CHEMBL558752,CHEMBL4070,P19784,Casein kinase II subunit alpha',Kd,10000.0,5.0,CHEMBL1061141
RAF265 (CHIR-265),CHEMBL558752,CHEMBL3123,Q9UIK4,Death-associated protein kinase 2,Kd,10000.0,5.0,CHEMBL1053760
RAF265 (CHIR-265),CHEMBL558752,CHEMBL2468,O43293,Death-associated protein kinase 3,Kd,10000.0,5.0,CHEMBL1060181
RAF265 (CHIR-265),CHEMBL558752,CHEMBL3980,O94768,Serine/threonine-protein kinase 17B,Kd,10000.0,5.0,CHEMBL1060189
RAF265 (CHIR-265),CHEMBL558752,CHEMBL5543,Q9Y463,Dual specificity tyrosine-phosphorylation-regulated kinase 1B,Kd,10000.0,5.0,CHEMBL1060243
RAF265 (CHIR-265),CHEMBL558752,CHEMBL3385,P27361,Mitogen-activated protein kinase 3,Kd,10000.0,5.0,CHEMBL1037552
RAF265 (CHIR-265),CHEMBL558752,CHEMBL4040,P28482,Mitogen-activated protein kinase 1,Kd,10000.0,5.0,CHEMBL1063798
RAF265 (CHIR-265),CHEMBL558752,CHEMBL2850,P49840,Glycogen synthase kinase-3 alpha,Kd,10000.0,5.0,CHEMBL1061900
RAF265 (CHIR-265),CHEMBL558752,CHEMBL262,P49841,Glycogen synthase kinase-3 beta,Kd,10000.0,5.0,CHEMBL1061074
RAF265 (CHIR-265),CHEMBL558752,CHEMBL3529,Q14164,Inhibitor of nuclear factor kappa-B kinase subunit epsilon,Kd,10000.0,5.0,CHEMBL1050835
RAF265 (CHIR-265),CHEMBL558752,CHEMBL3553,P29597,Non-receptor tyrosine-protein kinase TYK2,Kd,10000.0,5.0,CHEMBL1061188
RAF265 (CHIR-265),CHEMBL558752,CHEMBL5314,Q06418,Tyrosine-protein kinase receptor TYRO3,Kd,10000.0,5.0,CHEMBL1051260
RAF265 (CHIR-265),CHEMBL558752,CHEMBL2276,P45983,Mitogen-activated protein kinase 8,Kd,10000.0,5.0,CHEMBL1061076
RAF265 (CHIR-265),CHEMBL558752,CHEMBL4179,P45984,Mitogen-activated protein kinase 9,Kd,10000.0,5.0,CHEMBL1060196
RAF265 (CHIR-265),CHEMBL558752,CHEMBL3836,P53667,LIM domain kinase 1,Kd,10000.0,5.0,CHEMBL1061902
RAF265 (CHIR-265),CHEMBL558752,CHEMBL5932,P53671,LIM domain kinase 2,Kd,10000.0,5.0,CHEMBL1063714
RAF265 (CHIR-265),CHEMBL558752,CHEMBL5606,Q15831,Serine/threonine-protein kinase STK11,Kd,10000.0,5.0,CHEMBL1051288
RAF265 (CHIR-265),CHEMBL558752,CHEMBL5600,P27448,MAP/microtubule affinity-regulating kinase 3,Kd,10000.0,5.0,CHEMBL1063802
RAF265 (CHIR-265),CHEMBL558752,CHEMBL3587,Q02750,Dual specificity mitogen-activated protein kinase kinase 1,Kd,10000.0,5.0,CHEMBL1061906
RAF265 (CHIR-265),CHEMBL558752,CHEMBL2964,P36507,Dual specificity mitogen-activated protein kinase kinase 2,Kd,10000.0,5.0,CHEMBL1061079
RAF265 (CHIR-265),CHEMBL558752,CHEMBL2109,P46734,Dual specificity mitogen-activated protein kinase kinase 3,Kd,10000.0,5.0,CHEMBL1060250
RAF265 (CHIR-265),CHEMBL558752,CHEMBL4578,Q14680,Maternal embryonic leucine zipper kinase,Kd,10000.0,5.0,CHEMBL1063803
RAF265 (CHIR-265),CHEMBL558752,CHEMBL4718,Q9BUB5,MAP kinase-interacting serine/threonine-protein kinase 1,Kd,10000.0,5.0,CHEMBL1063804
RAF265 (CHIR-265),CHEMBL558752,CHEMBL3830,Q2M2I8,AP2-associated protein kinase 1,Kd,10000.0,5.0,CHEMBL1037546
RAF265 (CHIR-265),CHEMBL558752,CHEMBL1862,P00519,Tyrosine-protein kinase ABL1,Kd,310.0,6.51,CHEMBL1061129
RAF265 (CHIR-265),CHEMBL558752,CHEMBL1862,P00519,Tyrosine-protein kinase ABL1,Kd,1100.0,5.96,CHEMBL1063789
RAF265 (CHIR-265),CHEMBL558752,CHEMBL4598,Q13043,Serine/threonine-protein kinase 4,Kd,10000.0,5.0,CHEMBL1061178
RAF265 (CHIR-265),CHEMBL558752,CHEMBL5941,Q9P289,Serine/threonine-protein kinase 26,Kd,10000.0,5.0,CHEMBL1063806
RAF265 (CHIR-265),CHEMBL558752,CHEMBL4849,Q8TDX7,Serine/threonine-protein kinase Nek7,Kd,10000.0,5.0,CHEMBL1063808
RAF265 (CHIR-265),CHEMBL558752,CHEMBL5364,Q9UBE8,Serine/threonine-protein kinase NLK,Kd,10000.0,5.0,CHEMBL1063809
RAF265 (CHIR-265),CHEMBL558752,CHEMBL260,Q16539,Mitogen-activated protein kinase 14,Kd,10000.0,5.0,CHEMBL1061091
RAF265 (CHIR-265),CHEMBL558752,CHEMBL3961,Q15759,Mitogen-activated protein kinase 11,Kd,10000.0,5.0,CHEMBL1062864
RAF265 (CHIR-265),CHEMBL558752,CHEMBL4674,P53778,Mitogen-activated protein kinase 12,Kd,10000.0,5.0,CHEMBL1061183
RAF265 (CHIR-265),CHEMBL558752,CHEMBL3234,P08631,Tyrosine-protein kinase HCK,Kd,1200.0,5.92,CHEMBL1063730
RAF265 (CHIR-265),CHEMBL558752,CHEMBL1957,P08069,Insulin-like growth factor 1 receptor,Kd,10000.0,5.0,CHEMBL1061075
RAF265 (CHIR-265),CHEMBL558752,CHEMBL1981,P06213,Insulin receptor,Kd,10000.0,5.0,CHEMBL1060195
RAF265 (CHIR-265),CHEMBL558752,CHEMBL5483,P14616,Insulin receptor-related protein,Kd,10000.0,5.0,CHEMBL1061175
RAF265 (CHIR-265),CHEMBL558752,CHEMBL5081,Q9Y616,Interleukin-1 receptor-associated kinase 3,Kd,10000.0,5.0,CHEMBL1062842
RAF265 (CHIR-265),CHEMBL558752,CHEMBL1862,P00519,Tyrosine-protein kinase ABL1,Kd,970.0,6.01,CHEMBL1060174
RAF265 (CHIR-265),CHEMBL558752,CHEMBL1862,P00519,Tyrosine-protein kinase ABL1,Kd,210.0,6.68,CHEMBL1062829
RAF265 (CHIR-265),CHEMBL558752,CHEMBL1862,P00519,Tyrosine-protein kinase ABL1,Kd,580.0,6.24,CHEMBL1062830
RAF265 (CHIR-265),CHEMBL558752,CHEMBL1862,P00519,Tyrosine-protein kinase ABL1,Kd,1800.0,5.74,CHEMBL1051277
RAF265 (CHIR-265),CHEMBL558752,CHEMBL1862,P00519,Tyrosine-protein kinase ABL1,Kd,350.0,6.46,CHEMBL1061130
RAF265 (CHIR-265),CHEMBL558752,CHEMBL4014,P42684,Tyrosine-protein kinase ABL2,Kd,1900.0,5.72,CHEMBL1061131
RAF265 (CHIR-265),CHEMBL558752,CHEMBL5903,Q04771,Activin receptor type-1,Kd,10000.0,5.0,CHEMBL1063697
RAF265 (CHIR-265),CHEMBL558752,CHEMBL2959,Q08881,Tyrosine-protein kinase ITK/TSK,Kd,10000.0,5.0,CHEMBL1063712
RAF265 (CHIR-265),CHEMBL558752,CHEMBL2835,P23458,Tyrosine-protein kinase JAK1,Kd,10000.0,5.0,CHEMBL1057717
RAF265 (CHIR-265),CHEMBL558752,CHEMBL2971,O60674,Tyrosine-protein kinase JAK2,Kd,10000.0,5.0,CHEMBL1063801
RAF265 (CHIR-265),CHEMBL558752,CHEMBL2148,P52333,Tyrosine-protein kinase JAK3,Kd,10000.0,5.0,CHEMBL1051335
RAF265 (CHIR-265),CHEMBL558752,CHEMBL2637,P53779,Mitogen-activated protein kinase 10,Kd,10000.0,5.0,CHEMBL1063713
RAF265 (CHIR-265),CHEMBL558752,CHEMBL1936,P10721,Mast/stem cell growth factor receptor Kit,Kd,200.0,6.7,CHEMBL1060197
RAF265 (CHIR-265),CHEMBL558752,CHEMBL1936,P10721,Mast/stem cell growth factor receptor Kit,Kd,6200.0,5.21,CHEMBL1060198
RAF265 (CHIR-265),CHEMBL558752,CHEMBL5659,O14730,Serine/threonine-protein kinase RIO3,Kd,10000.0,5.0,CHEMBL1061924
RAF265 (CHIR-265),CHEMBL558752,CHEMBL5699,Q9H0K1,Serine/threonine-protein kinase SIK2,Kd,10000.0,5.0,CHEMBL1061982
RAF265 (CHIR-265),CHEMBL558752,CHEMBL4375,Q96SB4,SRSF protein kinase 1,Kd,10000.0,5.0,CHEMBL1051313
Ranolazine,CHEMBL1404,CHEMBL1940,Q13936,Voltage-dependent L-type calcium channel subunit alpha-1C,IC50,311000.0,3.51,CHEMBL3638166
Ranolazine,CHEMBL1404,CHEMBL1980,Q14524,Sodium channel protein type 5 subunit alpha,IC50,428000.0,3.37,CHEMBL3883130
Ranolazine,CHEMBL1404,CHEMBL240,Q12809,Voltage-gated inwardly rectifying potassium channel KCNH2,IC50,13400.0,4.87,CHEMBL3883131
Ranolazine,CHEMBL1404,CHEMBL1980,Q14524,Sodium channel protein type 5 subunit alpha,IC50,6700.0,5.17,CHEMBL3883129
Ranolazine,CHEMBL1404,CHEMBL240,Q12809,Voltage-gated inwardly rectifying potassium channel KCNH2,IC50,12000.0,4.92,CHEMBL4766000
Ranolazine,CHEMBL1404,CHEMBL1980,Q14524,Sodium channel protein type 5 subunit alpha,IC50,7000.0,5.15,CHEMBL4813173
Rapamycin,CHEMBL413,CHEMBL1902,P62942,Peptidyl-prolyl cis-trans isomerase FKBP1A,IC50,0.6,9.22,CHEMBL678159
Rapamycin,CHEMBL413,CHEMBL372,,Homo sapiens,IC50,0.5,9.3,CHEMBL811523
Rapamycin,CHEMBL413,CHEMBL1902,P62942,Peptidyl-prolyl cis-trans isomerase FKBP1A,IC50,1.1,8.96,CHEMBL678141
Rapamycin,CHEMBL413,CHEMBL372,,Homo sapiens,IC50,1.27,8.9,CHEMBL701818
Rapamycin,CHEMBL413,CHEMBL2842,P42345,Serine/threonine-protein kinase mTOR,IC50,3.467,8.46,CHEMBL677281
Rapamycin,CHEMBL413,CHEMBL372,,Homo sapiens,IC50,1.0,9.0,CHEMBL695826
Rapamycin,CHEMBL413,CHEMBL1902,P62942,Peptidyl-prolyl cis-trans isomerase FKBP1A,IC50,1.6,8.8,CHEMBL677106
Rapamycin,CHEMBL413,CHEMBL1902,P62942,Peptidyl-prolyl cis-trans isomerase FKBP1A,Ki,0.2,9.7,CHEMBL678143
Rapamycin,CHEMBL413,CHEMBL1902,P62942,Peptidyl-prolyl cis-trans isomerase FKBP1A,IC50,0.45,9.35,CHEMBL881779
Rapamycin,CHEMBL413,CHEMBL2842,P42345,Serine/threonine-protein kinase mTOR,IC50,0.45,9.35,CHEMBL881403
Rapamycin,CHEMBL413,CHEMBL2842,P42345,Serine/threonine-protein kinase mTOR,IC50,1.6,8.8,CHEMBL871328
Rapamycin,CHEMBL413,CHEMBL2842,P42345,Serine/threonine-protein kinase mTOR,IC50,0.1,10.0,CHEMBL997061
Rapamycin,CHEMBL413,CHEMBL385,,K562,IC50,1000000.0,3.0,CHEMBL957685
Rapamycin,CHEMBL413,CHEMBL4848,P06730,Eukaryotic translation initiation factor 4E,Kd,0.5,9.3,CHEMBL1639015
Rapamycin,CHEMBL413,CHEMBL3622,P33261,Cytochrome P450 2C19,IC50,4000.0,5.4,CHEMBL1909134
Rapamycin,CHEMBL413,CHEMBL3397,P11712,Cytochrome P450 2C9,IC50,2000.0,5.7,CHEMBL1909135
Rapamycin,CHEMBL413,CHEMBL340,P08684,Cytochrome P450 3A4,IC50,2000.0,5.7,CHEMBL1909138
Rapamycin,CHEMBL413,CHEMBL2842,P42345,Serine/threonine-protein kinase mTOR,IC50,10.0,8.0,CHEMBL1949072
Rapamycin,CHEMBL413,CHEMBL2842,P42345,Serine/threonine-protein kinase mTOR,IC50,10000.0,5.0,CHEMBL1949073
Rapamycin,CHEMBL413,CHEMBL390,,PC-3,IC50,10.0,8.0,CHEMBL1949074
Rapamycin,CHEMBL413,CHEMBL1697668,Q9Y6L6,Solute carrier organic anion transporter family member 1B1,IC50,1100.0,5.96,CHEMBL2077073
Rapamycin,CHEMBL413,CHEMBL4302,P08183,ATP-dependent translocase ABCB1,IC50,1250.0,5.9,CHEMBL2076148
Rapamycin,CHEMBL413,CHEMBL2052031,Q13451,Peptidyl-prolyl cis-trans isomerase FKBP5,Ki,3.0,8.52,CHEMBL2351899
Rapamycin,CHEMBL413,CHEMBL2366079,,DSH1,IC50,458.91,6.34,CHEMBL2363187
Rapamycin,CHEMBL413,CHEMBL614281,,Daudi,IC50,0.4336,9.36,CHEMBL2363192
Rapamycin,CHEMBL413,CHEMBL2366246,,DU-4475,IC50,187.68,6.73,CHEMBL2363189
Rapamycin,CHEMBL413,CHEMBL2366258,,EHEB,IC50,337.52,6.47,CHEMBL2363206
Rapamycin,CHEMBL413,CHEMBL614487,,EKVX,IC50,672.71,6.17,CHEMBL2363207
Rapamycin,CHEMBL413,CHEMBL2366281,,EM-2,IC50,38.53,7.41,CHEMBL2363208
Rapamycin,CHEMBL413,CHEMBL2366146,,ES1,IC50,2898.79,5.54,CHEMBL2363210
Rapamycin,CHEMBL413,CHEMBL2366312,,ES5,IC50,15078.65,4.82,CHEMBL2363213
Rapamycin,CHEMBL413,CHEMBL2366135,,ES3,IC50,15070.26,4.82,CHEMBL2363211
Rapamycin,CHEMBL413,CHEMBL2366118,,ES4,IC50,0.02146,10.67,CHEMBL2363212
Rapamycin,CHEMBL413,CHEMBL2366369,,EB-3,IC50,52.67,7.28,CHEMBL2363195
Rapamycin,CHEMBL413,CHEMBL2366338,,EB2,IC50,122084.33,3.91,CHEMBL2363196
Rapamycin,CHEMBL413,CHEMBL2366240,,EC-GI-10,IC50,21204.05,4.67,CHEMBL2363197
Rapamycin,CHEMBL413,CHEMBL2366367,,ECC4,IC50,44.78,7.35,CHEMBL2363200
Rapamycin,CHEMBL413,CHEMBL2366283,,C2BBe1,IC50,167.76,6.78,CHEMBL2363771
Rapamycin,CHEMBL413,CHEMBL2366224,,COLO-800,IC50,235.28,6.63,CHEMBL2363140
Rapamycin,CHEMBL413,CHEMBL2366199,,DG-75,IC50,1162.85,5.93,CHEMBL2363177
Rapamycin,CHEMBL413,CHEMBL2366264,,DJM-1,IC50,2606.3,5.58,CHEMBL2363178
Rapamycin,CHEMBL413,CHEMBL614567,,A704,IC50,899.15,6.05,CHEMBL2363734
Rapamycin,CHEMBL413,CHEMBL1075430,,COLO-824,IC50,2897.68,5.54,CHEMBL2363141
Rapamycin,CHEMBL413,CHEMBL2366275,,COLO-829,IC50,8488.79,5.07,CHEMBL2363142
Rapamycin,CHEMBL413,CHEMBL614642,,DMS-114,IC50,150.67,6.82,CHEMBL2363180
Rapamycin,CHEMBL413,CHEMBL2366195,,ACN,IC50,146.75,6.83,CHEMBL2363737
Rapamycin,CHEMBL413,CHEMBL614533,,C8166,IC50,6559.12,5.18,CHEMBL2363774
Rapamycin,CHEMBL413,CHEMBL612566,,CA46,IC50,8950.98,5.05,CHEMBL2363775
Rapamycin,CHEMBL413,CHEMBL614286,,DMS-79,IC50,1368.66,5.86,CHEMBL2363184
Rapamycin,CHEMBL413,CHEMBL2366181,,DOHH-2,IC50,3.353,8.47,CHEMBL2363185
Rapamycin,CHEMBL413,CHEMBL2366294,,ALL-PO,IC50,4840.77,5.32,CHEMBL2363739
Rapamycin,CHEMBL413,CHEMBL2366352,,COR-L279,IC50,87.25,7.06,CHEMBL2363145
Rapamycin,CHEMBL413,CHEMBL2366329,,COR-L88,IC50,16314.02,4.79,CHEMBL2363146
Rapamycin,CHEMBL413,CHEMBL2366167,,DMS-153,IC50,3058.24,5.51,CHEMBL2363181
Rapamycin,CHEMBL413,CHEMBL2366192,,AM-38,IC50,1307.2,5.88,CHEMBL2363740
Rapamycin,CHEMBL413,CHEMBL2366241,,ARH-77,IC50,52.8,7.28,CHEMBL2363742
Rapamycin,CHEMBL413,CHEMBL1075407,,CAL-148,IC50,2336.14,5.63,CHEMBL2363779
Rapamycin,CHEMBL413,CHEMBL2366363,,CP66-MEL,IC50,3790.94,5.42,CHEMBL2363148
Rapamycin,CHEMBL413,CHEMBL2366277,,ATN-1,IC50,1262.09,5.9,CHEMBL2363743
Rapamycin,CHEMBL413,CHEMBL2366095,,CP67-MEL,IC50,199.38,6.7,CHEMBL2363149
Rapamycin,CHEMBL413,CHEMBL2366061,,CPC-N,IC50,1088.0,5.96,CHEMBL2363150
Rapamycin,CHEMBL413,CHEMBL2366344,,CTB-1,IC50,4715.55,5.33,CHEMBL2363152
Rapamycin,CHEMBL413,CHEMBL2366271,,BB30-HNC,IC50,388.32,6.41,CHEMBL2363747
Rapamycin,CHEMBL413,CHEMBL2366360,,CTV-1,IC50,744.9,6.13,CHEMBL2363153
Rapamycin,CHEMBL413,CHEMBL2366174,,CW-2,IC50,5859.59,5.23,CHEMBL2363154
Rapamycin,CHEMBL413,CHEMBL2366253,,697,IC50,6.279,8.2,CHEMBL2363713
Rapamycin,CHEMBL413,CHEMBL2366295,,BB49-HNC,IC50,1735.86,5.76,CHEMBL2363748
Rapamycin,CHEMBL413,CHEMBL2366247,,BB65-RCC,IC50,119.93,6.92,CHEMBL2363749
Rapamycin,CHEMBL413,CHEMBL2366371,,BC-3,IC50,99.18,7.0,CHEMBL2363751
Rapamycin,CHEMBL413,CHEMBL2366100,,CAS-1,IC50,3137.07,5.5,CHEMBL2363834
Rapamycin,CHEMBL413,CHEMBL614535,,Calu-6,IC50,6153.16,5.21,CHEMBL2363160
Rapamycin,CHEMBL413,CHEMBL2366115,,8-MG-BA,IC50,581.52,6.24,CHEMBL2363716
Rapamycin,CHEMBL413,CHEMBL2366303,,BE-13,IC50,2.988,8.52,CHEMBL2363753
Rapamycin,CHEMBL413,CHEMBL382,,CCRF-CEM,IC50,4.941,8.31,CHEMBL2363836
Rapamycin,CHEMBL413,CHEMBL2366306,,A101D,IC50,32.62,7.49,CHEMBL2363719
Rapamycin,CHEMBL413,CHEMBL2366361,,CESS,IC50,13.13,7.88,CHEMBL2363837
Rapamycin,CHEMBL413,CHEMBL2366300,,CGTH-W-1,IC50,948.13,6.02,CHEMBL2363839
Rapamycin,CHEMBL413,CHEMBL2366237,,D-247MG,IC50,7043.47,5.15,CHEMBL2363165
Rapamycin,CHEMBL413,CHEMBL2366137,,CHP-126,IC50,3764.58,5.42,CHEMBL2363841
Rapamycin,CHEMBL413,CHEMBL2366183,,D-263MG,IC50,4229.61,5.37,CHEMBL2363166
Rapamycin,CHEMBL413,CHEMBL614476,,D283 Med,IC50,4188.4,5.38,CHEMBL2363167
Rapamycin,CHEMBL413,CHEMBL614255,,A253 cell line,IC50,4021.01,5.4,CHEMBL2363723
Rapamycin,CHEMBL413,CHEMBL2366173,,BL-41,IC50,43.66,7.36,CHEMBL2363759
Rapamycin,CHEMBL413,CHEMBL2366317,,BL-70,IC50,28.38,7.55,CHEMBL2363760
Rapamycin,CHEMBL413,CHEMBL2366109,,BOKU,IC50,6475.97,5.19,CHEMBL2363761
Rapamycin,CHEMBL413,CHEMBL2366177,,CMK,IC50,84.16,7.07,CHEMBL2363844
Rapamycin,CHEMBL413,CHEMBL2366265,,COLO-320-HSR,IC50,4444.27,5.35,CHEMBL2363846
Rapamycin,CHEMBL413,CHEMBL2366113,,D-336MG,IC50,8401.16,5.08,CHEMBL2363168
Rapamycin,CHEMBL413,CHEMBL2366273,,A3-KAW,IC50,2.994,8.52,CHEMBL2363725
Rapamycin,CHEMBL413,CHEMBL2366215,,COLO-668,IC50,2826.95,5.55,CHEMBL2363847
Rapamycin,CHEMBL413,CHEMBL2366343,,D-502MG,IC50,3143.9,5.5,CHEMBL2363171
Rapamycin,CHEMBL413,CHEMBL2366355,,A388,IC50,44.82,7.35,CHEMBL2363727
Rapamycin,CHEMBL413,CHEMBL2366356,,A4-Fuk,IC50,13.12,7.88,CHEMBL2363728
Rapamycin,CHEMBL413,CHEMBL614529,,BT-474,IC50,647.06,6.19,CHEMBL2363764
Rapamycin,CHEMBL413,CHEMBL2366145,,BV-173,IC50,83.97,7.08,CHEMBL2363766
Rapamycin,CHEMBL413,CHEMBL2366331,,DB,IC50,1272.42,5.9,CHEMBL2363174
Rapamycin,CHEMBL413,CHEMBL614516,,A498,IC50,9361.24,5.03,CHEMBL2363731
Rapamycin,CHEMBL413,CHEMBL2366230,,Becker,IC50,41.05,7.39,CHEMBL2363767
Rapamycin,CHEMBL413,CHEMBL2366176,,COLO-684,IC50,39.8,7.4,CHEMBL2363851
Rapamycin,CHEMBL413,CHEMBL2366186,,DEL,IC50,17.99,7.74,CHEMBL2363176
Regorafenib (BAY 73-4506),CHEMBL1946170,CHEMBL5145,P15056,Serine/threonine-protein kinase B-raf,IC50,28.0,7.55,CHEMBL1948264
Regorafenib (BAY 73-4506),CHEMBL1946170,CHEMBL5145,P15056,Serine/threonine-protein kinase B-raf,IC50,19.0,7.72,CHEMBL1948265
Regorafenib (BAY 73-4506),CHEMBL1946170,CHEMBL2409,P34913,Bifunctional epoxide hydrolase 2,IC50,0.5,9.3,CHEMBL2399731
Regorafenib (BAY 73-4506),CHEMBL1946170,CHEMBL3830,Q2M2I8,AP2-associated protein kinase 1,Kd,30000.0,4.52,CHEMBL3991602
Regorafenib (BAY 73-4506),CHEMBL1946170,CHEMBL1862,P00519,Tyrosine-protein kinase ABL1,Kd,753.0,6.12,CHEMBL3991603
Regorafenib (BAY 73-4506),CHEMBL1946170,CHEMBL4014,P42684,Tyrosine-protein kinase ABL2,Kd,30000.0,4.52,CHEMBL3991604
Regorafenib (BAY 73-4506),CHEMBL1946170,CHEMBL4105816,Q6JQN1,Acyl-CoA dehydrogenase family member 10,Kd,30000.0,4.52,CHEMBL3991605
Regorafenib (BAY 73-4506),CHEMBL1946170,CHEMBL4105707,Q709F0,Acyl-CoA dehydrogenase family member 11,Kd,30000.0,4.52,CHEMBL3991606
Regorafenib (BAY 73-4506),CHEMBL1946170,CHEMBL4105892,P49748,"Very long-chain specific acyl-CoA dehydrogenase, mitochondrial",Kd,30000.0,4.52,CHEMBL3991607
Regorafenib (BAY 73-4506),CHEMBL1946170,CHEMBL4105748,Q15067,Peroxisomal acyl-coenzyme A oxidase 1,Kd,30000.0,4.52,CHEMBL3991608
Regorafenib (BAY 73-4506),CHEMBL1946170,CHEMBL4105817,O15254,Peroxisomal acyl-coenzyme A oxidase 3,Kd,30000.0,4.52,CHEMBL3991609
Regorafenib (BAY 73-4506),CHEMBL1946170,CHEMBL4105818,Q9ULC5,Long-chain-fatty-acid--CoA ligase 5,Kd,30000.0,4.52,CHEMBL3991610
Regorafenib (BAY 73-4506),CHEMBL1946170,CHEMBL6090,P61160,Actin-related protein 2,Kd,30000.0,4.52,CHEMBL3991611
Regorafenib (BAY 73-4506),CHEMBL1946170,CHEMBL4105857,P61158,Actin-related protein 3,Kd,30000.0,4.52,CHEMBL3991612
Regorafenib (BAY 73-4506),CHEMBL1946170,CHEMBL5903,Q04771,Activin receptor type-1,Kd,30000.0,4.52,CHEMBL3991613
Regorafenib (BAY 73-4506),CHEMBL1946170,CHEMBL5310,P36896,Activin receptor type-1B,Kd,30000.0,4.52,CHEMBL3991614
Regorafenib (BAY 73-4506),CHEMBL1946170,CHEMBL5466,Q13705,Activin receptor type-2B,Kd,30000.0,4.52,CHEMBL3991615
Regorafenib (BAY 73-4506),CHEMBL1946170,CHEMBL4105885,Q86TW2,AarF domain-containing protein kinase 1,Kd,30000.0,4.52,CHEMBL3991617
Regorafenib (BAY 73-4506),CHEMBL1946170,CHEMBL5550,Q8NI60,"Atypical kinase COQ8A, mitochondrial",Kd,30000.0,4.52,CHEMBL3991618
Regorafenib (BAY 73-4506),CHEMBL1946170,CHEMBL3589,P55263,Adenosine kinase,Kd,30000.0,4.52,CHEMBL3991620
Regorafenib (BAY 73-4506),CHEMBL1946170,CHEMBL4079,P25098,Beta-adrenergic receptor kinase 1,Kd,30000.0,4.52,CHEMBL3991621
Regorafenib (BAY 73-4506),CHEMBL1946170,CHEMBL4938,P54819,"Adenylate kinase 2, mitochondrial",Kd,30000.0,4.52,CHEMBL3991622
Regorafenib (BAY 73-4506),CHEMBL1946170,CHEMBL4282,P31749,RAC-alpha serine/threonine-protein kinase,Kd,30000.0,4.52,CHEMBL3991623
Regorafenib (BAY 73-4506),CHEMBL1946170,CHEMBL2431,P31751,RAC-beta serine/threonine-protein kinase,Kd,30000.0,4.52,CHEMBL3991624
Regorafenib (BAY 73-4506),CHEMBL1946170,CHEMBL4816,Q9Y243,RAC-gamma serine/threonine-protein kinase,Kd,30000.0,4.52,CHEMBL3991625
Regorafenib (BAY 73-4506),CHEMBL1946170,CHEMBL4105819,P07741,Adenine phosphoribosyltransferase,Kd,30000.0,4.52,CHEMBL3991627
Regorafenib (BAY 73-4506),CHEMBL1946170,CHEMBL1169596,P10398,Serine/threonine-protein kinase A-Raf,Kd,30000.0,4.52,CHEMBL3991628
Regorafenib (BAY 73-4506),CHEMBL1946170,CHEMBL4722,O14965,Aurora kinase A,Kd,30000.0,4.52,CHEMBL3991630
Regorafenib (BAY 73-4506),CHEMBL1946170,CHEMBL2185,Q96GD4,Aurora kinase B,Kd,30000.0,4.52,CHEMBL3991631
Regorafenib (BAY 73-4506),CHEMBL1946170,CHEMBL5146,P11274,Breakpoint cluster region protein,Kd,739.0,6.13,CHEMBL3991632
Regorafenib (BAY 73-4506),CHEMBL1946170,CHEMBL4522,Q9NSY1,BMP-2-inducible protein kinase,Kd,30000.0,4.52,CHEMBL3991633
Regorafenib (BAY 73-4506),CHEMBL1946170,CHEMBL5275,P36894,Bone morphogenetic protein receptor type-1A,Kd,30000.0,4.52,CHEMBL3991634
Regorafenib (BAY 73-4506),CHEMBL1946170,CHEMBL5476,O00238,Bone morphogenetic protein receptor type-1B,Kd,30000.0,4.52,CHEMBL3991635
Regorafenib (BAY 73-4506),CHEMBL1946170,CHEMBL5467,Q13873,Bone morphogenetic protein receptor type-2,Kd,30000.0,4.52,CHEMBL3991636
Regorafenib (BAY 73-4506),CHEMBL1946170,CHEMBL5145,P15056,Serine/threonine-protein kinase B-raf,Kd,3125.0,5.51,CHEMBL3991637
Regorafenib (BAY 73-4506),CHEMBL1946170,CHEMBL5251,Q06187,Tyrosine-protein kinase BTK,Kd,30000.0,4.52,CHEMBL3991638
Regorafenib (BAY 73-4506),CHEMBL1946170,CHEMBL1772932,O43683,Mitotic checkpoint serine/threonine-protein kinase BUB1,Kd,30000.0,4.52,CHEMBL3991639
Regorafenib (BAY 73-4506),CHEMBL1946170,CHEMBL2801,Q13557,Calcium/calmodulin-dependent protein kinase type II subunit delta,Kd,30000.0,4.52,CHEMBL3991641
Regorafenib (BAY 73-4506),CHEMBL1946170,CHEMBL3829,Q13555,Calcium/calmodulin-dependent protein kinase type II subunit gamma,Kd,30000.0,4.52,CHEMBL3991642
Regorafenib (BAY 73-4506),CHEMBL1946170,CHEMBL2494,Q16566,Calcium/calmodulin-dependent protein kinase type IV,Kd,30000.0,4.52,CHEMBL3991643
Regorafenib (BAY 73-4506),CHEMBL1946170,CHEMBL5284,Q96RR4,Calcium/calmodulin-dependent protein kinase kinase 2,Kd,30000.0,4.52,CHEMBL3991644
Regorafenib (BAY 73-4506),CHEMBL1946170,CHEMBL4105937,P49589,"Cysteine--tRNA ligase, cytoplasmic",Kd,30000.0,4.52,CHEMBL3991645
Regorafenib (BAY 73-4506),CHEMBL1946170,CHEMBL4516,Q5VT25,Serine/threonine-protein kinase MRCK alpha,Kd,30000.0,4.52,CHEMBL3991646
Regorafenib (BAY 73-4506),CHEMBL1946170,CHEMBL5052,Q9Y5S2,Serine/threonine-protein kinase MRCK beta,Kd,30000.0,4.52,CHEMBL3991647
Regorafenib (BAY 73-4506),CHEMBL1946170,CHEMBL5615,Q6DT37,Serine/threonine-protein kinase MRCK gamma,Kd,30000.0,4.52,CHEMBL3991648
Regorafenib (BAY 73-4506),CHEMBL1946170,CHEMBL308,P06493,Cyclin-dependent kinase 1,Kd,30000.0,4.52,CHEMBL3991650
Regorafenib (BAY 73-4506),CHEMBL1946170,CHEMBL1795191,Q15131,Cyclin-dependent kinase 10,Kd,30000.0,4.52,CHEMBL3991651
Regorafenib (BAY 73-4506),CHEMBL1946170,CHEMBL3559692,Q9NYV4,Cyclin-dependent kinase 12,Kd,30000.0,4.52,CHEMBL3991652
Regorafenib (BAY 73-4506),CHEMBL1946170,CHEMBL1795192,Q14004,Cyclin-dependent kinase 13,Kd,30000.0,4.52,CHEMBL3991653
Regorafenib (BAY 73-4506),CHEMBL1946170,CHEMBL4597,Q00536,Cyclin-dependent kinase 16,Kd,30000.0,4.52,CHEMBL3991654
Regorafenib (BAY 73-4506),CHEMBL1946170,CHEMBL5790,Q00537,Cyclin-dependent kinase 17,Kd,719.0,6.14,CHEMBL3991655
Regorafenib (BAY 73-4506),CHEMBL1946170,CHEMBL301,P24941,Cyclin-dependent kinase 2,Kd,30000.0,4.52,CHEMBL3991657
Regorafenib (BAY 73-4506),CHEMBL1946170,CHEMBL4442,Q00526,Cyclin-dependent kinase 3,Kd,30000.0,4.52,CHEMBL3991658
Regorafenib (BAY 73-4506),CHEMBL1946170,CHEMBL331,P11802,Cyclin-dependent kinase 4,Kd,30000.0,4.52,CHEMBL3991659
Regorafenib (BAY 73-4506),CHEMBL1946170,CHEMBL4036,Q00535,Cyclin-dependent kinase 5,Kd,30000.0,4.52,CHEMBL3991660
Regorafenib (BAY 73-4506),CHEMBL1946170,CHEMBL2508,Q00534,Cyclin-dependent kinase 6,Kd,30000.0,4.52,CHEMBL3991661
Regorafenib (BAY 73-4506),CHEMBL1946170,CHEMBL3055,P50613,Cyclin-dependent kinase 7,Kd,30000.0,4.52,CHEMBL3991662
Regorafenib (BAY 73-4506),CHEMBL1946170,CHEMBL3116,P50750,Cyclin-dependent kinase 9,Kd,30000.0,4.52,CHEMBL3991663
Regorafenib (BAY 73-4506),CHEMBL1946170,CHEMBL4105742,Q14839,Chromodomain-helicase-DNA-binding protein 4,Kd,30000.0,4.52,CHEMBL3991665
Regorafenib (BAY 73-4506),CHEMBL1946170,CHEMBL4630,O14757,Serine/threonine-protein kinase Chk1,Kd,30000.0,4.52,CHEMBL3991666
Regorafenib (BAY 73-4506),CHEMBL1946170,CHEMBL5579,O14578,Citron Rho-interacting kinase,Kd,30000.0,4.52,CHEMBL3991667
Regorafenib (BAY 73-4506),CHEMBL1946170,CHEMBL4224,P49759,Dual specificity protein kinase CLK1,Kd,2107.0,5.68,CHEMBL3991668
Regorafenib (BAY 73-4506),CHEMBL1946170,CHEMBL4225,P49760,Dual specificity protein kinase CLK2,Kd,30000.0,4.52,CHEMBL3991669
Regorafenib (BAY 73-4506),CHEMBL1946170,CHEMBL4226,P49761,Dual specificity protein kinase CLK3,Kd,30000.0,4.52,CHEMBL3991670
Regorafenib (BAY 73-4506),CHEMBL1946170,CHEMBL4203,Q9HAZ1,Dual specificity protein kinase CLK4,Kd,30000.0,4.52,CHEMBL3991671
Regorafenib (BAY 73-4506),CHEMBL1946170,CHEMBL5681,P30085,UMP-CMP kinase,Kd,30000.0,4.52,CHEMBL3991672
Regorafenib (BAY 73-4506),CHEMBL1946170,CHEMBL2634,P41240,Tyrosine-protein kinase CSK,Kd,30000.0,4.52,CHEMBL3991673
Regorafenib (BAY 73-4506),CHEMBL1946170,CHEMBL2793,P48729,Casein kinase I isoform alpha,Kd,30000.0,4.52,CHEMBL3991674
Regorafenib (BAY 73-4506),CHEMBL1946170,CHEMBL2828,P48730,Casein kinase I isoform delta,Kd,30000.0,4.52,CHEMBL3991675
Regorafenib (BAY 73-4506),CHEMBL1946170,CHEMBL4937,P49674,Casein kinase I isoform epsilon,Kd,30000.0,4.52,CHEMBL3991676
Regorafenib (BAY 73-4506),CHEMBL1946170,CHEMBL2426,Q9HCP0,Casein kinase I isoform gamma-1,Kd,30000.0,4.52,CHEMBL3991677
Regorafenib (BAY 73-4506),CHEMBL1946170,CHEMBL2543,P78368,Casein kinase I isoform gamma-2,Kd,30000.0,4.52,CHEMBL3991678
Regorafenib (BAY 73-4506),CHEMBL1946170,CHEMBL5084,Q9Y6M4,Casein kinase I isoform gamma-3,Kd,30000.0,4.52,CHEMBL3991679
Regorafenib (BAY 73-4506),CHEMBL1946170,CHEMBL4070,P19784,Casein kinase II subunit alpha',Kd,30000.0,4.52,CHEMBL3991681
Regorafenib (BAY 73-4506),CHEMBL1946170,CHEMBL4105975,P08574,"Cytochrome c1, heme protein, mitochondrial",Kd,30000.0,4.52,CHEMBL3991682
Regorafenib (BAY 73-4506),CHEMBL1946170,CHEMBL2447,P27707,Deoxycytidine kinase,Kd,30000.0,4.52,CHEMBL3991683
Regorafenib (BAY 73-4506),CHEMBL1946170,CHEMBL3769292,Q9H773,dCTP pyrophosphatase 1,Kd,30000.0,4.52,CHEMBL3991684
Regorafenib (BAY 73-4506),CHEMBL1946170,CHEMBL5319,Q08345,Epithelial discoidin domain-containing receptor 1,Kd,358.0,6.45,CHEMBL3991685
Regorafenib (BAY 73-4506),CHEMBL1946170,CHEMBL5122,Q16832,Discoidin domain-containing receptor 2,Kd,421.0,6.38,CHEMBL3991686
Regorafenib (BAY 73-4506),CHEMBL1946170,CHEMBL2010634,Q92499,ATP-dependent RNA helicase DDX1,Kd,30000.0,4.52,CHEMBL3991687
Regorafenib (BAY 73-4506),CHEMBL1946170,CHEMBL5553,O00571,ATP-dependent RNA helicase DDX3X,Kd,30000.0,4.52,CHEMBL3991688
Regorafenib (BAY 73-4506),CHEMBL1946170,CHEMBL4105782,Q86XP3,ATP-dependent RNA helicase DDX42,Kd,30000.0,4.52,CHEMBL3991689
Regorafenib (BAY 73-4506),CHEMBL1946170,CHEMBL4105783,P26196,Probable ATP-dependent RNA helicase DDX6,Kd,30000.0,4.52,CHEMBL3991690
Regorafenib (BAY 73-4506),CHEMBL1946170,CHEMBL2331059,Q15392,Delta(24)-sterol reductase,Kd,30000.0,4.52,CHEMBL3991691
Regorafenib (BAY 73-4506),CHEMBL1946170,CHEMBL4105814,Q7L2E3,ATP-dependent RNA helicase DHX30,Kd,30000.0,4.52,CHEMBL3991692
Regorafenib (BAY 73-4506),CHEMBL1946170,CHEMBL2189122,P31689,DnaJ homolog subfamily A member 1,Kd,30000.0,4.52,CHEMBL3991693
Regorafenib (BAY 73-4506),CHEMBL1946170,CHEMBL2292,Q13627,Dual specificity tyrosine-phosphorylation-regulated kinase 1A,Kd,30000.0,4.52,CHEMBL3991694
Regorafenib (BAY 73-4506),CHEMBL1946170,CHEMBL203,P00533,Epidermal growth factor receptor,Kd,30000.0,4.52,CHEMBL3991696
Regorafenib (BAY 73-4506),CHEMBL1946170,CHEMBL6029,Q9BQI3,Eukaryotic translation initiation factor 2-alpha kinase 1,Kd,30000.0,4.52,CHEMBL3991697
Regorafenib (BAY 73-4506),CHEMBL1946170,CHEMBL4105852,O60841,Eukaryotic translation initiation factor 5B,Kd,30000.0,4.52,CHEMBL3991699
Regorafenib (BAY 73-4506),CHEMBL1946170,CHEMBL5810,P21709,Ephrin type-A receptor 1,Kd,7.0,8.15,CHEMBL3991700
Regorafenib (BAY 73-4506),CHEMBL1946170,CHEMBL2068,P29317,Ephrin type-A receptor 2,Kd,832.0,6.08,CHEMBL3991701
Regorafenib (BAY 73-4506),CHEMBL1946170,CHEMBL3988,P54764,Ephrin type-A receptor 4,Kd,30000.0,4.52,CHEMBL3991702
Regorafenib (BAY 73-4506),CHEMBL1946170,CHEMBL3987,P54756,Ephrin type-A receptor 5,Kd,1123.0,5.95,CHEMBL3991703
Regorafenib (BAY 73-4506),CHEMBL1946170,CHEMBL3290,P29323,Ephrin type-B receptor 2,Kd,30000.0,4.52,CHEMBL3991705
Regorafenib (BAY 73-4506),CHEMBL1946170,CHEMBL4901,P54753,Ephrin type-B receptor 3,Kd,30000.0,4.52,CHEMBL3991706
Regorafenib (BAY 73-4506),CHEMBL1946170,CHEMBL5147,P54760,Ephrin type-B receptor 4,Kd,30000.0,4.52,CHEMBL3991707
Regorafenib (BAY 73-4506),CHEMBL1946170,CHEMBL5836,O15197,Ephrin type-B receptor 6,Kd,30000.0,4.52,CHEMBL3991708
Regorafenib (BAY 73-4506),CHEMBL1946170,CHEMBL4105743,P18074,General transcription and DNA repair factor IIH helicase subunit XPD,Kd,30000.0,4.52,CHEMBL3991709
Regorafenib (BAY 73-4506),CHEMBL1946170,CHEMBL1163101,O75460,Serine/threonine-protein kinase/endoribonuclease IRE1,Kd,30000.0,4.52,CHEMBL3991710
Roscovitine (CYC-202),CHEMBL14762,CHEMBL308,P06493,Cyclin-dependent kinase 1,IC50,450.0,6.35,CHEMBL666135
Roscovitine (CYC-202),CHEMBL14762,CHEMBL387,,MCF7,IC50,11100.0,4.95,CHEMBL709978
Roscovitine (CYC-202),CHEMBL14762,CHEMBL385,,K562,IC50,40000.0,4.4,CHEMBL705012
Roscovitine (CYC-202),CHEMBL14762,CHEMBL308,P06493,Cyclin-dependent kinase 1,IC50,200.0,6.7,CHEMBL657992
Roscovitine (CYC-202),CHEMBL14762,CHEMBL1907602,,Cyclin-dependent kinase 1/cyclin B1,IC50,450.0,6.35,CHEMBL661116
Roscovitine (CYC-202),CHEMBL14762,CHEMBL308,P06493,Cyclin-dependent kinase 1,IC50,450.0,6.35,CHEMBL661624
Roscovitine (CYC-202),CHEMBL14762,CHEMBL331,P11802,Cyclin-dependent kinase 4,IC50,100000.0,4.0,CHEMBL666097
Roscovitine (CYC-202),CHEMBL14762,CHEMBL301,P24941,Cyclin-dependent kinase 2,IC50,600.0,6.22,CHEMBL658936
Roscovitine (CYC-202),CHEMBL14762,CHEMBL308,P06493,Cyclin-dependent kinase 1,IC50,700000.0,3.15,CHEMBL661621
Roscovitine (CYC-202),CHEMBL14762,CHEMBL2094127,,Cyclin-dependent kinase 1/cyclin B,IC50,650.0,6.19,CHEMBL664570
Roscovitine (CYC-202),CHEMBL14762,CHEMBL2094128,,Cyclin-dependent kinase 2/cyclin A,IC50,700.0,6.15,CHEMBL664567
Roscovitine (CYC-202),CHEMBL14762,CHEMBL2094126,,Cyclin-dependent kinase 2/cyclin E,IC50,700.0,6.15,CHEMBL665288
Roscovitine (CYC-202),CHEMBL14762,CHEMBL1907601,,Cyclin-dependent kinase 4/cyclin D1,IC50,100000.0,4.0,CHEMBL665124
Roscovitine (CYC-202),CHEMBL14762,CHEMBL3385,P27361,Mitogen-activated protein kinase 3,IC50,34000.0,4.47,CHEMBL732082
Roscovitine (CYC-202),CHEMBL14762,CHEMBL4040,P28482,Mitogen-activated protein kinase 1,IC50,14000.0,4.85,CHEMBL737113
Roscovitine (CYC-202),CHEMBL14762,CHEMBL2094138,,cAMP-dependent protein kinase (PKA),IC50,1000000.0,3.0,CHEMBL823565
Roscovitine (CYC-202),CHEMBL14762,CHEMBL2094127,,Cyclin-dependent kinase 1/cyclin B,IC50,450.0,6.35,CHEMBL658193
Roscovitine (CYC-202),CHEMBL14762,CHEMBL387,,MCF7,IC50,11100.0,4.95,CHEMBL715096
Roscovitine (CYC-202),CHEMBL14762,CHEMBL385,,K562,IC50,40000.0,4.4,CHEMBL702156
Roscovitine (CYC-202),CHEMBL14762,CHEMBL382,,CCRF-CEM,IC50,18200.0,4.74,CHEMBL653895
Roscovitine (CYC-202),CHEMBL14762,CHEMBL614736,,HOS,IC50,32000.0,4.49,CHEMBL695476
Roscovitine (CYC-202),CHEMBL14762,CHEMBL614036,,G-361,IC50,34000.0,4.47,CHEMBL679596
Roscovitine (CYC-202),CHEMBL14762,CHEMBL2094127,,Cyclin-dependent kinase 1/cyclin B,IC50,450.0,6.35,CHEMBL660805
Roscovitine (CYC-202),CHEMBL14762,CHEMBL1907600,,Cyclin-dependent kinase 5/CDK5 activator 1,IC50,160.0,6.8,CHEMBL664797
Roscovitine (CYC-202),CHEMBL14762,CHEMBL2094138,,cAMP-dependent protein kinase (PKA),IC50,1000000.0,3.0,CHEMBL766370
Roscovitine (CYC-202),CHEMBL14762,CHEMBL262,P49841,Glycogen synthase kinase-3 beta,IC50,130000.0,3.89,CHEMBL680577
Roscovitine (CYC-202),CHEMBL14762,CHEMBL2111458,,Casein kinase I,IC50,17000.0,4.77,CHEMBL657565
Roscovitine (CYC-202),CHEMBL14762,CHEMBL2094127,,Cyclin-dependent kinase 1/cyclin B,IC50,650.0,6.19,CHEMBL662512
Roscovitine (CYC-202),CHEMBL14762,CHEMBL1907600,,Cyclin-dependent kinase 5/CDK5 activator 1,IC50,800.0,6.1,CHEMBL663604
Roscovitine (CYC-202),CHEMBL14762,CHEMBL2094126,,Cyclin-dependent kinase 2/cyclin E,IC50,650.0,6.19,CHEMBL658866
Roscovitine (CYC-202),CHEMBL14762,CHEMBL1907600,,Cyclin-dependent kinase 5/CDK5 activator 1,IC50,200.0,6.7,CHEMBL828661
Roscovitine (CYC-202),CHEMBL14762,CHEMBL4036,Q00535,Cyclin-dependent kinase 5,Kd,2000.0,5.7,CHEMBL859644
Roscovitine (CYC-202),CHEMBL14762,CHEMBL4597,Q00536,Cyclin-dependent kinase 16,Kd,990.0,6.0,CHEMBL860663
Roscovitine (CYC-202),CHEMBL14762,CHEMBL301,P24941,Cyclin-dependent kinase 2,Kd,2900.0,5.54,CHEMBL860890
Roscovitine (CYC-202),CHEMBL14762,CHEMBL4225,P49760,Dual specificity protein kinase CLK2,Kd,470.0,6.33,CHEMBL860773
Roscovitine (CYC-202),CHEMBL14762,CHEMBL3906,Q15349,Ribosomal protein S6 kinase alpha-2,Kd,3200.0,5.49,CHEMBL860804
Roscovitine (CYC-202),CHEMBL14762,CHEMBL4224,P49759,Dual specificity protein kinase CLK1,Kd,2100.0,5.68,CHEMBL860774
Roscovitine (CYC-202),CHEMBL14762,CHEMBL4937,P49674,Casein kinase I isoform epsilon,Kd,160.0,6.8,CHEMBL860902
Roscovitine (CYC-202),CHEMBL14762,CHEMBL2543,P78368,Casein kinase I isoform gamma-2,Kd,1400.0,5.85,CHEMBL860892
Roscovitine (CYC-202),CHEMBL14762,CHEMBL3983,P33981,Dual specificity protein kinase TTK,Kd,2100.0,5.68,CHEMBL860776
Roscovitine (CYC-202),CHEMBL14762,CHEMBL2426,Q9HCP0,Casein kinase I isoform gamma-1,Kd,3300.0,5.48,CHEMBL860913
Roscovitine (CYC-202),CHEMBL14762,CHEMBL4203,Q9HAZ1,Dual specificity protein kinase CLK4,Kd,4500.0,5.35,CHEMBL860652
Roscovitine (CYC-202),CHEMBL14762,CHEMBL3385,P27361,Mitogen-activated protein kinase 3,IC50,34000.0,4.47,CHEMBL939353
Roscovitine (CYC-202),CHEMBL14762,CHEMBL4040,P28482,Mitogen-activated protein kinase 1,IC50,14000.0,4.85,CHEMBL939354
Roscovitine (CYC-202),CHEMBL14762,CHEMBL308,P06493,Cyclin-dependent kinase 1,IC50,200.0,6.7,CHEMBL940604
Roscovitine (CYC-202),CHEMBL14762,CHEMBL2292,Q13627,Dual specificity tyrosine-phosphorylation-regulated kinase 1A,IC50,18000.0,4.74,CHEMBL980537
Roscovitine (CYC-202),CHEMBL14762,CHEMBL301,P24941,Cyclin-dependent kinase 2,IC50,100.0,7.0,CHEMBL1003092
Roscovitine (CYC-202),CHEMBL14762,CHEMBL614910,,SH-SY5Y,IC50,17500.0,4.76,CHEMBL968025
Roscovitine (CYC-202),CHEMBL14762,CHEMBL614818,,HEK293,IC50,46700.0,4.33,CHEMBL968026
Roscovitine (CYC-202),CHEMBL14762,CHEMBL2292,Q13627,Dual specificity tyrosine-phosphorylation-regulated kinase 1A,IC50,5000.0,5.3,CHEMBL954298
Roscovitine (CYC-202),CHEMBL14762,CHEMBL301,P24941,Cyclin-dependent kinase 2,IC50,220.0,6.66,CHEMBL993951
Roscovitine (CYC-202),CHEMBL14762,CHEMBL1907600,,Cyclin-dependent kinase 5/CDK5 activator 1,IC50,270.0,6.57,CHEMBL993952
Roscovitine (CYC-202),CHEMBL14762,CHEMBL2111288,,Cyclin-dependent kinase 7/ cyclin H,IC50,800.0,6.1,CHEMBL993953
Roscovitine (CYC-202),CHEMBL14762,CHEMBL2111389,,CDK9/cyclin T1,IC50,230.0,6.64,CHEMBL993954
Roscovitine (CYC-202),CHEMBL14762,CHEMBL614910,,SH-SY5Y,IC50,16100.0,4.79,CHEMBL993955
Roscovitine (CYC-202),CHEMBL14762,CHEMBL614818,,HEK293,IC50,48900.0,4.31,CHEMBL993956
Roscovitine (CYC-202),CHEMBL14762,CHEMBL1907602,,Cyclin-dependent kinase 1/cyclin B1,IC50,450.0,6.35,CHEMBL951783
Roscovitine (CYC-202),CHEMBL14762,CHEMBL1907600,,Cyclin-dependent kinase 5/CDK5 activator 1,IC50,160.0,6.8,CHEMBL951784
Roscovitine (CYC-202),CHEMBL14762,CHEMBL2095188,,Glycogen synthase kinase-3,IC50,130000.0,3.89,CHEMBL951785
Roscovitine (CYC-202),CHEMBL14762,CHEMBL301,P24941,Cyclin-dependent kinase 2,IC50,370.0,6.43,CHEMBL971698
Roscovitine (CYC-202),CHEMBL14762,CHEMBL301,P24941,Cyclin-dependent kinase 2,IC50,700.0,6.15,CHEMBL1016031
Roscovitine (CYC-202),CHEMBL14762,CHEMBL1974,P36888,Receptor-type tyrosine-protein kinase FLT3,Kd,10000.0,5.0,CHEMBL1063729
Roscovitine (CYC-202),CHEMBL14762,CHEMBL1974,P36888,Receptor-type tyrosine-protein kinase FLT3,Kd,10000.0,5.0,CHEMBL1061073
Roscovitine (CYC-202),CHEMBL14762,CHEMBL1955,P35916,Vascular endothelial growth factor receptor 3,Kd,10000.0,5.0,CHEMBL1060246
Roscovitine (CYC-202),CHEMBL14762,CHEMBL4674,P53778,Mitogen-activated protein kinase 12,Kd,10000.0,5.0,CHEMBL1061183
Roscovitine (CYC-202),CHEMBL14762,CHEMBL2999,O75914,Serine/threonine-protein kinase PAK 3,Kd,10000.0,5.0,CHEMBL1062779
Roscovitine (CYC-202),CHEMBL14762,CHEMBL5790,Q00537,Cyclin-dependent kinase 17,Kd,10000.0,5.0,CHEMBL1051349
Roscovitine (CYC-202),CHEMBL14762,CHEMBL5316,Q07002,Cyclin-dependent kinase 18,Kd,10000.0,5.0,CHEMBL1062782
Roscovitine (CYC-202),CHEMBL14762,CHEMBL2534,O15530,3-phosphoinositide-dependent protein kinase 1,Kd,10000.0,5.0,CHEMBL1061922
Roscovitine (CYC-202),CHEMBL14762,CHEMBL6162,O94921,Cyclin-dependent kinase 14,Kd,10000.0,5.0,CHEMBL1051350
Roscovitine (CYC-202),CHEMBL14762,CHEMBL4004,Q16816,"Phosphorylase b kinase gamma catalytic chain, skeletal muscle/heart isoform",Kd,10000.0,5.0,CHEMBL1061153
Roscovitine (CYC-202),CHEMBL14762,CHEMBL5969,Q99755,Phosphatidylinositol 4-phosphate 5-kinase type-1 alpha,Kd,10000.0,5.0,CHEMBL1061923
Roscovitine (CYC-202),CHEMBL14762,CHEMBL4924,Q9UK32,Ribosomal protein S6 kinase alpha-6,Kd,10000.0,5.0,CHEMBL1039275
Roscovitine (CYC-202),CHEMBL14762,CHEMBL4924,Q9UK32,Ribosomal protein S6 kinase alpha-6,Kd,10000.0,5.0,CHEMBL1061926
Roscovitine (CYC-202),CHEMBL14762,CHEMBL5426,Q86YV6,Myosin light chain kinase family member 4,Kd,10000.0,5.0,CHEMBL1051352
Roscovitine (CYC-202),CHEMBL14762,CHEMBL5314,Q06418,Tyrosine-protein kinase receptor TYRO3,Kd,10000.0,5.0,CHEMBL1051260
Roscovitine (CYC-202),CHEMBL14762,CHEMBL279,P35968,Vascular endothelial growth factor receptor 2,Kd,10000.0,5.0,CHEMBL1051261
Roscovitine (CYC-202),CHEMBL14762,CHEMBL5491,P30291,Wee1-like protein kinase,Kd,10000.0,5.0,CHEMBL1061935
Roscovitine (CYC-202),CHEMBL14762,CHEMBL5405,Q86UX6,Serine/threonine-protein kinase 32C,Kd,10000.0,5.0,CHEMBL1062789
Roscovitine (CYC-202),CHEMBL14762,CHEMBL2073,P07947,Tyrosine-protein kinase Yes,Kd,10000.0,5.0,CHEMBL1051262
Roscovitine (CYC-202),CHEMBL14762,CHEMBL5552,O00506,Serine/threonine-protein kinase 25,Kd,10000.0,5.0,CHEMBL1051263
Roscovitine (CYC-202),CHEMBL14762,CHEMBL3886,Q9NYL2,Mitogen-activated protein kinase kinase kinase 20,Kd,10000.0,5.0,CHEMBL1051317
Roscovitine (CYC-202),CHEMBL14762,CHEMBL2803,P43403,Tyrosine-protein kinase ZAP-70,Kd,10000.0,5.0,CHEMBL1061189
Roscovitine (CYC-202),CHEMBL14762,CHEMBL5667,P78356,Phosphatidylinositol 5-phosphate 4-kinase type-2 beta,Kd,10000.0,5.0,CHEMBL1062784
Roscovitine (CYC-202),CHEMBL14762,CHEMBL2918,P22694,cAMP-dependent protein kinase catalytic subunit beta,Kd,10000.0,5.0,CHEMBL1039274
Roscovitine (CYC-202),CHEMBL14762,CHEMBL5818,P51817,cAMP-dependent protein kinase catalytic subunit PRKX,Kd,10000.0,5.0,CHEMBL1061157
Roscovitine (CYC-202),CHEMBL14762,CHEMBL5469,Q14289,Protein-tyrosine kinase 2-beta,Kd,10000.0,5.0,CHEMBL1061158
Roscovitine (CYC-202),CHEMBL14762,CHEMBL4224,P49759,Dual specificity protein kinase CLK1,Kd,1200.0,5.92,CHEMBL1050838
Roscovitine (CYC-202),CHEMBL14762,CHEMBL4226,P49761,Dual specificity protein kinase CLK3,Kd,10000.0,5.0,CHEMBL1060240
Roscovitine (CYC-202),CHEMBL14762,CHEMBL2634,P41240,Tyrosine-protein kinase CSK,Kd,10000.0,5.0,CHEMBL1037547
Roscovitine (CYC-202),CHEMBL14762,CHEMBL5520,Q8N752,Casein kinase I isoform alpha-like,Kd,10000.0,5.0,CHEMBL1063703
Roscovitine (CYC-202),CHEMBL14762,CHEMBL2828,P48730,Casein kinase I isoform delta,Kd,260.0,6.59,CHEMBL1050829
Roscovitine (CYC-202),CHEMBL14762,CHEMBL4937,P49674,Casein kinase I isoform epsilon,Kd,320.0,6.49,CHEMBL1050834
Roscovitine (CYC-202),CHEMBL14762,CHEMBL2543,P78368,Casein kinase I isoform gamma-2,Kd,10000.0,5.0,CHEMBL1063704
Roscovitine (CYC-202),CHEMBL14762,CHEMBL5274,P35590,Tyrosine-protein kinase receptor Tie-1,Kd,10000.0,5.0,CHEMBL1061930
Roscovitine (CYC-202),CHEMBL14762,CHEMBL4128,Q02763,Angiopoietin-1 receptor,Kd,10000.0,5.0,CHEMBL1051315
Roscovitine (CYC-202),CHEMBL14762,CHEMBL5388,Q9UKI8,Serine/threonine-protein kinase tousled-like 1,Kd,10000.0,5.0,CHEMBL1061931
Roscovitine (CYC-202),CHEMBL14762,CHEMBL5404,Q86UE8,Serine/threonine-protein kinase tousled-like 2,Kd,10000.0,5.0,CHEMBL1061984
Roscovitine (CYC-202),CHEMBL14762,CHEMBL4527,Q9UKE5,TRAF2 and NCK-interacting protein kinase,Kd,10000.0,5.0,CHEMBL1062874
Ruxolitinib (INCB018424),CHEMBL1789941,CHEMBL2835,P23458,Tyrosine-protein kinase JAK1,IC50,3.0,8.52,CHEMBL1292865
Ruxolitinib (INCB018424),CHEMBL1789941,CHEMBL2971,O60674,Tyrosine-protein kinase JAK2,IC50,3.0,8.52,CHEMBL1292866
Ruxolitinib (INCB018424),CHEMBL1789941,CHEMBL2148,P52333,Tyrosine-protein kinase JAK3,IC50,430.0,6.37,CHEMBL1292867
Ruxolitinib (INCB018424),CHEMBL1789941,CHEMBL3553,P29597,Non-receptor tyrosine-protein kinase TYK2,IC50,19.0,7.72,CHEMBL1292868
Ruxolitinib (INCB018424),CHEMBL1789941,CHEMBL4224,P49759,Dual specificity protein kinase CLK1,Kd,10000.0,5.0,CHEMBL1908461
Ruxolitinib (INCB018424),CHEMBL1789941,CHEMBL5608,Q16288,NT-3 growth factor receptor,Kd,330.0,6.48,CHEMBL1908462
Ruxolitinib (INCB018424),CHEMBL1789941,CHEMBL4674,P53778,Mitogen-activated protein kinase 12,Kd,10000.0,5.0,CHEMBL1908463
Ruxolitinib (INCB018424),CHEMBL1789941,CHEMBL5331,Q12866,Tyrosine-protein kinase Mer,Kd,10000.0,5.0,CHEMBL1908464
Ruxolitinib (INCB018424),CHEMBL1789941,CHEMBL5668,P78362,SRSF protein kinase 2,Kd,10000.0,5.0,CHEMBL1908465
Ruxolitinib (INCB018424),CHEMBL1789941,CHEMBL3935,Q9UQB9,Aurora kinase C,Kd,8700.0,5.06,CHEMBL1908466
Ruxolitinib (INCB018424),CHEMBL1789941,CHEMBL2801,Q13557,Calcium/calmodulin-dependent protein kinase type II subunit delta,Kd,90.0,7.05,CHEMBL1908467
Ruxolitinib (INCB018424),CHEMBL1789941,CHEMBL5404,Q86UE8,Serine/threonine-protein kinase tousled-like 2,Kd,10000.0,5.0,CHEMBL1908468
Ruxolitinib (INCB018424),CHEMBL1789941,CHEMBL2185,Q96GD4,Aurora kinase B,Kd,10000.0,5.0,CHEMBL1908469
Ruxolitinib (INCB018424),CHEMBL1789941,CHEMBL4045,Q13131,5'-AMP-activated protein kinase catalytic subunit alpha-1,Kd,10000.0,5.0,CHEMBL1908470
Ruxolitinib (INCB018424),CHEMBL1789941,CHEMBL6149,Q9Y2K2,Serine/threonine-protein kinase SIK3,Kd,1300.0,5.89,CHEMBL1908471
Ruxolitinib (INCB018424),CHEMBL1789941,CHEMBL3938,O75716,Serine/threonine-protein kinase 16,Kd,490.0,6.31,CHEMBL1908472
Ruxolitinib (INCB018424),CHEMBL1789941,CHEMBL5790,Q00537,Cyclin-dependent kinase 17,Kd,10000.0,5.0,CHEMBL1908473
Ruxolitinib (INCB018424),CHEMBL1789941,CHEMBL5122,Q16832,Discoidin domain-containing receptor 2,Kd,10000.0,5.0,CHEMBL1908474
Ruxolitinib (INCB018424),CHEMBL1789941,CHEMBL5311,P37023,Activin receptor type-1-like,Kd,10000.0,5.0,CHEMBL1908475
Ruxolitinib (INCB018424),CHEMBL1789941,CHEMBL5251,Q06187,Tyrosine-protein kinase BTK,Kd,10000.0,5.0,CHEMBL1908476
Ruxolitinib (INCB018424),CHEMBL1789941,CHEMBL331,P11802,Cyclin-dependent kinase 4,Kd,10000.0,5.0,CHEMBL1908477
Ruxolitinib (INCB018424),CHEMBL1789941,CHEMBL331,P11802,Cyclin-dependent kinase 4,Kd,10000.0,5.0,CHEMBL1908478
Ruxolitinib (INCB018424),CHEMBL1789941,CHEMBL2742,P22607,Fibroblast growth factor receptor 3,Kd,10000.0,5.0,CHEMBL1908479
Ruxolitinib (INCB018424),CHEMBL1789941,CHEMBL2742,P22607,Fibroblast growth factor receptor 3,Kd,10000.0,5.0,CHEMBL1908480
Ruxolitinib (INCB018424),CHEMBL1789941,CHEMBL1981,P06213,Insulin receptor,Kd,10000.0,5.0,CHEMBL1908481
Ruxolitinib (INCB018424),CHEMBL1789941,CHEMBL2148,P52333,Tyrosine-protein kinase JAK3,Kd,2.0,8.7,CHEMBL1908482
Ruxolitinib (INCB018424),CHEMBL1789941,CHEMBL1936,P10721,Mast/stem cell growth factor receptor Kit,Kd,10000.0,5.0,CHEMBL1908483
Ruxolitinib (INCB018424),CHEMBL1789941,CHEMBL1936,P10721,Mast/stem cell growth factor receptor Kit,Kd,6300.0,5.2,CHEMBL1908484
Ruxolitinib (INCB018424),CHEMBL1789941,CHEMBL1936,P10721,Mast/stem cell growth factor receptor Kit,Kd,6300.0,5.2,CHEMBL1908485
Ruxolitinib (INCB018424),CHEMBL1789941,CHEMBL1936,P10721,Mast/stem cell growth factor receptor Kit,Kd,7100.0,5.15,CHEMBL1908486
Ruxolitinib (INCB018424),CHEMBL1789941,CHEMBL1936,P10721,Mast/stem cell growth factor receptor Kit,Kd,10000.0,5.0,CHEMBL1908487
Ruxolitinib (INCB018424),CHEMBL1789941,CHEMBL1936,P10721,Mast/stem cell growth factor receptor Kit,Kd,10000.0,5.0,CHEMBL1908488
Ruxolitinib (INCB018424),CHEMBL1789941,CHEMBL1936,P10721,Mast/stem cell growth factor receptor Kit,Kd,10000.0,5.0,CHEMBL1908489
Ruxolitinib (INCB018424),CHEMBL1789941,CHEMBL1936,P10721,Mast/stem cell growth factor receptor Kit,Kd,10000.0,5.0,CHEMBL1908490
Ruxolitinib (INCB018424),CHEMBL1789941,CHEMBL3717,P08581,Hepatocyte growth factor receptor,Kd,10000.0,5.0,CHEMBL1908491
Ruxolitinib (INCB018424),CHEMBL1789941,CHEMBL3717,P08581,Hepatocyte growth factor receptor,Kd,10000.0,5.0,CHEMBL1908492
Ruxolitinib (INCB018424),CHEMBL1789941,CHEMBL3717,P08581,Hepatocyte growth factor receptor,Kd,10000.0,5.0,CHEMBL1908493
Ruxolitinib (INCB018424),CHEMBL1789941,CHEMBL2349,P15735,"Phosphorylase b kinase gamma catalytic chain, liver/testis isoform",Kd,1000.0,6.0,CHEMBL1908494
Ruxolitinib (INCB018424),CHEMBL1789941,CHEMBL5606,Q15831,Serine/threonine-protein kinase STK11,Kd,10000.0,5.0,CHEMBL1908495
Ruxolitinib (INCB018424),CHEMBL1789941,CHEMBL4128,Q02763,Angiopoietin-1 receptor,Kd,10000.0,5.0,CHEMBL1908496
Ruxolitinib (INCB018424),CHEMBL1789941,CHEMBL1957,P08069,Insulin-like growth factor 1 receptor,Kd,10000.0,5.0,CHEMBL1908497
Ruxolitinib (INCB018424),CHEMBL1789941,CHEMBL1163127,Q6ZN16,Mitogen-activated protein kinase kinase kinase 15,Kd,1100.0,5.96,CHEMBL1908498
Ruxolitinib (INCB018424),CHEMBL1789941,CHEMBL5407,Q86V86,Serine/threonine-protein kinase pim-3,Kd,10000.0,5.0,CHEMBL1908499
Ruxolitinib (INCB018424),CHEMBL1789941,CHEMBL2527,O96017,Serine/threonine-protein kinase Chk2,Kd,10000.0,5.0,CHEMBL1908500
Ruxolitinib (INCB018424),CHEMBL1789941,CHEMBL1824,P04626,Receptor tyrosine-protein kinase erbB-2,Kd,10000.0,5.0,CHEMBL1908501
Ruxolitinib (INCB018424),CHEMBL1789941,CHEMBL3906,Q15349,Ribosomal protein S6 kinase alpha-2,Kd,150.0,6.82,CHEMBL1908502
Ruxolitinib (INCB018424),CHEMBL1789941,CHEMBL3125,O75676,Ribosomal protein S6 kinase alpha-4,Kd,10000.0,5.0,CHEMBL1908503
Ruxolitinib (INCB018424),CHEMBL1789941,CHEMBL4599,Q07912,Activated CDC42 kinase 1,Kd,2600.0,5.59,CHEMBL1908504
Ruxolitinib (INCB018424),CHEMBL1789941,CHEMBL2815,P04629,High affinity nerve growth factor receptor,Kd,1500.0,5.82,CHEMBL1908505
Ruxolitinib (INCB018424),CHEMBL1789941,CHEMBL5426,Q86YV6,Myosin light chain kinase family member 4,Kd,10000.0,5.0,CHEMBL1908506
Ruxolitinib (INCB018424),CHEMBL1789941,CHEMBL5358,Q9P2K8,eIF-2-alpha kinase GCN2,Kd,10000.0,5.0,CHEMBL1908507
Ruxolitinib (INCB018424),CHEMBL1789941,CHEMBL4482,O96013,Serine/threonine-protein kinase PAK 4,Kd,1600.0,5.8,CHEMBL1908508
Ruxolitinib (INCB018424),CHEMBL1789941,CHEMBL1163129,Q52WX2,Serine/threonine-protein kinase SBK1,Kd,1300.0,5.89,CHEMBL1908509
Ruxolitinib (INCB018424),CHEMBL1789941,CHEMBL5518,Q8N4C8,Misshapen-like kinase 1,Kd,10000.0,5.0,CHEMBL1908510
Ruxolitinib (INCB018424),CHEMBL1789941,CHEMBL5519,Q8N568,Serine/threonine-protein kinase DCLK2,Kd,760.0,6.12,CHEMBL1908511
Ruxolitinib (INCB018424),CHEMBL1789941,CHEMBL3009,Q15303,Receptor tyrosine-protein kinase erbB-4,Kd,10000.0,5.0,CHEMBL1908512
Ruxolitinib (INCB018424),CHEMBL1789941,CHEMBL5749,Q92918,Mitogen-activated protein kinase kinase kinase kinase 1,Kd,10000.0,5.0,CHEMBL1908513
Ruxolitinib (INCB018424),CHEMBL1789941,CHEMBL4526,Q9UF33,Ephrin type-A receptor 6,Kd,10000.0,5.0,CHEMBL1908445
Ruxolitinib (INCB018424),CHEMBL1789941,CHEMBL5654,Q8WXR4,Myosin-IIIb,Kd,10000.0,5.0,CHEMBL1908514
Ruxolitinib (INCB018424),CHEMBL1789941,CHEMBL5047,Q6PHR2,Serine/threonine-protein kinase ULK3,Kd,2400.0,5.62,CHEMBL1908515
Ruxolitinib (INCB018424),CHEMBL1789941,CHEMBL5903,Q04771,Activin receptor type-1,Kd,10000.0,5.0,CHEMBL1908516
Ruxolitinib (INCB018424),CHEMBL1789941,CHEMBL5466,Q13705,Activin receptor type-2B,Kd,10000.0,5.0,CHEMBL1908517
Ruxolitinib (INCB018424),CHEMBL1789941,CHEMBL6150,Q8WU08,Serine/threonine-protein kinase 32A,Kd,10000.0,5.0,CHEMBL1908518
Ruxolitinib (INCB018424),CHEMBL1789941,CHEMBL1163117,Q8IVW4,Cyclin-dependent kinase-like 3,Kd,10000.0,5.0,CHEMBL1908519
Ruxolitinib (INCB018424),CHEMBL1789941,CHEMBL4718,Q9BUB5,MAP kinase-interacting serine/threonine-protein kinase 1,Kd,10000.0,5.0,CHEMBL1908520
Ruxolitinib (INCB018424),CHEMBL1789941,CHEMBL5969,Q99755,Phosphatidylinositol 4-phosphate 5-kinase type-1 alpha,Kd,10000.0,5.0,CHEMBL1908521
Ruxolitinib (INCB018424),CHEMBL1789941,CHEMBL5476,O00238,Bone morphogenetic protein receptor type-1B,Kd,1800.0,5.74,CHEMBL1908522
Ruxolitinib (INCB018424),CHEMBL1789941,CHEMBL5467,Q13873,Bone morphogenetic protein receptor type-2,Kd,930.0,6.03,CHEMBL1908523
Ruxolitinib (INCB018424),CHEMBL1789941,CHEMBL4121,Q13554,Calcium/calmodulin-dependent protein kinase type II subunit beta,Kd,310.0,6.51,CHEMBL1908524
Ruxolitinib (INCB018424),CHEMBL1789941,CHEMBL4442,Q00526,Cyclin-dependent kinase 3,Kd,10000.0,5.0,CHEMBL1908525
Ruxolitinib (INCB018424),CHEMBL1789941,CHEMBL5719,P49336,Cyclin-dependent kinase 8,Kd,10000.0,5.0,CHEMBL1908526
Ruxolitinib (INCB018424),CHEMBL1789941,CHEMBL3116,P50750,Cyclin-dependent kinase 9,Kd,10000.0,5.0,CHEMBL1908527
Ruxolitinib (INCB018424),CHEMBL1789941,CHEMBL4630,O14757,Serine/threonine-protein kinase Chk1,Kd,10000.0,5.0,CHEMBL1908528
Ruxolitinib (INCB018424),CHEMBL1789941,CHEMBL3476,O15111,Inhibitor of nuclear factor kappa-B kinase subunit alpha,Kd,10000.0,5.0,CHEMBL1908529
Ruxolitinib (INCB018424),CHEMBL1789941,CHEMBL2543,P78368,Casein kinase I isoform gamma-2,Kd,10000.0,5.0,CHEMBL1908530
Ruxolitinib (INCB018424),CHEMBL1789941,CHEMBL2468,O43293,Death-associated protein kinase 3,Kd,89.0,7.05,CHEMBL1908531
Ruxolitinib (INCB018424),CHEMBL1789941,CHEMBL1163101,O75460,Serine/threonine-protein kinase/endoribonuclease IRE1,Kd,2500.0,5.6,CHEMBL1908532
Ruxolitinib (INCB018424),CHEMBL1789941,CHEMBL1991,O14920,Inhibitor of nuclear factor kappa-B kinase subunit beta,Kd,2300.0,5.64,CHEMBL1908533
Ruxolitinib (INCB018424),CHEMBL1789941,CHEMBL3357,P51617,Interleukin-1 receptor-associated kinase 1,Kd,290.0,6.54,CHEMBL1908534
Ruxolitinib (INCB018424),CHEMBL1789941,CHEMBL5616,P27037,Activin receptor type-2A,Kd,10000.0,5.0,CHEMBL1908535
Ruxolitinib (INCB018424),CHEMBL1789941,CHEMBL2431,P31751,RAC-beta serine/threonine-protein kinase,Kd,10000.0,5.0,CHEMBL1908536
Ruxolitinib (INCB018424),CHEMBL1789941,CHEMBL4895,P30530,Tyrosine-protein kinase receptor UFO,Kd,10000.0,5.0,CHEMBL1908537
Ruxolitinib (INCB018424),CHEMBL1789941,CHEMBL2250,P51451,Tyrosine-protein kinase Blk,Kd,10000.0,5.0,CHEMBL1908538
Ruxolitinib (INCB018424),CHEMBL1789941,CHEMBL3834,P51813,Cytoplasmic tyrosine-protein kinase BMX,Kd,10000.0,5.0,CHEMBL1908539
Ruxolitinib (INCB018424),CHEMBL1789941,CHEMBL2494,Q16566,Calcium/calmodulin-dependent protein kinase type IV,Kd,10000.0,5.0,CHEMBL1908540
Ruxolitinib (INCB018424),CHEMBL1789941,CHEMBL301,P24941,Cyclin-dependent kinase 2,Kd,10000.0,5.0,CHEMBL1908541
Ruxolitinib (INCB018424),CHEMBL1789941,CHEMBL3055,P50613,Cyclin-dependent kinase 7,Kd,3300.0,5.48,CHEMBL1908542
Ruxolitinib (INCB018424),CHEMBL1789941,CHEMBL2793,P48729,Casein kinase I isoform alpha,Kd,1800.0,5.74,CHEMBL1908543
Ruxolitinib (INCB018424),CHEMBL1789941,CHEMBL4937,P49674,Casein kinase I isoform epsilon,Kd,10000.0,5.0,CHEMBL1908544
Ruxolitinib (INCB018424),CHEMBL1789941,CHEMBL3629,P68400,Casein kinase II subunit alpha,Kd,4200.0,5.38,CHEMBL1908545
Ruxolitinib (INCB018424),CHEMBL1789941,CHEMBL4070,P19784,Casein kinase II subunit alpha',Kd,3300.0,5.48,CHEMBL1908546
Ruxolitinib (INCB018424),CHEMBL1789941,CHEMBL5319,Q08345,Epithelial discoidin domain-containing receptor 1,Kd,10000.0,5.0,CHEMBL1908547
Ruxolitinib (INCB018424),CHEMBL1789941,CHEMBL5838,P21860,Receptor tyrosine-protein kinase erbB-3,Kd,10000.0,5.0,CHEMBL1908548
Ruxolitinib (INCB018424),CHEMBL1789941,CHEMBL5455,P07332,Tyrosine-protein kinase Fes/Fps,Kd,10000.0,5.0,CHEMBL1908549
Ruxolitinib (INCB018424),CHEMBL1789941,CHEMBL1868,P17948,Vascular endothelial growth factor receptor 1,Kd,10000.0,5.0,CHEMBL1908550
Ruxolitinib (INCB018424),CHEMBL1789941,CHEMBL1955,P35916,Vascular endothelial growth factor receptor 3,Kd,10000.0,5.0,CHEMBL1908551
Ruxolitinib (INCB018424),CHEMBL1789941,CHEMBL4223,P42685,Tyrosine-protein kinase FRK,Kd,10000.0,5.0,CHEMBL1908552
Ruxolitinib (INCB018424),CHEMBL1789941,CHEMBL262,P49841,Glycogen synthase kinase-3 beta,Kd,10000.0,5.0,CHEMBL1908553
Ruxolitinib (INCB018424),CHEMBL1789941,CHEMBL3234,P08631,Tyrosine-protein kinase HCK,Kd,10000.0,5.0,CHEMBL1908554
Ruxolitinib (INCB018424),CHEMBL1789941,CHEMBL2835,P23458,Tyrosine-protein kinase JAK1,Kd,10000.0,5.0,CHEMBL1908555
SGX-523,CHEMBL1236107,CHEMBL4224,P49759,Dual specificity protein kinase CLK1,Kd,10000.0,5.0,CHEMBL1908461
SGX-523,CHEMBL1236107,CHEMBL5608,Q16288,NT-3 growth factor receptor,Kd,10000.0,5.0,CHEMBL1908462
SGX-523,CHEMBL1236107,CHEMBL4674,P53778,Mitogen-activated protein kinase 12,Kd,10000.0,5.0,CHEMBL1908463
SGX-523,CHEMBL1236107,CHEMBL5331,Q12866,Tyrosine-protein kinase Mer,Kd,10000.0,5.0,CHEMBL1908464
SGX-523,CHEMBL1236107,CHEMBL5668,P78362,SRSF protein kinase 2,Kd,10000.0,5.0,CHEMBL1908465
SGX-523,CHEMBL1236107,CHEMBL3935,Q9UQB9,Aurora kinase C,Kd,10000.0,5.0,CHEMBL1908466
SGX-523,CHEMBL1236107,CHEMBL2801,Q13557,Calcium/calmodulin-dependent protein kinase type II subunit delta,Kd,10000.0,5.0,CHEMBL1908467
SGX-523,CHEMBL1236107,CHEMBL5404,Q86UE8,Serine/threonine-protein kinase tousled-like 2,Kd,10000.0,5.0,CHEMBL1908468
SGX-523,CHEMBL1236107,CHEMBL2185,Q96GD4,Aurora kinase B,Kd,10000.0,5.0,CHEMBL1908469
SGX-523,CHEMBL1236107,CHEMBL4045,Q13131,5'-AMP-activated protein kinase catalytic subunit alpha-1,Kd,10000.0,5.0,CHEMBL1908470
SGX-523,CHEMBL1236107,CHEMBL6149,Q9Y2K2,Serine/threonine-protein kinase SIK3,Kd,10000.0,5.0,CHEMBL1908471
SGX-523,CHEMBL1236107,CHEMBL3938,O75716,Serine/threonine-protein kinase 16,Kd,10000.0,5.0,CHEMBL1908472
SGX-523,CHEMBL1236107,CHEMBL5790,Q00537,Cyclin-dependent kinase 17,Kd,10000.0,5.0,CHEMBL1908473
SGX-523,CHEMBL1236107,CHEMBL5122,Q16832,Discoidin domain-containing receptor 2,Kd,10000.0,5.0,CHEMBL1908474
SGX-523,CHEMBL1236107,CHEMBL5311,P37023,Activin receptor type-1-like,Kd,10000.0,5.0,CHEMBL1908475
SGX-523,CHEMBL1236107,CHEMBL5251,Q06187,Tyrosine-protein kinase BTK,Kd,10000.0,5.0,CHEMBL1908476
SGX-523,CHEMBL1236107,CHEMBL331,P11802,Cyclin-dependent kinase 4,Kd,10000.0,5.0,CHEMBL1908477
SGX-523,CHEMBL1236107,CHEMBL331,P11802,Cyclin-dependent kinase 4,Kd,10000.0,5.0,CHEMBL1908478
SGX-523,CHEMBL1236107,CHEMBL2742,P22607,Fibroblast growth factor receptor 3,Kd,10000.0,5.0,CHEMBL1908479
SGX-523,CHEMBL1236107,CHEMBL2742,P22607,Fibroblast growth factor receptor 3,Kd,10000.0,5.0,CHEMBL1908480
SGX-523,CHEMBL1236107,CHEMBL1981,P06213,Insulin receptor,Kd,10000.0,5.0,CHEMBL1908481
SGX-523,CHEMBL1236107,CHEMBL2148,P52333,Tyrosine-protein kinase JAK3,Kd,10000.0,5.0,CHEMBL1908482
SGX-523,CHEMBL1236107,CHEMBL1936,P10721,Mast/stem cell growth factor receptor Kit,Kd,10000.0,5.0,CHEMBL1908483
SGX-523,CHEMBL1236107,CHEMBL1936,P10721,Mast/stem cell growth factor receptor Kit,Kd,10000.0,5.0,CHEMBL1908484
SGX-523,CHEMBL1236107,CHEMBL1936,P10721,Mast/stem cell growth factor receptor Kit,Kd,10000.0,5.0,CHEMBL1908485
SGX-523,CHEMBL1236107,CHEMBL1936,P10721,Mast/stem cell growth factor receptor Kit,Kd,10000.0,5.0,CHEMBL1908486
SGX-523,CHEMBL1236107,CHEMBL1936,P10721,Mast/stem cell growth factor receptor Kit,Kd,10000.0,5.0,CHEMBL1908487
SGX-523,CHEMBL1236107,CHEMBL1936,P10721,Mast/stem cell growth factor receptor Kit,Kd,10000.0,5.0,CHEMBL1908488
SGX-523,CHEMBL1236107,CHEMBL1936,P10721,Mast/stem cell growth factor receptor Kit,Kd,10000.0,5.0,CHEMBL1908489
SGX-523,CHEMBL1236107,CHEMBL1936,P10721,Mast/stem cell growth factor receptor Kit,Kd,10000.0,5.0,CHEMBL1908490
SGX-523,CHEMBL1236107,CHEMBL3717,P08581,Hepatocyte growth factor receptor,Kd,0.19,9.72,CHEMBL1908491
SGX-523,CHEMBL1236107,CHEMBL3717,P08581,Hepatocyte growth factor receptor,Kd,0.82,9.09,CHEMBL1908492
SGX-523,CHEMBL1236107,CHEMBL3717,P08581,Hepatocyte growth factor receptor,Kd,3.9,8.41,CHEMBL1908493
SGX-523,CHEMBL1236107,CHEMBL2349,P15735,"Phosphorylase b kinase gamma catalytic chain, liver/testis isoform",Kd,10000.0,5.0,CHEMBL1908494
SGX-523,CHEMBL1236107,CHEMBL5606,Q15831,Serine/threonine-protein kinase STK11,Kd,10000.0,5.0,CHEMBL1908495
SGX-523,CHEMBL1236107,CHEMBL4128,Q02763,Angiopoietin-1 receptor,Kd,10000.0,5.0,CHEMBL1908496
SGX-523,CHEMBL1236107,CHEMBL1957,P08069,Insulin-like growth factor 1 receptor,Kd,10000.0,5.0,CHEMBL1908497
SGX-523,CHEMBL1236107,CHEMBL1163127,Q6ZN16,Mitogen-activated protein kinase kinase kinase 15,Kd,10000.0,5.0,CHEMBL1908498
SGX-523,CHEMBL1236107,CHEMBL5407,Q86V86,Serine/threonine-protein kinase pim-3,Kd,10000.0,5.0,CHEMBL1908499
SGX-523,CHEMBL1236107,CHEMBL2527,O96017,Serine/threonine-protein kinase Chk2,Kd,10000.0,5.0,CHEMBL1908500
SGX-523,CHEMBL1236107,CHEMBL1824,P04626,Receptor tyrosine-protein kinase erbB-2,Kd,10000.0,5.0,CHEMBL1908501
SGX-523,CHEMBL1236107,CHEMBL3906,Q15349,Ribosomal protein S6 kinase alpha-2,Kd,10000.0,5.0,CHEMBL1908502
SGX-523,CHEMBL1236107,CHEMBL3125,O75676,Ribosomal protein S6 kinase alpha-4,Kd,10000.0,5.0,CHEMBL1908503
SGX-523,CHEMBL1236107,CHEMBL4599,Q07912,Activated CDC42 kinase 1,Kd,10000.0,5.0,CHEMBL1908504
SGX-523,CHEMBL1236107,CHEMBL2815,P04629,High affinity nerve growth factor receptor,Kd,10000.0,5.0,CHEMBL1908505
SGX-523,CHEMBL1236107,CHEMBL5426,Q86YV6,Myosin light chain kinase family member 4,Kd,10000.0,5.0,CHEMBL1908506
SGX-523,CHEMBL1236107,CHEMBL5358,Q9P2K8,eIF-2-alpha kinase GCN2,Kd,10000.0,5.0,CHEMBL1908507
SGX-523,CHEMBL1236107,CHEMBL4482,O96013,Serine/threonine-protein kinase PAK 4,Kd,10000.0,5.0,CHEMBL1908508
SGX-523,CHEMBL1236107,CHEMBL1163129,Q52WX2,Serine/threonine-protein kinase SBK1,Kd,10000.0,5.0,CHEMBL1908509
SGX-523,CHEMBL1236107,CHEMBL5518,Q8N4C8,Misshapen-like kinase 1,Kd,10000.0,5.0,CHEMBL1908510
SGX-523,CHEMBL1236107,CHEMBL5519,Q8N568,Serine/threonine-protein kinase DCLK2,Kd,10000.0,5.0,CHEMBL1908511
SGX-523,CHEMBL1236107,CHEMBL3009,Q15303,Receptor tyrosine-protein kinase erbB-4,Kd,10000.0,5.0,CHEMBL1908512
SGX-523,CHEMBL1236107,CHEMBL5749,Q92918,Mitogen-activated protein kinase kinase kinase kinase 1,Kd,10000.0,5.0,CHEMBL1908513
SGX-523,CHEMBL1236107,CHEMBL4526,Q9UF33,Ephrin type-A receptor 6,Kd,10000.0,5.0,CHEMBL1908445
SGX-523,CHEMBL1236107,CHEMBL5654,Q8WXR4,Myosin-IIIb,Kd,10000.0,5.0,CHEMBL1908514
SGX-523,CHEMBL1236107,CHEMBL5047,Q6PHR2,Serine/threonine-protein kinase ULK3,Kd,10000.0,5.0,CHEMBL1908515
SGX-523,CHEMBL1236107,CHEMBL5903,Q04771,Activin receptor type-1,Kd,10000.0,5.0,CHEMBL1908516
SGX-523,CHEMBL1236107,CHEMBL5466,Q13705,Activin receptor type-2B,Kd,10000.0,5.0,CHEMBL1908517
SGX-523,CHEMBL1236107,CHEMBL6150,Q8WU08,Serine/threonine-protein kinase 32A,Kd,10000.0,5.0,CHEMBL1908518
SGX-523,CHEMBL1236107,CHEMBL1163117,Q8IVW4,Cyclin-dependent kinase-like 3,Kd,10000.0,5.0,CHEMBL1908519
SGX-523,CHEMBL1236107,CHEMBL4718,Q9BUB5,MAP kinase-interacting serine/threonine-protein kinase 1,Kd,10000.0,5.0,CHEMBL1908520
SGX-523,CHEMBL1236107,CHEMBL5969,Q99755,Phosphatidylinositol 4-phosphate 5-kinase type-1 alpha,Kd,10000.0,5.0,CHEMBL1908521
SGX-523,CHEMBL1236107,CHEMBL5476,O00238,Bone morphogenetic protein receptor type-1B,Kd,10000.0,5.0,CHEMBL1908522
SGX-523,CHEMBL1236107,CHEMBL5467,Q13873,Bone morphogenetic protein receptor type-2,Kd,10000.0,5.0,CHEMBL1908523
SGX-523,CHEMBL1236107,CHEMBL4121,Q13554,Calcium/calmodulin-dependent protein kinase type II subunit beta,Kd,10000.0,5.0,CHEMBL1908524
SGX-523,CHEMBL1236107,CHEMBL4442,Q00526,Cyclin-dependent kinase 3,Kd,10000.0,5.0,CHEMBL1908525
SGX-523,CHEMBL1236107,CHEMBL5719,P49336,Cyclin-dependent kinase 8,Kd,10000.0,5.0,CHEMBL1908526
SGX-523,CHEMBL1236107,CHEMBL3116,P50750,Cyclin-dependent kinase 9,Kd,10000.0,5.0,CHEMBL1908527
SGX-523,CHEMBL1236107,CHEMBL4630,O14757,Serine/threonine-protein kinase Chk1,Kd,10000.0,5.0,CHEMBL1908528
SGX-523,CHEMBL1236107,CHEMBL3476,O15111,Inhibitor of nuclear factor kappa-B kinase subunit alpha,Kd,10000.0,5.0,CHEMBL1908529
SGX-523,CHEMBL1236107,CHEMBL2543,P78368,Casein kinase I isoform gamma-2,Kd,10000.0,5.0,CHEMBL1908530
SGX-523,CHEMBL1236107,CHEMBL2468,O43293,Death-associated protein kinase 3,Kd,10000.0,5.0,CHEMBL1908531
SGX-523,CHEMBL1236107,CHEMBL1163101,O75460,Serine/threonine-protein kinase/endoribonuclease IRE1,Kd,10000.0,5.0,CHEMBL1908532
SGX-523,CHEMBL1236107,CHEMBL1991,O14920,Inhibitor of nuclear factor kappa-B kinase subunit beta,Kd,10000.0,5.0,CHEMBL1908533
SGX-523,CHEMBL1236107,CHEMBL3357,P51617,Interleukin-1 receptor-associated kinase 1,Kd,10000.0,5.0,CHEMBL1908534
SGX-523,CHEMBL1236107,CHEMBL5616,P27037,Activin receptor type-2A,Kd,10000.0,5.0,CHEMBL1908535
SGX-523,CHEMBL1236107,CHEMBL2431,P31751,RAC-beta serine/threonine-protein kinase,Kd,10000.0,5.0,CHEMBL1908536
SGX-523,CHEMBL1236107,CHEMBL4895,P30530,Tyrosine-protein kinase receptor UFO,Kd,10000.0,5.0,CHEMBL1908537
SGX-523,CHEMBL1236107,CHEMBL2250,P51451,Tyrosine-protein kinase Blk,Kd,10000.0,5.0,CHEMBL1908538
SGX-523,CHEMBL1236107,CHEMBL3834,P51813,Cytoplasmic tyrosine-protein kinase BMX,Kd,10000.0,5.0,CHEMBL1908539
SGX-523,CHEMBL1236107,CHEMBL2494,Q16566,Calcium/calmodulin-dependent protein kinase type IV,Kd,10000.0,5.0,CHEMBL1908540
SGX-523,CHEMBL1236107,CHEMBL301,P24941,Cyclin-dependent kinase 2,Kd,10000.0,5.0,CHEMBL1908541
SGX-523,CHEMBL1236107,CHEMBL3055,P50613,Cyclin-dependent kinase 7,Kd,10000.0,5.0,CHEMBL1908542
SGX-523,CHEMBL1236107,CHEMBL2793,P48729,Casein kinase I isoform alpha,Kd,10000.0,5.0,CHEMBL1908543
SGX-523,CHEMBL1236107,CHEMBL4937,P49674,Casein kinase I isoform epsilon,Kd,10000.0,5.0,CHEMBL1908544
SGX-523,CHEMBL1236107,CHEMBL3629,P68400,Casein kinase II subunit alpha,Kd,10000.0,5.0,CHEMBL1908545
SGX-523,CHEMBL1236107,CHEMBL4070,P19784,Casein kinase II subunit alpha',Kd,10000.0,5.0,CHEMBL1908546
SGX-523,CHEMBL1236107,CHEMBL5319,Q08345,Epithelial discoidin domain-containing receptor 1,Kd,10000.0,5.0,CHEMBL1908547
SGX-523,CHEMBL1236107,CHEMBL5838,P21860,Receptor tyrosine-protein kinase erbB-3,Kd,10000.0,5.0,CHEMBL1908548
SGX-523,CHEMBL1236107,CHEMBL5455,P07332,Tyrosine-protein kinase Fes/Fps,Kd,10000.0,5.0,CHEMBL1908549
SGX-523,CHEMBL1236107,CHEMBL1868,P17948,Vascular endothelial growth factor receptor 1,Kd,10000.0,5.0,CHEMBL1908550
SGX-523,CHEMBL1236107,CHEMBL1955,P35916,Vascular endothelial growth factor receptor 3,Kd,10000.0,5.0,CHEMBL1908551
SGX-523,CHEMBL1236107,CHEMBL4223,P42685,Tyrosine-protein kinase FRK,Kd,10000.0,5.0,CHEMBL1908552
SGX-523,CHEMBL1236107,CHEMBL262,P49841,Glycogen synthase kinase-3 beta,Kd,10000.0,5.0,CHEMBL1908553
SGX-523,CHEMBL1236107,CHEMBL3234,P08631,Tyrosine-protein kinase HCK,Kd,10000.0,5.0,CHEMBL1908554
SGX-523,CHEMBL1236107,CHEMBL2835,P23458,Tyrosine-protein kinase JAK1,Kd,10000.0,5.0,CHEMBL1908555
SGX-523,CHEMBL1236107,CHEMBL2835,P23458,Tyrosine-protein kinase JAK1,Kd,10000.0,5.0,CHEMBL1908556
SGX-523,CHEMBL1236107,CHEMBL279,P35968,Vascular endothelial growth factor receptor 2,Kd,10000.0,5.0,CHEMBL1908557
SGX-523,CHEMBL1236107,CHEMBL3836,P53667,LIM domain kinase 1,Kd,10000.0,5.0,CHEMBL1908558
SGX-523,CHEMBL1236107,CHEMBL3905,P07948,Tyrosine-protein kinase Lyn,Kd,10000.0,5.0,CHEMBL1908559
SNS-032 (BMS-387032),CHEMBL296468,CHEMBL2094126,,Cyclin-dependent kinase 2/cyclin E,IC50,48000.0,4.32,CHEMBL657126
SNS-032 (BMS-387032),CHEMBL296468,CHEMBL614004,,A2780,IC50,95.0,7.02,CHEMBL622593
SNS-032 (BMS-387032),CHEMBL296468,CHEMBL2094127,,Cyclin-dependent kinase 1/cyclin B,IC50,480.0,6.32,CHEMBL654685
SNS-032 (BMS-387032),CHEMBL296468,CHEMBL2094126,,Cyclin-dependent kinase 2/cyclin E,IC50,48.0,7.32,CHEMBL663527
SNS-032 (BMS-387032),CHEMBL296468,CHEMBL2095942,,Cyclin-dependent kinase 4/cyclin D,IC50,925.0,6.03,CHEMBL666115
SNS-032 (BMS-387032),CHEMBL296468,CHEMBL299,P17252,Protein kinase C alpha type,IC50,40000.0,4.4,CHEMBL767031
SNS-032 (BMS-387032),CHEMBL296468,CHEMBL3045,P05771,Protein kinase C beta type,IC50,40000.0,4.4,CHEMBL762483
SNS-032 (BMS-387032),CHEMBL296468,CHEMBL2938,P05129,Protein kinase C gamma type,IC50,40000.0,4.4,CHEMBL766913
SNS-032 (BMS-387032),CHEMBL296468,CHEMBL4630,O14757,Serine/threonine-protein kinase Chk1,IC50,40000.0,4.4,CHEMBL798342
SNS-032 (BMS-387032),CHEMBL296468,CHEMBL2959,Q08881,Tyrosine-protein kinase ITK/TSK,IC50,40000.0,4.4,CHEMBL675099
SNS-032 (BMS-387032),CHEMBL296468,CHEMBL258,P06239,Tyrosine-protein kinase Lck,IC50,40000.0,4.4,CHEMBL823220
SNS-032 (BMS-387032),CHEMBL296468,CHEMBL2695,Q05397,Focal adhesion kinase 1,IC50,40000.0,4.4,CHEMBL873609
SNS-032 (BMS-387032),CHEMBL296468,CHEMBL2803,P43403,Tyrosine-protein kinase ZAP-70,IC50,40000.0,4.4,CHEMBL824031
SNS-032 (BMS-387032),CHEMBL296468,CHEMBL203,P00533,Epidermal growth factor receptor,IC50,25000.0,4.6,CHEMBL686680
SNS-032 (BMS-387032),CHEMBL296468,CHEMBL1824,P04626,Receptor tyrosine-protein kinase erbB-2,IC50,25000.0,4.6,CHEMBL686681
SNS-032 (BMS-387032),CHEMBL296468,CHEMBL1957,P08069,Insulin-like growth factor 1 receptor,IC50,25000.0,4.6,CHEMBL814329
SNS-032 (BMS-387032),CHEMBL296468,CHEMBL614004,,A2780,IC50,95.0,7.02,CHEMBL622592
SNS-032 (BMS-387032),CHEMBL296468,CHEMBL301,P24941,Cyclin-dependent kinase 2,IC50,38.0,7.42,CHEMBL1002041
SNS-032 (BMS-387032),CHEMBL296468,CHEMBL3116,P50750,Cyclin-dependent kinase 9,IC50,458.0,6.34,CHEMBL1002042
SNS-032 (BMS-387032),CHEMBL296468,CHEMBL1907602,,Cyclin-dependent kinase 1/cyclin B1,IC50,480.0,6.32,CHEMBL1002043
SNS-032 (BMS-387032),CHEMBL296468,CHEMBL2111389,,CDK9/cyclin T1,IC50,40.0,7.4,CHEMBL1002045
SNS-032 (BMS-387032),CHEMBL296468,CHEMBL2111288,,Cyclin-dependent kinase 7/ cyclin H,IC50,62.0,7.21,CHEMBL1004615
SNS-032 (BMS-387032),CHEMBL296468,CHEMBL3116,P50750,Cyclin-dependent kinase 9,IC50,550.0,6.26,CHEMBL965586
SNS-032 (BMS-387032),CHEMBL296468,CHEMBL301,P24941,Cyclin-dependent kinase 2,IC50,46.0,7.34,CHEMBL965585
SNS-032 (BMS-387032),CHEMBL296468,CHEMBL1907602,,Cyclin-dependent kinase 1/cyclin B1,IC50,480.0,6.32,CHEMBL965593
SNS-032 (BMS-387032),CHEMBL296468,CHEMBL2111288,,Cyclin-dependent kinase 7/ cyclin H,IC50,62.0,7.21,CHEMBL965595
SNS-032 (BMS-387032),CHEMBL296468,CHEMBL2111389,,CDK9/cyclin T1,IC50,4.0,8.4,CHEMBL965596
SNS-032 (BMS-387032),CHEMBL296468,CHEMBL1974,P36888,Receptor-type tyrosine-protein kinase FLT3,Kd,10000.0,5.0,CHEMBL1063729
SNS-032 (BMS-387032),CHEMBL296468,CHEMBL1974,P36888,Receptor-type tyrosine-protein kinase FLT3,Kd,10000.0,5.0,CHEMBL1061073
SNS-032 (BMS-387032),CHEMBL296468,CHEMBL1955,P35916,Vascular endothelial growth factor receptor 3,Kd,10000.0,5.0,CHEMBL1060246
SNS-032 (BMS-387032),CHEMBL296468,CHEMBL4223,P42685,Tyrosine-protein kinase FRK,Kd,10000.0,5.0,CHEMBL1060247
SNS-032 (BMS-387032),CHEMBL296468,CHEMBL2999,O75914,Serine/threonine-protein kinase PAK 3,Kd,3500.0,5.46,CHEMBL1062779
SNS-032 (BMS-387032),CHEMBL296468,CHEMBL5790,Q00537,Cyclin-dependent kinase 17,Kd,13.0,7.89,CHEMBL1051349
SNS-032 (BMS-387032),CHEMBL296468,CHEMBL5316,Q07002,Cyclin-dependent kinase 18,Kd,44.0,7.36,CHEMBL1062782
SNS-032 (BMS-387032),CHEMBL296468,CHEMBL2534,O15530,3-phosphoinositide-dependent protein kinase 1,Kd,10000.0,5.0,CHEMBL1061922
SNS-032 (BMS-387032),CHEMBL296468,CHEMBL6162,O94921,Cyclin-dependent kinase 14,Kd,690.0,6.16,CHEMBL1051350
SNS-032 (BMS-387032),CHEMBL296468,CHEMBL4004,Q16816,"Phosphorylase b kinase gamma catalytic chain, skeletal muscle/heart isoform",Kd,3800.0,5.42,CHEMBL1061153
SNS-032 (BMS-387032),CHEMBL296468,CHEMBL5969,Q99755,Phosphatidylinositol 4-phosphate 5-kinase type-1 alpha,Kd,10000.0,5.0,CHEMBL1061923
SNS-032 (BMS-387032),CHEMBL296468,CHEMBL5667,P78356,Phosphatidylinositol 5-phosphate 4-kinase type-2 beta,Kd,10000.0,5.0,CHEMBL1062784
SNS-032 (BMS-387032),CHEMBL296468,CHEMBL4924,Q9UK32,Ribosomal protein S6 kinase alpha-6,Kd,10000.0,5.0,CHEMBL1039275
SNS-032 (BMS-387032),CHEMBL296468,CHEMBL4924,Q9UK32,Ribosomal protein S6 kinase alpha-6,Kd,10000.0,5.0,CHEMBL1061926
SNS-032 (BMS-387032),CHEMBL296468,CHEMBL5426,Q86YV6,Myosin light chain kinase family member 4,Kd,10000.0,5.0,CHEMBL1051352
SNS-032 (BMS-387032),CHEMBL296468,CHEMBL4202,Q9H2G2,STE20-like serine/threonine-protein kinase,Kd,10000.0,5.0,CHEMBL1062787
SNS-032 (BMS-387032),CHEMBL296468,CHEMBL279,P35968,Vascular endothelial growth factor receptor 2,Kd,10000.0,5.0,CHEMBL1051261
SNS-032 (BMS-387032),CHEMBL296468,CHEMBL5491,P30291,Wee1-like protein kinase,Kd,10000.0,5.0,CHEMBL1061935
SNS-032 (BMS-387032),CHEMBL296468,CHEMBL5405,Q86UX6,Serine/threonine-protein kinase 32C,Kd,10000.0,5.0,CHEMBL1062789
SNS-032 (BMS-387032),CHEMBL296468,CHEMBL2073,P07947,Tyrosine-protein kinase Yes,Kd,10000.0,5.0,CHEMBL1051262
SNS-032 (BMS-387032),CHEMBL296468,CHEMBL5552,O00506,Serine/threonine-protein kinase 25,Kd,10000.0,5.0,CHEMBL1051263
SNS-032 (BMS-387032),CHEMBL296468,CHEMBL3886,Q9NYL2,Mitogen-activated protein kinase kinase kinase 20,Kd,10000.0,5.0,CHEMBL1051317
SNS-032 (BMS-387032),CHEMBL296468,CHEMBL2803,P43403,Tyrosine-protein kinase ZAP-70,Kd,10000.0,5.0,CHEMBL1061189
SNS-032 (BMS-387032),CHEMBL296468,CHEMBL2918,P22694,cAMP-dependent protein kinase catalytic subunit beta,Kd,10000.0,5.0,CHEMBL1039274
SNS-032 (BMS-387032),CHEMBL296468,CHEMBL5818,P51817,cAMP-dependent protein kinase catalytic subunit PRKX,Kd,10000.0,5.0,CHEMBL1061157
SNS-032 (BMS-387032),CHEMBL296468,CHEMBL5469,Q14289,Protein-tyrosine kinase 2-beta,Kd,10000.0,5.0,CHEMBL1061158
SNS-032 (BMS-387032),CHEMBL296468,CHEMBL5975,Q9BRS2,Serine/threonine-protein kinase RIO1,Kd,10000.0,5.0,CHEMBL1051258
SNS-032 (BMS-387032),CHEMBL296468,CHEMBL4226,P49761,Dual specificity protein kinase CLK3,Kd,10000.0,5.0,CHEMBL1060240
SNS-032 (BMS-387032),CHEMBL296468,CHEMBL2634,P41240,Tyrosine-protein kinase CSK,Kd,10000.0,5.0,CHEMBL1037547
SNS-032 (BMS-387032),CHEMBL296468,CHEMBL5520,Q8N752,Casein kinase I isoform alpha-like,Kd,10000.0,5.0,CHEMBL1063703
SNS-032 (BMS-387032),CHEMBL296468,CHEMBL2828,P48730,Casein kinase I isoform delta,Kd,1800.0,5.74,CHEMBL1050829
SNS-032 (BMS-387032),CHEMBL296468,CHEMBL4937,P49674,Casein kinase I isoform epsilon,Kd,950.0,6.02,CHEMBL1050834
SNS-032 (BMS-387032),CHEMBL296468,CHEMBL2543,P78368,Casein kinase I isoform gamma-2,Kd,10000.0,5.0,CHEMBL1063704
SNS-032 (BMS-387032),CHEMBL296468,CHEMBL5084,Q9Y6M4,Casein kinase I isoform gamma-3,Kd,10000.0,5.0,CHEMBL1051284
SNS-032 (BMS-387032),CHEMBL296468,CHEMBL4128,Q02763,Angiopoietin-1 receptor,Kd,10000.0,5.0,CHEMBL1051315
SNS-032 (BMS-387032),CHEMBL296468,CHEMBL5388,Q9UKI8,Serine/threonine-protein kinase tousled-like 1,Kd,10000.0,5.0,CHEMBL1061931
SNS-032 (BMS-387032),CHEMBL296468,CHEMBL5404,Q86UE8,Serine/threonine-protein kinase tousled-like 2,Kd,10000.0,5.0,CHEMBL1061984
SNS-032 (BMS-387032),CHEMBL296468,CHEMBL4527,Q9UKE5,TRAF2 and NCK-interacting protein kinase,Kd,10000.0,5.0,CHEMBL1062874
SNS-032 (BMS-387032),CHEMBL296468,CHEMBL4599,Q07912,Activated CDC42 kinase 1,Kd,10000.0,5.0,CHEMBL1051355
SNS-032 (BMS-387032),CHEMBL296468,CHEMBL2815,P04629,High affinity nerve growth factor receptor,Kd,10000.0,5.0,CHEMBL1061933
SNS-032 (BMS-387032),CHEMBL296468,CHEMBL4898,Q16620,BDNF/NT-3 growth factors receptor,Kd,10000.0,5.0,CHEMBL1062875
SNS-032 (BMS-387032),CHEMBL296468,CHEMBL5608,Q16288,NT-3 growth factor receptor,Kd,10000.0,5.0,CHEMBL1041998
SNS-032 (BMS-387032),CHEMBL296468,CHEMBL3983,P33981,Dual specificity protein kinase TTK,Kd,10000.0,5.0,CHEMBL1061934
SNS-032 (BMS-387032),CHEMBL296468,CHEMBL4367,P42681,Tyrosine-protein kinase TXK,Kd,10000.0,5.0,CHEMBL1061187
SNS-032 (BMS-387032),CHEMBL296468,CHEMBL3629,P68400,Casein kinase II subunit alpha,Kd,10000.0,5.0,CHEMBL1060241
SNS-032 (BMS-387032),CHEMBL296468,CHEMBL4070,P19784,Casein kinase II subunit alpha',Kd,10000.0,5.0,CHEMBL1061141
SNS-032 (BMS-387032),CHEMBL296468,CHEMBL3123,Q9UIK4,Death-associated protein kinase 2,Kd,10000.0,5.0,CHEMBL1053760
SNS-032 (BMS-387032),CHEMBL296468,CHEMBL2468,O43293,Death-associated protein kinase 3,Kd,10000.0,5.0,CHEMBL1060181
SNS-032 (BMS-387032),CHEMBL296468,CHEMBL3980,O94768,Serine/threonine-protein kinase 17B,Kd,10000.0,5.0,CHEMBL1060189
SNS-032 (BMS-387032),CHEMBL296468,CHEMBL5543,Q9Y463,Dual specificity tyrosine-phosphorylation-regulated kinase 1B,Kd,200.0,6.7,CHEMBL1060243
SNS-032 (BMS-387032),CHEMBL296468,CHEMBL3385,P27361,Mitogen-activated protein kinase 3,Kd,10000.0,5.0,CHEMBL1037552
SNS-032 (BMS-387032),CHEMBL296468,CHEMBL4040,P28482,Mitogen-activated protein kinase 1,Kd,10000.0,5.0,CHEMBL1063798
SNS-032 (BMS-387032),CHEMBL296468,CHEMBL2850,P49840,Glycogen synthase kinase-3 alpha,Kd,28.0,7.55,CHEMBL1061900
SNS-032 (BMS-387032),CHEMBL296468,CHEMBL262,P49841,Glycogen synthase kinase-3 beta,Kd,37.0,7.43,CHEMBL1061074
SNS-032 (BMS-387032),CHEMBL296468,CHEMBL3529,Q14164,Inhibitor of nuclear factor kappa-B kinase subunit epsilon,Kd,10000.0,5.0,CHEMBL1050835
SNS-032 (BMS-387032),CHEMBL296468,CHEMBL3553,P29597,Non-receptor tyrosine-protein kinase TYK2,Kd,10000.0,5.0,CHEMBL1061188
SNS-032 (BMS-387032),CHEMBL296468,CHEMBL5314,Q06418,Tyrosine-protein kinase receptor TYRO3,Kd,10000.0,5.0,CHEMBL1051260
SNS-032 (BMS-387032),CHEMBL296468,CHEMBL2276,P45983,Mitogen-activated protein kinase 8,Kd,10000.0,5.0,CHEMBL1061076
SNS-032 (BMS-387032),CHEMBL296468,CHEMBL4179,P45984,Mitogen-activated protein kinase 9,Kd,10000.0,5.0,CHEMBL1060196
SNS-032 (BMS-387032),CHEMBL296468,CHEMBL3836,P53667,LIM domain kinase 1,Kd,10000.0,5.0,CHEMBL1061902
SNS-032 (BMS-387032),CHEMBL296468,CHEMBL5932,P53671,LIM domain kinase 2,Kd,10000.0,5.0,CHEMBL1063714
SNS-032 (BMS-387032),CHEMBL296468,CHEMBL5606,Q15831,Serine/threonine-protein kinase STK11,Kd,10000.0,5.0,CHEMBL1051288
SNS-032 (BMS-387032),CHEMBL296468,CHEMBL5600,P27448,MAP/microtubule affinity-regulating kinase 3,Kd,10000.0,5.0,CHEMBL1063802
SNS-032 (BMS-387032),CHEMBL296468,CHEMBL3587,Q02750,Dual specificity mitogen-activated protein kinase kinase 1,Kd,10000.0,5.0,CHEMBL1061906
SNS-032 (BMS-387032),CHEMBL296468,CHEMBL2964,P36507,Dual specificity mitogen-activated protein kinase kinase 2,Kd,10000.0,5.0,CHEMBL1061079
SNS-032 (BMS-387032),CHEMBL296468,CHEMBL2109,P46734,Dual specificity mitogen-activated protein kinase kinase 3,Kd,10000.0,5.0,CHEMBL1060250
SNS-032 (BMS-387032),CHEMBL296468,CHEMBL4578,Q14680,Maternal embryonic leucine zipper kinase,Kd,5600.0,5.25,CHEMBL1063803
SNS-032 (BMS-387032),CHEMBL296468,CHEMBL4718,Q9BUB5,MAP kinase-interacting serine/threonine-protein kinase 1,Kd,3800.0,5.42,CHEMBL1063804
SNS-032 (BMS-387032),CHEMBL296468,CHEMBL3830,Q2M2I8,AP2-associated protein kinase 1,Kd,10000.0,5.0,CHEMBL1037546
SNS-032 (BMS-387032),CHEMBL296468,CHEMBL1862,P00519,Tyrosine-protein kinase ABL1,Kd,10000.0,5.0,CHEMBL1061129
SNS-032 (BMS-387032),CHEMBL296468,CHEMBL1862,P00519,Tyrosine-protein kinase ABL1,Kd,10000.0,5.0,CHEMBL1063789
SNS-032 (BMS-387032),CHEMBL296468,CHEMBL4598,Q13043,Serine/threonine-protein kinase 4,Kd,10000.0,5.0,CHEMBL1061178
SNS-032 (BMS-387032),CHEMBL296468,CHEMBL5941,Q9P289,Serine/threonine-protein kinase 26,Kd,10000.0,5.0,CHEMBL1063806
Saracatinib (AZD0530),CHEMBL217092,CHEMBL267,P12931,Proto-oncogene tyrosine-protein kinase Src,IC50,2.7,8.57,CHEMBL855513
Saracatinib (AZD0530),CHEMBL217092,CHEMBL279,P35968,Vascular endothelial growth factor receptor 2,IC50,20900.0,4.68,CHEMBL855514
Saracatinib (AZD0530),CHEMBL217092,CHEMBL267,P12931,Proto-oncogene tyrosine-protein kinase Src,IC50,76.0,7.12,CHEMBL855536
Saracatinib (AZD0530),CHEMBL217092,CHEMBL392,,A549,IC50,140.0,6.85,CHEMBL854953
Saracatinib (AZD0530),CHEMBL217092,CHEMBL2634,P41240,Tyrosine-protein kinase CSK,IC50,840.0,6.08,CHEMBL854964
Saracatinib (AZD0530),CHEMBL217092,CHEMBL2073,P07947,Tyrosine-protein kinase Yes,IC50,4.0,8.4,CHEMBL854965
Saracatinib (AZD0530),CHEMBL217092,CHEMBL258,P06239,Tyrosine-protein kinase Lck,IC50,4.0,8.4,CHEMBL854966
Saracatinib (AZD0530),CHEMBL217092,CHEMBL1868,P17948,Vascular endothelial growth factor receptor 1,IC50,100000.0,4.0,CHEMBL854967
Saracatinib (AZD0530),CHEMBL217092,CHEMBL1955,P35916,Vascular endothelial growth factor receptor 3,IC50,10000.0,5.0,CHEMBL854968
Saracatinib (AZD0530),CHEMBL217092,CHEMBL1936,P10721,Mast/stem cell growth factor receptor Kit,IC50,200.0,6.7,CHEMBL854969
Saracatinib (AZD0530),CHEMBL217092,CHEMBL2007,P16234,Platelet-derived growth factor receptor alpha,IC50,10000.0,5.0,CHEMBL854970
Saracatinib (AZD0530),CHEMBL217092,CHEMBL1913,P09619,Platelet-derived growth factor receptor beta,IC50,5000.0,5.3,CHEMBL854971
Saracatinib (AZD0530),CHEMBL217092,CHEMBL3650,P11362,Fibroblast growth factor receptor 1,IC50,10000.0,5.0,CHEMBL854972
Saracatinib (AZD0530),CHEMBL217092,CHEMBL1862,P00519,Tyrosine-protein kinase ABL1,IC50,30.0,7.52,CHEMBL854973
Saracatinib (AZD0530),CHEMBL217092,CHEMBL203,P00533,Epidermal growth factor receptor,IC50,2590.0,5.59,CHEMBL854974
Saracatinib (AZD0530),CHEMBL217092,CHEMBL2185,Q96GD4,Aurora kinase B,IC50,10000.0,5.0,CHEMBL854975
Saracatinib (AZD0530),CHEMBL217092,CHEMBL301,P24941,Cyclin-dependent kinase 2,IC50,10000.0,5.0,CHEMBL854976
Saracatinib (AZD0530),CHEMBL217092,CHEMBL2111289,,Dual specificity mitogen-activated protein kinase kinase; MEK1/2,IC50,14000.0,4.85,CHEMBL854978
Saracatinib (AZD0530),CHEMBL217092,CHEMBL262,P49841,Glycogen synthase kinase-3 beta,IC50,10000.0,5.0,CHEMBL854979
Saracatinib (AZD0530),CHEMBL217092,CHEMBL2096667,,"c-Jun N-terminal kinase, JNK",IC50,10000.0,5.0,CHEMBL854981
Saracatinib (AZD0530),CHEMBL217092,CHEMBL2534,O15530,3-phosphoinositide-dependent protein kinase 1,IC50,10000.0,5.0,CHEMBL854982
Saracatinib (AZD0530),CHEMBL217092,CHEMBL2094138,,cAMP-dependent protein kinase (PKA),IC50,10000.0,5.0,CHEMBL854983
Saracatinib (AZD0530),CHEMBL217092,CHEMBL385,,K562,IC50,220.0,6.66,CHEMBL854954
Saracatinib (AZD0530),CHEMBL217092,CHEMBL613979,,HUVEC,IC50,5000.0,5.3,CHEMBL856637
Saracatinib (AZD0530),CHEMBL217092,CHEMBL613979,,HUVEC,IC50,5000.0,5.3,CHEMBL856638
Saracatinib (AZD0530),CHEMBL217092,CHEMBL267,P12931,Proto-oncogene tyrosine-protein kinase Src,IC50,1.0,9.0,CHEMBL997069
Saracatinib (AZD0530),CHEMBL217092,CHEMBL267,P12931,Proto-oncogene tyrosine-protein kinase Src,IC50,3.0,8.52,CHEMBL973087
Saracatinib (AZD0530),CHEMBL217092,CHEMBL2634,P41240,Tyrosine-protein kinase CSK,IC50,840.0,6.08,CHEMBL990550
Saracatinib (AZD0530),CHEMBL217092,CHEMBL2073,P07947,Tyrosine-protein kinase Yes,IC50,4.0,8.4,CHEMBL990551
Saracatinib (AZD0530),CHEMBL217092,CHEMBL258,P06239,Tyrosine-protein kinase Lck,IC50,4.0,8.4,CHEMBL973095
Saracatinib (AZD0530),CHEMBL217092,CHEMBL1862,P00519,Tyrosine-protein kinase ABL1,IC50,30.0,7.52,CHEMBL989734
Saracatinib (AZD0530),CHEMBL217092,CHEMBL1936,P10721,Mast/stem cell growth factor receptor Kit,IC50,200.0,6.7,CHEMBL973094
Saracatinib (AZD0530),CHEMBL217092,CHEMBL203,P00533,Epidermal growth factor receptor,IC50,2590.0,5.59,CHEMBL976899
Saracatinib (AZD0530),CHEMBL217092,CHEMBL267,P12931,Proto-oncogene tyrosine-protein kinase Src,IC50,3.0,8.52,CHEMBL1022370
Saracatinib (AZD0530),CHEMBL217092,CHEMBL267,P12931,Proto-oncogene tyrosine-protein kinase Src,IC50,10.0,8.0,CHEMBL1022370
Saracatinib (AZD0530),CHEMBL217092,CHEMBL203,P00533,Epidermal growth factor receptor,IC50,2600.0,5.59,CHEMBL1022371
Saracatinib (AZD0530),CHEMBL217092,CHEMBL279,P35968,Vascular endothelial growth factor receptor 2,IC50,21000.0,4.68,CHEMBL1022373
Saracatinib (AZD0530),CHEMBL217092,CHEMBL267,P12931,Proto-oncogene tyrosine-protein kinase Src,IC50,2.7,8.57,CHEMBL1117888
Saracatinib (AZD0530),CHEMBL217092,CHEMBL2634,P41240,Tyrosine-protein kinase CSK,IC50,840.0,6.08,CHEMBL1117893
Saracatinib (AZD0530),CHEMBL217092,CHEMBL1936,P10721,Mast/stem cell growth factor receptor Kit,IC50,200.0,6.7,CHEMBL1117892
Saracatinib (AZD0530),CHEMBL217092,CHEMBL1862,P00519,Tyrosine-protein kinase ABL1,IC50,30.0,7.52,CHEMBL1117891
Saracatinib (AZD0530),CHEMBL217092,CHEMBL2073,P07947,Tyrosine-protein kinase Yes,IC50,4.0,8.4,CHEMBL1117890
Saracatinib (AZD0530),CHEMBL217092,CHEMBL258,P06239,Tyrosine-protein kinase Lck,IC50,4.0,8.4,CHEMBL1117889
Saracatinib (AZD0530),CHEMBL217092,CHEMBL267,P12931,Proto-oncogene tyrosine-protein kinase Src,IC50,2.7,8.57,CHEMBL1768404
Saracatinib (AZD0530),CHEMBL217092,CHEMBL2366079,,DSH1,IC50,68004.78,4.17,CHEMBL2363187
Saracatinib (AZD0530),CHEMBL217092,CHEMBL614281,,Daudi,IC50,27077.28,4.57,CHEMBL2363192
Saracatinib (AZD0530),CHEMBL217092,CHEMBL2366246,,DU-4475,IC50,349548.04,3.46,CHEMBL2363189
Saracatinib (AZD0530),CHEMBL217092,CHEMBL2366258,,EHEB,IC50,51828.75,4.29,CHEMBL2363206
Saracatinib (AZD0530),CHEMBL217092,CHEMBL614487,,EKVX,IC50,26020.35,4.58,CHEMBL2363207
Saracatinib (AZD0530),CHEMBL217092,CHEMBL2366281,,EM-2,IC50,265.0,6.58,CHEMBL2363208
Saracatinib (AZD0530),CHEMBL217092,CHEMBL2366146,,ES1,IC50,28777.25,4.54,CHEMBL2363210
Saracatinib (AZD0530),CHEMBL217092,CHEMBL2366312,,ES5,IC50,595841.09,3.22,CHEMBL2363213
Saracatinib (AZD0530),CHEMBL217092,CHEMBL2366135,,ES3,IC50,17465.49,4.76,CHEMBL2363211
Saracatinib (AZD0530),CHEMBL217092,CHEMBL2366118,,ES4,IC50,6530.74,5.19,CHEMBL2363212
Saracatinib (AZD0530),CHEMBL217092,CHEMBL2366369,,EB-3,IC50,36951.79,4.43,CHEMBL2363195
Saracatinib (AZD0530),CHEMBL217092,CHEMBL2366338,,EB2,IC50,303440.03,3.52,CHEMBL2363196
Saracatinib (AZD0530),CHEMBL217092,CHEMBL2366240,,EC-GI-10,IC50,24598.86,4.61,CHEMBL2363197
Saracatinib (AZD0530),CHEMBL217092,CHEMBL2366367,,ECC4,IC50,17027.71,4.77,CHEMBL2363200
Saracatinib (AZD0530),CHEMBL217092,CHEMBL614516,,A498,IC50,215450.46,3.67,CHEMBL2363731
Saracatinib (AZD0530),CHEMBL217092,CHEMBL2366283,,C2BBe1,IC50,1205.07,5.92,CHEMBL2363771
Saracatinib (AZD0530),CHEMBL217092,CHEMBL2366224,,COLO-800,IC50,52908.34,4.28,CHEMBL2363140
Saracatinib (AZD0530),CHEMBL217092,CHEMBL2366199,,DG-75,IC50,527229.01,3.28,CHEMBL2363177
Saracatinib (AZD0530),CHEMBL217092,CHEMBL2366264,,DJM-1,IC50,159821.73,3.8,CHEMBL2363178
Saracatinib (AZD0530),CHEMBL217092,CHEMBL614567,,A704,IC50,892.1,6.05,CHEMBL2363734
Saracatinib (AZD0530),CHEMBL217092,CHEMBL1075430,,COLO-824,IC50,319515.25,3.5,CHEMBL2363141
Saracatinib (AZD0530),CHEMBL217092,CHEMBL2366275,,COLO-829,IC50,66944.17,4.17,CHEMBL2363142
Saracatinib (AZD0530),CHEMBL217092,CHEMBL614642,,DMS-114,IC50,239175.12,3.62,CHEMBL2363180
Saracatinib (AZD0530),CHEMBL217092,CHEMBL2366195,,ACN,IC50,268643.71,3.57,CHEMBL2363737
Saracatinib (AZD0530),CHEMBL217092,CHEMBL614533,,C8166,IC50,398847.44,3.4,CHEMBL2363774
Saracatinib (AZD0530),CHEMBL217092,CHEMBL612566,,CA46,IC50,192709.14,3.72,CHEMBL2363775
Saracatinib (AZD0530),CHEMBL217092,CHEMBL614286,,DMS-79,IC50,345996.27,3.46,CHEMBL2363184
Saracatinib (AZD0530),CHEMBL217092,CHEMBL2366181,,DOHH-2,IC50,1717.82,5.77,CHEMBL2363185
Saracatinib (AZD0530),CHEMBL217092,CHEMBL2366294,,ALL-PO,IC50,27081.02,4.57,CHEMBL2363739
Saracatinib (AZD0530),CHEMBL217092,CHEMBL2366352,,COR-L279,IC50,165353.23,3.78,CHEMBL2363145
Saracatinib (AZD0530),CHEMBL217092,CHEMBL2366329,,COR-L88,IC50,210220.92,3.68,CHEMBL2363146
Saracatinib (AZD0530),CHEMBL217092,CHEMBL2366167,,DMS-153,IC50,203069.24,3.69,CHEMBL2363181
Saracatinib (AZD0530),CHEMBL217092,CHEMBL2366192,,AM-38,IC50,74960.1,4.13,CHEMBL2363740
Saracatinib (AZD0530),CHEMBL217092,CHEMBL1075407,,CAL-148,IC50,337784.12,3.47,CHEMBL2363779
Saracatinib (AZD0530),CHEMBL217092,CHEMBL2366363,,CP66-MEL,IC50,126367.33,3.9,CHEMBL2363148
Saracatinib (AZD0530),CHEMBL217092,CHEMBL2366241,,ARH-77,IC50,58823.3,4.23,CHEMBL2363742
Saracatinib (AZD0530),CHEMBL217092,CHEMBL2366277,,ATN-1,IC50,228662.7,3.64,CHEMBL2363743
Saracatinib (AZD0530),CHEMBL217092,CHEMBL2366095,,CP67-MEL,IC50,45624.1,4.34,CHEMBL2363149
Saracatinib (AZD0530),CHEMBL217092,CHEMBL2366061,,CPC-N,IC50,234223.78,3.63,CHEMBL2363150
Saracatinib (AZD0530),CHEMBL217092,CHEMBL2366080,,CRO-AP2,IC50,447886.57,3.35,CHEMBL2363151
Saracatinib (AZD0530),CHEMBL217092,CHEMBL2366344,,CTB-1,IC50,13594.78,4.87,CHEMBL2363152
Saracatinib (AZD0530),CHEMBL217092,CHEMBL2366271,,BB30-HNC,IC50,862.03,6.06,CHEMBL2363747
Saracatinib (AZD0530),CHEMBL217092,CHEMBL2366360,,CTV-1,IC50,61.43,7.21,CHEMBL2363153
Saracatinib (AZD0530),CHEMBL217092,CHEMBL2366174,,CW-2,IC50,312949.86,3.5,CHEMBL2363154
Saracatinib (AZD0530),CHEMBL217092,CHEMBL2366253,,697,IC50,13270.07,4.88,CHEMBL2363713
Saracatinib (AZD0530),CHEMBL217092,CHEMBL2366295,,BB49-HNC,IC50,6732.06,5.17,CHEMBL2363748
Saracatinib (AZD0530),CHEMBL217092,CHEMBL2366247,,BB65-RCC,IC50,7949.04,5.1,CHEMBL2363749
Saracatinib (AZD0530),CHEMBL217092,CHEMBL2366371,,BC-3,IC50,384349.77,3.42,CHEMBL2363751
Saracatinib (AZD0530),CHEMBL217092,CHEMBL2366100,,CAS-1,IC50,131313.95,3.88,CHEMBL2363834
Saracatinib (AZD0530),CHEMBL217092,CHEMBL2366115,,8-MG-BA,IC50,80056.45,4.1,CHEMBL2363716
Saracatinib (AZD0530),CHEMBL217092,CHEMBL2366303,,BE-13,IC50,14391.52,4.84,CHEMBL2363753
Saracatinib (AZD0530),CHEMBL217092,CHEMBL382,,CCRF-CEM,IC50,170081.55,3.77,CHEMBL2363836
Saracatinib (AZD0530),CHEMBL217092,CHEMBL614535,,Calu-6,IC50,52644.3,4.28,CHEMBL2363160
Saracatinib (AZD0530),CHEMBL217092,CHEMBL2366306,,A101D,IC50,81657.53,4.09,CHEMBL2363719
Saracatinib (AZD0530),CHEMBL217092,CHEMBL2366361,,CESS,IC50,218610.15,3.66,CHEMBL2363837
Saracatinib (AZD0530),CHEMBL217092,CHEMBL2366300,,CGTH-W-1,IC50,6020.75,5.22,CHEMBL2363839
Selinexor,CHEMBL3545185,CHEMBL5661,O14980,Exportin-1,Kd,18.74,7.73,CHEMBL4405706
Selinexor,CHEMBL3545185,CHEMBL612554,,NSCLC,IC50,25.0,7.6,CHEMBL5232642
Selinexor,CHEMBL3545185,CHEMBL5661,O14980,Exportin-1,IC50,34.0,7.47,CHEMBL5332019
Selinexor,CHEMBL3545185,CHEMBL5661,O14980,Exportin-1,IC50,55.0,7.26,CHEMBL5332020
Selinexor,CHEMBL3545185,CHEMBL614177,,MOLT-4,IC50,34.0,7.47,CHEMBL5380013
Selinexor,CHEMBL3545185,CHEMBL397,,Jurkat,IC50,34.0,7.47,CHEMBL5380014
Selinexor,CHEMBL3545185,CHEMBL4296435,,HPBALL,IC50,34.0,7.47,CHEMBL5380015
Selinexor,CHEMBL3545185,CHEMBL4483252,,KOPTK1,IC50,34.0,7.47,CHEMBL5380016
Selinexor,CHEMBL3545185,CHEMBL399,,HeLa,IC50,430.0,6.37,CHEMBL5380042
Selinexor,CHEMBL3545185,CHEMBL3706568,,HEK-293T,IC50,730.0,6.14,CHEMBL5380043
Selumetinib (AZD6244),CHEMBL1614701,CHEMBL4224,P49759,Dual specificity protein kinase CLK1,Kd,10000.0,5.0,CHEMBL1908461
Selumetinib (AZD6244),CHEMBL1614701,CHEMBL5608,Q16288,NT-3 growth factor receptor,Kd,10000.0,5.0,CHEMBL1908462
Selumetinib (AZD6244),CHEMBL1614701,CHEMBL4674,P53778,Mitogen-activated protein kinase 12,Kd,10000.0,5.0,CHEMBL1908463
Selumetinib (AZD6244),CHEMBL1614701,CHEMBL5331,Q12866,Tyrosine-protein kinase Mer,Kd,10000.0,5.0,CHEMBL1908464
Selumetinib (AZD6244),CHEMBL1614701,CHEMBL5668,P78362,SRSF protein kinase 2,Kd,10000.0,5.0,CHEMBL1908465
Selumetinib (AZD6244),CHEMBL1614701,CHEMBL3935,Q9UQB9,Aurora kinase C,Kd,10000.0,5.0,CHEMBL1908466
Selumetinib (AZD6244),CHEMBL1614701,CHEMBL2801,Q13557,Calcium/calmodulin-dependent protein kinase type II subunit delta,Kd,10000.0,5.0,CHEMBL1908467
Selumetinib (AZD6244),CHEMBL1614701,CHEMBL5404,Q86UE8,Serine/threonine-protein kinase tousled-like 2,Kd,10000.0,5.0,CHEMBL1908468
Selumetinib (AZD6244),CHEMBL1614701,CHEMBL2185,Q96GD4,Aurora kinase B,Kd,10000.0,5.0,CHEMBL1908469
Selumetinib (AZD6244),CHEMBL1614701,CHEMBL4045,Q13131,5'-AMP-activated protein kinase catalytic subunit alpha-1,Kd,10000.0,5.0,CHEMBL1908470
Selumetinib (AZD6244),CHEMBL1614701,CHEMBL6149,Q9Y2K2,Serine/threonine-protein kinase SIK3,Kd,10000.0,5.0,CHEMBL1908471
Selumetinib (AZD6244),CHEMBL1614701,CHEMBL3938,O75716,Serine/threonine-protein kinase 16,Kd,10000.0,5.0,CHEMBL1908472
Selumetinib (AZD6244),CHEMBL1614701,CHEMBL5790,Q00537,Cyclin-dependent kinase 17,Kd,10000.0,5.0,CHEMBL1908473
Selumetinib (AZD6244),CHEMBL1614701,CHEMBL5122,Q16832,Discoidin domain-containing receptor 2,Kd,10000.0,5.0,CHEMBL1908474
Selumetinib (AZD6244),CHEMBL1614701,CHEMBL5311,P37023,Activin receptor type-1-like,Kd,10000.0,5.0,CHEMBL1908475
Selumetinib (AZD6244),CHEMBL1614701,CHEMBL5251,Q06187,Tyrosine-protein kinase BTK,Kd,10000.0,5.0,CHEMBL1908476
Selumetinib (AZD6244),CHEMBL1614701,CHEMBL331,P11802,Cyclin-dependent kinase 4,Kd,10000.0,5.0,CHEMBL1908477
Selumetinib (AZD6244),CHEMBL1614701,CHEMBL331,P11802,Cyclin-dependent kinase 4,Kd,10000.0,5.0,CHEMBL1908478
Selumetinib (AZD6244),CHEMBL1614701,CHEMBL2742,P22607,Fibroblast growth factor receptor 3,Kd,10000.0,5.0,CHEMBL1908479
Selumetinib (AZD6244),CHEMBL1614701,CHEMBL2742,P22607,Fibroblast growth factor receptor 3,Kd,10000.0,5.0,CHEMBL1908480
Selumetinib (AZD6244),CHEMBL1614701,CHEMBL1981,P06213,Insulin receptor,Kd,10000.0,5.0,CHEMBL1908481
Selumetinib (AZD6244),CHEMBL1614701,CHEMBL2148,P52333,Tyrosine-protein kinase JAK3,Kd,10000.0,5.0,CHEMBL1908482
Selumetinib (AZD6244),CHEMBL1614701,CHEMBL1936,P10721,Mast/stem cell growth factor receptor Kit,Kd,10000.0,5.0,CHEMBL1908483
Selumetinib (AZD6244),CHEMBL1614701,CHEMBL1936,P10721,Mast/stem cell growth factor receptor Kit,Kd,10000.0,5.0,CHEMBL1908484
Selumetinib (AZD6244),CHEMBL1614701,CHEMBL1936,P10721,Mast/stem cell growth factor receptor Kit,Kd,10000.0,5.0,CHEMBL1908485
Selumetinib (AZD6244),CHEMBL1614701,CHEMBL1936,P10721,Mast/stem cell growth factor receptor Kit,Kd,10000.0,5.0,CHEMBL1908486
Selumetinib (AZD6244),CHEMBL1614701,CHEMBL1936,P10721,Mast/stem cell growth factor receptor Kit,Kd,10000.0,5.0,CHEMBL1908487
Selumetinib (AZD6244),CHEMBL1614701,CHEMBL1936,P10721,Mast/stem cell growth factor receptor Kit,Kd,10000.0,5.0,CHEMBL1908488
Selumetinib (AZD6244),CHEMBL1614701,CHEMBL1936,P10721,Mast/stem cell growth factor receptor Kit,Kd,10000.0,5.0,CHEMBL1908489
Selumetinib (AZD6244),CHEMBL1614701,CHEMBL1936,P10721,Mast/stem cell growth factor receptor Kit,Kd,10000.0,5.0,CHEMBL1908490
Selumetinib (AZD6244),CHEMBL1614701,CHEMBL3717,P08581,Hepatocyte growth factor receptor,Kd,10000.0,5.0,CHEMBL1908491
Selumetinib (AZD6244),CHEMBL1614701,CHEMBL3717,P08581,Hepatocyte growth factor receptor,Kd,10000.0,5.0,CHEMBL1908492
Selumetinib (AZD6244),CHEMBL1614701,CHEMBL3717,P08581,Hepatocyte growth factor receptor,Kd,10000.0,5.0,CHEMBL1908493
Selumetinib (AZD6244),CHEMBL1614701,CHEMBL2349,P15735,"Phosphorylase b kinase gamma catalytic chain, liver/testis isoform",Kd,10000.0,5.0,CHEMBL1908494
Selumetinib (AZD6244),CHEMBL1614701,CHEMBL5606,Q15831,Serine/threonine-protein kinase STK11,Kd,10000.0,5.0,CHEMBL1908495
Selumetinib (AZD6244),CHEMBL1614701,CHEMBL4128,Q02763,Angiopoietin-1 receptor,Kd,10000.0,5.0,CHEMBL1908496
Selumetinib (AZD6244),CHEMBL1614701,CHEMBL1957,P08069,Insulin-like growth factor 1 receptor,Kd,10000.0,5.0,CHEMBL1908497
Selumetinib (AZD6244),CHEMBL1614701,CHEMBL1163127,Q6ZN16,Mitogen-activated protein kinase kinase kinase 15,Kd,10000.0,5.0,CHEMBL1908498
Selumetinib (AZD6244),CHEMBL1614701,CHEMBL5407,Q86V86,Serine/threonine-protein kinase pim-3,Kd,10000.0,5.0,CHEMBL1908499
Selumetinib (AZD6244),CHEMBL1614701,CHEMBL2527,O96017,Serine/threonine-protein kinase Chk2,Kd,10000.0,5.0,CHEMBL1908500
Selumetinib (AZD6244),CHEMBL1614701,CHEMBL1824,P04626,Receptor tyrosine-protein kinase erbB-2,Kd,10000.0,5.0,CHEMBL1908501
Selumetinib (AZD6244),CHEMBL1614701,CHEMBL3906,Q15349,Ribosomal protein S6 kinase alpha-2,Kd,10000.0,5.0,CHEMBL1908502
Selumetinib (AZD6244),CHEMBL1614701,CHEMBL3125,O75676,Ribosomal protein S6 kinase alpha-4,Kd,10000.0,5.0,CHEMBL1908503
Selumetinib (AZD6244),CHEMBL1614701,CHEMBL4599,Q07912,Activated CDC42 kinase 1,Kd,10000.0,5.0,CHEMBL1908504
Selumetinib (AZD6244),CHEMBL1614701,CHEMBL2815,P04629,High affinity nerve growth factor receptor,Kd,10000.0,5.0,CHEMBL1908505
Selumetinib (AZD6244),CHEMBL1614701,CHEMBL5426,Q86YV6,Myosin light chain kinase family member 4,Kd,10000.0,5.0,CHEMBL1908506
Selumetinib (AZD6244),CHEMBL1614701,CHEMBL5358,Q9P2K8,eIF-2-alpha kinase GCN2,Kd,10000.0,5.0,CHEMBL1908507
Selumetinib (AZD6244),CHEMBL1614701,CHEMBL4482,O96013,Serine/threonine-protein kinase PAK 4,Kd,10000.0,5.0,CHEMBL1908508
Selumetinib (AZD6244),CHEMBL1614701,CHEMBL1163129,Q52WX2,Serine/threonine-protein kinase SBK1,Kd,10000.0,5.0,CHEMBL1908509
Selumetinib (AZD6244),CHEMBL1614701,CHEMBL5518,Q8N4C8,Misshapen-like kinase 1,Kd,10000.0,5.0,CHEMBL1908510
Selumetinib (AZD6244),CHEMBL1614701,CHEMBL5519,Q8N568,Serine/threonine-protein kinase DCLK2,Kd,10000.0,5.0,CHEMBL1908511
Selumetinib (AZD6244),CHEMBL1614701,CHEMBL3009,Q15303,Receptor tyrosine-protein kinase erbB-4,Kd,10000.0,5.0,CHEMBL1908512
Selumetinib (AZD6244),CHEMBL1614701,CHEMBL5749,Q92918,Mitogen-activated protein kinase kinase kinase kinase 1,Kd,10000.0,5.0,CHEMBL1908513
Selumetinib (AZD6244),CHEMBL1614701,CHEMBL4526,Q9UF33,Ephrin type-A receptor 6,Kd,10000.0,5.0,CHEMBL1908445
Selumetinib (AZD6244),CHEMBL1614701,CHEMBL5654,Q8WXR4,Myosin-IIIb,Kd,10000.0,5.0,CHEMBL1908514
Selumetinib (AZD6244),CHEMBL1614701,CHEMBL5047,Q6PHR2,Serine/threonine-protein kinase ULK3,Kd,10000.0,5.0,CHEMBL1908515
Selumetinib (AZD6244),CHEMBL1614701,CHEMBL5903,Q04771,Activin receptor type-1,Kd,10000.0,5.0,CHEMBL1908516
Selumetinib (AZD6244),CHEMBL1614701,CHEMBL5466,Q13705,Activin receptor type-2B,Kd,10000.0,5.0,CHEMBL1908517
Selumetinib (AZD6244),CHEMBL1614701,CHEMBL6150,Q8WU08,Serine/threonine-protein kinase 32A,Kd,10000.0,5.0,CHEMBL1908518
Selumetinib (AZD6244),CHEMBL1614701,CHEMBL1163117,Q8IVW4,Cyclin-dependent kinase-like 3,Kd,10000.0,5.0,CHEMBL1908519
Selumetinib (AZD6244),CHEMBL1614701,CHEMBL4718,Q9BUB5,MAP kinase-interacting serine/threonine-protein kinase 1,Kd,10000.0,5.0,CHEMBL1908520
Selumetinib (AZD6244),CHEMBL1614701,CHEMBL5969,Q99755,Phosphatidylinositol 4-phosphate 5-kinase type-1 alpha,Kd,10000.0,5.0,CHEMBL1908521
Selumetinib (AZD6244),CHEMBL1614701,CHEMBL5476,O00238,Bone morphogenetic protein receptor type-1B,Kd,10000.0,5.0,CHEMBL1908522
Selumetinib (AZD6244),CHEMBL1614701,CHEMBL5467,Q13873,Bone morphogenetic protein receptor type-2,Kd,10000.0,5.0,CHEMBL1908523
Selumetinib (AZD6244),CHEMBL1614701,CHEMBL4121,Q13554,Calcium/calmodulin-dependent protein kinase type II subunit beta,Kd,10000.0,5.0,CHEMBL1908524
Selumetinib (AZD6244),CHEMBL1614701,CHEMBL4442,Q00526,Cyclin-dependent kinase 3,Kd,10000.0,5.0,CHEMBL1908525
Selumetinib (AZD6244),CHEMBL1614701,CHEMBL5719,P49336,Cyclin-dependent kinase 8,Kd,10000.0,5.0,CHEMBL1908526
Selumetinib (AZD6244),CHEMBL1614701,CHEMBL3116,P50750,Cyclin-dependent kinase 9,Kd,10000.0,5.0,CHEMBL1908527
Selumetinib (AZD6244),CHEMBL1614701,CHEMBL4630,O14757,Serine/threonine-protein kinase Chk1,Kd,10000.0,5.0,CHEMBL1908528
Selumetinib (AZD6244),CHEMBL1614701,CHEMBL3476,O15111,Inhibitor of nuclear factor kappa-B kinase subunit alpha,Kd,10000.0,5.0,CHEMBL1908529
Selumetinib (AZD6244),CHEMBL1614701,CHEMBL2543,P78368,Casein kinase I isoform gamma-2,Kd,10000.0,5.0,CHEMBL1908530
Selumetinib (AZD6244),CHEMBL1614701,CHEMBL2468,O43293,Death-associated protein kinase 3,Kd,10000.0,5.0,CHEMBL1908531
Selumetinib (AZD6244),CHEMBL1614701,CHEMBL1163101,O75460,Serine/threonine-protein kinase/endoribonuclease IRE1,Kd,10000.0,5.0,CHEMBL1908532
Selumetinib (AZD6244),CHEMBL1614701,CHEMBL1991,O14920,Inhibitor of nuclear factor kappa-B kinase subunit beta,Kd,10000.0,5.0,CHEMBL1908533
Selumetinib (AZD6244),CHEMBL1614701,CHEMBL3357,P51617,Interleukin-1 receptor-associated kinase 1,Kd,10000.0,5.0,CHEMBL1908534
Selumetinib (AZD6244),CHEMBL1614701,CHEMBL5616,P27037,Activin receptor type-2A,Kd,10000.0,5.0,CHEMBL1908535
Selumetinib (AZD6244),CHEMBL1614701,CHEMBL2431,P31751,RAC-beta serine/threonine-protein kinase,Kd,10000.0,5.0,CHEMBL1908536
Selumetinib (AZD6244),CHEMBL1614701,CHEMBL4895,P30530,Tyrosine-protein kinase receptor UFO,Kd,10000.0,5.0,CHEMBL1908537
Selumetinib (AZD6244),CHEMBL1614701,CHEMBL2250,P51451,Tyrosine-protein kinase Blk,Kd,10000.0,5.0,CHEMBL1908538
Selumetinib (AZD6244),CHEMBL1614701,CHEMBL3834,P51813,Cytoplasmic tyrosine-protein kinase BMX,Kd,10000.0,5.0,CHEMBL1908539
Selumetinib (AZD6244),CHEMBL1614701,CHEMBL2494,Q16566,Calcium/calmodulin-dependent protein kinase type IV,Kd,10000.0,5.0,CHEMBL1908540
Selumetinib (AZD6244),CHEMBL1614701,CHEMBL301,P24941,Cyclin-dependent kinase 2,Kd,10000.0,5.0,CHEMBL1908541
Selumetinib (AZD6244),CHEMBL1614701,CHEMBL3055,P50613,Cyclin-dependent kinase 7,Kd,10000.0,5.0,CHEMBL1908542
Selumetinib (AZD6244),CHEMBL1614701,CHEMBL2793,P48729,Casein kinase I isoform alpha,Kd,10000.0,5.0,CHEMBL1908543
Selumetinib (AZD6244),CHEMBL1614701,CHEMBL4937,P49674,Casein kinase I isoform epsilon,Kd,10000.0,5.0,CHEMBL1908544
Selumetinib (AZD6244),CHEMBL1614701,CHEMBL3629,P68400,Casein kinase II subunit alpha,Kd,10000.0,5.0,CHEMBL1908545
Selumetinib (AZD6244),CHEMBL1614701,CHEMBL4070,P19784,Casein kinase II subunit alpha',Kd,10000.0,5.0,CHEMBL1908546
Selumetinib (AZD6244),CHEMBL1614701,CHEMBL5319,Q08345,Epithelial discoidin domain-containing receptor 1,Kd,10000.0,5.0,CHEMBL1908547
Selumetinib (AZD6244),CHEMBL1614701,CHEMBL5838,P21860,Receptor tyrosine-protein kinase erbB-3,Kd,10000.0,5.0,CHEMBL1908548
Selumetinib (AZD6244),CHEMBL1614701,CHEMBL5455,P07332,Tyrosine-protein kinase Fes/Fps,Kd,10000.0,5.0,CHEMBL1908549
Selumetinib (AZD6244),CHEMBL1614701,CHEMBL1868,P17948,Vascular endothelial growth factor receptor 1,Kd,10000.0,5.0,CHEMBL1908550
Selumetinib (AZD6244),CHEMBL1614701,CHEMBL1955,P35916,Vascular endothelial growth factor receptor 3,Kd,10000.0,5.0,CHEMBL1908551
Selumetinib (AZD6244),CHEMBL1614701,CHEMBL4223,P42685,Tyrosine-protein kinase FRK,Kd,10000.0,5.0,CHEMBL1908552
Selumetinib (AZD6244),CHEMBL1614701,CHEMBL262,P49841,Glycogen synthase kinase-3 beta,Kd,10000.0,5.0,CHEMBL1908553
Selumetinib (AZD6244),CHEMBL1614701,CHEMBL3234,P08631,Tyrosine-protein kinase HCK,Kd,10000.0,5.0,CHEMBL1908554
Selumetinib (AZD6244),CHEMBL1614701,CHEMBL2835,P23458,Tyrosine-protein kinase JAK1,Kd,10000.0,5.0,CHEMBL1908555
Selumetinib (AZD6244),CHEMBL1614701,CHEMBL2835,P23458,Tyrosine-protein kinase JAK1,Kd,10000.0,5.0,CHEMBL1908556
Selumetinib (AZD6244),CHEMBL1614701,CHEMBL279,P35968,Vascular endothelial growth factor receptor 2,Kd,10000.0,5.0,CHEMBL1908557
Selumetinib (AZD6244),CHEMBL1614701,CHEMBL3836,P53667,LIM domain kinase 1,Kd,10000.0,5.0,CHEMBL1908558
Selumetinib (AZD6244),CHEMBL1614701,CHEMBL3905,P07948,Tyrosine-protein kinase Lyn,Kd,10000.0,5.0,CHEMBL1908559
Sorafenib,CHEMBL1336,CHEMBL1906,P04049,RAF proto-oncogene serine/threonine-protein kinase,IC50,12.0,7.92,CHEMBL766739
Sorafenib,CHEMBL1336,CHEMBL2111351,,Serine/threonine-protein kinase RAF and Dual specificity mitogen-activated protein kinase kinase 1 (Raf/MEK),IC50,3300.0,5.48,CHEMBL833860
Sorafenib,CHEMBL1336,CHEMBL4036,Q00535,Cyclin-dependent kinase 5,Kd,6200.0,5.21,CHEMBL859644
Sorafenib,CHEMBL1336,CHEMBL4204,Q9HBH9,MAP kinase-interacting serine/threonine-protein kinase 2,Kd,250.0,6.6,CHEMBL860651
Sorafenib,CHEMBL1336,CHEMBL5072,P54762,Ephrin type-B receptor 1,Kd,1700.0,5.77,CHEMBL860665
Sorafenib,CHEMBL1336,CHEMBL3788,O00444,Serine/threonine-protein kinase PLK4,Kd,3400.0,5.47,CHEMBL860784
Sorafenib,CHEMBL1336,CHEMBL3987,P54756,Ephrin type-A receptor 5,Kd,360.0,6.44,CHEMBL860666
Sorafenib,CHEMBL1336,CHEMBL1955,P35916,Vascular endothelial growth factor receptor 3,Kd,16.0,7.8,CHEMBL860889
Sorafenib,CHEMBL1336,CHEMBL1974,P36888,Receptor-type tyrosine-protein kinase FLT3,Kd,20.0,7.7,CHEMBL860797
Sorafenib,CHEMBL1336,CHEMBL1913,P09619,Platelet-derived growth factor receptor beta,Kd,41.0,7.39,CHEMBL860919
Sorafenib,CHEMBL1336,CHEMBL279,P35968,Vascular endothelial growth factor receptor 2,Kd,93.0,7.03,CHEMBL860900
Sorafenib,CHEMBL1336,CHEMBL1862,P00519,Tyrosine-protein kinase ABL1,Kd,130.0,6.89,CHEMBL859868
Sorafenib,CHEMBL1336,CHEMBL3981,O94804,Serine/threonine-protein kinase 10,Kd,140.0,6.85,CHEMBL860781
Sorafenib,CHEMBL1336,CHEMBL1862,P00519,Tyrosine-protein kinase ABL1,Kd,170.0,6.77,CHEMBL859873
Sorafenib,CHEMBL1336,CHEMBL3961,Q15759,Mitogen-activated protein kinase 11,Kd,200.0,6.7,CHEMBL860916
Sorafenib,CHEMBL1336,CHEMBL1862,P00519,Tyrosine-protein kinase ABL1,Kd,230.0,6.64,CHEMBL859872
Sorafenib,CHEMBL1336,CHEMBL4526,Q9UF33,Ephrin type-A receptor 6,Kd,240.0,6.62,CHEMBL859486
Sorafenib,CHEMBL1336,CHEMBL260,Q16539,Mitogen-activated protein kinase 14,Kd,260.0,6.59,CHEMBL860914
Sorafenib,CHEMBL1336,CHEMBL4223,P42685,Tyrosine-protein kinase FRK,Kd,440.0,6.36,CHEMBL860775
Sorafenib,CHEMBL1336,CHEMBL1862,P00519,Tyrosine-protein kinase ABL1,Kd,450.0,6.35,CHEMBL859869
Sorafenib,CHEMBL1336,CHEMBL1862,P00519,Tyrosine-protein kinase ABL1,Kd,580.0,6.24,CHEMBL861044
Sorafenib,CHEMBL1336,CHEMBL4602,Q15375,Ephrin type-A receptor 7,Kd,670.0,6.17,CHEMBL860660
Sorafenib,CHEMBL1336,CHEMBL1936,P10721,Mast/stem cell growth factor receptor Kit,Kd,740.0,6.13,CHEMBL860918
Sorafenib,CHEMBL1336,CHEMBL4134,P29322,Ephrin type-A receptor 8,Kd,960.0,6.02,CHEMBL860777
Sorafenib,CHEMBL1336,CHEMBL1862,P00519,Tyrosine-protein kinase ABL1,Kd,1200.0,5.92,CHEMBL859871
Sorafenib,CHEMBL1336,CHEMBL2777,Q9H1R3,"Myosin light chain kinase 2, skeletal/cardiac muscle",Kd,1300.0,5.89,CHEMBL860800
Sorafenib,CHEMBL1336,CHEMBL4014,P42684,Tyrosine-protein kinase ABL2,Kd,1300.0,5.89,CHEMBL860899
Sorafenib,CHEMBL1336,CHEMBL3988,P54764,Ephrin type-A receptor 4,Kd,1300.0,5.89,CHEMBL860664
Sorafenib,CHEMBL1336,CHEMBL4202,Q9H2G2,STE20-like serine/threonine-protein kinase,Kd,1600.0,5.8,CHEMBL860653
Sorafenib,CHEMBL1336,CHEMBL4852,Q9Y4K4,Mitogen-activated protein kinase kinase kinase kinase 5,Kd,1700.0,5.77,CHEMBL860642
Sorafenib,CHEMBL1336,CHEMBL3836,P53667,LIM domain kinase 1,Kd,2200.0,5.66,CHEMBL860667
Sorafenib,CHEMBL1336,CHEMBL3650,P11362,Fibroblast growth factor receptor 1,Kd,2500.0,5.6,CHEMBL860911
Sorafenib,CHEMBL1336,CHEMBL5014,O43353,Receptor-interacting serine/threonine-protein kinase 2,Kd,2900.0,5.54,CHEMBL860788
Sorafenib,CHEMBL1336,CHEMBL4128,Q02763,Angiopoietin-1 receptor,Kd,3000.0,5.52,CHEMBL860794
Sorafenib,CHEMBL1336,CHEMBL2815,P04629,High affinity nerve growth factor receptor,Kd,3600.0,5.44,CHEMBL860803
Sorafenib,CHEMBL1336,CHEMBL4179,P45984,Mitogen-activated protein kinase 9,Kd,3600.0,5.44,CHEMBL860895
Sorafenib,CHEMBL1336,CHEMBL5147,P54760,Ephrin type-B receptor 4,Kd,3900.0,5.41,CHEMBL860636
Sorafenib,CHEMBL1336,CHEMBL1862,P00519,Tyrosine-protein kinase ABL1,Kd,4400.0,5.36,CHEMBL859870
Sorafenib,CHEMBL1336,CHEMBL2068,P29317,Ephrin type-A receptor 2,Kd,4800.0,5.32,CHEMBL860779
Sorafenib,CHEMBL1336,CHEMBL4312,Q9NRP7,Serine/threonine-protein kinase 36,Kd,5400.0,5.27,CHEMBL860647
Sorafenib,CHEMBL1336,CHEMBL4954,P29320,Ephrin type-A receptor 3,Kd,6400.0,5.19,CHEMBL860778
Sorafenib,CHEMBL1336,CHEMBL258,P06239,Tyrosine-protein kinase Lck,Kd,6900.0,5.16,CHEMBL860915
Sorafenib,CHEMBL1336,CHEMBL4674,P53778,Mitogen-activated protein kinase 12,Kd,9900.0,5.0,CHEMBL859643
Sorafenib,CHEMBL1336,CHEMBL5145,P15056,Serine/threonine-protein kinase B-raf,IC50,46.0,7.34,CHEMBL865836
Sorafenib,CHEMBL1336,CHEMBL5145,P15056,Serine/threonine-protein kinase B-raf,IC50,6100.0,5.21,CHEMBL865837
Sorafenib,CHEMBL1336,CHEMBL5145,P15056,Serine/threonine-protein kinase B-raf,IC50,15.0,7.82,CHEMBL927972
Sorafenib,CHEMBL1336,CHEMBL5145,P15056,Serine/threonine-protein kinase B-raf,IC50,14.0,7.85,CHEMBL927974
Sorafenib,CHEMBL1336,CHEMBL1906,P04049,RAF proto-oncogene serine/threonine-protein kinase,IC50,3.0,8.52,CHEMBL927975
Sorafenib,CHEMBL1336,CHEMBL1936,P10721,Mast/stem cell growth factor receptor Kit,Kd,740.0,6.13,CHEMBL973086
Sorafenib,CHEMBL1336,CHEMBL4134,P29322,Ephrin type-A receptor 8,Kd,960.0,6.02,CHEMBL990552
Sorafenib,CHEMBL1336,CHEMBL3987,P54756,Ephrin type-A receptor 5,Kd,360.0,6.44,CHEMBL990553
Sorafenib,CHEMBL1336,CHEMBL5145,P15056,Serine/threonine-protein kinase B-raf,IC50,200.0,6.7,CHEMBL974022
Sorafenib,CHEMBL1336,CHEMBL1862,P00519,Tyrosine-protein kinase ABL1,Kd,130.0,6.89,CHEMBL977768
Sorafenib,CHEMBL1336,CHEMBL4526,Q9UF33,Ephrin type-A receptor 6,Kd,240.0,6.62,CHEMBL974028
Sorafenib,CHEMBL1336,CHEMBL4602,Q15375,Ephrin type-A receptor 7,Kd,670.0,6.17,CHEMBL990521
Sorafenib,CHEMBL1336,CHEMBL1974,P36888,Receptor-type tyrosine-protein kinase FLT3,Kd,20.0,7.7,CHEMBL974020
Sorafenib,CHEMBL1336,CHEMBL1955,P35916,Vascular endothelial growth factor receptor 3,Kd,16.0,7.8,CHEMBL990525
Sorafenib,CHEMBL1336,CHEMBL4223,P42685,Tyrosine-protein kinase FRK,Kd,440.0,6.36,CHEMBL990554
Sorafenib,CHEMBL1336,CHEMBL260,Q16539,Mitogen-activated protein kinase 14,Kd,260.0,6.59,CHEMBL990555
Sorafenib,CHEMBL1336,CHEMBL3961,Q15759,Mitogen-activated protein kinase 11,Kd,200.0,6.7,CHEMBL990556
Sorafenib,CHEMBL1336,CHEMBL1913,P09619,Platelet-derived growth factor receptor beta,Kd,41.0,7.39,CHEMBL973097
Sorafenib,CHEMBL1336,CHEMBL3981,O94804,Serine/threonine-protein kinase 10,Kd,140.0,6.85,CHEMBL989730
Sorafenib,CHEMBL1336,CHEMBL279,P35968,Vascular endothelial growth factor receptor 2,Kd,93.0,7.03,CHEMBL974025
Sorafenib,CHEMBL1336,CHEMBL5145,P15056,Serine/threonine-protein kinase B-raf,IC50,43.0,7.37,CHEMBL961495
Sorafenib,CHEMBL1336,CHEMBL1906,P04049,RAF proto-oncogene serine/threonine-protein kinase,IC50,52.0,7.28,CHEMBL961496
Sorafenib,CHEMBL1336,CHEMBL613859,,A-375,IC50,5400.0,5.27,CHEMBL1001826
Sorafenib,CHEMBL1336,CHEMBL5145,P15056,Serine/threonine-protein kinase B-raf,Ki,38.0,7.42,CHEMBL1035690
Sorafenib,CHEMBL1336,CHEMBL1906,P04049,RAF proto-oncogene serine/threonine-protein kinase,Ki,6.0,8.22,CHEMBL1025605
Sorafenib,CHEMBL1336,CHEMBL5145,P15056,Serine/threonine-protein kinase B-raf,IC50,1.0,9.0,CHEMBL946282
Sorafenib,CHEMBL1336,CHEMBL1906,P04049,RAF proto-oncogene serine/threonine-protein kinase,IC50,1.0,9.0,CHEMBL946283
Sorafenib,CHEMBL1336,CHEMBL1844,P07333,Macrophage colony-stimulating factor 1 receptor,IC50,19.0,7.72,CHEMBL946287
Sorafenib,CHEMBL1336,CHEMBL1936,P10721,Mast/stem cell growth factor receptor Kit,IC50,10.0,8.0,CHEMBL946289
Sorafenib,CHEMBL1336,CHEMBL1913,P09619,Platelet-derived growth factor receptor beta,IC50,10.0,8.0,CHEMBL946290
Sorafenib,CHEMBL1336,CHEMBL1862,P00519,Tyrosine-protein kinase ABL1,IC50,80.0,7.1,CHEMBL946291
Sorafenib,CHEMBL1336,CHEMBL258,P06239,Tyrosine-protein kinase Lck,IC50,60.0,7.22,CHEMBL946292
Sorafenib,CHEMBL1336,CHEMBL5145,P15056,Serine/threonine-protein kinase B-raf,IC50,43.0,7.37,CHEMBL981002
Sorafenib,CHEMBL1336,CHEMBL1906,P04049,RAF proto-oncogene serine/threonine-protein kinase,IC50,12.0,7.92,CHEMBL1014940
Sorafenib,CHEMBL1336,CHEMBL614666,,HS27,IC50,7850.0,5.11,CHEMBL1008321
Sorafenib,CHEMBL1336,CHEMBL613859,,A-375,IC50,5580.0,5.25,CHEMBL1008320
Sorafenib,CHEMBL1336,CHEMBL1974,P36888,Receptor-type tyrosine-protein kinase FLT3,Kd,79.0,7.1,CHEMBL1063729
Sorafenib,CHEMBL1336,CHEMBL1974,P36888,Receptor-type tyrosine-protein kinase FLT3,Kd,11.0,7.96,CHEMBL1061073
Sorafenib,CHEMBL1336,CHEMBL1955,P35916,Vascular endothelial growth factor receptor 3,Kd,95.0,7.02,CHEMBL1060246
Sorafenib,CHEMBL1336,CHEMBL4674,P53778,Mitogen-activated protein kinase 12,Kd,7600.0,5.12,CHEMBL1061183
Sorafenib,CHEMBL1336,CHEMBL2999,O75914,Serine/threonine-protein kinase PAK 3,Kd,10000.0,5.0,CHEMBL1062779
Sorafenib,CHEMBL1336,CHEMBL5790,Q00537,Cyclin-dependent kinase 17,Kd,1600.0,5.8,CHEMBL1051349
Sorafenib,CHEMBL1336,CHEMBL5316,Q07002,Cyclin-dependent kinase 18,Kd,10000.0,5.0,CHEMBL1062782
Sorafenib,CHEMBL1336,CHEMBL2534,O15530,3-phosphoinositide-dependent protein kinase 1,Kd,10000.0,5.0,CHEMBL1061922
Sorafenib,CHEMBL1336,CHEMBL6162,O94921,Cyclin-dependent kinase 14,Kd,2900.0,5.54,CHEMBL1051350
Sorafenib,CHEMBL1336,CHEMBL4004,Q16816,"Phosphorylase b kinase gamma catalytic chain, skeletal muscle/heart isoform",Kd,10000.0,5.0,CHEMBL1061153
Sorafenib,CHEMBL1336,CHEMBL5969,Q99755,Phosphatidylinositol 4-phosphate 5-kinase type-1 alpha,Kd,10000.0,5.0,CHEMBL1061923
Sorafenib,CHEMBL1336,CHEMBL4237,O75582,Ribosomal protein S6 kinase alpha-5,Kd,10000.0,5.0,CHEMBL1056938
Sorafenib,CHEMBL1336,CHEMBL4924,Q9UK32,Ribosomal protein S6 kinase alpha-6,Kd,10000.0,5.0,CHEMBL1039275
Sorafenib,CHEMBL1336,CHEMBL4924,Q9UK32,Ribosomal protein S6 kinase alpha-6,Kd,7500.0,5.12,CHEMBL1061926
Sorafenib,CHEMBL1336,CHEMBL5426,Q86YV6,Myosin light chain kinase family member 4,Kd,10000.0,5.0,CHEMBL1051352
Sorafenib,CHEMBL1336,CHEMBL5314,Q06418,Tyrosine-protein kinase receptor TYRO3,Kd,10000.0,5.0,CHEMBL1051260
Sorafenib,CHEMBL1336,CHEMBL279,P35968,Vascular endothelial growth factor receptor 2,Kd,59.0,7.23,CHEMBL1051261
Sorafenib,CHEMBL1336,CHEMBL5491,P30291,Wee1-like protein kinase,Kd,10000.0,5.0,CHEMBL1061935
Sorafenib,CHEMBL1336,CHEMBL5405,Q86UX6,Serine/threonine-protein kinase 32C,Kd,10000.0,5.0,CHEMBL1062789
Sorafenib,CHEMBL1336,CHEMBL2073,P07947,Tyrosine-protein kinase Yes,Kd,10000.0,5.0,CHEMBL1051262
Sorafenib,CHEMBL1336,CHEMBL5552,O00506,Serine/threonine-protein kinase 25,Kd,10000.0,5.0,CHEMBL1051263
Sunitinib,CHEMBL535,CHEMBL279,P35968,Vascular endothelial growth factor receptor 2,IC50,80.0,7.1,CHEMBL819556
Sunitinib,CHEMBL535,CHEMBL1913,P09619,Platelet-derived growth factor receptor beta,IC50,2.0,8.7,CHEMBL768949
Sunitinib,CHEMBL535,CHEMBL3650,P11362,Fibroblast growth factor receptor 1,IC50,2900.0,5.54,CHEMBL678687
Sunitinib,CHEMBL535,CHEMBL203,P00533,Epidermal growth factor receptor,IC50,20000.0,4.7,CHEMBL677212
Sunitinib,CHEMBL535,CHEMBL279,P35968,Vascular endothelial growth factor receptor 2,IC50,18.0,7.74,CHEMBL871626
Sunitinib,CHEMBL535,CHEMBL279,P35968,Vascular endothelial growth factor receptor 2,IC50,22.0,7.66,CHEMBL884695
Sunitinib,CHEMBL535,CHEMBL5256,Q8N5S9,Calcium/calmodulin-dependent protein kinase kinase 1,Kd,900.0,6.05,CHEMBL860658
Sunitinib,CHEMBL535,CHEMBL4597,Q00536,Cyclin-dependent kinase 16,Kd,130.0,6.89,CHEMBL860663
Sunitinib,CHEMBL535,CHEMBL5284,Q96RR4,Calcium/calmodulin-dependent protein kinase kinase 2,Kd,5800.0,5.24,CHEMBL860655
Sunitinib,CHEMBL535,CHEMBL4523,Q9P1W9,Serine/threonine-protein kinase pim-2,Kd,5000.0,5.3,CHEMBL859489
Sunitinib,CHEMBL535,CHEMBL4355,O14976,Cyclin-G-associated kinase,Kd,120.0,6.92,CHEMBL860789
Sunitinib,CHEMBL535,CHEMBL4147,Q9UQM7,Calcium/calmodulin-dependent protein kinase type II subunit alpha,Kd,370.0,6.43,CHEMBL860798
Sunitinib,CHEMBL535,CHEMBL4225,P49760,Dual specificity protein kinase CLK2,Kd,190.0,6.72,CHEMBL860773
Sunitinib,CHEMBL535,CHEMBL3906,Q15349,Ribosomal protein S6 kinase alpha-2,Kd,58.0,7.24,CHEMBL860804
Sunitinib,CHEMBL535,CHEMBL4237,O75582,Ribosomal protein S6 kinase alpha-5,Kd,250.0,6.6,CHEMBL860906
Sunitinib,CHEMBL535,CHEMBL2349,P15735,"Phosphorylase b kinase gamma catalytic chain, liver/testis isoform",Kd,39.0,7.41,CHEMBL860795
Sunitinib,CHEMBL535,CHEMBL4224,P49759,Dual specificity protein kinase CLK1,Kd,100.0,7.0,CHEMBL860774
Sunitinib,CHEMBL535,CHEMBL5072,P54762,Ephrin type-B receptor 1,Kd,960.0,6.02,CHEMBL860665
Sunitinib,CHEMBL535,CHEMBL4121,Q13554,Calcium/calmodulin-dependent protein kinase type II subunit beta,Kd,3200.0,5.49,CHEMBL860910
Sunitinib,CHEMBL535,CHEMBL3788,O00444,Serine/threonine-protein kinase PLK4,Kd,380.0,6.42,CHEMBL860784
Sunitinib,CHEMBL535,CHEMBL3987,P54756,Ephrin type-A receptor 5,Kd,5900.0,5.23,CHEMBL860666
Sunitinib,CHEMBL535,CHEMBL3980,O94768,Serine/threonine-protein kinase 17B,Kd,220.0,6.66,CHEMBL860782
Sunitinib,CHEMBL535,CHEMBL4045,Q13131,5'-AMP-activated protein kinase catalytic subunit alpha-1,Kd,52.0,7.28,CHEMBL860896
Sunitinib,CHEMBL535,CHEMBL3983,P33981,Dual specificity protein kinase TTK,Kd,230.0,6.64,CHEMBL860776
Sunitinib,CHEMBL535,CHEMBL4203,Q9HAZ1,Dual specificity protein kinase CLK4,Kd,80.0,7.1,CHEMBL860652
Sunitinib,CHEMBL535,CHEMBL1955,P35916,Vascular endothelial growth factor receptor 3,Kd,35.0,7.46,CHEMBL860889
Sunitinib,CHEMBL535,CHEMBL1974,P36888,Receptor-type tyrosine-protein kinase FLT3,Kd,0.8,9.1,CHEMBL860797
Sunitinib,CHEMBL535,CHEMBL1913,P09619,Platelet-derived growth factor receptor beta,Kd,0.21,9.68,CHEMBL860919
Sunitinib,CHEMBL535,CHEMBL279,P35968,Vascular endothelial growth factor receptor 2,Kd,0.23,9.64,CHEMBL860900
Sunitinib,CHEMBL535,CHEMBL1862,P00519,Tyrosine-protein kinase ABL1,Kd,1000.0,6.0,CHEMBL859868
Sunitinib,CHEMBL535,CHEMBL3981,O94804,Serine/threonine-protein kinase 10,Kd,640.0,6.19,CHEMBL860781
Sunitinib,CHEMBL535,CHEMBL1862,P00519,Tyrosine-protein kinase ABL1,Kd,210.0,6.68,CHEMBL859873
Sunitinib,CHEMBL535,CHEMBL1862,P00519,Tyrosine-protein kinase ABL1,Kd,530.0,6.28,CHEMBL859872
Sunitinib,CHEMBL535,CHEMBL4526,Q9UF33,Ephrin type-A receptor 6,Kd,2000.0,5.7,CHEMBL859486
Sunitinib,CHEMBL535,CHEMBL1862,P00519,Tyrosine-protein kinase ABL1,Kd,2300.0,5.64,CHEMBL859869
Sunitinib,CHEMBL535,CHEMBL1862,P00519,Tyrosine-protein kinase ABL1,Kd,720.0,6.14,CHEMBL861044
Sunitinib,CHEMBL535,CHEMBL4602,Q15375,Ephrin type-A receptor 7,Kd,710.0,6.15,CHEMBL860660
Sunitinib,CHEMBL535,CHEMBL1936,P10721,Mast/stem cell growth factor receptor Kit,Kd,0.71,9.15,CHEMBL860918
Sunitinib,CHEMBL535,CHEMBL1862,P00519,Tyrosine-protein kinase ABL1,Kd,870.0,6.06,CHEMBL859871
Sunitinib,CHEMBL535,CHEMBL2777,Q9H1R3,"Myosin light chain kinase 2, skeletal/cardiac muscle",Kd,57.0,7.24,CHEMBL860800
Sunitinib,CHEMBL535,CHEMBL4014,P42684,Tyrosine-protein kinase ABL2,Kd,1200.0,5.92,CHEMBL860899
Sunitinib,CHEMBL535,CHEMBL4202,Q9H2G2,STE20-like serine/threonine-protein kinase,Kd,81.0,7.09,CHEMBL860653
Sunitinib,CHEMBL535,CHEMBL4852,Q9Y4K4,Mitogen-activated protein kinase kinase kinase kinase 5,Kd,77.0,7.11,CHEMBL860642
Sunitinib,CHEMBL535,CHEMBL3650,P11362,Fibroblast growth factor receptor 1,Kd,1800.0,5.74,CHEMBL860911
Sunitinib,CHEMBL535,CHEMBL2815,P04629,High affinity nerve growth factor receptor,Kd,220.0,6.66,CHEMBL860803
Sunitinib,CHEMBL535,CHEMBL5147,P54760,Ephrin type-B receptor 4,Kd,2200.0,5.66,CHEMBL860636
Sunitinib,CHEMBL535,CHEMBL258,P06239,Tyrosine-protein kinase Lck,Kd,1200.0,5.92,CHEMBL860915
Sunitinib,CHEMBL535,CHEMBL4598,Q13043,Serine/threonine-protein kinase 4,Kd,100.0,7.0,CHEMBL860661
Sunitinib,CHEMBL535,CHEMBL3830,Q2M2I8,AP2-associated protein kinase 1,Kd,130.0,6.89,CHEMBL860786
Sunitinib,CHEMBL535,CHEMBL2468,O43293,Death-associated protein kinase 3,Kd,300.0,6.52,CHEMBL860917
Sunitinib,CHEMBL535,CHEMBL2345,P51812,Ribosomal protein S6 kinase alpha-3,Kd,55.0,7.26,CHEMBL860796
Sunitinib,CHEMBL535,CHEMBL3831,Q7KZI7,Serine/threonine-protein kinase MARK2,Kd,320.0,6.49,CHEMBL860785
Sunitinib,CHEMBL535,CHEMBL4522,Q9NSY1,BMP-2-inducible protein kinase,Kd,38.0,7.42,CHEMBL860646
Sunitinib,CHEMBL535,CHEMBL3123,Q9UIK4,Death-associated protein kinase 2,Kd,470.0,6.33,CHEMBL860909
Sunitinib,CHEMBL535,CHEMBL5073,Q8IU85,Calcium/calmodulin-dependent protein kinase type 1D,Kd,1100.0,5.96,CHEMBL860659
Sunitinib,CHEMBL535,CHEMBL4004,Q16816,"Phosphorylase b kinase gamma catalytic chain, skeletal muscle/heart isoform",Kd,70.0,7.15,CHEMBL860897
Sunitinib,CHEMBL535,CHEMBL3234,P08631,Tyrosine-protein kinase HCK,Kd,3300.0,5.48,CHEMBL860887
Sunitinib,CHEMBL535,CHEMBL3935,Q9UQB9,Aurora kinase C,Kd,310.0,6.51,CHEMBL860787
Sunitinib,CHEMBL535,CHEMBL4527,Q9UKE5,TRAF2 and NCK-interacting protein kinase,Kd,25.0,7.6,CHEMBL859485
Sunitinib,CHEMBL535,CHEMBL2835,P23458,Tyrosine-protein kinase JAK1,Kd,9.2,8.04,CHEMBL860904
Sunitinib,CHEMBL535,CHEMBL4525,Q9UEE5,Serine/threonine-protein kinase 17A,Kd,21.0,7.68,CHEMBL859487
Sunitinib,CHEMBL535,CHEMBL1981,P06213,Insulin receptor,Kd,180.0,6.74,CHEMBL859866
Sunitinib,CHEMBL535,CHEMBL2073,P07947,Tyrosine-protein kinase Yes,Kd,240.0,6.62,CHEMBL859642
Sunitinib,CHEMBL535,CHEMBL4454,P09769,Tyrosine-protein kinase Fgr,Kd,290.0,6.54,CHEMBL860637
Sunitinib,CHEMBL535,CHEMBL2742,P22607,Fibroblast growth factor receptor 3,Kd,300.0,6.52,CHEMBL860801
Sunitinib,CHEMBL535,CHEMBL3938,O75716,Serine/threonine-protein kinase 16,Kd,360.0,6.44,CHEMBL860783
Sunitinib,CHEMBL535,CHEMBL3835,P51955,Serine/threonine-protein kinase Nek2,Kd,500.0,6.3,CHEMBL860668
Sunitinib,CHEMBL535,CHEMBL4142,P21802,Fibroblast growth factor receptor 2,Kd,530.0,6.28,CHEMBL860912
Sunitinib,CHEMBL535,CHEMBL3905,P07948,Tyrosine-protein kinase Lyn,Kd,540.0,6.27,CHEMBL860805
Sunitinib,CHEMBL535,CHEMBL2695,Q05397,Focal adhesion kinase 1,Kd,610.0,6.21,CHEMBL860898
Sunitinib,CHEMBL535,CHEMBL3829,Q13555,Calcium/calmodulin-dependent protein kinase type II subunit gamma,Kd,760.0,6.12,CHEMBL861045
Sunitinib,CHEMBL535,CHEMBL2971,O60674,Tyrosine-protein kinase JAK2,Kd,940.0,6.03,CHEMBL860903
Sunitinib,CHEMBL535,CHEMBL5258,Q96NX5,Calcium/calmodulin-dependent protein kinase type 1G,Kd,990.0,6.0,CHEMBL860656
Sunitinib,CHEMBL535,CHEMBL2801,Q13557,Calcium/calmodulin-dependent protein kinase type II subunit delta,Kd,1100.0,5.96,CHEMBL860893
Sunitinib,CHEMBL535,CHEMBL3982,P16591,Tyrosine-protein kinase Fer,Kd,1400.0,5.85,CHEMBL860780
Sunitinib,CHEMBL535,CHEMBL4851,Q9Y2H1,Serine/threonine-protein kinase 38-like,Kd,1500.0,5.82,CHEMBL861050
Sunitinib,CHEMBL535,CHEMBL2493,Q14012,Calcium/calmodulin-dependent protein kinase type 1,Kd,2000.0,5.7,CHEMBL860901
Sunitinib,CHEMBL535,CHEMBL4599,Q07912,Activated CDC42 kinase 1,Kd,2200.0,5.66,CHEMBL860662
Sunitinib,CHEMBL535,CHEMBL267,P12931,Proto-oncogene tyrosine-protein kinase Src,Kd,3100.0,5.51,CHEMBL861049
Sunitinib,CHEMBL535,CHEMBL4853,Q9Y6R4,Mitogen-activated protein kinase kinase kinase 4,Kd,3300.0,5.48,CHEMBL860641
Sunitinib,CHEMBL535,CHEMBL1841,P06241,Tyrosine-protein kinase Fyn,Kd,3900.0,5.41,CHEMBL860888
Sunitinib,CHEMBL535,CHEMBL299,P17252,Protein kinase C alpha type,Kd,6000.0,5.22,CHEMBL860891
Sunitinib,CHEMBL535,CHEMBL4722,O14965,Aurora kinase A,Kd,6600.0,5.18,CHEMBL859641
Sunitinib,CHEMBL535,CHEMBL279,P35968,Vascular endothelial growth factor receptor 2,IC50,18.0,7.74,CHEMBL887535
Sunitinib,CHEMBL535,CHEMBL3717,P08581,Hepatocyte growth factor receptor,IC50,2000.0,5.7,CHEMBL924776
Sunitinib,CHEMBL535,CHEMBL3717,P08581,Hepatocyte growth factor receptor,IC50,10000.0,5.0,CHEMBL924777
Sunitinib,CHEMBL535,CHEMBL279,P35968,Vascular endothelial growth factor receptor 2,IC50,30.0,7.52,CHEMBL924778
Sunitinib,CHEMBL535,CHEMBL279,P35968,Vascular endothelial growth factor receptor 2,IC50,25.0,7.6,CHEMBL924779
Sunitinib,CHEMBL535,CHEMBL3835,P51955,Serine/threonine-protein kinase Nek2,IC50,12000.0,4.92,CHEMBL996041
Sunitinib,CHEMBL535,CHEMBL279,P35968,Vascular endothelial growth factor receptor 2,IC50,27.0,7.57,CHEMBL977770
Sunitinib,CHEMBL535,CHEMBL3650,P11362,Fibroblast growth factor receptor 1,IC50,170.0,6.77,CHEMBL977771
Sunitinib,CHEMBL535,CHEMBL279,P35968,Vascular endothelial growth factor receptor 2,Kd,0.2,9.7,CHEMBL973093
Sunitinib,CHEMBL535,CHEMBL3935,Q9UQB9,Aurora kinase C,Kd,310.0,6.51,CHEMBL974019
Sunitinib,CHEMBL535,CHEMBL1974,P36888,Receptor-type tyrosine-protein kinase FLT3,Kd,0.8,9.1,CHEMBL974020
Sunitinib,CHEMBL535,CHEMBL4355,O14976,Cyclin-G-associated kinase,Kd,120.0,6.92,CHEMBL974029
Sunitinib,CHEMBL535,CHEMBL1936,P10721,Mast/stem cell growth factor receptor Kit,Kd,0.7,9.15,CHEMBL973086
Sunitinib,CHEMBL535,CHEMBL1913,P09619,Platelet-derived growth factor receptor beta,Kd,0.2,9.7,CHEMBL973097
Sunitinib,CHEMBL535,CHEMBL1862,P00519,Tyrosine-protein kinase ABL1,Kd,870.0,6.06,CHEMBL977768
Sunitinib,CHEMBL535,CHEMBL4522,Q9NSY1,BMP-2-inducible protein kinase,Kd,38.0,7.42,CHEMBL989736
Sunitinib,CHEMBL535,CHEMBL4147,Q9UQM7,Calcium/calmodulin-dependent protein kinase type II subunit alpha,Kd,370.0,6.43,CHEMBL989737
TG100-115,CHEMBL230011,CHEMBL4005,P42336,"Phosphatidylinositol 4,5-bisphosphate 3-kinase catalytic subunit alpha isoform",IC50,1300.0,5.89,CHEMBL895747
TG100-115,CHEMBL230011,CHEMBL3145,P42338,"Phosphatidylinositol 4,5-bisphosphate 3-kinase catalytic subunit beta isoform",IC50,1200.0,5.92,CHEMBL895748
TG100-115,CHEMBL230011,CHEMBL3130,O00329,"Phosphatidylinositol 4,5-bisphosphate 3-kinase catalytic subunit delta isoform",IC50,235.0,6.63,CHEMBL895749
TG100-115,CHEMBL230011,CHEMBL3267,P48736,"Phosphatidylinositol 4,5-bisphosphate 3-kinase catalytic subunit gamma isoform",IC50,83.0,7.08,CHEMBL895750
TG100-115,CHEMBL230011,CHEMBL4224,P49759,Dual specificity protein kinase CLK1,Kd,140.0,6.85,CHEMBL1908461
TG100-115,CHEMBL230011,CHEMBL5608,Q16288,NT-3 growth factor receptor,Kd,10000.0,5.0,CHEMBL1908462
TG100-115,CHEMBL230011,CHEMBL4674,P53778,Mitogen-activated protein kinase 12,Kd,10000.0,5.0,CHEMBL1908463
TG100-115,CHEMBL230011,CHEMBL5331,Q12866,Tyrosine-protein kinase Mer,Kd,10000.0,5.0,CHEMBL1908464
TG100-115,CHEMBL230011,CHEMBL5668,P78362,SRSF protein kinase 2,Kd,10000.0,5.0,CHEMBL1908465
TG100-115,CHEMBL230011,CHEMBL3935,Q9UQB9,Aurora kinase C,Kd,10000.0,5.0,CHEMBL1908466
TG100-115,CHEMBL230011,CHEMBL2801,Q13557,Calcium/calmodulin-dependent protein kinase type II subunit delta,Kd,10000.0,5.0,CHEMBL1908467
TG100-115,CHEMBL230011,CHEMBL5404,Q86UE8,Serine/threonine-protein kinase tousled-like 2,Kd,10000.0,5.0,CHEMBL1908468
TG100-115,CHEMBL230011,CHEMBL2185,Q96GD4,Aurora kinase B,Kd,10000.0,5.0,CHEMBL1908469
TG100-115,CHEMBL230011,CHEMBL4045,Q13131,5'-AMP-activated protein kinase catalytic subunit alpha-1,Kd,10000.0,5.0,CHEMBL1908470
TG100-115,CHEMBL230011,CHEMBL6149,Q9Y2K2,Serine/threonine-protein kinase SIK3,Kd,10000.0,5.0,CHEMBL1908471
TG100-115,CHEMBL230011,CHEMBL3938,O75716,Serine/threonine-protein kinase 16,Kd,540.0,6.27,CHEMBL1908472
TG100-115,CHEMBL230011,CHEMBL5790,Q00537,Cyclin-dependent kinase 17,Kd,10000.0,5.0,CHEMBL1908473
TG100-115,CHEMBL230011,CHEMBL5122,Q16832,Discoidin domain-containing receptor 2,Kd,10000.0,5.0,CHEMBL1908474
TG100-115,CHEMBL230011,CHEMBL5311,P37023,Activin receptor type-1-like,Kd,10000.0,5.0,CHEMBL1908475
TG100-115,CHEMBL230011,CHEMBL5251,Q06187,Tyrosine-protein kinase BTK,Kd,10000.0,5.0,CHEMBL1908476
TG100-115,CHEMBL230011,CHEMBL331,P11802,Cyclin-dependent kinase 4,Kd,10000.0,5.0,CHEMBL1908477
TG100-115,CHEMBL230011,CHEMBL331,P11802,Cyclin-dependent kinase 4,Kd,10000.0,5.0,CHEMBL1908478
TG100-115,CHEMBL230011,CHEMBL2742,P22607,Fibroblast growth factor receptor 3,Kd,10000.0,5.0,CHEMBL1908479
TG100-115,CHEMBL230011,CHEMBL2742,P22607,Fibroblast growth factor receptor 3,Kd,10000.0,5.0,CHEMBL1908480
TG100-115,CHEMBL230011,CHEMBL1981,P06213,Insulin receptor,Kd,10000.0,5.0,CHEMBL1908481
TG100-115,CHEMBL230011,CHEMBL2148,P52333,Tyrosine-protein kinase JAK3,Kd,10000.0,5.0,CHEMBL1908482
TG100-115,CHEMBL230011,CHEMBL1936,P10721,Mast/stem cell growth factor receptor Kit,Kd,10000.0,5.0,CHEMBL1908483
TG100-115,CHEMBL230011,CHEMBL1936,P10721,Mast/stem cell growth factor receptor Kit,Kd,10000.0,5.0,CHEMBL1908484
TG100-115,CHEMBL230011,CHEMBL1936,P10721,Mast/stem cell growth factor receptor Kit,Kd,10000.0,5.0,CHEMBL1908485
TG100-115,CHEMBL230011,CHEMBL1936,P10721,Mast/stem cell growth factor receptor Kit,Kd,10000.0,5.0,CHEMBL1908486
TG100-115,CHEMBL230011,CHEMBL1936,P10721,Mast/stem cell growth factor receptor Kit,Kd,10000.0,5.0,CHEMBL1908487
TG100-115,CHEMBL230011,CHEMBL1936,P10721,Mast/stem cell growth factor receptor Kit,Kd,10000.0,5.0,CHEMBL1908488
TG100-115,CHEMBL230011,CHEMBL1936,P10721,Mast/stem cell growth factor receptor Kit,Kd,10000.0,5.0,CHEMBL1908489
TG100-115,CHEMBL230011,CHEMBL1936,P10721,Mast/stem cell growth factor receptor Kit,Kd,10000.0,5.0,CHEMBL1908490
TG100-115,CHEMBL230011,CHEMBL3717,P08581,Hepatocyte growth factor receptor,Kd,10000.0,5.0,CHEMBL1908491
TG100-115,CHEMBL230011,CHEMBL3717,P08581,Hepatocyte growth factor receptor,Kd,10000.0,5.0,CHEMBL1908492
TG100-115,CHEMBL230011,CHEMBL3717,P08581,Hepatocyte growth factor receptor,Kd,10000.0,5.0,CHEMBL1908493
TG100-115,CHEMBL230011,CHEMBL2349,P15735,"Phosphorylase b kinase gamma catalytic chain, liver/testis isoform",Kd,10000.0,5.0,CHEMBL1908494
TG100-115,CHEMBL230011,CHEMBL5606,Q15831,Serine/threonine-protein kinase STK11,Kd,10000.0,5.0,CHEMBL1908495
TG100-115,CHEMBL230011,CHEMBL4128,Q02763,Angiopoietin-1 receptor,Kd,10000.0,5.0,CHEMBL1908496
TG100-115,CHEMBL230011,CHEMBL1957,P08069,Insulin-like growth factor 1 receptor,Kd,10000.0,5.0,CHEMBL1908497
TG100-115,CHEMBL230011,CHEMBL1163127,Q6ZN16,Mitogen-activated protein kinase kinase kinase 15,Kd,10000.0,5.0,CHEMBL1908498
TG100-115,CHEMBL230011,CHEMBL5407,Q86V86,Serine/threonine-protein kinase pim-3,Kd,10000.0,5.0,CHEMBL1908499
TG100-115,CHEMBL230011,CHEMBL2527,O96017,Serine/threonine-protein kinase Chk2,Kd,10000.0,5.0,CHEMBL1908500
TG100-115,CHEMBL230011,CHEMBL1824,P04626,Receptor tyrosine-protein kinase erbB-2,Kd,440.0,6.36,CHEMBL1908501
TG100-115,CHEMBL230011,CHEMBL3906,Q15349,Ribosomal protein S6 kinase alpha-2,Kd,10000.0,5.0,CHEMBL1908502
TG100-115,CHEMBL230011,CHEMBL3125,O75676,Ribosomal protein S6 kinase alpha-4,Kd,10000.0,5.0,CHEMBL1908503
TG100-115,CHEMBL230011,CHEMBL4599,Q07912,Activated CDC42 kinase 1,Kd,10000.0,5.0,CHEMBL1908504
TG100-115,CHEMBL230011,CHEMBL2815,P04629,High affinity nerve growth factor receptor,Kd,10000.0,5.0,CHEMBL1908505
TG100-115,CHEMBL230011,CHEMBL5426,Q86YV6,Myosin light chain kinase family member 4,Kd,10000.0,5.0,CHEMBL1908506
TG100-115,CHEMBL230011,CHEMBL5358,Q9P2K8,eIF-2-alpha kinase GCN2,Kd,10000.0,5.0,CHEMBL1908507
TG100-115,CHEMBL230011,CHEMBL4482,O96013,Serine/threonine-protein kinase PAK 4,Kd,10000.0,5.0,CHEMBL1908508
TG100-115,CHEMBL230011,CHEMBL1163129,Q52WX2,Serine/threonine-protein kinase SBK1,Kd,10000.0,5.0,CHEMBL1908509
TG100-115,CHEMBL230011,CHEMBL5518,Q8N4C8,Misshapen-like kinase 1,Kd,10000.0,5.0,CHEMBL1908510
TG100-115,CHEMBL230011,CHEMBL5519,Q8N568,Serine/threonine-protein kinase DCLK2,Kd,10000.0,5.0,CHEMBL1908511
TG100-115,CHEMBL230011,CHEMBL3009,Q15303,Receptor tyrosine-protein kinase erbB-4,Kd,2100.0,5.68,CHEMBL1908512
TG100-115,CHEMBL230011,CHEMBL5749,Q92918,Mitogen-activated protein kinase kinase kinase kinase 1,Kd,10000.0,5.0,CHEMBL1908513
TG100-115,CHEMBL230011,CHEMBL4526,Q9UF33,Ephrin type-A receptor 6,Kd,10000.0,5.0,CHEMBL1908445
TG100-115,CHEMBL230011,CHEMBL5654,Q8WXR4,Myosin-IIIb,Kd,10000.0,5.0,CHEMBL1908514
TG100-115,CHEMBL230011,CHEMBL5047,Q6PHR2,Serine/threonine-protein kinase ULK3,Kd,10000.0,5.0,CHEMBL1908515
TG100-115,CHEMBL230011,CHEMBL5903,Q04771,Activin receptor type-1,Kd,10000.0,5.0,CHEMBL1908516
TG100-115,CHEMBL230011,CHEMBL5466,Q13705,Activin receptor type-2B,Kd,10000.0,5.0,CHEMBL1908517
TG100-115,CHEMBL230011,CHEMBL6150,Q8WU08,Serine/threonine-protein kinase 32A,Kd,10000.0,5.0,CHEMBL1908518
TG100-115,CHEMBL230011,CHEMBL1163117,Q8IVW4,Cyclin-dependent kinase-like 3,Kd,10000.0,5.0,CHEMBL1908519
TG100-115,CHEMBL230011,CHEMBL4718,Q9BUB5,MAP kinase-interacting serine/threonine-protein kinase 1,Kd,880.0,6.06,CHEMBL1908520
TG100-115,CHEMBL230011,CHEMBL5969,Q99755,Phosphatidylinositol 4-phosphate 5-kinase type-1 alpha,Kd,1800.0,5.74,CHEMBL1908521
TG100-115,CHEMBL230011,CHEMBL5476,O00238,Bone morphogenetic protein receptor type-1B,Kd,10000.0,5.0,CHEMBL1908522
TG100-115,CHEMBL230011,CHEMBL5467,Q13873,Bone morphogenetic protein receptor type-2,Kd,10000.0,5.0,CHEMBL1908523
TG100-115,CHEMBL230011,CHEMBL4121,Q13554,Calcium/calmodulin-dependent protein kinase type II subunit beta,Kd,10000.0,5.0,CHEMBL1908524
TG100-115,CHEMBL230011,CHEMBL4442,Q00526,Cyclin-dependent kinase 3,Kd,10000.0,5.0,CHEMBL1908525
TG100-115,CHEMBL230011,CHEMBL5719,P49336,Cyclin-dependent kinase 8,Kd,10000.0,5.0,CHEMBL1908526
TG100-115,CHEMBL230011,CHEMBL3116,P50750,Cyclin-dependent kinase 9,Kd,10000.0,5.0,CHEMBL1908527
TG100-115,CHEMBL230011,CHEMBL4630,O14757,Serine/threonine-protein kinase Chk1,Kd,10000.0,5.0,CHEMBL1908528
TG100-115,CHEMBL230011,CHEMBL3476,O15111,Inhibitor of nuclear factor kappa-B kinase subunit alpha,Kd,10000.0,5.0,CHEMBL1908529
TG100-115,CHEMBL230011,CHEMBL2543,P78368,Casein kinase I isoform gamma-2,Kd,2400.0,5.62,CHEMBL1908530
TG100-115,CHEMBL230011,CHEMBL2468,O43293,Death-associated protein kinase 3,Kd,10000.0,5.0,CHEMBL1908531
TG100-115,CHEMBL230011,CHEMBL1163101,O75460,Serine/threonine-protein kinase/endoribonuclease IRE1,Kd,10000.0,5.0,CHEMBL1908532
TG100-115,CHEMBL230011,CHEMBL1991,O14920,Inhibitor of nuclear factor kappa-B kinase subunit beta,Kd,10000.0,5.0,CHEMBL1908533
TG100-115,CHEMBL230011,CHEMBL3357,P51617,Interleukin-1 receptor-associated kinase 1,Kd,10000.0,5.0,CHEMBL1908534
TG100-115,CHEMBL230011,CHEMBL5616,P27037,Activin receptor type-2A,Kd,10000.0,5.0,CHEMBL1908535
TG100-115,CHEMBL230011,CHEMBL2431,P31751,RAC-beta serine/threonine-protein kinase,Kd,10000.0,5.0,CHEMBL1908536
TG100-115,CHEMBL230011,CHEMBL4895,P30530,Tyrosine-protein kinase receptor UFO,Kd,10000.0,5.0,CHEMBL1908537
TG100-115,CHEMBL230011,CHEMBL2250,P51451,Tyrosine-protein kinase Blk,Kd,10000.0,5.0,CHEMBL1908538
TG100-115,CHEMBL230011,CHEMBL3834,P51813,Cytoplasmic tyrosine-protein kinase BMX,Kd,10000.0,5.0,CHEMBL1908539
TG100-115,CHEMBL230011,CHEMBL2494,Q16566,Calcium/calmodulin-dependent protein kinase type IV,Kd,10000.0,5.0,CHEMBL1908540
TG100-115,CHEMBL230011,CHEMBL301,P24941,Cyclin-dependent kinase 2,Kd,10000.0,5.0,CHEMBL1908541
TG100-115,CHEMBL230011,CHEMBL3055,P50613,Cyclin-dependent kinase 7,Kd,10000.0,5.0,CHEMBL1908542
TG100-115,CHEMBL230011,CHEMBL2793,P48729,Casein kinase I isoform alpha,Kd,830.0,6.08,CHEMBL1908543
TG100-115,CHEMBL230011,CHEMBL4937,P49674,Casein kinase I isoform epsilon,Kd,1200.0,5.92,CHEMBL1908544
TG100-115,CHEMBL230011,CHEMBL3629,P68400,Casein kinase II subunit alpha,Kd,2800.0,5.55,CHEMBL1908545
TG100-115,CHEMBL230011,CHEMBL4070,P19784,Casein kinase II subunit alpha',Kd,1500.0,5.82,CHEMBL1908546
TG100-115,CHEMBL230011,CHEMBL5319,Q08345,Epithelial discoidin domain-containing receptor 1,Kd,10000.0,5.0,CHEMBL1908547
TG100-115,CHEMBL230011,CHEMBL5838,P21860,Receptor tyrosine-protein kinase erbB-3,Kd,10000.0,5.0,CHEMBL1908548
TG100-115,CHEMBL230011,CHEMBL5455,P07332,Tyrosine-protein kinase Fes/Fps,Kd,10000.0,5.0,CHEMBL1908549
TG100-115,CHEMBL230011,CHEMBL1868,P17948,Vascular endothelial growth factor receptor 1,Kd,10000.0,5.0,CHEMBL1908550
TG100-115,CHEMBL230011,CHEMBL1955,P35916,Vascular endothelial growth factor receptor 3,Kd,10000.0,5.0,CHEMBL1908551
TG100-115,CHEMBL230011,CHEMBL4223,P42685,Tyrosine-protein kinase FRK,Kd,10000.0,5.0,CHEMBL1908552
TG100-115,CHEMBL230011,CHEMBL262,P49841,Glycogen synthase kinase-3 beta,Kd,10000.0,5.0,CHEMBL1908553
TG100-115,CHEMBL230011,CHEMBL3234,P08631,Tyrosine-protein kinase HCK,Kd,10000.0,5.0,CHEMBL1908554
TG100-115,CHEMBL230011,CHEMBL2835,P23458,Tyrosine-protein kinase JAK1,Kd,690.0,6.16,CHEMBL1908555
TG101348,CHEMBL1287853,CHEMBL2835,P23458,Tyrosine-protein kinase JAK1,IC50,100.0,7.0,CHEMBL1292865
TG101348,CHEMBL1287853,CHEMBL2971,O60674,Tyrosine-protein kinase JAK2,IC50,3.0,8.52,CHEMBL1292866
TG101348,CHEMBL1287853,CHEMBL2148,P52333,Tyrosine-protein kinase JAK3,IC50,1000.0,6.0,CHEMBL1292867
TG101348,CHEMBL1287853,CHEMBL3553,P29597,Non-receptor tyrosine-protein kinase TYK2,IC50,150.0,6.82,CHEMBL1292868
TG101348,CHEMBL1287853,CHEMBL4224,P49759,Dual specificity protein kinase CLK1,Kd,2500.0,5.6,CHEMBL1908461
TG101348,CHEMBL1287853,CHEMBL5608,Q16288,NT-3 growth factor receptor,Kd,8600.0,5.07,CHEMBL1908462
TG101348,CHEMBL1287853,CHEMBL4674,P53778,Mitogen-activated protein kinase 12,Kd,10000.0,5.0,CHEMBL1908463
TG101348,CHEMBL1287853,CHEMBL5331,Q12866,Tyrosine-protein kinase Mer,Kd,820.0,6.09,CHEMBL1908464
TG101348,CHEMBL1287853,CHEMBL5668,P78362,SRSF protein kinase 2,Kd,100.0,7.0,CHEMBL1908465
TG101348,CHEMBL1287853,CHEMBL3935,Q9UQB9,Aurora kinase C,Kd,350.0,6.46,CHEMBL1908466
TG101348,CHEMBL1287853,CHEMBL2801,Q13557,Calcium/calmodulin-dependent protein kinase type II subunit delta,Kd,590.0,6.23,CHEMBL1908467
TG101348,CHEMBL1287853,CHEMBL5404,Q86UE8,Serine/threonine-protein kinase tousled-like 2,Kd,2000.0,5.7,CHEMBL1908468
TG101348,CHEMBL1287853,CHEMBL2185,Q96GD4,Aurora kinase B,Kd,490.0,6.31,CHEMBL1908469
TG101348,CHEMBL1287853,CHEMBL4045,Q13131,5'-AMP-activated protein kinase catalytic subunit alpha-1,Kd,2400.0,5.62,CHEMBL1908470
TG101348,CHEMBL1287853,CHEMBL6149,Q9Y2K2,Serine/threonine-protein kinase SIK3,Kd,1900.0,5.72,CHEMBL1908471
TG101348,CHEMBL1287853,CHEMBL3938,O75716,Serine/threonine-protein kinase 16,Kd,6.6,8.18,CHEMBL1908472
TG101348,CHEMBL1287853,CHEMBL5790,Q00537,Cyclin-dependent kinase 17,Kd,350.0,6.46,CHEMBL1908473
TG101348,CHEMBL1287853,CHEMBL5122,Q16832,Discoidin domain-containing receptor 2,Kd,950.0,6.02,CHEMBL1908474
TG101348,CHEMBL1287853,CHEMBL5311,P37023,Activin receptor type-1-like,Kd,2400.0,5.62,CHEMBL1908475
TG101348,CHEMBL1287853,CHEMBL5251,Q06187,Tyrosine-protein kinase BTK,Kd,850.0,6.07,CHEMBL1908476
TG101348,CHEMBL1287853,CHEMBL331,P11802,Cyclin-dependent kinase 4,Kd,5000.0,5.3,CHEMBL1908477
TG101348,CHEMBL1287853,CHEMBL331,P11802,Cyclin-dependent kinase 4,Kd,870.0,6.06,CHEMBL1908478
TG101348,CHEMBL1287853,CHEMBL2742,P22607,Fibroblast growth factor receptor 3,Kd,360.0,6.44,CHEMBL1908479
TG101348,CHEMBL1287853,CHEMBL2742,P22607,Fibroblast growth factor receptor 3,Kd,760.0,6.12,CHEMBL1908480
TG101348,CHEMBL1287853,CHEMBL1981,P06213,Insulin receptor,Kd,850.0,6.07,CHEMBL1908481
TG101348,CHEMBL1287853,CHEMBL2148,P52333,Tyrosine-protein kinase JAK3,Kd,74.0,7.13,CHEMBL1908482
TG101348,CHEMBL1287853,CHEMBL1936,P10721,Mast/stem cell growth factor receptor Kit,Kd,130.0,6.89,CHEMBL1908483
TG101348,CHEMBL1287853,CHEMBL1936,P10721,Mast/stem cell growth factor receptor Kit,Kd,46.0,7.34,CHEMBL1908484
TG101348,CHEMBL1287853,CHEMBL1936,P10721,Mast/stem cell growth factor receptor Kit,Kd,160.0,6.8,CHEMBL1908485
TG101348,CHEMBL1287853,CHEMBL1936,P10721,Mast/stem cell growth factor receptor Kit,Kd,160.0,6.8,CHEMBL1908486
TG101348,CHEMBL1287853,CHEMBL1936,P10721,Mast/stem cell growth factor receptor Kit,Kd,120.0,6.92,CHEMBL1908487
TG101348,CHEMBL1287853,CHEMBL1936,P10721,Mast/stem cell growth factor receptor Kit,Kd,58.0,7.24,CHEMBL1908488
TG101348,CHEMBL1287853,CHEMBL1936,P10721,Mast/stem cell growth factor receptor Kit,Kd,1500.0,5.82,CHEMBL1908489
TG101348,CHEMBL1287853,CHEMBL1936,P10721,Mast/stem cell growth factor receptor Kit,Kd,3500.0,5.46,CHEMBL1908490
TG101348,CHEMBL1287853,CHEMBL3717,P08581,Hepatocyte growth factor receptor,Kd,8500.0,5.07,CHEMBL1908491
TG101348,CHEMBL1287853,CHEMBL3717,P08581,Hepatocyte growth factor receptor,Kd,4400.0,5.36,CHEMBL1908492
TG101348,CHEMBL1287853,CHEMBL3717,P08581,Hepatocyte growth factor receptor,Kd,10000.0,5.0,CHEMBL1908493
TG101348,CHEMBL1287853,CHEMBL2349,P15735,"Phosphorylase b kinase gamma catalytic chain, liver/testis isoform",Kd,1600.0,5.8,CHEMBL1908494
TG101348,CHEMBL1287853,CHEMBL5606,Q15831,Serine/threonine-protein kinase STK11,Kd,310.0,6.51,CHEMBL1908495
TG101348,CHEMBL1287853,CHEMBL4128,Q02763,Angiopoietin-1 receptor,Kd,1900.0,5.72,CHEMBL1908496
TG101348,CHEMBL1287853,CHEMBL1957,P08069,Insulin-like growth factor 1 receptor,Kd,2200.0,5.66,CHEMBL1908497
TG101348,CHEMBL1287853,CHEMBL1163127,Q6ZN16,Mitogen-activated protein kinase kinase kinase 15,Kd,10000.0,5.0,CHEMBL1908498
TG101348,CHEMBL1287853,CHEMBL5407,Q86V86,Serine/threonine-protein kinase pim-3,Kd,10000.0,5.0,CHEMBL1908499
TG101348,CHEMBL1287853,CHEMBL2527,O96017,Serine/threonine-protein kinase Chk2,Kd,10000.0,5.0,CHEMBL1908500
TG101348,CHEMBL1287853,CHEMBL1824,P04626,Receptor tyrosine-protein kinase erbB-2,Kd,10000.0,5.0,CHEMBL1908501
TG101348,CHEMBL1287853,CHEMBL3906,Q15349,Ribosomal protein S6 kinase alpha-2,Kd,2300.0,5.64,CHEMBL1908502
TG101348,CHEMBL1287853,CHEMBL3125,O75676,Ribosomal protein S6 kinase alpha-4,Kd,10000.0,5.0,CHEMBL1908503
TG101348,CHEMBL1287853,CHEMBL4599,Q07912,Activated CDC42 kinase 1,Kd,64.0,7.19,CHEMBL1908504
TG101348,CHEMBL1287853,CHEMBL2815,P04629,High affinity nerve growth factor receptor,Kd,840.0,6.08,CHEMBL1908505
TG101348,CHEMBL1287853,CHEMBL5426,Q86YV6,Myosin light chain kinase family member 4,Kd,130.0,6.89,CHEMBL1908506
TG101348,CHEMBL1287853,CHEMBL5358,Q9P2K8,eIF-2-alpha kinase GCN2,Kd,100.0,7.0,CHEMBL1908507
TG101348,CHEMBL1287853,CHEMBL4482,O96013,Serine/threonine-protein kinase PAK 4,Kd,3800.0,5.42,CHEMBL1908508
TG101348,CHEMBL1287853,CHEMBL1163129,Q52WX2,Serine/threonine-protein kinase SBK1,Kd,790.0,6.1,CHEMBL1908509
TG101348,CHEMBL1287853,CHEMBL5518,Q8N4C8,Misshapen-like kinase 1,Kd,8900.0,5.05,CHEMBL1908510
TG101348,CHEMBL1287853,CHEMBL5519,Q8N568,Serine/threonine-protein kinase DCLK2,Kd,870.0,6.06,CHEMBL1908511
TG101348,CHEMBL1287853,CHEMBL3009,Q15303,Receptor tyrosine-protein kinase erbB-4,Kd,2000.0,5.7,CHEMBL1908512
TG101348,CHEMBL1287853,CHEMBL5749,Q92918,Mitogen-activated protein kinase kinase kinase kinase 1,Kd,1300.0,5.89,CHEMBL1908513
TG101348,CHEMBL1287853,CHEMBL4526,Q9UF33,Ephrin type-A receptor 6,Kd,3900.0,5.41,CHEMBL1908445
TG101348,CHEMBL1287853,CHEMBL5654,Q8WXR4,Myosin-IIIb,Kd,10000.0,5.0,CHEMBL1908514
TG101348,CHEMBL1287853,CHEMBL5047,Q6PHR2,Serine/threonine-protein kinase ULK3,Kd,290.0,6.54,CHEMBL1908515
TG101348,CHEMBL1287853,CHEMBL5903,Q04771,Activin receptor type-1,Kd,150.0,6.82,CHEMBL1908516
TG101348,CHEMBL1287853,CHEMBL5466,Q13705,Activin receptor type-2B,Kd,10000.0,5.0,CHEMBL1908517
TG101348,CHEMBL1287853,CHEMBL6150,Q8WU08,Serine/threonine-protein kinase 32A,Kd,10000.0,5.0,CHEMBL1908518
TG101348,CHEMBL1287853,CHEMBL1163117,Q8IVW4,Cyclin-dependent kinase-like 3,Kd,10000.0,5.0,CHEMBL1908519
TG101348,CHEMBL1287853,CHEMBL4718,Q9BUB5,MAP kinase-interacting serine/threonine-protein kinase 1,Kd,7300.0,5.14,CHEMBL1908520
TG101348,CHEMBL1287853,CHEMBL5969,Q99755,Phosphatidylinositol 4-phosphate 5-kinase type-1 alpha,Kd,66.0,7.18,CHEMBL1908521
TG101348,CHEMBL1287853,CHEMBL5476,O00238,Bone morphogenetic protein receptor type-1B,Kd,410.0,6.39,CHEMBL1908522
TG101348,CHEMBL1287853,CHEMBL5467,Q13873,Bone morphogenetic protein receptor type-2,Kd,2900.0,5.54,CHEMBL1908523
TG101348,CHEMBL1287853,CHEMBL4121,Q13554,Calcium/calmodulin-dependent protein kinase type II subunit beta,Kd,6800.0,5.17,CHEMBL1908524
TG101348,CHEMBL1287853,CHEMBL4442,Q00526,Cyclin-dependent kinase 3,Kd,10000.0,5.0,CHEMBL1908525
TG101348,CHEMBL1287853,CHEMBL5719,P49336,Cyclin-dependent kinase 8,Kd,10000.0,5.0,CHEMBL1908526
TG101348,CHEMBL1287853,CHEMBL3116,P50750,Cyclin-dependent kinase 9,Kd,8800.0,5.06,CHEMBL1908527
TG101348,CHEMBL1287853,CHEMBL4630,O14757,Serine/threonine-protein kinase Chk1,Kd,3800.0,5.42,CHEMBL1908528
TG101348,CHEMBL1287853,CHEMBL3476,O15111,Inhibitor of nuclear factor kappa-B kinase subunit alpha,Kd,830.0,6.08,CHEMBL1908529
TG101348,CHEMBL1287853,CHEMBL2543,P78368,Casein kinase I isoform gamma-2,Kd,10000.0,5.0,CHEMBL1908530
TG101348,CHEMBL1287853,CHEMBL2468,O43293,Death-associated protein kinase 3,Kd,1.2,8.92,CHEMBL1908531
TG101348,CHEMBL1287853,CHEMBL1163101,O75460,Serine/threonine-protein kinase/endoribonuclease IRE1,Kd,1200.0,5.92,CHEMBL1908532
TG101348,CHEMBL1287853,CHEMBL1991,O14920,Inhibitor of nuclear factor kappa-B kinase subunit beta,Kd,360.0,6.44,CHEMBL1908533
TG101348,CHEMBL1287853,CHEMBL3357,P51617,Interleukin-1 receptor-associated kinase 1,Kd,220.0,6.66,CHEMBL1908534
TG101348,CHEMBL1287853,CHEMBL5616,P27037,Activin receptor type-2A,Kd,10000.0,5.0,CHEMBL1908535
TG101348,CHEMBL1287853,CHEMBL2431,P31751,RAC-beta serine/threonine-protein kinase,Kd,10000.0,5.0,CHEMBL1908536
TG101348,CHEMBL1287853,CHEMBL4895,P30530,Tyrosine-protein kinase receptor UFO,Kd,160.0,6.8,CHEMBL1908537
TG101348,CHEMBL1287853,CHEMBL2250,P51451,Tyrosine-protein kinase Blk,Kd,650.0,6.19,CHEMBL1908538
TG101348,CHEMBL1287853,CHEMBL3834,P51813,Cytoplasmic tyrosine-protein kinase BMX,Kd,1200.0,5.92,CHEMBL1908539
TG101348,CHEMBL1287853,CHEMBL2494,Q16566,Calcium/calmodulin-dependent protein kinase type IV,Kd,10000.0,5.0,CHEMBL1908540
TG101348,CHEMBL1287853,CHEMBL301,P24941,Cyclin-dependent kinase 2,Kd,10000.0,5.0,CHEMBL1908541
TG101348,CHEMBL1287853,CHEMBL3055,P50613,Cyclin-dependent kinase 7,Kd,120.0,6.92,CHEMBL1908542
TG101348,CHEMBL1287853,CHEMBL2793,P48729,Casein kinase I isoform alpha,Kd,10000.0,5.0,CHEMBL1908543
TG101348,CHEMBL1287853,CHEMBL4937,P49674,Casein kinase I isoform epsilon,Kd,10000.0,5.0,CHEMBL1908544
TG101348,CHEMBL1287853,CHEMBL3629,P68400,Casein kinase II subunit alpha,Kd,920.0,6.04,CHEMBL1908545
TG101348,CHEMBL1287853,CHEMBL4070,P19784,Casein kinase II subunit alpha',Kd,120.0,6.92,CHEMBL1908546
TG101348,CHEMBL1287853,CHEMBL5319,Q08345,Epithelial discoidin domain-containing receptor 1,Kd,1900.0,5.72,CHEMBL1908547
TG101348,CHEMBL1287853,CHEMBL5838,P21860,Receptor tyrosine-protein kinase erbB-3,Kd,10000.0,5.0,CHEMBL1908548
TG101348,CHEMBL1287853,CHEMBL5455,P07332,Tyrosine-protein kinase Fes/Fps,Kd,530.0,6.28,CHEMBL1908549
TG101348,CHEMBL1287853,CHEMBL1868,P17948,Vascular endothelial growth factor receptor 1,Kd,4300.0,5.37,CHEMBL1908550
TG101348,CHEMBL1287853,CHEMBL1955,P35916,Vascular endothelial growth factor receptor 3,Kd,2000.0,5.7,CHEMBL1908551
TG101348,CHEMBL1287853,CHEMBL4223,P42685,Tyrosine-protein kinase FRK,Kd,200.0,6.7,CHEMBL1908552
TG101348,CHEMBL1287853,CHEMBL262,P49841,Glycogen synthase kinase-3 beta,Kd,10000.0,5.0,CHEMBL1908553
TG101348,CHEMBL1287853,CHEMBL3234,P08631,Tyrosine-protein kinase HCK,Kd,2100.0,5.68,CHEMBL1908554
TG101348,CHEMBL1287853,CHEMBL2835,P23458,Tyrosine-protein kinase JAK1,Kd,2000.0,5.7,CHEMBL1908555
Tandutinib (MLN518),CHEMBL124660,CHEMBL1913,P09619,Platelet-derived growth factor receptor beta,IC50,26.0,7.59,CHEMBL763437
Tandutinib (MLN518),CHEMBL124660,CHEMBL1913,P09619,Platelet-derived growth factor receptor beta,IC50,36.0,7.44,CHEMBL763438
Tandutinib (MLN518),CHEMBL124660,CHEMBL1913,P09619,Platelet-derived growth factor receptor beta,IC50,200.0,6.7,CHEMBL763440
Tandutinib (MLN518),CHEMBL124660,CHEMBL1936,P10721,Mast/stem cell growth factor receptor Kit,IC50,170.0,6.77,CHEMBL766073
Tandutinib (MLN518),CHEMBL124660,CHEMBL1974,P36888,Receptor-type tyrosine-protein kinase FLT3,IC50,220.0,6.66,CHEMBL766072
Tandutinib (MLN518),CHEMBL124660,CHEMBL1844,P07333,Macrophage colony-stimulating factor 1 receptor,IC50,3430.0,5.46,CHEMBL766070
Tandutinib (MLN518),CHEMBL124660,CHEMBL279,P35968,Vascular endothelial growth factor receptor 2,IC50,30000.0,4.52,CHEMBL819558
Tandutinib (MLN518),CHEMBL124660,CHEMBL203,P00533,Epidermal growth factor receptor,IC50,30000.0,4.52,CHEMBL678296
Tandutinib (MLN518),CHEMBL124660,CHEMBL2095217,,Fibroblast growth factor receptor,IC50,30000.0,4.52,CHEMBL676888
Tandutinib (MLN518),CHEMBL124660,CHEMBL1981,P06213,Insulin receptor,IC50,30000.0,4.52,CHEMBL697196
Tandutinib (MLN518),CHEMBL124660,CHEMBL267,P12931,Proto-oncogene tyrosine-protein kinase Src,IC50,30000.0,4.52,CHEMBL808767
Tandutinib (MLN518),CHEMBL124660,CHEMBL4597,Q00536,Cyclin-dependent kinase 16,Kd,2400.0,5.62,CHEMBL860663
Tandutinib (MLN518),CHEMBL124660,CHEMBL4226,P49761,Dual specificity protein kinase CLK3,Kd,9000.0,5.05,CHEMBL860772
Tandutinib (MLN518),CHEMBL124660,CHEMBL4225,P49760,Dual specificity protein kinase CLK2,Kd,1900.0,5.72,CHEMBL860773
Tandutinib (MLN518),CHEMBL124660,CHEMBL4224,P49759,Dual specificity protein kinase CLK1,Kd,1400.0,5.85,CHEMBL860774
Tandutinib (MLN518),CHEMBL124660,CHEMBL1974,P36888,Receptor-type tyrosine-protein kinase FLT3,Kd,3.5,8.46,CHEMBL860797
Tandutinib (MLN518),CHEMBL124660,CHEMBL1913,P09619,Platelet-derived growth factor receptor beta,Kd,7.8,8.11,CHEMBL860919
Tandutinib (MLN518),CHEMBL124660,CHEMBL1936,P10721,Mast/stem cell growth factor receptor Kit,Kd,120.0,6.92,CHEMBL860918
Tandutinib (MLN518),CHEMBL124660,CHEMBL4202,Q9H2G2,STE20-like serine/threonine-protein kinase,Kd,4200.0,5.38,CHEMBL860653
Tandutinib (MLN518),CHEMBL124660,CHEMBL4852,Q9Y4K4,Mitogen-activated protein kinase kinase kinase kinase 5,Kd,2500.0,5.6,CHEMBL860642
Tandutinib (MLN518),CHEMBL124660,CHEMBL2815,P04629,High affinity nerve growth factor receptor,Kd,200.0,6.7,CHEMBL860803
Tandutinib (MLN518),CHEMBL124660,CHEMBL1974,P36888,Receptor-type tyrosine-protein kinase FLT3,Kd,9.1,8.04,CHEMBL1063729
Tandutinib (MLN518),CHEMBL124660,CHEMBL1974,P36888,Receptor-type tyrosine-protein kinase FLT3,Kd,29.0,7.54,CHEMBL1061073
Tandutinib (MLN518),CHEMBL124660,CHEMBL1955,P35916,Vascular endothelial growth factor receptor 3,Kd,10000.0,5.0,CHEMBL1060246
Tandutinib (MLN518),CHEMBL124660,CHEMBL4674,P53778,Mitogen-activated protein kinase 12,Kd,10000.0,5.0,CHEMBL1061183
Tandutinib (MLN518),CHEMBL124660,CHEMBL2999,O75914,Serine/threonine-protein kinase PAK 3,Kd,10000.0,5.0,CHEMBL1062779
Tandutinib (MLN518),CHEMBL124660,CHEMBL5790,Q00537,Cyclin-dependent kinase 17,Kd,10000.0,5.0,CHEMBL1051349
Tandutinib (MLN518),CHEMBL124660,CHEMBL5316,Q07002,Cyclin-dependent kinase 18,Kd,10000.0,5.0,CHEMBL1062782
Tandutinib (MLN518),CHEMBL124660,CHEMBL2534,O15530,3-phosphoinositide-dependent protein kinase 1,Kd,10000.0,5.0,CHEMBL1061922
Tandutinib (MLN518),CHEMBL124660,CHEMBL6162,O94921,Cyclin-dependent kinase 14,Kd,10000.0,5.0,CHEMBL1051350
Tandutinib (MLN518),CHEMBL124660,CHEMBL4004,Q16816,"Phosphorylase b kinase gamma catalytic chain, skeletal muscle/heart isoform",Kd,10000.0,5.0,CHEMBL1061153
Tandutinib (MLN518),CHEMBL124660,CHEMBL5969,Q99755,Phosphatidylinositol 4-phosphate 5-kinase type-1 alpha,Kd,10000.0,5.0,CHEMBL1061923
Tandutinib (MLN518),CHEMBL124660,CHEMBL4924,Q9UK32,Ribosomal protein S6 kinase alpha-6,Kd,10000.0,5.0,CHEMBL1039275
Tandutinib (MLN518),CHEMBL124660,CHEMBL4924,Q9UK32,Ribosomal protein S6 kinase alpha-6,Kd,10000.0,5.0,CHEMBL1061926
Tandutinib (MLN518),CHEMBL124660,CHEMBL5426,Q86YV6,Myosin light chain kinase family member 4,Kd,10000.0,5.0,CHEMBL1051352
Tandutinib (MLN518),CHEMBL124660,CHEMBL5314,Q06418,Tyrosine-protein kinase receptor TYRO3,Kd,10000.0,5.0,CHEMBL1051260
Tandutinib (MLN518),CHEMBL124660,CHEMBL279,P35968,Vascular endothelial growth factor receptor 2,Kd,10000.0,5.0,CHEMBL1051261
Tandutinib (MLN518),CHEMBL124660,CHEMBL5491,P30291,Wee1-like protein kinase,Kd,10000.0,5.0,CHEMBL1061935
Tandutinib (MLN518),CHEMBL124660,CHEMBL5405,Q86UX6,Serine/threonine-protein kinase 32C,Kd,10000.0,5.0,CHEMBL1062789
Tandutinib (MLN518),CHEMBL124660,CHEMBL2073,P07947,Tyrosine-protein kinase Yes,Kd,10000.0,5.0,CHEMBL1051262
Tandutinib (MLN518),CHEMBL124660,CHEMBL5552,O00506,Serine/threonine-protein kinase 25,Kd,10000.0,5.0,CHEMBL1051263
Tandutinib (MLN518),CHEMBL124660,CHEMBL3886,Q9NYL2,Mitogen-activated protein kinase kinase kinase 20,Kd,10000.0,5.0,CHEMBL1051317
Tandutinib (MLN518),CHEMBL124660,CHEMBL2803,P43403,Tyrosine-protein kinase ZAP-70,Kd,10000.0,5.0,CHEMBL1061189
Tandutinib (MLN518),CHEMBL124660,CHEMBL5667,P78356,Phosphatidylinositol 5-phosphate 4-kinase type-2 beta,Kd,10000.0,5.0,CHEMBL1062784
Tandutinib (MLN518),CHEMBL124660,CHEMBL2918,P22694,cAMP-dependent protein kinase catalytic subunit beta,Kd,10000.0,5.0,CHEMBL1039274
Tandutinib (MLN518),CHEMBL124660,CHEMBL5818,P51817,cAMP-dependent protein kinase catalytic subunit PRKX,Kd,10000.0,5.0,CHEMBL1061157
Tandutinib (MLN518),CHEMBL124660,CHEMBL5469,Q14289,Protein-tyrosine kinase 2-beta,Kd,10000.0,5.0,CHEMBL1061158
Tandutinib (MLN518),CHEMBL124660,CHEMBL4224,P49759,Dual specificity protein kinase CLK1,Kd,630.0,6.2,CHEMBL1050838
Tandutinib (MLN518),CHEMBL124660,CHEMBL4226,P49761,Dual specificity protein kinase CLK3,Kd,10000.0,5.0,CHEMBL1060240
Tandutinib (MLN518),CHEMBL124660,CHEMBL2634,P41240,Tyrosine-protein kinase CSK,Kd,10000.0,5.0,CHEMBL1037547
Tandutinib (MLN518),CHEMBL124660,CHEMBL5520,Q8N752,Casein kinase I isoform alpha-like,Kd,10000.0,5.0,CHEMBL1063703
Tandutinib (MLN518),CHEMBL124660,CHEMBL2828,P48730,Casein kinase I isoform delta,Kd,10000.0,5.0,CHEMBL1050829
Tandutinib (MLN518),CHEMBL124660,CHEMBL4937,P49674,Casein kinase I isoform epsilon,Kd,10000.0,5.0,CHEMBL1050834
Tandutinib (MLN518),CHEMBL124660,CHEMBL2543,P78368,Casein kinase I isoform gamma-2,Kd,10000.0,5.0,CHEMBL1063704
Tandutinib (MLN518),CHEMBL124660,CHEMBL5274,P35590,Tyrosine-protein kinase receptor Tie-1,Kd,10000.0,5.0,CHEMBL1061930
Tandutinib (MLN518),CHEMBL124660,CHEMBL4128,Q02763,Angiopoietin-1 receptor,Kd,10000.0,5.0,CHEMBL1051315
Tandutinib (MLN518),CHEMBL124660,CHEMBL5388,Q9UKI8,Serine/threonine-protein kinase tousled-like 1,Kd,10000.0,5.0,CHEMBL1061931
Tandutinib (MLN518),CHEMBL124660,CHEMBL5404,Q86UE8,Serine/threonine-protein kinase tousled-like 2,Kd,10000.0,5.0,CHEMBL1061984
Tandutinib (MLN518),CHEMBL124660,CHEMBL4527,Q9UKE5,TRAF2 and NCK-interacting protein kinase,Kd,10000.0,5.0,CHEMBL1062874
Tandutinib (MLN518),CHEMBL124660,CHEMBL4599,Q07912,Activated CDC42 kinase 1,Kd,10000.0,5.0,CHEMBL1051355
Tandutinib (MLN518),CHEMBL124660,CHEMBL2815,P04629,High affinity nerve growth factor receptor,Kd,450.0,6.35,CHEMBL1061933
Tandutinib (MLN518),CHEMBL124660,CHEMBL4898,Q16620,BDNF/NT-3 growth factors receptor,Kd,740.0,6.13,CHEMBL1062875
Tandutinib (MLN518),CHEMBL124660,CHEMBL5608,Q16288,NT-3 growth factor receptor,Kd,2000.0,5.7,CHEMBL1041998
Tandutinib (MLN518),CHEMBL124660,CHEMBL3983,P33981,Dual specificity protein kinase TTK,Kd,10000.0,5.0,CHEMBL1061934
Tandutinib (MLN518),CHEMBL124660,CHEMBL5084,Q9Y6M4,Casein kinase I isoform gamma-3,Kd,10000.0,5.0,CHEMBL1051284
Tandutinib (MLN518),CHEMBL124660,CHEMBL3629,P68400,Casein kinase II subunit alpha,Kd,10000.0,5.0,CHEMBL1060241
Tandutinib (MLN518),CHEMBL124660,CHEMBL4070,P19784,Casein kinase II subunit alpha',Kd,10000.0,5.0,CHEMBL1061141
Tandutinib (MLN518),CHEMBL124660,CHEMBL3123,Q9UIK4,Death-associated protein kinase 2,Kd,10000.0,5.0,CHEMBL1053760
Tandutinib (MLN518),CHEMBL124660,CHEMBL2468,O43293,Death-associated protein kinase 3,Kd,10000.0,5.0,CHEMBL1060181
Tandutinib (MLN518),CHEMBL124660,CHEMBL3980,O94768,Serine/threonine-protein kinase 17B,Kd,10000.0,5.0,CHEMBL1060189
Tandutinib (MLN518),CHEMBL124660,CHEMBL5543,Q9Y463,Dual specificity tyrosine-phosphorylation-regulated kinase 1B,Kd,10000.0,5.0,CHEMBL1060243
Tandutinib (MLN518),CHEMBL124660,CHEMBL3385,P27361,Mitogen-activated protein kinase 3,Kd,10000.0,5.0,CHEMBL1037552
Tandutinib (MLN518),CHEMBL124660,CHEMBL4040,P28482,Mitogen-activated protein kinase 1,Kd,10000.0,5.0,CHEMBL1063798
Tandutinib (MLN518),CHEMBL124660,CHEMBL2850,P49840,Glycogen synthase kinase-3 alpha,Kd,10000.0,5.0,CHEMBL1061900
Tandutinib (MLN518),CHEMBL124660,CHEMBL262,P49841,Glycogen synthase kinase-3 beta,Kd,10000.0,5.0,CHEMBL1061074
Tandutinib (MLN518),CHEMBL124660,CHEMBL3529,Q14164,Inhibitor of nuclear factor kappa-B kinase subunit epsilon,Kd,10000.0,5.0,CHEMBL1050835
Tandutinib (MLN518),CHEMBL124660,CHEMBL4367,P42681,Tyrosine-protein kinase TXK,Kd,10000.0,5.0,CHEMBL1061187
Tandutinib (MLN518),CHEMBL124660,CHEMBL3553,P29597,Non-receptor tyrosine-protein kinase TYK2,Kd,10000.0,5.0,CHEMBL1061188
Tandutinib (MLN518),CHEMBL124660,CHEMBL2276,P45983,Mitogen-activated protein kinase 8,Kd,10000.0,5.0,CHEMBL1061076
Tandutinib (MLN518),CHEMBL124660,CHEMBL4179,P45984,Mitogen-activated protein kinase 9,Kd,10000.0,5.0,CHEMBL1060196
Tandutinib (MLN518),CHEMBL124660,CHEMBL3836,P53667,LIM domain kinase 1,Kd,10000.0,5.0,CHEMBL1061902
Tandutinib (MLN518),CHEMBL124660,CHEMBL5932,P53671,LIM domain kinase 2,Kd,10000.0,5.0,CHEMBL1063714
Tandutinib (MLN518),CHEMBL124660,CHEMBL5606,Q15831,Serine/threonine-protein kinase STK11,Kd,10000.0,5.0,CHEMBL1051288
Tandutinib (MLN518),CHEMBL124660,CHEMBL5600,P27448,MAP/microtubule affinity-regulating kinase 3,Kd,10000.0,5.0,CHEMBL1063802
Tandutinib (MLN518),CHEMBL124660,CHEMBL3587,Q02750,Dual specificity mitogen-activated protein kinase kinase 1,Kd,10000.0,5.0,CHEMBL1061906
Tandutinib (MLN518),CHEMBL124660,CHEMBL2964,P36507,Dual specificity mitogen-activated protein kinase kinase 2,Kd,10000.0,5.0,CHEMBL1061079
Tandutinib (MLN518),CHEMBL124660,CHEMBL2109,P46734,Dual specificity mitogen-activated protein kinase kinase 3,Kd,10000.0,5.0,CHEMBL1060250
Tandutinib (MLN518),CHEMBL124660,CHEMBL4578,Q14680,Maternal embryonic leucine zipper kinase,Kd,10000.0,5.0,CHEMBL1063803
Tandutinib (MLN518),CHEMBL124660,CHEMBL4718,Q9BUB5,MAP kinase-interacting serine/threonine-protein kinase 1,Kd,10000.0,5.0,CHEMBL1063804
Tandutinib (MLN518),CHEMBL124660,CHEMBL3830,Q2M2I8,AP2-associated protein kinase 1,Kd,10000.0,5.0,CHEMBL1037546
Tandutinib (MLN518),CHEMBL124660,CHEMBL1862,P00519,Tyrosine-protein kinase ABL1,Kd,10000.0,5.0,CHEMBL1061129
Tandutinib (MLN518),CHEMBL124660,CHEMBL1862,P00519,Tyrosine-protein kinase ABL1,Kd,10000.0,5.0,CHEMBL1063789
Tandutinib (MLN518),CHEMBL124660,CHEMBL4598,Q13043,Serine/threonine-protein kinase 4,Kd,10000.0,5.0,CHEMBL1061178
Tandutinib (MLN518),CHEMBL124660,CHEMBL5941,Q9P289,Serine/threonine-protein kinase 26,Kd,10000.0,5.0,CHEMBL1063806
Tandutinib (MLN518),CHEMBL124660,CHEMBL4849,Q8TDX7,Serine/threonine-protein kinase Nek7,Kd,10000.0,5.0,CHEMBL1063808
Tandutinib (MLN518),CHEMBL124660,CHEMBL5364,Q9UBE8,Serine/threonine-protein kinase NLK,Kd,10000.0,5.0,CHEMBL1063809
Tandutinib (MLN518),CHEMBL124660,CHEMBL260,Q16539,Mitogen-activated protein kinase 14,Kd,10000.0,5.0,CHEMBL1061091
Tandutinib (MLN518),CHEMBL124660,CHEMBL3961,Q15759,Mitogen-activated protein kinase 11,Kd,10000.0,5.0,CHEMBL1062864
Tandutinib (MLN518),CHEMBL124660,CHEMBL5358,Q9P2K8,eIF-2-alpha kinase GCN2,Kd,10000.0,5.0,CHEMBL1060248
Tandutinib (MLN518),CHEMBL124660,CHEMBL3234,P08631,Tyrosine-protein kinase HCK,Kd,10000.0,5.0,CHEMBL1063730
Tivozanib (AV-951),CHEMBL1289494,CHEMBL279,P35968,Vascular endothelial growth factor receptor 2,IC50,0.16,9.8,CHEMBL1292980
Tivozanib (AV-951),CHEMBL1289494,CHEMBL1955,P35916,Vascular endothelial growth factor receptor 3,IC50,0.24,9.62,CHEMBL2186467
Tivozanib (AV-951),CHEMBL1289494,CHEMBL279,P35968,Vascular endothelial growth factor receptor 2,IC50,0.16,9.8,CHEMBL2186468
Tivozanib (AV-951),CHEMBL1289494,CHEMBL1868,P17948,Vascular endothelial growth factor receptor 1,IC50,0.21,9.68,CHEMBL2186469
Tivozanib (AV-951),CHEMBL1289494,CHEMBL387,,MCF7,IC50,380.0,6.42,CHEMBL3377351
Tivozanib (AV-951),CHEMBL1289494,CHEMBL279,P35968,Vascular endothelial growth factor receptor 2,IC50,340.0,6.47,CHEMBL3376778
Tivozanib (AV-951),CHEMBL1289494,CHEMBL3290,P29323,Ephrin type-B receptor 2,IC50,17.5,7.76,CHEMBL3429407
Tivozanib (AV-951),CHEMBL1289494,CHEMBL2007,P16234,Platelet-derived growth factor receptor alpha,IC50,2.26,8.65,CHEMBL3429406
Tivozanib (AV-951),CHEMBL1289494,CHEMBL1955,P35916,Vascular endothelial growth factor receptor 3,IC50,3.11,8.51,CHEMBL3429405
Tivozanib (AV-951),CHEMBL1289494,CHEMBL279,P35968,Vascular endothelial growth factor receptor 2,IC50,2.14,8.67,CHEMBL3429404
Tivozanib (AV-951),CHEMBL1289494,CHEMBL1868,P17948,Vascular endothelial growth factor receptor 1,IC50,6.26,8.2,CHEMBL3429403
Tivozanib (AV-951),CHEMBL1289494,CHEMBL3830,Q2M2I8,AP2-associated protein kinase 1,Kd,30000.0,4.52,CHEMBL3991602
Tivozanib (AV-951),CHEMBL1289494,CHEMBL1862,P00519,Tyrosine-protein kinase ABL1,Kd,195.0,6.71,CHEMBL3991603
Tivozanib (AV-951),CHEMBL1289494,CHEMBL4014,P42684,Tyrosine-protein kinase ABL2,Kd,302.0,6.52,CHEMBL3991604
Tivozanib (AV-951),CHEMBL1289494,CHEMBL4105816,Q6JQN1,Acyl-CoA dehydrogenase family member 10,Kd,30000.0,4.52,CHEMBL3991605
Tivozanib (AV-951),CHEMBL1289494,CHEMBL4105707,Q709F0,Acyl-CoA dehydrogenase family member 11,Kd,30000.0,4.52,CHEMBL3991606
Tivozanib (AV-951),CHEMBL1289494,CHEMBL4105892,P49748,"Very long-chain specific acyl-CoA dehydrogenase, mitochondrial",Kd,30000.0,4.52,CHEMBL3991607
Tivozanib (AV-951),CHEMBL1289494,CHEMBL4105748,Q15067,Peroxisomal acyl-coenzyme A oxidase 1,Kd,30000.0,4.52,CHEMBL3991608
Tivozanib (AV-951),CHEMBL1289494,CHEMBL4105817,O15254,Peroxisomal acyl-coenzyme A oxidase 3,Kd,30000.0,4.52,CHEMBL3991609
Tivozanib (AV-951),CHEMBL1289494,CHEMBL4105818,Q9ULC5,Long-chain-fatty-acid--CoA ligase 5,Kd,30000.0,4.52,CHEMBL3991610
Tivozanib (AV-951),CHEMBL1289494,CHEMBL6090,P61160,Actin-related protein 2,Kd,30000.0,4.52,CHEMBL3991611
Tivozanib (AV-951),CHEMBL1289494,CHEMBL4105857,P61158,Actin-related protein 3,Kd,30000.0,4.52,CHEMBL3991612
Tivozanib (AV-951),CHEMBL1289494,CHEMBL5903,Q04771,Activin receptor type-1,Kd,30000.0,4.52,CHEMBL3991613
Tivozanib (AV-951),CHEMBL1289494,CHEMBL5310,P36896,Activin receptor type-1B,Kd,30000.0,4.52,CHEMBL3991614
Tivozanib (AV-951),CHEMBL1289494,CHEMBL5466,Q13705,Activin receptor type-2B,Kd,30000.0,4.52,CHEMBL3991615
Tivozanib (AV-951),CHEMBL1289494,CHEMBL4105885,Q86TW2,AarF domain-containing protein kinase 1,Kd,30000.0,4.52,CHEMBL3991617
Tivozanib (AV-951),CHEMBL1289494,CHEMBL5550,Q8NI60,"Atypical kinase COQ8A, mitochondrial",Kd,30000.0,4.52,CHEMBL3991618
Tivozanib (AV-951),CHEMBL1289494,CHEMBL4105886,Q3MIX3,Uncharacterized aarF domain-containing protein kinase 5,Kd,30000.0,4.52,CHEMBL3991619
Tivozanib (AV-951),CHEMBL1289494,CHEMBL3589,P55263,Adenosine kinase,Kd,30000.0,4.52,CHEMBL3991620
Tivozanib (AV-951),CHEMBL1289494,CHEMBL4079,P25098,Beta-adrenergic receptor kinase 1,Kd,30000.0,4.52,CHEMBL3991621
Tivozanib (AV-951),CHEMBL1289494,CHEMBL4938,P54819,"Adenylate kinase 2, mitochondrial",Kd,30000.0,4.52,CHEMBL3991622
Tivozanib (AV-951),CHEMBL1289494,CHEMBL4282,P31749,RAC-alpha serine/threonine-protein kinase,Kd,30000.0,4.52,CHEMBL3991623
Tivozanib (AV-951),CHEMBL1289494,CHEMBL2431,P31751,RAC-beta serine/threonine-protein kinase,Kd,30000.0,4.52,CHEMBL3991624
Tivozanib (AV-951),CHEMBL1289494,CHEMBL4816,Q9Y243,RAC-gamma serine/threonine-protein kinase,Kd,30000.0,4.52,CHEMBL3991625
Tivozanib (AV-951),CHEMBL1289494,CHEMBL4105819,P07741,Adenine phosphoribosyltransferase,Kd,30000.0,4.52,CHEMBL3991627
Tivozanib (AV-951),CHEMBL1289494,CHEMBL1169596,P10398,Serine/threonine-protein kinase A-Raf,Kd,30000.0,4.52,CHEMBL3991628
Tivozanib (AV-951),CHEMBL1289494,CHEMBL5024,Q13535,Serine/threonine-protein kinase ATR,Kd,30000.0,4.52,CHEMBL3991629
Tivozanib (AV-951),CHEMBL1289494,CHEMBL4722,O14965,Aurora kinase A,Kd,30000.0,4.52,CHEMBL3991630
Tivozanib (AV-951),CHEMBL1289494,CHEMBL2185,Q96GD4,Aurora kinase B,Kd,1562.0,5.81,CHEMBL3991631
Tivozanib (AV-951),CHEMBL1289494,CHEMBL5146,P11274,Breakpoint cluster region protein,Kd,160.0,6.8,CHEMBL3991632
Tivozanib (AV-951),CHEMBL1289494,CHEMBL4522,Q9NSY1,BMP-2-inducible protein kinase,Kd,30000.0,4.52,CHEMBL3991633
Tivozanib (AV-951),CHEMBL1289494,CHEMBL5275,P36894,Bone morphogenetic protein receptor type-1A,Kd,30000.0,4.52,CHEMBL3991634
Tivozanib (AV-951),CHEMBL1289494,CHEMBL5476,O00238,Bone morphogenetic protein receptor type-1B,Kd,30000.0,4.52,CHEMBL3991635
Tivozanib (AV-951),CHEMBL1289494,CHEMBL5467,Q13873,Bone morphogenetic protein receptor type-2,Kd,30000.0,4.52,CHEMBL3991636
Tivozanib (AV-951),CHEMBL1289494,CHEMBL5145,P15056,Serine/threonine-protein kinase B-raf,Kd,30000.0,4.52,CHEMBL3991637
Tivozanib (AV-951),CHEMBL1289494,CHEMBL5251,Q06187,Tyrosine-protein kinase BTK,Kd,30000.0,4.52,CHEMBL3991638
Tivozanib (AV-951),CHEMBL1289494,CHEMBL1772932,O43683,Mitotic checkpoint serine/threonine-protein kinase BUB1,Kd,30000.0,4.52,CHEMBL3991639
Tivozanib (AV-951),CHEMBL1289494,CHEMBL2801,Q13557,Calcium/calmodulin-dependent protein kinase type II subunit delta,Kd,30000.0,4.52,CHEMBL3991641
Tivozanib (AV-951),CHEMBL1289494,CHEMBL3829,Q13555,Calcium/calmodulin-dependent protein kinase type II subunit gamma,Kd,30000.0,4.52,CHEMBL3991642
Tivozanib (AV-951),CHEMBL1289494,CHEMBL2494,Q16566,Calcium/calmodulin-dependent protein kinase type IV,Kd,30000.0,4.52,CHEMBL3991643
Tivozanib (AV-951),CHEMBL1289494,CHEMBL5284,Q96RR4,Calcium/calmodulin-dependent protein kinase kinase 2,Kd,30000.0,4.52,CHEMBL3991644
Tivozanib (AV-951),CHEMBL1289494,CHEMBL4105937,P49589,"Cysteine--tRNA ligase, cytoplasmic",Kd,30000.0,4.52,CHEMBL3991645
Tivozanib (AV-951),CHEMBL1289494,CHEMBL4516,Q5VT25,Serine/threonine-protein kinase MRCK alpha,Kd,30000.0,4.52,CHEMBL3991646
Tivozanib (AV-951),CHEMBL1289494,CHEMBL5052,Q9Y5S2,Serine/threonine-protein kinase MRCK beta,Kd,30000.0,4.52,CHEMBL3991647
Tivozanib (AV-951),CHEMBL1289494,CHEMBL5615,Q6DT37,Serine/threonine-protein kinase MRCK gamma,Kd,30000.0,4.52,CHEMBL3991648
Tivozanib (AV-951),CHEMBL1289494,CHEMBL308,P06493,Cyclin-dependent kinase 1,Kd,30000.0,4.52,CHEMBL3991650
Tivozanib (AV-951),CHEMBL1289494,CHEMBL1795191,Q15131,Cyclin-dependent kinase 10,Kd,30000.0,4.52,CHEMBL3991651
Tivozanib (AV-951),CHEMBL1289494,CHEMBL3559692,Q9NYV4,Cyclin-dependent kinase 12,Kd,30000.0,4.52,CHEMBL3991652
Tivozanib (AV-951),CHEMBL1289494,CHEMBL1795192,Q14004,Cyclin-dependent kinase 13,Kd,30000.0,4.52,CHEMBL3991653
Tivozanib (AV-951),CHEMBL1289494,CHEMBL4597,Q00536,Cyclin-dependent kinase 16,Kd,30000.0,4.52,CHEMBL3991654
Tivozanib (AV-951),CHEMBL1289494,CHEMBL5790,Q00537,Cyclin-dependent kinase 17,Kd,30000.0,4.52,CHEMBL3991655
Tivozanib (AV-951),CHEMBL1289494,CHEMBL301,P24941,Cyclin-dependent kinase 2,Kd,30000.0,4.52,CHEMBL3991657
Tivozanib (AV-951),CHEMBL1289494,CHEMBL4442,Q00526,Cyclin-dependent kinase 3,Kd,30000.0,4.52,CHEMBL3991658
Tivozanib (AV-951),CHEMBL1289494,CHEMBL331,P11802,Cyclin-dependent kinase 4,Kd,30000.0,4.52,CHEMBL3991659
Tivozanib (AV-951),CHEMBL1289494,CHEMBL4036,Q00535,Cyclin-dependent kinase 5,Kd,30000.0,4.52,CHEMBL3991660
Tivozanib (AV-951),CHEMBL1289494,CHEMBL2508,Q00534,Cyclin-dependent kinase 6,Kd,30000.0,4.52,CHEMBL3991661
Tivozanib (AV-951),CHEMBL1289494,CHEMBL3055,P50613,Cyclin-dependent kinase 7,Kd,30000.0,4.52,CHEMBL3991662
Tivozanib (AV-951),CHEMBL1289494,CHEMBL3116,P50750,Cyclin-dependent kinase 9,Kd,30000.0,4.52,CHEMBL3991663
Tivozanib (AV-951),CHEMBL1289494,CHEMBL1163112,O76039,Cyclin-dependent kinase-like 5,Kd,30000.0,4.52,CHEMBL3991664
Tivozanib (AV-951),CHEMBL1289494,CHEMBL4105742,Q14839,Chromodomain-helicase-DNA-binding protein 4,Kd,30000.0,4.52,CHEMBL3991665
Tivozanib (AV-951),CHEMBL1289494,CHEMBL4630,O14757,Serine/threonine-protein kinase Chk1,Kd,30000.0,4.52,CHEMBL3991666
Tivozanib (AV-951),CHEMBL1289494,CHEMBL5579,O14578,Citron Rho-interacting kinase,Kd,30000.0,4.52,CHEMBL3991667
Tivozanib (AV-951),CHEMBL1289494,CHEMBL4224,P49759,Dual specificity protein kinase CLK1,Kd,30000.0,4.52,CHEMBL3991668
Tivozanib (AV-951),CHEMBL1289494,CHEMBL4225,P49760,Dual specificity protein kinase CLK2,Kd,30000.0,4.52,CHEMBL3991669
Tivozanib (AV-951),CHEMBL1289494,CHEMBL4203,Q9HAZ1,Dual specificity protein kinase CLK4,Kd,30000.0,4.52,CHEMBL3991671
Tivozanib (AV-951),CHEMBL1289494,CHEMBL5681,P30085,UMP-CMP kinase,Kd,30000.0,4.52,CHEMBL3991672
Tivozanib (AV-951),CHEMBL1289494,CHEMBL2634,P41240,Tyrosine-protein kinase CSK,Kd,30000.0,4.52,CHEMBL3991673
Tivozanib (AV-951),CHEMBL1289494,CHEMBL2793,P48729,Casein kinase I isoform alpha,Kd,30000.0,4.52,CHEMBL3991674
Tivozanib (AV-951),CHEMBL1289494,CHEMBL2828,P48730,Casein kinase I isoform delta,Kd,30000.0,4.52,CHEMBL3991675
Tivozanib (AV-951),CHEMBL1289494,CHEMBL4937,P49674,Casein kinase I isoform epsilon,Kd,30000.0,4.52,CHEMBL3991676
Tivozanib (AV-951),CHEMBL1289494,CHEMBL2426,Q9HCP0,Casein kinase I isoform gamma-1,Kd,30000.0,4.52,CHEMBL3991677
Tivozanib (AV-951),CHEMBL1289494,CHEMBL2543,P78368,Casein kinase I isoform gamma-2,Kd,30000.0,4.52,CHEMBL3991678
Tivozanib (AV-951),CHEMBL1289494,CHEMBL5084,Q9Y6M4,Casein kinase I isoform gamma-3,Kd,30000.0,4.52,CHEMBL3991679
Tivozanib (AV-951),CHEMBL1289494,CHEMBL4070,P19784,Casein kinase II subunit alpha',Kd,30000.0,4.52,CHEMBL3991681
Tivozanib (AV-951),CHEMBL1289494,CHEMBL4105975,P08574,"Cytochrome c1, heme protein, mitochondrial",Kd,30000.0,4.52,CHEMBL3991682
Tivozanib (AV-951),CHEMBL1289494,CHEMBL2447,P27707,Deoxycytidine kinase,Kd,30000.0,4.52,CHEMBL3991683
Tivozanib (AV-951),CHEMBL1289494,CHEMBL3769292,Q9H773,dCTP pyrophosphatase 1,Kd,30000.0,4.52,CHEMBL3991684
Tivozanib (AV-951),CHEMBL1289494,CHEMBL5319,Q08345,Epithelial discoidin domain-containing receptor 1,Kd,190.0,6.72,CHEMBL3991685
Tivozanib (AV-951),CHEMBL1289494,CHEMBL5122,Q16832,Discoidin domain-containing receptor 2,Kd,592.0,6.23,CHEMBL3991686
Tivozanib (AV-951),CHEMBL1289494,CHEMBL2010634,Q92499,ATP-dependent RNA helicase DDX1,Kd,30000.0,4.52,CHEMBL3991687
Tivozanib (AV-951),CHEMBL1289494,CHEMBL5553,O00571,ATP-dependent RNA helicase DDX3X,Kd,30000.0,4.52,CHEMBL3991688
Tivozanib (AV-951),CHEMBL1289494,CHEMBL4105782,Q86XP3,ATP-dependent RNA helicase DDX42,Kd,30000.0,4.52,CHEMBL3991689
Tivozanib (AV-951),CHEMBL1289494,CHEMBL4105783,P26196,Probable ATP-dependent RNA helicase DDX6,Kd,30000.0,4.52,CHEMBL3991690
Tivozanib (AV-951),CHEMBL1289494,CHEMBL2331059,Q15392,Delta(24)-sterol reductase,Kd,30000.0,4.52,CHEMBL3991691
Tivozanib (AV-951),CHEMBL1289494,CHEMBL2189122,P31689,DnaJ homolog subfamily A member 1,Kd,30000.0,4.52,CHEMBL3991693
Tivozanib (AV-951),CHEMBL1289494,CHEMBL2292,Q13627,Dual specificity tyrosine-phosphorylation-regulated kinase 1A,Kd,30000.0,4.52,CHEMBL3991694
Tivozanib (AV-951),CHEMBL1289494,CHEMBL203,P00533,Epidermal growth factor receptor,Kd,30000.0,4.52,CHEMBL3991696
Tivozanib (AV-951),CHEMBL1289494,CHEMBL6029,Q9BQI3,Eukaryotic translation initiation factor 2-alpha kinase 1,Kd,30000.0,4.52,CHEMBL3991697
Tivozanib (AV-951),CHEMBL1289494,CHEMBL4105852,O60841,Eukaryotic translation initiation factor 5B,Kd,30000.0,4.52,CHEMBL3991699
Tivozanib (AV-951),CHEMBL1289494,CHEMBL5810,P21709,Ephrin type-A receptor 1,Kd,30000.0,4.52,CHEMBL3991700
Tofacitinib (CP-690550),CHEMBL221959,CHEMBL2148,P52333,Tyrosine-protein kinase JAK3,IC50,13.0,7.89,CHEMBL908417
Tofacitinib (CP-690550),CHEMBL221959,CHEMBL2971,O60674,Tyrosine-protein kinase JAK2,IC50,11.0,7.96,CHEMBL908418
Tofacitinib (CP-690550),CHEMBL221959,CHEMBL612552,,TF-1,IC50,80.0,7.1,CHEMBL908421
Tofacitinib (CP-690550),CHEMBL221959,CHEMBL612552,,TF-1,IC50,800.0,6.1,CHEMBL908422
Tofacitinib (CP-690550),CHEMBL221959,CHEMBL2148,P52333,Tyrosine-protein kinase JAK3,IC50,13.0,7.89,CHEMBL897051
Tofacitinib (CP-690550),CHEMBL221959,CHEMBL2971,O60674,Tyrosine-protein kinase JAK2,IC50,11.0,7.96,CHEMBL897052
Tofacitinib (CP-690550),CHEMBL221959,CHEMBL612552,,TF-1,IC50,80.0,7.1,CHEMBL897053
Tofacitinib (CP-690550),CHEMBL221959,CHEMBL612552,,TF-1,IC50,800.0,6.1,CHEMBL897054
Tofacitinib (CP-690550),CHEMBL221959,CHEMBL2148,P52333,Tyrosine-protein kinase JAK3,IC50,1.0,9.0,CHEMBL1019774
Tofacitinib (CP-690550),CHEMBL221959,CHEMBL2971,O60674,Tyrosine-protein kinase JAK2,IC50,20.0,7.7,CHEMBL1019775
Tofacitinib (CP-690550),CHEMBL221959,CHEMBL2835,P23458,Tyrosine-protein kinase JAK1,IC50,112.0,6.95,CHEMBL1019776
Tofacitinib (CP-690550),CHEMBL221959,CHEMBL2973,O75116,Rho-associated protein kinase 2,IC50,3400.0,5.47,CHEMBL1019777
Tofacitinib (CP-690550),CHEMBL221959,CHEMBL2148,P52333,Tyrosine-protein kinase JAK3,Kd,0.7,9.15,CHEMBL1019774
Tofacitinib (CP-690550),CHEMBL221959,CHEMBL2971,O60674,Tyrosine-protein kinase JAK2,Kd,1.8,8.74,CHEMBL1019775
Tofacitinib (CP-690550),CHEMBL221959,CHEMBL6123,Q9C098,Serine/threonine-protein kinase DCLK3,Kd,4.5,8.35,CHEMBL1019780
Tofacitinib (CP-690550),CHEMBL221959,CHEMBL4708,Q13188,Serine/threonine-protein kinase 3,Kd,4300.0,5.37,CHEMBL1019781
Tofacitinib (CP-690550),CHEMBL221959,CHEMBL3384,Q16512,Serine/threonine-protein kinase N1,Kd,200.0,6.7,CHEMBL1019782
Tofacitinib (CP-690550),CHEMBL221959,CHEMBL3906,Q15349,Ribosomal protein S6 kinase alpha-2,Kd,1400.0,5.85,CHEMBL1019783
Tofacitinib (CP-690550),CHEMBL221959,CHEMBL4924,Q9UK32,Ribosomal protein S6 kinase alpha-6,Kd,1200.0,5.92,CHEMBL1019784
Tofacitinib (CP-690550),CHEMBL221959,CHEMBL5698,Q9H093,NUAK family SNF1-like kinase 2,Kd,420.0,6.38,CHEMBL1017050
Tofacitinib (CP-690550),CHEMBL221959,CHEMBL5334,Q13470,Non-receptor tyrosine-protein kinase TNK1,Kd,640.0,6.19,CHEMBL1017051
Tofacitinib (CP-690550),CHEMBL221959,CHEMBL3553,P29597,Non-receptor tyrosine-protein kinase TYK2,Kd,250.0,6.6,CHEMBL1017052
Tofacitinib (CP-690550),CHEMBL221959,CHEMBL2493,Q14012,Calcium/calmodulin-dependent protein kinase type 1,Kd,5000.0,5.3,CHEMBL1019779
Tofacitinib (CP-690550),CHEMBL221959,CHEMBL2835,P23458,Tyrosine-protein kinase JAK1,Kd,1.7,8.77,CHEMBL1019776
Tofacitinib (CP-690550),CHEMBL221959,CHEMBL258,P06239,Tyrosine-protein kinase Lck,IC50,3870.0,5.41,CHEMBL1019778
Tofacitinib (CP-690550),CHEMBL221959,CHEMBL2971,O60674,Tyrosine-protein kinase JAK2,IC50,20.0,7.7,CHEMBL1016953
Tofacitinib (CP-690550),CHEMBL221959,CHEMBL2835,P23458,Tyrosine-protein kinase JAK1,IC50,112.0,6.95,CHEMBL1016954
Tofacitinib (CP-690550),CHEMBL221959,CHEMBL397,,Jurkat,IC50,7840.0,5.11,CHEMBL1016089
Tofacitinib (CP-690550),CHEMBL221959,CHEMBL614071,,HFF,IC50,10000.0,5.0,CHEMBL1016090
Tofacitinib (CP-690550),CHEMBL221959,CHEMBL2973,O75116,Rho-associated protein kinase 2,IC50,3400.0,5.47,CHEMBL1016952
Tofacitinib (CP-690550),CHEMBL221959,CHEMBL258,P06239,Tyrosine-protein kinase Lck,IC50,3870.0,5.41,CHEMBL1016951
Tofacitinib (CP-690550),CHEMBL221959,CHEMBL1981,P06213,Insulin receptor,IC50,10000.0,5.0,CHEMBL1016950
Tofacitinib (CP-690550),CHEMBL221959,CHEMBL4036,Q00535,Cyclin-dependent kinase 5,IC50,10000.0,5.0,CHEMBL1016948
Tofacitinib (CP-690550),CHEMBL221959,CHEMBL301,P24941,Cyclin-dependent kinase 2,IC50,10000.0,5.0,CHEMBL1016949
Tofacitinib (CP-690550),CHEMBL221959,CHEMBL203,P00533,Epidermal growth factor receptor,IC50,10000.0,5.0,CHEMBL1016947
Tofacitinib (CP-690550),CHEMBL221959,CHEMBL2208,P49137,MAP kinase-activated protein kinase 2,IC50,10000.0,5.0,CHEMBL1016945
Tofacitinib (CP-690550),CHEMBL221959,CHEMBL2276,P45983,Mitogen-activated protein kinase 8,IC50,10000.0,5.0,CHEMBL1016946
Tofacitinib (CP-690550),CHEMBL221959,CHEMBL260,Q16539,Mitogen-activated protein kinase 14,IC50,10000.0,5.0,CHEMBL1016944
Tofacitinib (CP-690550),CHEMBL221959,CHEMBL3961,Q15759,Mitogen-activated protein kinase 11,IC50,10000.0,5.0,CHEMBL1016942
Tofacitinib (CP-690550),CHEMBL221959,CHEMBL4674,P53778,Mitogen-activated protein kinase 12,IC50,10000.0,5.0,CHEMBL1016943
Tofacitinib (CP-690550),CHEMBL221959,CHEMBL2939,O15264,Mitogen-activated protein kinase 13,IC50,10000.0,5.0,CHEMBL1016941
Tofacitinib (CP-690550),CHEMBL221959,CHEMBL2345,P51812,Ribosomal protein S6 kinase alpha-3,IC50,10000.0,5.0,CHEMBL1016940
Tofacitinib (CP-690550),CHEMBL221959,CHEMBL2208,P49137,MAP kinase-activated protein kinase 2,IC50,10000.0,5.0,CHEMBL1016939
Tofacitinib (CP-690550),CHEMBL221959,CHEMBL4237,O75582,Ribosomal protein S6 kinase alpha-5,IC50,10000.0,5.0,CHEMBL1016937
Tofacitinib (CP-690550),CHEMBL221959,CHEMBL3094,Q8IW41,MAP kinase-activated protein kinase 5,IC50,10000.0,5.0,CHEMBL1016938
Tofacitinib (CP-690550),CHEMBL221959,CHEMBL299,P17252,Protein kinase C alpha type,IC50,10000.0,5.0,CHEMBL1015222
Tofacitinib (CP-690550),CHEMBL221959,CHEMBL4766,Q15118,"[Pyruvate dehydrogenase (acetyl-transferring)] kinase isozyme 1, mitochondrial",IC50,10000.0,5.0,CHEMBL1015223
Tofacitinib (CP-690550),CHEMBL221959,CHEMBL4282,P31749,RAC-alpha serine/threonine-protein kinase,IC50,10000.0,5.0,CHEMBL1015224
Tofacitinib (CP-690550),CHEMBL221959,CHEMBL2343,O00141,Serine/threonine-protein kinase Sgk1,IC50,10000.0,5.0,CHEMBL1015225
Tofacitinib (CP-690550),CHEMBL221959,CHEMBL4501,P23443,Ribosomal protein S6 kinase beta-1,IC50,10000.0,5.0,CHEMBL1015226
Tofacitinib (CP-690550),CHEMBL221959,CHEMBL262,P49841,Glycogen synthase kinase-3 beta,IC50,10000.0,5.0,CHEMBL1015227
Tofacitinib (CP-690550),CHEMBL221959,CHEMBL4630,O14757,Serine/threonine-protein kinase Chk1,IC50,10000.0,5.0,CHEMBL1015229
Tofacitinib (CP-690550),CHEMBL221959,CHEMBL2634,P41240,Tyrosine-protein kinase CSK,IC50,10000.0,5.0,CHEMBL1015231
Tofacitinib (CP-690550),CHEMBL221959,CHEMBL301,P24941,Cyclin-dependent kinase 2,IC50,10000.0,5.0,CHEMBL1015232
Tofacitinib (CP-690550),CHEMBL221959,CHEMBL4005,P42336,"Phosphatidylinositol 4,5-bisphosphate 3-kinase catalytic subunit alpha isoform",IC50,10000.0,5.0,CHEMBL1015233
Tofacitinib (CP-690550),CHEMBL221959,CHEMBL1974,P36888,Receptor-type tyrosine-protein kinase FLT3,Kd,10000.0,5.0,CHEMBL1063729
Tofacitinib (CP-690550),CHEMBL221959,CHEMBL1974,P36888,Receptor-type tyrosine-protein kinase FLT3,Kd,10000.0,5.0,CHEMBL1061073
Tofacitinib (CP-690550),CHEMBL221959,CHEMBL1955,P35916,Vascular endothelial growth factor receptor 3,Kd,10000.0,5.0,CHEMBL1060246
Tofacitinib (CP-690550),CHEMBL221959,CHEMBL4223,P42685,Tyrosine-protein kinase FRK,Kd,10000.0,5.0,CHEMBL1060247
Tofacitinib (CP-690550),CHEMBL221959,CHEMBL2999,O75914,Serine/threonine-protein kinase PAK 3,Kd,10000.0,5.0,CHEMBL1062779
Tofacitinib (CP-690550),CHEMBL221959,CHEMBL5790,Q00537,Cyclin-dependent kinase 17,Kd,10000.0,5.0,CHEMBL1051349
Tofacitinib (CP-690550),CHEMBL221959,CHEMBL5316,Q07002,Cyclin-dependent kinase 18,Kd,10000.0,5.0,CHEMBL1062782
Tofacitinib (CP-690550),CHEMBL221959,CHEMBL2534,O15530,3-phosphoinositide-dependent protein kinase 1,Kd,10000.0,5.0,CHEMBL1061922
Tofacitinib (CP-690550),CHEMBL221959,CHEMBL6162,O94921,Cyclin-dependent kinase 14,Kd,10000.0,5.0,CHEMBL1051350
Tofacitinib (CP-690550),CHEMBL221959,CHEMBL4004,Q16816,"Phosphorylase b kinase gamma catalytic chain, skeletal muscle/heart isoform",Kd,10000.0,5.0,CHEMBL1061153
Tofacitinib (CP-690550),CHEMBL221959,CHEMBL5969,Q99755,Phosphatidylinositol 4-phosphate 5-kinase type-1 alpha,Kd,10000.0,5.0,CHEMBL1061923
Tofacitinib (CP-690550),CHEMBL221959,CHEMBL5667,P78356,Phosphatidylinositol 5-phosphate 4-kinase type-2 beta,Kd,10000.0,5.0,CHEMBL1062784
Tofacitinib (CP-690550),CHEMBL221959,CHEMBL4924,Q9UK32,Ribosomal protein S6 kinase alpha-6,Kd,10000.0,5.0,CHEMBL1039275
Tofacitinib (CP-690550),CHEMBL221959,CHEMBL4924,Q9UK32,Ribosomal protein S6 kinase alpha-6,Kd,1200.0,5.92,CHEMBL1061926
Tofacitinib (CP-690550),CHEMBL221959,CHEMBL5426,Q86YV6,Myosin light chain kinase family member 4,Kd,10000.0,5.0,CHEMBL1051352
Tofacitinib (CP-690550),CHEMBL221959,CHEMBL4202,Q9H2G2,STE20-like serine/threonine-protein kinase,Kd,10000.0,5.0,CHEMBL1062787
Tofacitinib (CP-690550),CHEMBL221959,CHEMBL279,P35968,Vascular endothelial growth factor receptor 2,Kd,10000.0,5.0,CHEMBL1051261
Tofacitinib (CP-690550),CHEMBL221959,CHEMBL5491,P30291,Wee1-like protein kinase,Kd,10000.0,5.0,CHEMBL1061935
Tofacitinib (CP-690550),CHEMBL221959,CHEMBL5405,Q86UX6,Serine/threonine-protein kinase 32C,Kd,10000.0,5.0,CHEMBL1062789
Tofacitinib (CP-690550),CHEMBL221959,CHEMBL2073,P07947,Tyrosine-protein kinase Yes,Kd,10000.0,5.0,CHEMBL1051262
Tofacitinib (CP-690550),CHEMBL221959,CHEMBL5552,O00506,Serine/threonine-protein kinase 25,Kd,10000.0,5.0,CHEMBL1051263
Tofacitinib (CP-690550),CHEMBL221959,CHEMBL3886,Q9NYL2,Mitogen-activated protein kinase kinase kinase 20,Kd,10000.0,5.0,CHEMBL1051317
Tofacitinib (CP-690550),CHEMBL221959,CHEMBL2803,P43403,Tyrosine-protein kinase ZAP-70,Kd,10000.0,5.0,CHEMBL1061189
Tofacitinib (CP-690550),CHEMBL221959,CHEMBL2918,P22694,cAMP-dependent protein kinase catalytic subunit beta,Kd,10000.0,5.0,CHEMBL1039274
Tofacitinib (CP-690550),CHEMBL221959,CHEMBL5818,P51817,cAMP-dependent protein kinase catalytic subunit PRKX,Kd,10000.0,5.0,CHEMBL1061157
Tofacitinib (CP-690550),CHEMBL221959,CHEMBL5469,Q14289,Protein-tyrosine kinase 2-beta,Kd,10000.0,5.0,CHEMBL1061158
Tofacitinib (CP-690550),CHEMBL221959,CHEMBL5975,Q9BRS2,Serine/threonine-protein kinase RIO1,Kd,10000.0,5.0,CHEMBL1051258
Tofacitinib (CP-690550),CHEMBL221959,CHEMBL4226,P49761,Dual specificity protein kinase CLK3,Kd,10000.0,5.0,CHEMBL1060240
Tofacitinib (CP-690550),CHEMBL221959,CHEMBL2634,P41240,Tyrosine-protein kinase CSK,Kd,10000.0,5.0,CHEMBL1037547
Tofacitinib (CP-690550),CHEMBL221959,CHEMBL5520,Q8N752,Casein kinase I isoform alpha-like,Kd,10000.0,5.0,CHEMBL1063703
Tofacitinib (CP-690550),CHEMBL221959,CHEMBL2828,P48730,Casein kinase I isoform delta,Kd,10000.0,5.0,CHEMBL1050829
Tofacitinib (CP-690550),CHEMBL221959,CHEMBL4937,P49674,Casein kinase I isoform epsilon,Kd,10000.0,5.0,CHEMBL1050834
Tofacitinib (CP-690550),CHEMBL221959,CHEMBL2543,P78368,Casein kinase I isoform gamma-2,Kd,10000.0,5.0,CHEMBL1063704
Tofacitinib (CP-690550),CHEMBL221959,CHEMBL5084,Q9Y6M4,Casein kinase I isoform gamma-3,Kd,10000.0,5.0,CHEMBL1051284
Tofacitinib (CP-690550),CHEMBL221959,CHEMBL4128,Q02763,Angiopoietin-1 receptor,Kd,10000.0,5.0,CHEMBL1051315
Tofacitinib (CP-690550),CHEMBL221959,CHEMBL5388,Q9UKI8,Serine/threonine-protein kinase tousled-like 1,Kd,10000.0,5.0,CHEMBL1061931
Tofacitinib (CP-690550),CHEMBL221959,CHEMBL5404,Q86UE8,Serine/threonine-protein kinase tousled-like 2,Kd,10000.0,5.0,CHEMBL1061984
Tofacitinib (CP-690550),CHEMBL221959,CHEMBL4527,Q9UKE5,TRAF2 and NCK-interacting protein kinase,Kd,10000.0,5.0,CHEMBL1062874
Tofacitinib (CP-690550),CHEMBL221959,CHEMBL4599,Q07912,Activated CDC42 kinase 1,Kd,10000.0,5.0,CHEMBL1051355
Tofacitinib (CP-690550),CHEMBL221959,CHEMBL2815,P04629,High affinity nerve growth factor receptor,Kd,10000.0,5.0,CHEMBL1061933
Tofacitinib (CP-690550),CHEMBL221959,CHEMBL4898,Q16620,BDNF/NT-3 growth factors receptor,Kd,10000.0,5.0,CHEMBL1062875
Tofacitinib (CP-690550),CHEMBL221959,CHEMBL5608,Q16288,NT-3 growth factor receptor,Kd,10000.0,5.0,CHEMBL1041998
Tofacitinib (CP-690550),CHEMBL221959,CHEMBL3983,P33981,Dual specificity protein kinase TTK,Kd,10000.0,5.0,CHEMBL1061934
Tofacitinib (CP-690550),CHEMBL221959,CHEMBL4367,P42681,Tyrosine-protein kinase TXK,Kd,10000.0,5.0,CHEMBL1061187
Tofacitinib (CP-690550),CHEMBL221959,CHEMBL3629,P68400,Casein kinase II subunit alpha,Kd,10000.0,5.0,CHEMBL1060241
Tozasertib (VX-680),CHEMBL572878,CHEMBL4722,O14965,Aurora kinase A,Ki,0.6,9.22,CHEMBL873731
Tozasertib (VX-680),CHEMBL572878,CHEMBL2185,Q96GD4,Aurora kinase B,Ki,18.0,7.74,CHEMBL873732
Tozasertib (VX-680),CHEMBL572878,CHEMBL3935,Q9UQB9,Aurora kinase C,Ki,4.6,8.34,CHEMBL873733
Tozasertib (VX-680),CHEMBL572878,CHEMBL1974,P36888,Receptor-type tyrosine-protein kinase FLT3,Ki,30.0,7.52,CHEMBL873734
Tozasertib (VX-680),CHEMBL572878,CHEMBL4722,O14965,Aurora kinase A,Ki,0.6,9.22,CHEMBL931996
Tozasertib (VX-680),CHEMBL572878,CHEMBL2185,Q96GD4,Aurora kinase B,Ki,1.8,8.74,CHEMBL931997
Tozasertib (VX-680),CHEMBL572878,CHEMBL3935,Q9UQB9,Aurora kinase C,Ki,4.6,8.34,CHEMBL931998
Tozasertib (VX-680),CHEMBL572878,CHEMBL1974,P36888,Receptor-type tyrosine-protein kinase FLT3,IC50,30.0,7.52,CHEMBL974020
Tozasertib (VX-680),CHEMBL572878,CHEMBL5910,Q9NWT8,Small ribosomal subunit protein mS38,Ki,0.6,9.22,CHEMBL974017
Tozasertib (VX-680),CHEMBL572878,CHEMBL2185,Q96GD4,Aurora kinase B,Ki,18.0,7.74,CHEMBL974018
Tozasertib (VX-680),CHEMBL572878,CHEMBL3935,Q9UQB9,Aurora kinase C,Ki,4.6,8.34,CHEMBL974019
Tozasertib (VX-680),CHEMBL572878,CHEMBL394,,HCT-116,IC50,24.0,7.62,CHEMBL1009886
Tozasertib (VX-680),CHEMBL572878,CHEMBL4722,O14965,Aurora kinase A,IC50,1.4,8.85,CHEMBL1009880
Tozasertib (VX-680),CHEMBL572878,CHEMBL2185,Q96GD4,Aurora kinase B,IC50,17.0,7.77,CHEMBL1009881
Tozasertib (VX-680),CHEMBL572878,CHEMBL4852,Q9Y4K4,Mitogen-activated protein kinase kinase kinase kinase 5,Kd,53.0,7.28,CHEMBL988918
Tozasertib (VX-680),CHEMBL572878,CHEMBL1981,P06213,Insulin receptor,Kd,506.0,6.3,CHEMBL988919
Tozasertib (VX-680),CHEMBL572878,CHEMBL5483,P14616,Insulin receptor-related protein,Kd,276.0,6.56,CHEMBL988920
Tozasertib (VX-680),CHEMBL572878,CHEMBL5334,Q13470,Non-receptor tyrosine-protein kinase TNK1,Kd,85.0,7.07,CHEMBL988921
Tozasertib (VX-680),CHEMBL572878,CHEMBL4722,O14965,Aurora kinase A,Ki,0.6,9.22,CHEMBL1025765
Tozasertib (VX-680),CHEMBL572878,CHEMBL2185,Q96GD4,Aurora kinase B,Ki,18.0,7.74,CHEMBL1025767
Tozasertib (VX-680),CHEMBL572878,CHEMBL3935,Q9UQB9,Aurora kinase C,Ki,4.6,8.34,CHEMBL1025768
Tozasertib (VX-680),CHEMBL572878,CHEMBL1974,P36888,Receptor-type tyrosine-protein kinase FLT3,Ki,30.0,7.52,CHEMBL1025769
Tozasertib (VX-680),CHEMBL572878,CHEMBL4722,O14965,Aurora kinase A,Ki,0.6,9.22,CHEMBL993738
Tozasertib (VX-680),CHEMBL572878,CHEMBL2185,Q96GD4,Aurora kinase B,Ki,18.0,7.74,CHEMBL993739
Tozasertib (VX-680),CHEMBL572878,CHEMBL3935,Q9UQB9,Aurora kinase C,Ki,4.6,8.34,CHEMBL993742
Tozasertib (VX-680),CHEMBL572878,CHEMBL258,P06239,Tyrosine-protein kinase Lck,Ki,80.0,7.1,CHEMBL993743
Tozasertib (VX-680),CHEMBL572878,CHEMBL1974,P36888,Receptor-type tyrosine-protein kinase FLT3,Ki,30.0,7.52,CHEMBL981407
Tozasertib (VX-680),CHEMBL572878,CHEMBL1862,P00519,Tyrosine-protein kinase ABL1,Ki,30.0,7.52,CHEMBL981408
Tozasertib (VX-680),CHEMBL572878,CHEMBL1862,P00519,Tyrosine-protein kinase ABL1,Ki,42.0,7.38,CHEMBL981409
Tozasertib (VX-680),CHEMBL572878,CHEMBL2971,O60674,Tyrosine-protein kinase JAK2,Kd,190.0,6.72,CHEMBL981410
Tozasertib (VX-680),CHEMBL572878,CHEMBL3788,O00444,Serine/threonine-protein kinase PLK4,Kd,9.0,8.05,CHEMBL981411
Tozasertib (VX-680),CHEMBL572878,CHEMBL2041,P07949,Proto-oncogene tyrosine-protein kinase receptor Ret,Kd,28.0,7.55,CHEMBL981412
Tozasertib (VX-680),CHEMBL572878,CHEMBL2815,P04629,High affinity nerve growth factor receptor,Kd,38.0,7.42,CHEMBL981413
Tozasertib (VX-680),CHEMBL572878,CHEMBL4014,P42684,Tyrosine-protein kinase ABL2,Kd,4.0,8.4,CHEMBL981439
Tozasertib (VX-680),CHEMBL572878,CHEMBL4722,O14965,Aurora kinase A,IC50,6.0,8.22,CHEMBL970765
Tozasertib (VX-680),CHEMBL572878,CHEMBL2185,Q96GD4,Aurora kinase B,IC50,30.0,7.52,CHEMBL970766
Tozasertib (VX-680),CHEMBL572878,CHEMBL384,,HT-29,IC50,150.0,6.82,CHEMBL970769
Tozasertib (VX-680),CHEMBL572878,CHEMBL387,,MCF7,IC50,48.0,7.32,CHEMBL970770
Tozasertib (VX-680),CHEMBL572878,CHEMBL394,,HCT-116,IC50,53.0,7.28,CHEMBL970771
Tozasertib (VX-680),CHEMBL572878,CHEMBL4722,O14965,Aurora kinase A,IC50,310.0,6.51,CHEMBL970773
Tozasertib (VX-680),CHEMBL572878,CHEMBL4722,O14965,Aurora kinase A,IC50,310.0,6.51,CHEMBL970774
Tozasertib (VX-680),CHEMBL572878,CHEMBL2185,Q96GD4,Aurora kinase B,IC50,740.0,6.13,CHEMBL970775
Tozasertib (VX-680),CHEMBL572878,CHEMBL2185,Q96GD4,Aurora kinase B,IC50,310.0,6.51,CHEMBL970776
Tozasertib (VX-680),CHEMBL572878,CHEMBL2185,Q96GD4,Aurora kinase B,Ki,1.8,8.74,CHEMBL1031310
Tozasertib (VX-680),CHEMBL572878,CHEMBL4722,O14965,Aurora kinase A,Ki,0.6,9.22,CHEMBL1031294
Tozasertib (VX-680),CHEMBL572878,CHEMBL2185,Q96GD4,Aurora kinase B,Ki,18.0,7.74,CHEMBL1031295
Tozasertib (VX-680),CHEMBL572878,CHEMBL614561,,COLO 205,IC50,19.0,7.72,CHEMBL1031299
Tozasertib (VX-680),CHEMBL572878,CHEMBL1974,P36888,Receptor-type tyrosine-protein kinase FLT3,Kd,45.0,7.35,CHEMBL1063729
Tozasertib (VX-680),CHEMBL572878,CHEMBL1974,P36888,Receptor-type tyrosine-protein kinase FLT3,Kd,4.3,8.37,CHEMBL1061073
Tozasertib (VX-680),CHEMBL572878,CHEMBL1955,P35916,Vascular endothelial growth factor receptor 3,Kd,1900.0,5.72,CHEMBL1060246
Tozasertib (VX-680),CHEMBL572878,CHEMBL4674,P53778,Mitogen-activated protein kinase 12,Kd,10000.0,5.0,CHEMBL1061183
Tozasertib (VX-680),CHEMBL572878,CHEMBL2999,O75914,Serine/threonine-protein kinase PAK 3,Kd,3300.0,5.48,CHEMBL1062779
Tozasertib (VX-680),CHEMBL572878,CHEMBL5790,Q00537,Cyclin-dependent kinase 17,Kd,10000.0,5.0,CHEMBL1051349
Tozasertib (VX-680),CHEMBL572878,CHEMBL5316,Q07002,Cyclin-dependent kinase 18,Kd,10000.0,5.0,CHEMBL1062782
Tozasertib (VX-680),CHEMBL572878,CHEMBL2534,O15530,3-phosphoinositide-dependent protein kinase 1,Kd,10000.0,5.0,CHEMBL1061922
Tozasertib (VX-680),CHEMBL572878,CHEMBL6162,O94921,Cyclin-dependent kinase 14,Kd,10000.0,5.0,CHEMBL1051350
Tozasertib (VX-680),CHEMBL572878,CHEMBL4004,Q16816,"Phosphorylase b kinase gamma catalytic chain, skeletal muscle/heart isoform",Kd,2200.0,5.66,CHEMBL1061153
Tozasertib (VX-680),CHEMBL572878,CHEMBL5969,Q99755,Phosphatidylinositol 4-phosphate 5-kinase type-1 alpha,Kd,130.0,6.89,CHEMBL1061923
Tozasertib (VX-680),CHEMBL572878,CHEMBL4237,O75582,Ribosomal protein S6 kinase alpha-5,Kd,10000.0,5.0,CHEMBL1056938
Tozasertib (VX-680),CHEMBL572878,CHEMBL4924,Q9UK32,Ribosomal protein S6 kinase alpha-6,Kd,10000.0,5.0,CHEMBL1039275
Tozasertib (VX-680),CHEMBL572878,CHEMBL4924,Q9UK32,Ribosomal protein S6 kinase alpha-6,Kd,10000.0,5.0,CHEMBL1061926
Tozasertib (VX-680),CHEMBL572878,CHEMBL5426,Q86YV6,Myosin light chain kinase family member 4,Kd,2200.0,5.66,CHEMBL1051352
Tozasertib (VX-680),CHEMBL572878,CHEMBL5314,Q06418,Tyrosine-protein kinase receptor TYRO3,Kd,10000.0,5.0,CHEMBL1051260
Tozasertib (VX-680),CHEMBL572878,CHEMBL279,P35968,Vascular endothelial growth factor receptor 2,Kd,2000.0,5.7,CHEMBL1051261
Tozasertib (VX-680),CHEMBL572878,CHEMBL5491,P30291,Wee1-like protein kinase,Kd,3200.0,5.49,CHEMBL1061935
Tozasertib (VX-680),CHEMBL572878,CHEMBL5405,Q86UX6,Serine/threonine-protein kinase 32C,Kd,10000.0,5.0,CHEMBL1062789
Tozasertib (VX-680),CHEMBL572878,CHEMBL2073,P07947,Tyrosine-protein kinase Yes,Kd,470.0,6.33,CHEMBL1051262
Tozasertib (VX-680),CHEMBL572878,CHEMBL5552,O00506,Serine/threonine-protein kinase 25,Kd,4800.0,5.32,CHEMBL1051263
Tozasertib (VX-680),CHEMBL572878,CHEMBL3886,Q9NYL2,Mitogen-activated protein kinase kinase kinase 20,Kd,2800.0,5.55,CHEMBL1051317
Tozasertib (VX-680),CHEMBL572878,CHEMBL2803,P43403,Tyrosine-protein kinase ZAP-70,Kd,10000.0,5.0,CHEMBL1061189
Tozasertib (VX-680),CHEMBL572878,CHEMBL5667,P78356,Phosphatidylinositol 5-phosphate 4-kinase type-2 beta,Kd,140.0,6.85,CHEMBL1062784
Tozasertib (VX-680),CHEMBL572878,CHEMBL2918,P22694,cAMP-dependent protein kinase catalytic subunit beta,Kd,10000.0,5.0,CHEMBL1039274
Tozasertib (VX-680),CHEMBL572878,CHEMBL5818,P51817,cAMP-dependent protein kinase catalytic subunit PRKX,Kd,10000.0,5.0,CHEMBL1061157
Tozasertib (VX-680),CHEMBL572878,CHEMBL5469,Q14289,Protein-tyrosine kinase 2-beta,Kd,2600.0,5.59,CHEMBL1061158
Tozasertib (VX-680),CHEMBL572878,CHEMBL4224,P49759,Dual specificity protein kinase CLK1,Kd,10000.0,5.0,CHEMBL1050838
Tozasertib (VX-680),CHEMBL572878,CHEMBL4226,P49761,Dual specificity protein kinase CLK3,Kd,10000.0,5.0,CHEMBL1060240
Tozasertib (VX-680),CHEMBL572878,CHEMBL2634,P41240,Tyrosine-protein kinase CSK,Kd,4800.0,5.32,CHEMBL1037547
Tozasertib (VX-680),CHEMBL572878,CHEMBL5520,Q8N752,Casein kinase I isoform alpha-like,Kd,10000.0,5.0,CHEMBL1063703
Tozasertib (VX-680),CHEMBL572878,CHEMBL2828,P48730,Casein kinase I isoform delta,Kd,10000.0,5.0,CHEMBL1050829
Tozasertib (VX-680),CHEMBL572878,CHEMBL4937,P49674,Casein kinase I isoform epsilon,Kd,10000.0,5.0,CHEMBL1050834
Tozasertib (VX-680),CHEMBL572878,CHEMBL2543,P78368,Casein kinase I isoform gamma-2,Kd,10000.0,5.0,CHEMBL1063704
Tozasertib (VX-680),CHEMBL572878,CHEMBL5274,P35590,Tyrosine-protein kinase receptor Tie-1,Kd,270.0,6.57,CHEMBL1061930
Tozasertib (VX-680),CHEMBL572878,CHEMBL4128,Q02763,Angiopoietin-1 receptor,Kd,450.0,6.35,CHEMBL1051315
Tozasertib (VX-680),CHEMBL572878,CHEMBL5388,Q9UKI8,Serine/threonine-protein kinase tousled-like 1,Kd,10000.0,5.0,CHEMBL1061931
Tozasertib (VX-680),CHEMBL572878,CHEMBL5404,Q86UE8,Serine/threonine-protein kinase tousled-like 2,Kd,10000.0,5.0,CHEMBL1061984
Tozasertib (VX-680),CHEMBL572878,CHEMBL4527,Q9UKE5,TRAF2 and NCK-interacting protein kinase,Kd,1800.0,5.74,CHEMBL1062874
Tozasertib (VX-680),CHEMBL572878,CHEMBL4599,Q07912,Activated CDC42 kinase 1,Kd,4400.0,5.36,CHEMBL1051355
Tozasertib (VX-680),CHEMBL572878,CHEMBL2815,P04629,High affinity nerve growth factor receptor,Kd,38.0,7.42,CHEMBL1061933
Tozasertib (VX-680),CHEMBL572878,CHEMBL4898,Q16620,BDNF/NT-3 growth factors receptor,Kd,240.0,6.62,CHEMBL1062875
Tozasertib (VX-680),CHEMBL572878,CHEMBL5608,Q16288,NT-3 growth factor receptor,Kd,200.0,6.7,CHEMBL1041998
Tozasertib (VX-680),CHEMBL572878,CHEMBL3983,P33981,Dual specificity protein kinase TTK,Kd,10000.0,5.0,CHEMBL1061934
Tozasertib (VX-680),CHEMBL572878,CHEMBL5084,Q9Y6M4,Casein kinase I isoform gamma-3,Kd,10000.0,5.0,CHEMBL1051284
Tozasertib (VX-680),CHEMBL572878,CHEMBL3629,P68400,Casein kinase II subunit alpha,Kd,400.0,6.4,CHEMBL1060241
Tozasertib (VX-680),CHEMBL572878,CHEMBL4070,P19784,Casein kinase II subunit alpha',Kd,400.0,6.4,CHEMBL1061141
Tozasertib (VX-680),CHEMBL572878,CHEMBL3123,Q9UIK4,Death-associated protein kinase 2,Kd,10000.0,5.0,CHEMBL1053760
Tozasertib (VX-680),CHEMBL572878,CHEMBL2468,O43293,Death-associated protein kinase 3,Kd,190.0,6.72,CHEMBL1060181
Tozasertib (VX-680),CHEMBL572878,CHEMBL3980,O94768,Serine/threonine-protein kinase 17B,Kd,10000.0,5.0,CHEMBL1060189
Tozasertib (VX-680),CHEMBL572878,CHEMBL5543,Q9Y463,Dual specificity tyrosine-phosphorylation-regulated kinase 1B,Kd,10000.0,5.0,CHEMBL1060243
Tozasertib (VX-680),CHEMBL572878,CHEMBL3385,P27361,Mitogen-activated protein kinase 3,Kd,10000.0,5.0,CHEMBL1037552
Tozasertib (VX-680),CHEMBL572878,CHEMBL4040,P28482,Mitogen-activated protein kinase 1,Kd,10000.0,5.0,CHEMBL1063798
Trametinib (GSK1120212),CHEMBL2103875,CHEMBL2964,P36507,Dual specificity mitogen-activated protein kinase kinase 2,IC50,1.6,8.8,CHEMBL3135550
Trametinib (GSK1120212),CHEMBL2103875,CHEMBL3587,Q02750,Dual specificity mitogen-activated protein kinase kinase 1,IC50,3.4,8.47,CHEMBL3136009
Trametinib (GSK1120212),CHEMBL2103875,CHEMBL3830,Q2M2I8,AP2-associated protein kinase 1,Kd,30000.0,4.52,CHEMBL3991602
Trametinib (GSK1120212),CHEMBL2103875,CHEMBL1862,P00519,Tyrosine-protein kinase ABL1,Kd,30000.0,4.52,CHEMBL3991603
Trametinib (GSK1120212),CHEMBL2103875,CHEMBL4014,P42684,Tyrosine-protein kinase ABL2,Kd,30000.0,4.52,CHEMBL3991604
Trametinib (GSK1120212),CHEMBL2103875,CHEMBL4105816,Q6JQN1,Acyl-CoA dehydrogenase family member 10,Kd,30000.0,4.52,CHEMBL3991605
Trametinib (GSK1120212),CHEMBL2103875,CHEMBL4105707,Q709F0,Acyl-CoA dehydrogenase family member 11,Kd,30000.0,4.52,CHEMBL3991606
Trametinib (GSK1120212),CHEMBL2103875,CHEMBL4105892,P49748,"Very long-chain specific acyl-CoA dehydrogenase, mitochondrial",Kd,30000.0,4.52,CHEMBL3991607
Trametinib (GSK1120212),CHEMBL2103875,CHEMBL4105748,Q15067,Peroxisomal acyl-coenzyme A oxidase 1,Kd,30000.0,4.52,CHEMBL3991608
Trametinib (GSK1120212),CHEMBL2103875,CHEMBL4105817,O15254,Peroxisomal acyl-coenzyme A oxidase 3,Kd,30000.0,4.52,CHEMBL3991609
Trametinib (GSK1120212),CHEMBL2103875,CHEMBL6090,P61160,Actin-related protein 2,Kd,30000.0,4.52,CHEMBL3991611
Trametinib (GSK1120212),CHEMBL2103875,CHEMBL4105857,P61158,Actin-related protein 3,Kd,30000.0,4.52,CHEMBL3991612
Trametinib (GSK1120212),CHEMBL2103875,CHEMBL5903,Q04771,Activin receptor type-1,Kd,30000.0,4.52,CHEMBL3991613
Trametinib (GSK1120212),CHEMBL2103875,CHEMBL5310,P36896,Activin receptor type-1B,Kd,30000.0,4.52,CHEMBL3991614
Trametinib (GSK1120212),CHEMBL2103875,CHEMBL5466,Q13705,Activin receptor type-2B,Kd,30000.0,4.52,CHEMBL3991615
Trametinib (GSK1120212),CHEMBL2103875,CHEMBL5311,P37023,Activin receptor type-1-like,Kd,30000.0,4.52,CHEMBL3991616
Trametinib (GSK1120212),CHEMBL2103875,CHEMBL4105885,Q86TW2,AarF domain-containing protein kinase 1,Kd,30000.0,4.52,CHEMBL3991617
Trametinib (GSK1120212),CHEMBL2103875,CHEMBL5550,Q8NI60,"Atypical kinase COQ8A, mitochondrial",Kd,30000.0,4.52,CHEMBL3991618
Trametinib (GSK1120212),CHEMBL2103875,CHEMBL4105886,Q3MIX3,Uncharacterized aarF domain-containing protein kinase 5,Kd,30000.0,4.52,CHEMBL3991619
Trametinib (GSK1120212),CHEMBL2103875,CHEMBL3589,P55263,Adenosine kinase,Kd,30000.0,4.52,CHEMBL3991620
Trametinib (GSK1120212),CHEMBL2103875,CHEMBL4079,P25098,Beta-adrenergic receptor kinase 1,Kd,30000.0,4.52,CHEMBL3991621
Trametinib (GSK1120212),CHEMBL2103875,CHEMBL4938,P54819,"Adenylate kinase 2, mitochondrial",Kd,30000.0,4.52,CHEMBL3991622
Trametinib (GSK1120212),CHEMBL2103875,CHEMBL4282,P31749,RAC-alpha serine/threonine-protein kinase,Kd,30000.0,4.52,CHEMBL3991623
Trametinib (GSK1120212),CHEMBL2103875,CHEMBL2431,P31751,RAC-beta serine/threonine-protein kinase,Kd,30000.0,4.52,CHEMBL3991624
Trametinib (GSK1120212),CHEMBL2103875,CHEMBL4816,Q9Y243,RAC-gamma serine/threonine-protein kinase,Kd,30000.0,4.52,CHEMBL3991625
Trametinib (GSK1120212),CHEMBL2103875,CHEMBL4105819,P07741,Adenine phosphoribosyltransferase,Kd,30000.0,4.52,CHEMBL3991627
Trametinib (GSK1120212),CHEMBL2103875,CHEMBL1169596,P10398,Serine/threonine-protein kinase A-Raf,Kd,30000.0,4.52,CHEMBL3991628
Trametinib (GSK1120212),CHEMBL2103875,CHEMBL4722,O14965,Aurora kinase A,Kd,30000.0,4.52,CHEMBL3991630
Trametinib (GSK1120212),CHEMBL2103875,CHEMBL2185,Q96GD4,Aurora kinase B,Kd,30000.0,4.52,CHEMBL3991631
Trametinib (GSK1120212),CHEMBL2103875,CHEMBL5146,P11274,Breakpoint cluster region protein,Kd,30000.0,4.52,CHEMBL3991632
Trametinib (GSK1120212),CHEMBL2103875,CHEMBL4522,Q9NSY1,BMP-2-inducible protein kinase,Kd,30000.0,4.52,CHEMBL3991633
Trametinib (GSK1120212),CHEMBL2103875,CHEMBL5275,P36894,Bone morphogenetic protein receptor type-1A,Kd,30000.0,4.52,CHEMBL3991634
Trametinib (GSK1120212),CHEMBL2103875,CHEMBL5476,O00238,Bone morphogenetic protein receptor type-1B,Kd,30000.0,4.52,CHEMBL3991635
Trametinib (GSK1120212),CHEMBL2103875,CHEMBL5467,Q13873,Bone morphogenetic protein receptor type-2,Kd,30000.0,4.52,CHEMBL3991636
Trametinib (GSK1120212),CHEMBL2103875,CHEMBL5145,P15056,Serine/threonine-protein kinase B-raf,Kd,30000.0,4.52,CHEMBL3991637
Trametinib (GSK1120212),CHEMBL2103875,CHEMBL5251,Q06187,Tyrosine-protein kinase BTK,Kd,30000.0,4.52,CHEMBL3991638
Trametinib (GSK1120212),CHEMBL2103875,CHEMBL1772932,O43683,Mitotic checkpoint serine/threonine-protein kinase BUB1,Kd,30000.0,4.52,CHEMBL3991639
Trametinib (GSK1120212),CHEMBL2103875,CHEMBL2801,Q13557,Calcium/calmodulin-dependent protein kinase type II subunit delta,Kd,30000.0,4.52,CHEMBL3991641
Trametinib (GSK1120212),CHEMBL2103875,CHEMBL3829,Q13555,Calcium/calmodulin-dependent protein kinase type II subunit gamma,Kd,30000.0,4.52,CHEMBL3991642
Trametinib (GSK1120212),CHEMBL2103875,CHEMBL2494,Q16566,Calcium/calmodulin-dependent protein kinase type IV,Kd,30000.0,4.52,CHEMBL3991643
Trametinib (GSK1120212),CHEMBL2103875,CHEMBL5284,Q96RR4,Calcium/calmodulin-dependent protein kinase kinase 2,Kd,30000.0,4.52,CHEMBL3991644
Trametinib (GSK1120212),CHEMBL2103875,CHEMBL4105937,P49589,"Cysteine--tRNA ligase, cytoplasmic",Kd,30000.0,4.52,CHEMBL3991645
Trametinib (GSK1120212),CHEMBL2103875,CHEMBL4516,Q5VT25,Serine/threonine-protein kinase MRCK alpha,Kd,30000.0,4.52,CHEMBL3991646
Trametinib (GSK1120212),CHEMBL2103875,CHEMBL5052,Q9Y5S2,Serine/threonine-protein kinase MRCK beta,Kd,30000.0,4.52,CHEMBL3991647
Trametinib (GSK1120212),CHEMBL2103875,CHEMBL5615,Q6DT37,Serine/threonine-protein kinase MRCK gamma,Kd,30000.0,4.52,CHEMBL3991648
Trametinib (GSK1120212),CHEMBL2103875,CHEMBL5443,O00311,Cell division cycle 7-related protein kinase,Kd,30000.0,4.52,CHEMBL3991649
Trametinib (GSK1120212),CHEMBL2103875,CHEMBL308,P06493,Cyclin-dependent kinase 1,Kd,30000.0,4.52,CHEMBL3991650
Trametinib (GSK1120212),CHEMBL2103875,CHEMBL1795191,Q15131,Cyclin-dependent kinase 10,Kd,30000.0,4.52,CHEMBL3991651
Trametinib (GSK1120212),CHEMBL2103875,CHEMBL3559692,Q9NYV4,Cyclin-dependent kinase 12,Kd,30000.0,4.52,CHEMBL3991652
Trametinib (GSK1120212),CHEMBL2103875,CHEMBL1795192,Q14004,Cyclin-dependent kinase 13,Kd,30000.0,4.52,CHEMBL3991653
Trametinib (GSK1120212),CHEMBL2103875,CHEMBL4597,Q00536,Cyclin-dependent kinase 16,Kd,30000.0,4.52,CHEMBL3991654
Trametinib (GSK1120212),CHEMBL2103875,CHEMBL5790,Q00537,Cyclin-dependent kinase 17,Kd,30000.0,4.52,CHEMBL3991655
Trametinib (GSK1120212),CHEMBL2103875,CHEMBL5316,Q07002,Cyclin-dependent kinase 18,Kd,30000.0,4.52,CHEMBL3991656
Trametinib (GSK1120212),CHEMBL2103875,CHEMBL301,P24941,Cyclin-dependent kinase 2,Kd,30000.0,4.52,CHEMBL3991657
Trametinib (GSK1120212),CHEMBL2103875,CHEMBL4442,Q00526,Cyclin-dependent kinase 3,Kd,30000.0,4.52,CHEMBL3991658
Trametinib (GSK1120212),CHEMBL2103875,CHEMBL331,P11802,Cyclin-dependent kinase 4,Kd,30000.0,4.52,CHEMBL3991659
Trametinib (GSK1120212),CHEMBL2103875,CHEMBL4036,Q00535,Cyclin-dependent kinase 5,Kd,30000.0,4.52,CHEMBL3991660
Trametinib (GSK1120212),CHEMBL2103875,CHEMBL2508,Q00534,Cyclin-dependent kinase 6,Kd,30000.0,4.52,CHEMBL3991661
Trametinib (GSK1120212),CHEMBL2103875,CHEMBL3055,P50613,Cyclin-dependent kinase 7,Kd,30000.0,4.52,CHEMBL3991662
Trametinib (GSK1120212),CHEMBL2103875,CHEMBL3116,P50750,Cyclin-dependent kinase 9,Kd,30000.0,4.52,CHEMBL3991663
Trametinib (GSK1120212),CHEMBL2103875,CHEMBL1163112,O76039,Cyclin-dependent kinase-like 5,Kd,30000.0,4.52,CHEMBL3991664
Trametinib (GSK1120212),CHEMBL2103875,CHEMBL4105742,Q14839,Chromodomain-helicase-DNA-binding protein 4,Kd,30000.0,4.52,CHEMBL3991665
Trametinib (GSK1120212),CHEMBL2103875,CHEMBL4630,O14757,Serine/threonine-protein kinase Chk1,Kd,30000.0,4.52,CHEMBL3991666
Trametinib (GSK1120212),CHEMBL2103875,CHEMBL5579,O14578,Citron Rho-interacting kinase,Kd,30000.0,4.52,CHEMBL3991667
Trametinib (GSK1120212),CHEMBL2103875,CHEMBL4224,P49759,Dual specificity protein kinase CLK1,Kd,30000.0,4.52,CHEMBL3991668
Trametinib (GSK1120212),CHEMBL2103875,CHEMBL4225,P49760,Dual specificity protein kinase CLK2,Kd,30000.0,4.52,CHEMBL3991669
Trametinib (GSK1120212),CHEMBL2103875,CHEMBL4226,P49761,Dual specificity protein kinase CLK3,Kd,30000.0,4.52,CHEMBL3991670
Trametinib (GSK1120212),CHEMBL2103875,CHEMBL4203,Q9HAZ1,Dual specificity protein kinase CLK4,Kd,30000.0,4.52,CHEMBL3991671
Trametinib (GSK1120212),CHEMBL2103875,CHEMBL5681,P30085,UMP-CMP kinase,Kd,30000.0,4.52,CHEMBL3991672
Trametinib (GSK1120212),CHEMBL2103875,CHEMBL2634,P41240,Tyrosine-protein kinase CSK,Kd,30000.0,4.52,CHEMBL3991673
Trametinib (GSK1120212),CHEMBL2103875,CHEMBL2793,P48729,Casein kinase I isoform alpha,Kd,30000.0,4.52,CHEMBL3991674
Trametinib (GSK1120212),CHEMBL2103875,CHEMBL2828,P48730,Casein kinase I isoform delta,Kd,30000.0,4.52,CHEMBL3991675
Trametinib (GSK1120212),CHEMBL2103875,CHEMBL4937,P49674,Casein kinase I isoform epsilon,Kd,30000.0,4.52,CHEMBL3991676
Trametinib (GSK1120212),CHEMBL2103875,CHEMBL2426,Q9HCP0,Casein kinase I isoform gamma-1,Kd,30000.0,4.52,CHEMBL3991677
Trametinib (GSK1120212),CHEMBL2103875,CHEMBL2543,P78368,Casein kinase I isoform gamma-2,Kd,30000.0,4.52,CHEMBL3991678
Trametinib (GSK1120212),CHEMBL2103875,CHEMBL5084,Q9Y6M4,Casein kinase I isoform gamma-3,Kd,30000.0,4.52,CHEMBL3991679
Trametinib (GSK1120212),CHEMBL2103875,CHEMBL4070,P19784,Casein kinase II subunit alpha',Kd,30000.0,4.52,CHEMBL3991681
Trametinib (GSK1120212),CHEMBL2103875,CHEMBL4105975,P08574,"Cytochrome c1, heme protein, mitochondrial",Kd,30000.0,4.52,CHEMBL3991682
Trametinib (GSK1120212),CHEMBL2103875,CHEMBL2447,P27707,Deoxycytidine kinase,Kd,30000.0,4.52,CHEMBL3991683
Trametinib (GSK1120212),CHEMBL2103875,CHEMBL3769292,Q9H773,dCTP pyrophosphatase 1,Kd,30000.0,4.52,CHEMBL3991684
Trametinib (GSK1120212),CHEMBL2103875,CHEMBL5319,Q08345,Epithelial discoidin domain-containing receptor 1,Kd,30000.0,4.52,CHEMBL3991685
Trametinib (GSK1120212),CHEMBL2103875,CHEMBL5122,Q16832,Discoidin domain-containing receptor 2,Kd,30000.0,4.52,CHEMBL3991686
Trametinib (GSK1120212),CHEMBL2103875,CHEMBL2010634,Q92499,ATP-dependent RNA helicase DDX1,Kd,30000.0,4.52,CHEMBL3991687
Trametinib (GSK1120212),CHEMBL2103875,CHEMBL5553,O00571,ATP-dependent RNA helicase DDX3X,Kd,30000.0,4.52,CHEMBL3991688
Trametinib (GSK1120212),CHEMBL2103875,CHEMBL4105782,Q86XP3,ATP-dependent RNA helicase DDX42,Kd,30000.0,4.52,CHEMBL3991689
Trametinib (GSK1120212),CHEMBL2103875,CHEMBL4105783,P26196,Probable ATP-dependent RNA helicase DDX6,Kd,30000.0,4.52,CHEMBL3991690
Trametinib (GSK1120212),CHEMBL2103875,CHEMBL2331059,Q15392,Delta(24)-sterol reductase,Kd,30000.0,4.52,CHEMBL3991691
Trametinib (GSK1120212),CHEMBL2103875,CHEMBL4105814,Q7L2E3,ATP-dependent RNA helicase DHX30,Kd,30000.0,4.52,CHEMBL3991692
Trametinib (GSK1120212),CHEMBL2103875,CHEMBL2189122,P31689,DnaJ homolog subfamily A member 1,Kd,30000.0,4.52,CHEMBL3991693
Trametinib (GSK1120212),CHEMBL2103875,CHEMBL2292,Q13627,Dual specificity tyrosine-phosphorylation-regulated kinase 1A,Kd,30000.0,4.52,CHEMBL3991694
Trametinib (GSK1120212),CHEMBL2103875,CHEMBL5543,Q9Y463,Dual specificity tyrosine-phosphorylation-regulated kinase 1B,Kd,30000.0,4.52,CHEMBL3991695
Trametinib (GSK1120212),CHEMBL2103875,CHEMBL203,P00533,Epidermal growth factor receptor,Kd,30000.0,4.52,CHEMBL3991696
Trametinib (GSK1120212),CHEMBL2103875,CHEMBL6029,Q9BQI3,Eukaryotic translation initiation factor 2-alpha kinase 1,Kd,30000.0,4.52,CHEMBL3991697
Trametinib (GSK1120212),CHEMBL2103875,CHEMBL4105852,O60841,Eukaryotic translation initiation factor 5B,Kd,30000.0,4.52,CHEMBL3991699
Trametinib (GSK1120212),CHEMBL2103875,CHEMBL5810,P21709,Ephrin type-A receptor 1,Kd,30000.0,4.52,CHEMBL3991700
Trametinib (GSK1120212),CHEMBL2103875,CHEMBL2068,P29317,Ephrin type-A receptor 2,Kd,30000.0,4.52,CHEMBL3991701
Trametinib (GSK1120212),CHEMBL2103875,CHEMBL3988,P54764,Ephrin type-A receptor 4,Kd,30000.0,4.52,CHEMBL3991702
Trametinib (GSK1120212),CHEMBL2103875,CHEMBL3987,P54756,Ephrin type-A receptor 5,Kd,30000.0,4.52,CHEMBL3991703
Trametinib (GSK1120212),CHEMBL2103875,CHEMBL4602,Q15375,Ephrin type-A receptor 7,Kd,30000.0,4.52,CHEMBL3991704
Trametinib (GSK1120212),CHEMBL2103875,CHEMBL3290,P29323,Ephrin type-B receptor 2,Kd,30000.0,4.52,CHEMBL3991705
VX-745,CHEMBL119385,CHEMBL2094115,,MAP kinase p38,IC50,150.0,6.82,CHEMBL818994
VX-745,CHEMBL119385,CHEMBL2094115,,MAP kinase p38,IC50,700.0,6.15,CHEMBL818991
VX-745,CHEMBL119385,CHEMBL260,Q16539,Mitogen-activated protein kinase 14,IC50,29.0,7.54,CHEMBL732094
VX-745,CHEMBL119385,CHEMBL4223,P42685,Tyrosine-protein kinase FRK,Kd,3300.0,5.48,CHEMBL860775
VX-745,CHEMBL119385,CHEMBL3234,P08631,Tyrosine-protein kinase HCK,Kd,10000.0,5.0,CHEMBL860887
VX-745,CHEMBL119385,CHEMBL5147,P54760,Ephrin type-B receptor 4,Kd,1000.0,6.0,CHEMBL860636
VX-745,CHEMBL119385,CHEMBL1862,P00519,Tyrosine-protein kinase ABL1,Kd,7200.0,5.14,CHEMBL859870
VX-745,CHEMBL119385,CHEMBL2073,P07947,Tyrosine-protein kinase Yes,Kd,2600.0,5.59,CHEMBL859642
VX-745,CHEMBL119385,CHEMBL4454,P09769,Tyrosine-protein kinase Fgr,Kd,1200.0,5.92,CHEMBL860637
VX-745,CHEMBL119385,CHEMBL5072,P54762,Ephrin type-B receptor 1,Kd,1600.0,5.8,CHEMBL860665
VX-745,CHEMBL119385,CHEMBL4014,P42684,Tyrosine-protein kinase ABL2,Kd,220.0,6.66,CHEMBL860899
VX-745,CHEMBL119385,CHEMBL4134,P29322,Ephrin type-A receptor 8,Kd,3100.0,5.51,CHEMBL860777
VX-745,CHEMBL119385,CHEMBL267,P12931,Proto-oncogene tyrosine-protein kinase Src,Kd,980.0,6.01,CHEMBL861049
VX-745,CHEMBL119385,CHEMBL1862,P00519,Tyrosine-protein kinase ABL1,Kd,1800.0,5.74,CHEMBL859872
VX-745,CHEMBL119385,CHEMBL258,P06239,Tyrosine-protein kinase Lck,Kd,1800.0,5.74,CHEMBL860915
VX-745,CHEMBL119385,CHEMBL1862,P00519,Tyrosine-protein kinase ABL1,Kd,1700.0,5.77,CHEMBL859869
VX-745,CHEMBL119385,CHEMBL1862,P00519,Tyrosine-protein kinase ABL1,Kd,710.0,6.15,CHEMBL861044
VX-745,CHEMBL119385,CHEMBL1862,P00519,Tyrosine-protein kinase ABL1,Kd,870.0,6.06,CHEMBL859868
VX-745,CHEMBL119385,CHEMBL1862,P00519,Tyrosine-protein kinase ABL1,Kd,1200.0,5.92,CHEMBL859871
VX-745,CHEMBL119385,CHEMBL3988,P54764,Ephrin type-A receptor 4,Kd,10000.0,5.0,CHEMBL860664
VX-745,CHEMBL119385,CHEMBL3987,P54756,Ephrin type-A receptor 5,Kd,1900.0,5.72,CHEMBL860666
VX-745,CHEMBL119385,CHEMBL2068,P29317,Ephrin type-A receptor 2,Kd,2100.0,5.68,CHEMBL860779
VX-745,CHEMBL119385,CHEMBL1913,P09619,Platelet-derived growth factor receptor beta,Kd,870.0,6.06,CHEMBL860919
VX-745,CHEMBL119385,CHEMBL3961,Q15759,Mitogen-activated protein kinase 11,Kd,160.0,6.8,CHEMBL860916
VX-745,CHEMBL119385,CHEMBL260,Q16539,Mitogen-activated protein kinase 14,Kd,3.2,8.49,CHEMBL860914
VX-745,CHEMBL119385,CHEMBL2094115,,MAP kinase p38,IC50,10.0,8.0,CHEMBL863603
VX-745,CHEMBL119385,CHEMBL614245,,THP-1,IC50,56.0,7.25,CHEMBL863602
VX-745,CHEMBL119385,CHEMBL2094115,,MAP kinase p38,IC50,0.8,9.1,CHEMBL911331
VX-745,CHEMBL119385,CHEMBL614245,,THP-1,IC50,39.0,7.41,CHEMBL933320
VX-745,CHEMBL119385,CHEMBL260,Q16539,Mitogen-activated protein kinase 14,IC50,29.0,7.54,CHEMBL933319
VX-745,CHEMBL119385,CHEMBL260,Q16539,Mitogen-activated protein kinase 14,IC50,5300.0,5.28,CHEMBL933318
VX-745,CHEMBL119385,CHEMBL1974,P36888,Receptor-type tyrosine-protein kinase FLT3,Kd,10000.0,5.0,CHEMBL1063729
VX-745,CHEMBL119385,CHEMBL1974,P36888,Receptor-type tyrosine-protein kinase FLT3,Kd,10000.0,5.0,CHEMBL1061073
VX-745,CHEMBL119385,CHEMBL1955,P35916,Vascular endothelial growth factor receptor 3,Kd,10000.0,5.0,CHEMBL1060246
VX-745,CHEMBL119385,CHEMBL4674,P53778,Mitogen-activated protein kinase 12,Kd,10000.0,5.0,CHEMBL1061183
VX-745,CHEMBL119385,CHEMBL2999,O75914,Serine/threonine-protein kinase PAK 3,Kd,10000.0,5.0,CHEMBL1062779
VX-745,CHEMBL119385,CHEMBL5790,Q00537,Cyclin-dependent kinase 17,Kd,10000.0,5.0,CHEMBL1051349
VX-745,CHEMBL119385,CHEMBL5316,Q07002,Cyclin-dependent kinase 18,Kd,10000.0,5.0,CHEMBL1062782
VX-745,CHEMBL119385,CHEMBL2534,O15530,3-phosphoinositide-dependent protein kinase 1,Kd,10000.0,5.0,CHEMBL1061922
VX-745,CHEMBL119385,CHEMBL6162,O94921,Cyclin-dependent kinase 14,Kd,10000.0,5.0,CHEMBL1051350
VX-745,CHEMBL119385,CHEMBL4004,Q16816,"Phosphorylase b kinase gamma catalytic chain, skeletal muscle/heart isoform",Kd,10000.0,5.0,CHEMBL1061153
VX-745,CHEMBL119385,CHEMBL5969,Q99755,Phosphatidylinositol 4-phosphate 5-kinase type-1 alpha,Kd,10000.0,5.0,CHEMBL1061923
VX-745,CHEMBL119385,CHEMBL4237,O75582,Ribosomal protein S6 kinase alpha-5,Kd,10000.0,5.0,CHEMBL1056938
VX-745,CHEMBL119385,CHEMBL4924,Q9UK32,Ribosomal protein S6 kinase alpha-6,Kd,10000.0,5.0,CHEMBL1039275
VX-745,CHEMBL119385,CHEMBL4924,Q9UK32,Ribosomal protein S6 kinase alpha-6,Kd,10000.0,5.0,CHEMBL1061926
VX-745,CHEMBL119385,CHEMBL5426,Q86YV6,Myosin light chain kinase family member 4,Kd,10000.0,5.0,CHEMBL1051352
VX-745,CHEMBL119385,CHEMBL5314,Q06418,Tyrosine-protein kinase receptor TYRO3,Kd,10000.0,5.0,CHEMBL1051260
VX-745,CHEMBL119385,CHEMBL279,P35968,Vascular endothelial growth factor receptor 2,Kd,10000.0,5.0,CHEMBL1051261
VX-745,CHEMBL119385,CHEMBL5491,P30291,Wee1-like protein kinase,Kd,10000.0,5.0,CHEMBL1061935
VX-745,CHEMBL119385,CHEMBL5405,Q86UX6,Serine/threonine-protein kinase 32C,Kd,10000.0,5.0,CHEMBL1062789
VX-745,CHEMBL119385,CHEMBL2073,P07947,Tyrosine-protein kinase Yes,Kd,1600.0,5.8,CHEMBL1051262
VX-745,CHEMBL119385,CHEMBL5552,O00506,Serine/threonine-protein kinase 25,Kd,10000.0,5.0,CHEMBL1051263
VX-745,CHEMBL119385,CHEMBL3886,Q9NYL2,Mitogen-activated protein kinase kinase kinase 20,Kd,10000.0,5.0,CHEMBL1051317
VX-745,CHEMBL119385,CHEMBL2803,P43403,Tyrosine-protein kinase ZAP-70,Kd,10000.0,5.0,CHEMBL1061189
VX-745,CHEMBL119385,CHEMBL5667,P78356,Phosphatidylinositol 5-phosphate 4-kinase type-2 beta,Kd,10000.0,5.0,CHEMBL1062784
VX-745,CHEMBL119385,CHEMBL2918,P22694,cAMP-dependent protein kinase catalytic subunit beta,Kd,10000.0,5.0,CHEMBL1039274
VX-745,CHEMBL119385,CHEMBL5818,P51817,cAMP-dependent protein kinase catalytic subunit PRKX,Kd,10000.0,5.0,CHEMBL1061157
VX-745,CHEMBL119385,CHEMBL5469,Q14289,Protein-tyrosine kinase 2-beta,Kd,10000.0,5.0,CHEMBL1061158
VX-745,CHEMBL119385,CHEMBL4224,P49759,Dual specificity protein kinase CLK1,Kd,10000.0,5.0,CHEMBL1050838
VX-745,CHEMBL119385,CHEMBL4226,P49761,Dual specificity protein kinase CLK3,Kd,10000.0,5.0,CHEMBL1060240
VX-745,CHEMBL119385,CHEMBL2634,P41240,Tyrosine-protein kinase CSK,Kd,10000.0,5.0,CHEMBL1037547
VX-745,CHEMBL119385,CHEMBL5520,Q8N752,Casein kinase I isoform alpha-like,Kd,10000.0,5.0,CHEMBL1063703
VX-745,CHEMBL119385,CHEMBL2828,P48730,Casein kinase I isoform delta,Kd,10000.0,5.0,CHEMBL1050829
VX-745,CHEMBL119385,CHEMBL4937,P49674,Casein kinase I isoform epsilon,Kd,10000.0,5.0,CHEMBL1050834
VX-745,CHEMBL119385,CHEMBL2543,P78368,Casein kinase I isoform gamma-2,Kd,10000.0,5.0,CHEMBL1063704
VX-745,CHEMBL119385,CHEMBL5274,P35590,Tyrosine-protein kinase receptor Tie-1,Kd,10000.0,5.0,CHEMBL1061930
VX-745,CHEMBL119385,CHEMBL4128,Q02763,Angiopoietin-1 receptor,Kd,10000.0,5.0,CHEMBL1051315
VX-745,CHEMBL119385,CHEMBL5388,Q9UKI8,Serine/threonine-protein kinase tousled-like 1,Kd,10000.0,5.0,CHEMBL1061931
VX-745,CHEMBL119385,CHEMBL5404,Q86UE8,Serine/threonine-protein kinase tousled-like 2,Kd,10000.0,5.0,CHEMBL1061984
VX-745,CHEMBL119385,CHEMBL4527,Q9UKE5,TRAF2 and NCK-interacting protein kinase,Kd,10000.0,5.0,CHEMBL1062874
VX-745,CHEMBL119385,CHEMBL4599,Q07912,Activated CDC42 kinase 1,Kd,10000.0,5.0,CHEMBL1051355
VX-745,CHEMBL119385,CHEMBL2815,P04629,High affinity nerve growth factor receptor,Kd,10000.0,5.0,CHEMBL1061933
VX-745,CHEMBL119385,CHEMBL4898,Q16620,BDNF/NT-3 growth factors receptor,Kd,10000.0,5.0,CHEMBL1062875
VX-745,CHEMBL119385,CHEMBL5608,Q16288,NT-3 growth factor receptor,Kd,10000.0,5.0,CHEMBL1041998
VX-745,CHEMBL119385,CHEMBL3983,P33981,Dual specificity protein kinase TTK,Kd,10000.0,5.0,CHEMBL1061934
VX-745,CHEMBL119385,CHEMBL5084,Q9Y6M4,Casein kinase I isoform gamma-3,Kd,10000.0,5.0,CHEMBL1051284
VX-745,CHEMBL119385,CHEMBL3629,P68400,Casein kinase II subunit alpha,Kd,10000.0,5.0,CHEMBL1060241
VX-745,CHEMBL119385,CHEMBL4070,P19784,Casein kinase II subunit alpha',Kd,10000.0,5.0,CHEMBL1061141
VX-745,CHEMBL119385,CHEMBL3123,Q9UIK4,Death-associated protein kinase 2,Kd,10000.0,5.0,CHEMBL1053760
VX-745,CHEMBL119385,CHEMBL2468,O43293,Death-associated protein kinase 3,Kd,10000.0,5.0,CHEMBL1060181
VX-745,CHEMBL119385,CHEMBL3980,O94768,Serine/threonine-protein kinase 17B,Kd,10000.0,5.0,CHEMBL1060189
VX-745,CHEMBL119385,CHEMBL5543,Q9Y463,Dual specificity tyrosine-phosphorylation-regulated kinase 1B,Kd,10000.0,5.0,CHEMBL1060243
VX-745,CHEMBL119385,CHEMBL3385,P27361,Mitogen-activated protein kinase 3,Kd,10000.0,5.0,CHEMBL1037552
VX-745,CHEMBL119385,CHEMBL4040,P28482,Mitogen-activated protein kinase 1,Kd,10000.0,5.0,CHEMBL1063798
VX-745,CHEMBL119385,CHEMBL2850,P49840,Glycogen synthase kinase-3 alpha,Kd,10000.0,5.0,CHEMBL1061900
VX-745,CHEMBL119385,CHEMBL262,P49841,Glycogen synthase kinase-3 beta,Kd,10000.0,5.0,CHEMBL1061074
VX-745,CHEMBL119385,CHEMBL4367,P42681,Tyrosine-protein kinase TXK,Kd,10000.0,5.0,CHEMBL1061187
VX-745,CHEMBL119385,CHEMBL3553,P29597,Non-receptor tyrosine-protein kinase TYK2,Kd,10000.0,5.0,CHEMBL1061188
VX-745,CHEMBL119385,CHEMBL3529,Q14164,Inhibitor of nuclear factor kappa-B kinase subunit epsilon,Kd,10000.0,5.0,CHEMBL1050835
VX-745,CHEMBL119385,CHEMBL2276,P45983,Mitogen-activated protein kinase 8,Kd,10000.0,5.0,CHEMBL1061076
VX-745,CHEMBL119385,CHEMBL4179,P45984,Mitogen-activated protein kinase 9,Kd,10000.0,5.0,CHEMBL1060196
VX-745,CHEMBL119385,CHEMBL3836,P53667,LIM domain kinase 1,Kd,10000.0,5.0,CHEMBL1061902
VX-745,CHEMBL119385,CHEMBL5932,P53671,LIM domain kinase 2,Kd,10000.0,5.0,CHEMBL1063714
VX-745,CHEMBL119385,CHEMBL5606,Q15831,Serine/threonine-protein kinase STK11,Kd,10000.0,5.0,CHEMBL1051288
VX-745,CHEMBL119385,CHEMBL5600,P27448,MAP/microtubule affinity-regulating kinase 3,Kd,10000.0,5.0,CHEMBL1063802
VX-745,CHEMBL119385,CHEMBL3587,Q02750,Dual specificity mitogen-activated protein kinase kinase 1,Kd,10000.0,5.0,CHEMBL1061906
VX-745,CHEMBL119385,CHEMBL2964,P36507,Dual specificity mitogen-activated protein kinase kinase 2,Kd,10000.0,5.0,CHEMBL1061079
VX-745,CHEMBL119385,CHEMBL2109,P46734,Dual specificity mitogen-activated protein kinase kinase 3,Kd,10000.0,5.0,CHEMBL1060250
VX-745,CHEMBL119385,CHEMBL4578,Q14680,Maternal embryonic leucine zipper kinase,Kd,10000.0,5.0,CHEMBL1063803
VX-745,CHEMBL119385,CHEMBL4718,Q9BUB5,MAP kinase-interacting serine/threonine-protein kinase 1,Kd,10000.0,5.0,CHEMBL1063804
Vandetanib (ZD6474),CHEMBL24828,CHEMBL1868,P17948,Vascular endothelial growth factor receptor 1,IC50,900.0,6.05,CHEMBL678756
Vandetanib (ZD6474),CHEMBL24828,CHEMBL279,P35968,Vascular endothelial growth factor receptor 2,IC50,70.0,7.15,CHEMBL817494
Vandetanib (ZD6474),CHEMBL24828,CHEMBL3650,P11362,Fibroblast growth factor receptor 1,IC50,6000.0,5.22,CHEMBL676971
Vandetanib (ZD6474),CHEMBL24828,CHEMBL203,P00533,Epidermal growth factor receptor,IC50,200.0,6.7,CHEMBL677388
Vandetanib (ZD6474),CHEMBL24828,CHEMBL2095227,,Vascular endothelial growth factor receptor,IC50,25.0,7.6,CHEMBL691874
Vandetanib (ZD6474),CHEMBL24828,CHEMBL203,P00533,Epidermal growth factor receptor,IC50,100.0,7.0,CHEMBL691873
Vandetanib (ZD6474),CHEMBL24828,CHEMBL613979,,HUVEC,IC50,5000.0,5.3,CHEMBL691872
Vandetanib (ZD6474),CHEMBL24828,CHEMBL1868,P17948,Vascular endothelial growth factor receptor 1,IC50,90.0,7.05,CHEMBL811935
Vandetanib (ZD6474),CHEMBL24828,CHEMBL279,P35968,Vascular endothelial growth factor receptor 2,IC50,17.0,7.77,CHEMBL820672
Vandetanib (ZD6474),CHEMBL24828,CHEMBL1955,P35916,Vascular endothelial growth factor receptor 3,IC50,233.0,6.63,CHEMBL820848
Vandetanib (ZD6474),CHEMBL24828,CHEMBL1913,P09619,Platelet-derived growth factor receptor beta,IC50,477.0,6.32,CHEMBL764169
Vandetanib (ZD6474),CHEMBL24828,CHEMBL1936,P10721,Mast/stem cell growth factor receptor Kit,IC50,343.0,6.46,CHEMBL708305
Vandetanib (ZD6474),CHEMBL24828,CHEMBL1844,P07333,Macrophage colony-stimulating factor 1 receptor,IC50,1600.0,5.8,CHEMBL657537
Vandetanib (ZD6474),CHEMBL24828,CHEMBL3650,P11362,Fibroblast growth factor receptor 1,IC50,2310.0,5.64,CHEMBL678679
Vandetanib (ZD6474),CHEMBL24828,CHEMBL203,P00533,Epidermal growth factor receptor,IC50,16.0,7.8,CHEMBL677883
Vandetanib (ZD6474),CHEMBL24828,CHEMBL308,P06493,Cyclin-dependent kinase 1,IC50,10000.0,5.0,CHEMBL660790
Vandetanib (ZD6474),CHEMBL24828,CHEMBL4128,Q02763,Angiopoietin-1 receptor,IC50,567.0,6.25,CHEMBL814618
Vandetanib (ZD6474),CHEMBL24828,CHEMBL2689,Q04912,Macrophage-stimulating protein receptor,IC50,3370.0,5.47,CHEMBL711150
Vandetanib (ZD6474),CHEMBL24828,CHEMBL1957,P08069,Insulin-like growth factor 1 receptor,IC50,10000.0,5.0,CHEMBL697349
Vandetanib (ZD6474),CHEMBL24828,CHEMBL267,P12931,Proto-oncogene tyrosine-protein kinase Src,IC50,186.0,6.73,CHEMBL818268
Vandetanib (ZD6474),CHEMBL24828,CHEMBL1862,P00519,Tyrosine-protein kinase ABL1,IC50,86.0,7.07,CHEMBL819334
Vandetanib (ZD6474),CHEMBL24828,CHEMBL279,P35968,Vascular endothelial growth factor receptor 2,IC50,2673.0,5.57,CHEMBL817493
Vandetanib (ZD6474),CHEMBL24828,CHEMBL1868,P17948,Vascular endothelial growth factor receptor 1,IC50,1600.0,5.8,CHEMBL811936
Vandetanib (ZD6474),CHEMBL24828,CHEMBL279,P35968,Vascular endothelial growth factor receptor 2,IC50,40.0,7.4,CHEMBL812788
Vandetanib (ZD6474),CHEMBL24828,CHEMBL1913,P09619,Platelet-derived growth factor receptor beta,IC50,1100.0,5.96,CHEMBL766057
Vandetanib (ZD6474),CHEMBL24828,CHEMBL203,P00533,Epidermal growth factor receptor,IC50,500.0,6.3,CHEMBL677882
Vandetanib (ZD6474),CHEMBL24828,CHEMBL3650,P11362,Fibroblast growth factor receptor 1,IC50,3600.0,5.44,CHEMBL678680
Vandetanib (ZD6474),CHEMBL24828,CHEMBL4128,Q02763,Angiopoietin-1 receptor,IC50,2500.0,5.6,CHEMBL814619
Vandetanib (ZD6474),CHEMBL24828,CHEMBL279,P35968,Vascular endothelial growth factor receptor 2,IC50,9.0,8.05,CHEMBL829592
Vandetanib (ZD6474),CHEMBL24828,CHEMBL2095227,,Vascular endothelial growth factor receptor,IC50,400.0,6.4,CHEMBL825163
Vandetanib (ZD6474),CHEMBL24828,CHEMBL4223,P42685,Tyrosine-protein kinase FRK,Kd,480.0,6.32,CHEMBL860775
Vandetanib (ZD6474),CHEMBL24828,CHEMBL3234,P08631,Tyrosine-protein kinase HCK,Kd,4200.0,5.38,CHEMBL860887
Vandetanib (ZD6474),CHEMBL24828,CHEMBL5147,P54760,Ephrin type-B receptor 4,Kd,2600.0,5.59,CHEMBL860636
Vandetanib (ZD6474),CHEMBL24828,CHEMBL2634,P41240,Tyrosine-protein kinase CSK,Kd,3700.0,5.43,CHEMBL860907
Vandetanib (ZD6474),CHEMBL24828,CHEMBL1862,P00519,Tyrosine-protein kinase ABL1,Kd,680.0,6.17,CHEMBL859870
Vandetanib (ZD6474),CHEMBL24828,CHEMBL2073,P07947,Tyrosine-protein kinase Yes,Kd,280.0,6.55,CHEMBL859642
Vandetanib (ZD6474),CHEMBL24828,CHEMBL4853,Q9Y6R4,Mitogen-activated protein kinase kinase kinase 4,Kd,4800.0,5.32,CHEMBL860641
Vandetanib (ZD6474),CHEMBL24828,CHEMBL4454,P09769,Tyrosine-protein kinase Fgr,Kd,2200.0,5.66,CHEMBL860637
Vandetanib (ZD6474),CHEMBL24828,CHEMBL4602,Q15375,Ephrin type-A receptor 7,Kd,3400.0,5.47,CHEMBL860660
Vandetanib (ZD6474),CHEMBL24828,CHEMBL5072,P54762,Ephrin type-B receptor 1,Kd,540.0,6.27,CHEMBL860665
Vandetanib (ZD6474),CHEMBL24828,CHEMBL4204,Q9HBH9,MAP kinase-interacting serine/threonine-protein kinase 2,Kd,3400.0,5.47,CHEMBL860651
Vandetanib (ZD6474),CHEMBL24828,CHEMBL4852,Q9Y4K4,Mitogen-activated protein kinase kinase kinase kinase 5,Kd,510.0,6.29,CHEMBL860642
Vandetanib (ZD6474),CHEMBL24828,CHEMBL4014,P42684,Tyrosine-protein kinase ABL2,Kd,130.0,6.89,CHEMBL860899
Vandetanib (ZD6474),CHEMBL24828,CHEMBL4601,Q13882,Protein-tyrosine kinase 6,Kd,33.0,7.48,CHEMBL861048
Vandetanib (ZD6474),CHEMBL24828,CHEMBL4134,P29322,Ephrin type-A receptor 8,Kd,160.0,6.8,CHEMBL860777
Vandetanib (ZD6474),CHEMBL24828,CHEMBL3905,P07948,Tyrosine-protein kinase Lyn,Kd,710.0,6.15,CHEMBL860805
Vandetanib (ZD6474),CHEMBL24828,CHEMBL267,P12931,Proto-oncogene tyrosine-protein kinase Src,Kd,170.0,6.77,CHEMBL861049
Vandetanib (ZD6474),CHEMBL24828,CHEMBL4954,P29320,Ephrin type-A receptor 3,Kd,1800.0,5.74,CHEMBL860778
Vandetanib (ZD6474),CHEMBL24828,CHEMBL1862,P00519,Tyrosine-protein kinase ABL1,Kd,170.0,6.77,CHEMBL859872
Vandetanib (ZD6474),CHEMBL24828,CHEMBL258,P06239,Tyrosine-protein kinase Lck,Kd,61.0,7.21,CHEMBL860915
Vandetanib (ZD6474),CHEMBL24828,CHEMBL1862,P00519,Tyrosine-protein kinase ABL1,Kd,180.0,6.74,CHEMBL859869
Vandetanib (ZD6474),CHEMBL24828,CHEMBL4202,Q9H2G2,STE20-like serine/threonine-protein kinase,Kd,96.0,7.02,CHEMBL860653
Vandetanib (ZD6474),CHEMBL24828,CHEMBL3981,O94804,Serine/threonine-protein kinase 10,Kd,2400.0,5.62,CHEMBL860781
Vandetanib (ZD6474),CHEMBL24828,CHEMBL1862,P00519,Tyrosine-protein kinase ABL1,Kd,160.0,6.8,CHEMBL861044
Vandetanib (ZD6474),CHEMBL24828,CHEMBL1862,P00519,Tyrosine-protein kinase ABL1,Kd,270.0,6.57,CHEMBL859868
Vandetanib (ZD6474),CHEMBL24828,CHEMBL5014,O43353,Receptor-interacting serine/threonine-protein kinase 2,Kd,31.0,7.51,CHEMBL860788
Vandetanib (ZD6474),CHEMBL24828,CHEMBL1862,P00519,Tyrosine-protein kinase ABL1,Kd,120.0,6.92,CHEMBL859871
Vandetanib (ZD6474),CHEMBL24828,CHEMBL3988,P54764,Ephrin type-A receptor 4,Kd,4300.0,5.37,CHEMBL860664
Vandetanib (ZD6474),CHEMBL24828,CHEMBL1862,P00519,Tyrosine-protein kinase ABL1,Kd,120.0,6.92,CHEMBL859873
Vandetanib (ZD6474),CHEMBL24828,CHEMBL3987,P54756,Ephrin type-A receptor 5,Kd,310.0,6.51,CHEMBL860666
Vandetanib (ZD6474),CHEMBL24828,CHEMBL4526,Q9UF33,Ephrin type-A receptor 6,Kd,65.0,7.19,CHEMBL859486
Vandetanib (ZD6474),CHEMBL24828,CHEMBL4355,O14976,Cyclin-G-associated kinase,Kd,330.0,6.48,CHEMBL860789
Vandetanib (ZD6474),CHEMBL24828,CHEMBL203,P00533,Epidermal growth factor receptor,Kd,17.0,7.77,CHEMBL859867
Vandetanib (ZD6474),CHEMBL24828,CHEMBL4045,Q13131,5'-AMP-activated protein kinase catalytic subunit alpha-1,Kd,10000.0,5.0,CHEMBL860896
Vandetanib (ZD6474),CHEMBL24828,CHEMBL2349,P15735,"Phosphorylase b kinase gamma catalytic chain, liver/testis isoform",Kd,9500.0,5.02,CHEMBL860795
Vandetanib (ZD6474),CHEMBL24828,CHEMBL4004,Q16816,"Phosphorylase b kinase gamma catalytic chain, skeletal muscle/heart isoform",Kd,7100.0,5.15,CHEMBL860897
Vandetanib (ZD6474),CHEMBL24828,CHEMBL1841,P06241,Tyrosine-protein kinase Fyn,Kd,5700.0,5.24,CHEMBL860888
Vandetanib (ZD6474),CHEMBL24828,CHEMBL4142,P21802,Fibroblast growth factor receptor 2,Kd,5500.0,5.26,CHEMBL860912
Vandetanib (ZD6474),CHEMBL24828,CHEMBL3650,P11362,Fibroblast growth factor receptor 1,Kd,5300.0,5.28,CHEMBL860911
Vandetanib (ZD6474),CHEMBL24828,CHEMBL4527,Q9UKE5,TRAF2 and NCK-interacting protein kinase,Kd,3900.0,5.41,CHEMBL859485
Vandetanib (ZD6474),CHEMBL24828,CHEMBL4128,Q02763,Angiopoietin-1 receptor,Kd,3600.0,5.44,CHEMBL860794
Vandetanib (ZD6474),CHEMBL24828,CHEMBL2068,P29317,Ephrin type-A receptor 2,Kd,1900.0,5.72,CHEMBL860779
Vandetanib (ZD6474),CHEMBL24828,CHEMBL4937,P49674,Casein kinase I isoform epsilon,Kd,1500.0,5.82,CHEMBL860902
Vandetanib (ZD6474),CHEMBL24828,CHEMBL3788,O00444,Serine/threonine-protein kinase PLK4,Kd,1500.0,5.82,CHEMBL860784
Vandetanib (ZD6474),CHEMBL24828,CHEMBL1974,P36888,Receptor-type tyrosine-protein kinase FLT3,Kd,1200.0,5.92,CHEMBL860797
Vandetanib (ZD6474),CHEMBL24828,CHEMBL1936,P10721,Mast/stem cell growth factor receptor Kit,Kd,1100.0,5.96,CHEMBL860918
Vandetanib (ZD6474),CHEMBL24828,CHEMBL279,P35968,Vascular endothelial growth factor receptor 2,Kd,470.0,6.33,CHEMBL860900
Vandetanib (ZD6474),CHEMBL24828,CHEMBL1955,P35916,Vascular endothelial growth factor receptor 3,Kd,300.0,6.52,CHEMBL860889
Vandetanib (ZD6474),CHEMBL24828,CHEMBL1913,P09619,Platelet-derived growth factor receptor beta,Kd,250.0,6.6,CHEMBL860919
Vandetanib (ZD6474),CHEMBL24828,CHEMBL2742,P22607,Fibroblast growth factor receptor 3,Kd,240.0,6.62,CHEMBL860801
Vandetanib (ZD6474),CHEMBL24828,CHEMBL279,P35968,Vascular endothelial growth factor receptor 2,IC50,41.8,7.38,CHEMBL864514
Vandetanib (ZD6474),CHEMBL24828,CHEMBL279,P35968,Vascular endothelial growth factor receptor 2,IC50,31.3,7.5,CHEMBL864515
Vandetanib (ZD6474),CHEMBL24828,CHEMBL279,P35968,Vascular endothelial growth factor receptor 2,IC50,149.8,6.82,CHEMBL862695
Vandetanib (ZD6474),CHEMBL24828,CHEMBL279,P35968,Vascular endothelial growth factor receptor 2,IC50,5980.5,5.22,CHEMBL862696
Vandetanib (ZD6474),CHEMBL24828,CHEMBL279,P35968,Vascular endothelial growth factor receptor 2,IC50,15.0,7.82,CHEMBL862697
Vandetanib (ZD6474),CHEMBL24828,CHEMBL279,P35968,Vascular endothelial growth factor receptor 2,IC50,22.0,7.66,CHEMBL861906
Vandetanib (ZD6474),CHEMBL24828,CHEMBL1868,P17948,Vascular endothelial growth factor receptor 1,IC50,100.0,7.0,CHEMBL861908
Vandetanib (ZD6474),CHEMBL24828,CHEMBL279,P35968,Vascular endothelial growth factor receptor 2,IC50,1660.0,5.78,CHEMBL861911
Vandetanib (ZD6474),CHEMBL24828,CHEMBL279,P35968,Vascular endothelial growth factor receptor 2,IC50,22.0,7.66,CHEMBL862189
Vandetanib (ZD6474),CHEMBL24828,CHEMBL1868,P17948,Vascular endothelial growth factor receptor 1,IC50,100.0,7.0,CHEMBL862190
Vandetanib (ZD6474),CHEMBL24828,CHEMBL279,P35968,Vascular endothelial growth factor receptor 2,IC50,1660.0,5.78,CHEMBL862191
Vandetanib (ZD6474),CHEMBL24828,CHEMBL279,P35968,Vascular endothelial growth factor receptor 2,IC50,22.0,7.66,CHEMBL866567
Vandetanib (ZD6474),CHEMBL24828,CHEMBL1868,P17948,Vascular endothelial growth factor receptor 1,IC50,100.0,7.0,CHEMBL867220
Vandetanib (ZD6474),CHEMBL24828,CHEMBL279,P35968,Vascular endothelial growth factor receptor 2,IC50,22.0,7.66,CHEMBL864971
Vandetanib (ZD6474),CHEMBL24828,CHEMBL1868,P17948,Vascular endothelial growth factor receptor 1,IC50,100.0,7.0,CHEMBL864972
Vandetanib (ZD6474),CHEMBL24828,CHEMBL279,P35968,Vascular endothelial growth factor receptor 2,IC50,1660.0,5.78,CHEMBL863825
Vandetanib (ZD6474),CHEMBL24828,CHEMBL203,P00533,Epidermal growth factor receptor,IC50,112.4,6.95,CHEMBL892951
Vandetanib (ZD6474),CHEMBL24828,CHEMBL203,P00533,Epidermal growth factor receptor,IC50,10000.0,5.0,CHEMBL892954
Vandetanib (ZD6474),CHEMBL24828,CHEMBL279,P35968,Vascular endothelial growth factor receptor 2,IC50,27.3,7.56,CHEMBL892958
Vandetanib (ZD6474),CHEMBL24828,CHEMBL279,P35968,Vascular endothelial growth factor receptor 2,IC50,4834.0,5.32,CHEMBL892960
Vatalanib (PTK787),CHEMBL101253,CHEMBL279,P35968,Vascular endothelial growth factor receptor 2,IC50,37.0,7.43,CHEMBL819549
Vatalanib (PTK787),CHEMBL101253,CHEMBL1868,P17948,Vascular endothelial growth factor receptor 1,IC50,77.0,7.11,CHEMBL811937
Vatalanib (PTK787),CHEMBL101253,CHEMBL1936,P10721,Mast/stem cell growth factor receptor Kit,IC50,730.0,6.14,CHEMBL769329
Vatalanib (PTK787),CHEMBL101253,CHEMBL203,P00533,Epidermal growth factor receptor,IC50,10000.0,5.0,CHEMBL674695
Vatalanib (PTK787),CHEMBL101253,CHEMBL308,P06493,Cyclin-dependent kinase 1,IC50,10000.0,5.0,CHEMBL660794
Vatalanib (PTK787),CHEMBL101253,CHEMBL3717,P08581,Hepatocyte growth factor receptor,IC50,10000.0,5.0,CHEMBL711149
Vatalanib (PTK787),CHEMBL101253,CHEMBL1957,P08069,Insulin-like growth factor 1 receptor,IC50,10000.0,5.0,CHEMBL698352
Vatalanib (PTK787),CHEMBL101253,CHEMBL267,P12931,Proto-oncogene tyrosine-protein kinase Src,IC50,10000.0,5.0,CHEMBL818279
Vatalanib (PTK787),CHEMBL101253,CHEMBL2094138,,cAMP-dependent protein kinase (PKA),IC50,10000.0,5.0,CHEMBL772603
Vatalanib (PTK787),CHEMBL101253,CHEMBL279,P35968,Vascular endothelial growth factor receptor 2,IC50,63.0,7.2,CHEMBL876999
Vatalanib (PTK787),CHEMBL101253,CHEMBL613107,,PBMC,IC50,1000.0,6.0,CHEMBL835743
Vatalanib (PTK787),CHEMBL101253,CHEMBL279,P35968,Vascular endothelial growth factor receptor 2,IC50,160.0,6.8,CHEMBL829592
Vatalanib (PTK787),CHEMBL101253,CHEMBL2095227,,Vascular endothelial growth factor receptor,IC50,100.0,7.0,CHEMBL825163
Vatalanib (PTK787),CHEMBL101253,CHEMBL1955,P35916,Vascular endothelial growth factor receptor 3,Kd,190.0,6.72,CHEMBL860889
Vatalanib (PTK787),CHEMBL101253,CHEMBL1913,P09619,Platelet-derived growth factor receptor beta,Kd,58.0,7.24,CHEMBL860919
Vatalanib (PTK787),CHEMBL101253,CHEMBL279,P35968,Vascular endothelial growth factor receptor 2,Kd,70.0,7.15,CHEMBL860900
Vatalanib (PTK787),CHEMBL101253,CHEMBL1936,P10721,Mast/stem cell growth factor receptor Kit,Kd,700.0,6.15,CHEMBL860918
Vatalanib (PTK787),CHEMBL101253,CHEMBL4601,Q13882,Protein-tyrosine kinase 6,Kd,2700.0,5.57,CHEMBL861048
Vatalanib (PTK787),CHEMBL101253,CHEMBL279,P35968,Vascular endothelial growth factor receptor 2,IC50,138.0,6.86,CHEMBL864514
Vatalanib (PTK787),CHEMBL101253,CHEMBL279,P35968,Vascular endothelial growth factor receptor 2,IC50,6308.1,5.2,CHEMBL862696
Vatalanib (PTK787),CHEMBL101253,CHEMBL279,P35968,Vascular endothelial growth factor receptor 2,IC50,15.0,7.82,CHEMBL862697
Vatalanib (PTK787),CHEMBL101253,CHEMBL279,P35968,Vascular endothelial growth factor receptor 2,IC50,54.0,7.27,CHEMBL861906
Vatalanib (PTK787),CHEMBL101253,CHEMBL1868,P17948,Vascular endothelial growth factor receptor 1,IC50,140.0,6.85,CHEMBL861908
Vatalanib (PTK787),CHEMBL101253,CHEMBL279,P35968,Vascular endothelial growth factor receptor 2,IC50,21.0,7.68,CHEMBL861911
Vatalanib (PTK787),CHEMBL101253,CHEMBL279,P35968,Vascular endothelial growth factor receptor 2,IC50,54.0,7.27,CHEMBL862189
Vatalanib (PTK787),CHEMBL101253,CHEMBL1868,P17948,Vascular endothelial growth factor receptor 1,IC50,140.0,6.85,CHEMBL862190
Vatalanib (PTK787),CHEMBL101253,CHEMBL279,P35968,Vascular endothelial growth factor receptor 2,IC50,21.0,7.68,CHEMBL862191
Vatalanib (PTK787),CHEMBL101253,CHEMBL279,P35968,Vascular endothelial growth factor receptor 2,IC50,54.0,7.27,CHEMBL866567
Vatalanib (PTK787),CHEMBL101253,CHEMBL1868,P17948,Vascular endothelial growth factor receptor 1,IC50,140.0,6.85,CHEMBL867220
Vatalanib (PTK787),CHEMBL101253,CHEMBL1868,P17948,Vascular endothelial growth factor receptor 1,IC50,140.0,6.85,CHEMBL864972
Vatalanib (PTK787),CHEMBL101253,CHEMBL279,P35968,Vascular endothelial growth factor receptor 2,IC50,54.0,7.27,CHEMBL864971
Vatalanib (PTK787),CHEMBL101253,CHEMBL279,P35968,Vascular endothelial growth factor receptor 2,IC50,21.0,7.68,CHEMBL863825
Vatalanib (PTK787),CHEMBL101253,CHEMBL203,P00533,Epidermal growth factor receptor,IC50,457.7,6.34,CHEMBL892951
Vatalanib (PTK787),CHEMBL101253,CHEMBL203,P00533,Epidermal growth factor receptor,IC50,10000.0,5.0,CHEMBL892954
Vatalanib (PTK787),CHEMBL101253,CHEMBL279,P35968,Vascular endothelial growth factor receptor 2,IC50,198.3,6.7,CHEMBL892958
Vatalanib (PTK787),CHEMBL101253,CHEMBL279,P35968,Vascular endothelial growth factor receptor 2,IC50,6754.0,5.17,CHEMBL892960
Vatalanib (PTK787),CHEMBL101253,CHEMBL279,P35968,Vascular endothelial growth factor receptor 2,IC50,21.0,7.68,CHEMBL885901
Vatalanib (PTK787),CHEMBL101253,CHEMBL1868,P17948,Vascular endothelial growth factor receptor 1,IC50,54.0,7.27,CHEMBL885899
Vatalanib (PTK787),CHEMBL101253,CHEMBL279,P35968,Vascular endothelial growth factor receptor 2,IC50,140.0,6.85,CHEMBL885900
Vatalanib (PTK787),CHEMBL101253,CHEMBL279,P35968,Vascular endothelial growth factor receptor 2,IC50,54.0,7.27,CHEMBL960809
Vatalanib (PTK787),CHEMBL101253,CHEMBL1868,P17948,Vascular endothelial growth factor receptor 1,IC50,140.0,6.85,CHEMBL960811
Vatalanib (PTK787),CHEMBL101253,CHEMBL279,P35968,Vascular endothelial growth factor receptor 2,IC50,21.0,7.68,CHEMBL960813
Vatalanib (PTK787),CHEMBL101253,CHEMBL279,P35968,Vascular endothelial growth factor receptor 2,IC50,42.0,7.38,CHEMBL960810
Vatalanib (PTK787),CHEMBL101253,CHEMBL1868,P17948,Vascular endothelial growth factor receptor 1,IC50,110.0,6.96,CHEMBL960812
Vatalanib (PTK787),CHEMBL101253,CHEMBL279,P35968,Vascular endothelial growth factor receptor 2,IC50,16.0,7.8,CHEMBL960808
Vatalanib (PTK787),CHEMBL101253,CHEMBL279,P35968,Vascular endothelial growth factor receptor 2,IC50,54.0,7.27,CHEMBL1034022
Vatalanib (PTK787),CHEMBL101253,CHEMBL1868,P17948,Vascular endothelial growth factor receptor 1,IC50,140.0,6.85,CHEMBL1034023
Vatalanib (PTK787),CHEMBL101253,CHEMBL279,P35968,Vascular endothelial growth factor receptor 2,IC50,21.0,7.68,CHEMBL1034026
Vatalanib (PTK787),CHEMBL101253,CHEMBL279,P35968,Vascular endothelial growth factor receptor 2,IC50,42.0,7.38,CHEMBL1034024
Vatalanib (PTK787),CHEMBL101253,CHEMBL1868,P17948,Vascular endothelial growth factor receptor 1,IC50,110.0,6.96,CHEMBL1034025
Vatalanib (PTK787),CHEMBL101253,CHEMBL279,P35968,Vascular endothelial growth factor receptor 2,IC50,16.0,7.8,CHEMBL1034027
Vatalanib (PTK787),CHEMBL101253,CHEMBL1974,P36888,Receptor-type tyrosine-protein kinase FLT3,Kd,10000.0,5.0,CHEMBL1063729
Vatalanib (PTK787),CHEMBL101253,CHEMBL1974,P36888,Receptor-type tyrosine-protein kinase FLT3,Kd,10000.0,5.0,CHEMBL1061073
Vatalanib (PTK787),CHEMBL101253,CHEMBL1955,P35916,Vascular endothelial growth factor receptor 3,Kd,330.0,6.48,CHEMBL1060246
Vatalanib (PTK787),CHEMBL101253,CHEMBL4674,P53778,Mitogen-activated protein kinase 12,Kd,10000.0,5.0,CHEMBL1061183
Vatalanib (PTK787),CHEMBL101253,CHEMBL2999,O75914,Serine/threonine-protein kinase PAK 3,Kd,10000.0,5.0,CHEMBL1062779
Vatalanib (PTK787),CHEMBL101253,CHEMBL5790,Q00537,Cyclin-dependent kinase 17,Kd,10000.0,5.0,CHEMBL1051349
Vatalanib (PTK787),CHEMBL101253,CHEMBL5316,Q07002,Cyclin-dependent kinase 18,Kd,10000.0,5.0,CHEMBL1062782
Vatalanib (PTK787),CHEMBL101253,CHEMBL2534,O15530,3-phosphoinositide-dependent protein kinase 1,Kd,10000.0,5.0,CHEMBL1061922
Vatalanib (PTK787),CHEMBL101253,CHEMBL6162,O94921,Cyclin-dependent kinase 14,Kd,10000.0,5.0,CHEMBL1051350
Vatalanib (PTK787),CHEMBL101253,CHEMBL4004,Q16816,"Phosphorylase b kinase gamma catalytic chain, skeletal muscle/heart isoform",Kd,10000.0,5.0,CHEMBL1061153
Vatalanib (PTK787),CHEMBL101253,CHEMBL5969,Q99755,Phosphatidylinositol 4-phosphate 5-kinase type-1 alpha,Kd,10000.0,5.0,CHEMBL1061923
Vatalanib (PTK787),CHEMBL101253,CHEMBL4924,Q9UK32,Ribosomal protein S6 kinase alpha-6,Kd,10000.0,5.0,CHEMBL1039275
Vatalanib (PTK787),CHEMBL101253,CHEMBL4924,Q9UK32,Ribosomal protein S6 kinase alpha-6,Kd,10000.0,5.0,CHEMBL1061926
Vatalanib (PTK787),CHEMBL101253,CHEMBL5426,Q86YV6,Myosin light chain kinase family member 4,Kd,10000.0,5.0,CHEMBL1051352
Vatalanib (PTK787),CHEMBL101253,CHEMBL5314,Q06418,Tyrosine-protein kinase receptor TYRO3,Kd,10000.0,5.0,CHEMBL1051260
Vatalanib (PTK787),CHEMBL101253,CHEMBL279,P35968,Vascular endothelial growth factor receptor 2,Kd,62.0,7.21,CHEMBL1051261
Vatalanib (PTK787),CHEMBL101253,CHEMBL5491,P30291,Wee1-like protein kinase,Kd,10000.0,5.0,CHEMBL1061935
Vatalanib (PTK787),CHEMBL101253,CHEMBL5405,Q86UX6,Serine/threonine-protein kinase 32C,Kd,10000.0,5.0,CHEMBL1062789
Vatalanib (PTK787),CHEMBL101253,CHEMBL2073,P07947,Tyrosine-protein kinase Yes,Kd,10000.0,5.0,CHEMBL1051262
Vatalanib (PTK787),CHEMBL101253,CHEMBL5552,O00506,Serine/threonine-protein kinase 25,Kd,10000.0,5.0,CHEMBL1051263
Vatalanib (PTK787),CHEMBL101253,CHEMBL3886,Q9NYL2,Mitogen-activated protein kinase kinase kinase 20,Kd,4400.0,5.36,CHEMBL1051317
Vatalanib (PTK787),CHEMBL101253,CHEMBL2803,P43403,Tyrosine-protein kinase ZAP-70,Kd,10000.0,5.0,CHEMBL1061189
Vatalanib (PTK787),CHEMBL101253,CHEMBL5667,P78356,Phosphatidylinositol 5-phosphate 4-kinase type-2 beta,Kd,10000.0,5.0,CHEMBL1062784
Vatalanib (PTK787),CHEMBL101253,CHEMBL2918,P22694,cAMP-dependent protein kinase catalytic subunit beta,Kd,10000.0,5.0,CHEMBL1039274
Vatalanib (PTK787),CHEMBL101253,CHEMBL5818,P51817,cAMP-dependent protein kinase catalytic subunit PRKX,Kd,10000.0,5.0,CHEMBL1061157
Vatalanib (PTK787),CHEMBL101253,CHEMBL5469,Q14289,Protein-tyrosine kinase 2-beta,Kd,10000.0,5.0,CHEMBL1061158
Vatalanib (PTK787),CHEMBL101253,CHEMBL4224,P49759,Dual specificity protein kinase CLK1,Kd,10000.0,5.0,CHEMBL1050838
Vatalanib (PTK787),CHEMBL101253,CHEMBL4226,P49761,Dual specificity protein kinase CLK3,Kd,10000.0,5.0,CHEMBL1060240
Vatalanib (PTK787),CHEMBL101253,CHEMBL2634,P41240,Tyrosine-protein kinase CSK,Kd,10000.0,5.0,CHEMBL1037547
Vatalanib (PTK787),CHEMBL101253,CHEMBL5520,Q8N752,Casein kinase I isoform alpha-like,Kd,10000.0,5.0,CHEMBL1063703
Vatalanib (PTK787),CHEMBL101253,CHEMBL2828,P48730,Casein kinase I isoform delta,Kd,10000.0,5.0,CHEMBL1050829
Vatalanib (PTK787),CHEMBL101253,CHEMBL4937,P49674,Casein kinase I isoform epsilon,Kd,10000.0,5.0,CHEMBL1050834
Vatalanib (PTK787),CHEMBL101253,CHEMBL2543,P78368,Casein kinase I isoform gamma-2,Kd,10000.0,5.0,CHEMBL1063704
Vatalanib (PTK787),CHEMBL101253,CHEMBL5274,P35590,Tyrosine-protein kinase receptor Tie-1,Kd,10000.0,5.0,CHEMBL1061930
Vatalanib (PTK787),CHEMBL101253,CHEMBL4128,Q02763,Angiopoietin-1 receptor,Kd,10000.0,5.0,CHEMBL1051315
Vatalanib (PTK787),CHEMBL101253,CHEMBL5388,Q9UKI8,Serine/threonine-protein kinase tousled-like 1,Kd,10000.0,5.0,CHEMBL1061931
Vatalanib (PTK787),CHEMBL101253,CHEMBL5404,Q86UE8,Serine/threonine-protein kinase tousled-like 2,Kd,10000.0,5.0,CHEMBL1061984
Vatalanib (PTK787),CHEMBL101253,CHEMBL4527,Q9UKE5,TRAF2 and NCK-interacting protein kinase,Kd,10000.0,5.0,CHEMBL1062874
Vatalanib (PTK787),CHEMBL101253,CHEMBL4599,Q07912,Activated CDC42 kinase 1,Kd,10000.0,5.0,CHEMBL1051355
Vatalanib (PTK787),CHEMBL101253,CHEMBL2815,P04629,High affinity nerve growth factor receptor,Kd,10000.0,5.0,CHEMBL1061933
Vatalanib (PTK787),CHEMBL101253,CHEMBL4898,Q16620,BDNF/NT-3 growth factors receptor,Kd,10000.0,5.0,CHEMBL1062875
Vatalanib (PTK787),CHEMBL101253,CHEMBL5608,Q16288,NT-3 growth factor receptor,Kd,10000.0,5.0,CHEMBL1041998
Vatalanib (PTK787),CHEMBL101253,CHEMBL3983,P33981,Dual specificity protein kinase TTK,Kd,10000.0,5.0,CHEMBL1061934
Vatalanib (PTK787),CHEMBL101253,CHEMBL5084,Q9Y6M4,Casein kinase I isoform gamma-3,Kd,10000.0,5.0,CHEMBL1051284
Vatalanib (PTK787),CHEMBL101253,CHEMBL3629,P68400,Casein kinase II subunit alpha,Kd,10000.0,5.0,CHEMBL1060241
Vatalanib (PTK787),CHEMBL101253,CHEMBL4070,P19784,Casein kinase II subunit alpha',Kd,10000.0,5.0,CHEMBL1061141
Vatalanib (PTK787),CHEMBL101253,CHEMBL3123,Q9UIK4,Death-associated protein kinase 2,Kd,10000.0,5.0,CHEMBL1053760
Vatalanib (PTK787),CHEMBL101253,CHEMBL2468,O43293,Death-associated protein kinase 3,Kd,10000.0,5.0,CHEMBL1060181
Vatalanib (PTK787),CHEMBL101253,CHEMBL3980,O94768,Serine/threonine-protein kinase 17B,Kd,10000.0,5.0,CHEMBL1060189
Vemurafenib (PLX-4032),CHEMBL1229517,CHEMBL5145,P15056,Serine/threonine-protein kinase B-raf,IC50,190.0,6.72,CHEMBL1948326
Vemurafenib (PLX-4032),CHEMBL1229517,CHEMBL5145,P15056,Serine/threonine-protein kinase B-raf,IC50,61.0,7.21,CHEMBL1948325
Vemurafenib (PLX-4032),CHEMBL1229517,CHEMBL5145,P15056,Serine/threonine-protein kinase B-raf,IC50,31.0,7.51,CHEMBL1948324
Vemurafenib (PLX-4032),CHEMBL1229517,CHEMBL5145,P15056,Serine/threonine-protein kinase B-raf,IC50,290.0,6.54,CHEMBL2073610
Vemurafenib (PLX-4032),CHEMBL1229517,CHEMBL1906,P04049,RAF proto-oncogene serine/threonine-protein kinase,IC50,48.0,7.32,CHEMBL2173440
Vemurafenib (PLX-4032),CHEMBL1229517,CHEMBL5145,P15056,Serine/threonine-protein kinase B-raf,IC50,31.0,7.51,CHEMBL2173442
Vemurafenib (PLX-4032),CHEMBL1229517,CHEMBL5145,P15056,Serine/threonine-protein kinase B-raf,IC50,100.0,7.0,CHEMBL2173444
Vemurafenib (PLX-4032),CHEMBL1229517,CHEMBL394,,HCT-116,IC50,2000.0,5.7,CHEMBL2173448
Vemurafenib (PLX-4032),CHEMBL1229517,CHEMBL613859,,A-375,IC50,310.0,6.51,CHEMBL2173450
Vemurafenib (PLX-4032),CHEMBL1229517,CHEMBL5145,P15056,Serine/threonine-protein kinase B-raf,IC50,21.0,7.68,CHEMBL2389929
Vemurafenib (PLX-4032),CHEMBL1229517,CHEMBL5145,P15056,Serine/threonine-protein kinase B-raf,IC50,3.2,8.49,CHEMBL2389930
Vemurafenib (PLX-4032),CHEMBL1229517,CHEMBL394,,HCT-116,IC50,30000.0,4.52,CHEMBL3091219
Vemurafenib (PLX-4032),CHEMBL1229517,CHEMBL613859,,A-375,IC50,180.0,6.74,CHEMBL3091220
Vemurafenib (PLX-4032),CHEMBL1229517,CHEMBL5145,P15056,Serine/threonine-protein kinase B-raf,IC50,26.0,7.59,CHEMBL3240252
Vemurafenib (PLX-4032),CHEMBL1229517,CHEMBL203,P00533,Epidermal growth factor receptor,IC50,10000.0,5.0,CHEMBL3240253
Vemurafenib (PLX-4032),CHEMBL1229517,CHEMBL614919,,SK-MEL-28,IC50,480.0,6.32,CHEMBL3240254
Vemurafenib (PLX-4032),CHEMBL1229517,CHEMBL614317,,M14,IC50,150.0,6.82,CHEMBL3239818
Vemurafenib (PLX-4032),CHEMBL1229517,CHEMBL614919,,SK-MEL-28,IC50,100.0,7.0,CHEMBL3239902
Vemurafenib (PLX-4032),CHEMBL1229517,CHEMBL5145,P15056,Serine/threonine-protein kinase B-raf,IC50,23.0,7.64,CHEMBL3371771
Vemurafenib (PLX-4032),CHEMBL1229517,CHEMBL613859,,A-375,IC50,3315.0,5.48,CHEMBL3371772
Vemurafenib (PLX-4032),CHEMBL1229517,CHEMBL5145,P15056,Serine/threonine-protein kinase B-raf,IC50,33.1,7.48,CHEMBL3371773
Vemurafenib (PLX-4032),CHEMBL1229517,CHEMBL613859,,A-375,IC50,190.0,6.72,CHEMBL3385340
Vemurafenib (PLX-4032),CHEMBL1229517,CHEMBL2189121,P01116,GTPase KRas,IC50,16600.0,4.78,CHEMBL3578339
Vemurafenib (PLX-4032),CHEMBL1229517,CHEMBL5145,P15056,Serine/threonine-protein kinase B-raf,IC50,150.0,6.82,CHEMBL3578338
Vemurafenib (PLX-4032),CHEMBL1229517,CHEMBL1906,P04049,RAF proto-oncogene serine/threonine-protein kinase,IC50,410.0,6.39,CHEMBL3578337
Vemurafenib (PLX-4032),CHEMBL1229517,CHEMBL5145,P15056,Serine/threonine-protein kinase B-raf,IC50,34.0,7.47,CHEMBL3578336
Vemurafenib (PLX-4032),CHEMBL1229517,CHEMBL5145,P15056,Serine/threonine-protein kinase B-raf,IC50,6.1,8.21,CHEMBL3578335
Vemurafenib (PLX-4032),CHEMBL1229517,CHEMBL2111289,,Dual specificity mitogen-activated protein kinase kinase; MEK1/2,IC50,1500.0,5.82,CHEMBL3578343
Vemurafenib (PLX-4032),CHEMBL1229517,CHEMBL394,,HCT-116,IC50,10000.0,5.0,CHEMBL3578342
Vemurafenib (PLX-4032),CHEMBL1229517,CHEMBL613859,,A-375,IC50,170.0,6.77,CHEMBL3578341
Vemurafenib (PLX-4032),CHEMBL1229517,CHEMBL279,P35968,Vascular endothelial growth factor receptor 2,IC50,360.0,6.44,CHEMBL3578340
Vemurafenib (PLX-4032),CHEMBL1229517,CHEMBL1169596,P10398,Serine/threonine-protein kinase A-Raf,IC50,950.0,6.02,CHEMBL3578906
Vemurafenib (PLX-4032),CHEMBL1229517,CHEMBL5145,P15056,Serine/threonine-protein kinase B-raf,IC50,260.0,6.59,CHEMBL3578907
Vemurafenib (PLX-4032),CHEMBL1229517,CHEMBL1906,P04049,RAF proto-oncogene serine/threonine-protein kinase,IC50,10000.0,5.0,CHEMBL3578908
Vemurafenib (PLX-4032),CHEMBL1229517,CHEMBL394,,HCT-116,IC50,10000.0,5.0,CHEMBL3584624
Vemurafenib (PLX-4032),CHEMBL1229517,CHEMBL5145,P15056,Serine/threonine-protein kinase B-raf,IC50,33.0,7.48,CHEMBL3584220
Vemurafenib (PLX-4032),CHEMBL1229517,CHEMBL614721,,LoVo,IC50,10000.0,5.0,CHEMBL3584625
Vemurafenib (PLX-4032),CHEMBL1229517,CHEMBL614917,,SK-MEL-2,IC50,10000.0,5.0,CHEMBL3584626
Vemurafenib (PLX-4032),CHEMBL1229517,CHEMBL384,,HT-29,IC50,601.0,6.22,CHEMBL3584629
Vemurafenib (PLX-4032),CHEMBL1229517,CHEMBL614916,,SK-MEL-1,IC50,1499.0,5.82,CHEMBL3584630
Vemurafenib (PLX-4032),CHEMBL1229517,CHEMBL614919,,SK-MEL-28,IC50,381.0,6.42,CHEMBL3584631
Vemurafenib (PLX-4032),CHEMBL1229517,CHEMBL613859,,A-375,IC50,79.0,7.1,CHEMBL3584767
Vemurafenib (PLX-4032),CHEMBL1229517,CHEMBL5145,P15056,Serine/threonine-protein kinase B-raf,IC50,1140.0,5.94,CHEMBL3768994
Vemurafenib (PLX-4032),CHEMBL1229517,CHEMBL5145,P15056,Serine/threonine-protein kinase B-raf,IC50,280.0,6.55,CHEMBL3768995
Vemurafenib (PLX-4032),CHEMBL1229517,CHEMBL5145,P15056,Serine/threonine-protein kinase B-raf,IC50,20.0,7.7,CHEMBL3804126
Vemurafenib (PLX-4032),CHEMBL1229517,CHEMBL5145,P15056,Serine/threonine-protein kinase B-raf,IC50,4.0,8.4,CHEMBL3804127
Vemurafenib (PLX-4032),CHEMBL1229517,CHEMBL5145,P15056,Serine/threonine-protein kinase B-raf,IC50,17.0,7.77,CHEMBL3804129
Vemurafenib (PLX-4032),CHEMBL1229517,CHEMBL5145,P15056,Serine/threonine-protein kinase B-raf,IC50,119.0,6.92,CHEMBL3802674
Vemurafenib (PLX-4032),CHEMBL1229517,CHEMBL5145,P15056,Serine/threonine-protein kinase B-raf,IC50,59.0,7.23,CHEMBL3802673
Vemurafenib (PLX-4032),CHEMBL1229517,CHEMBL384,,HT-29,IC50,156.0,6.81,CHEMBL3802677
Vemurafenib (PLX-4032),CHEMBL1229517,CHEMBL5145,P15056,Serine/threonine-protein kinase B-raf,IC50,31.0,7.51,CHEMBL3810816
Vemurafenib (PLX-4032),CHEMBL1229517,CHEMBL5145,P15056,Serine/threonine-protein kinase B-raf,IC50,40.0,7.4,CHEMBL3855583
Vemurafenib (PLX-4032),CHEMBL1229517,CHEMBL1906,P04049,RAF proto-oncogene serine/threonine-protein kinase,IC50,128.0,6.89,CHEMBL3888783
Vemurafenib (PLX-4032),CHEMBL1229517,CHEMBL3830,Q2M2I8,AP2-associated protein kinase 1,Kd,30000.0,4.52,CHEMBL3991602
Vemurafenib (PLX-4032),CHEMBL1229517,CHEMBL1862,P00519,Tyrosine-protein kinase ABL1,Kd,30000.0,4.52,CHEMBL3991603
Vemurafenib (PLX-4032),CHEMBL1229517,CHEMBL4014,P42684,Tyrosine-protein kinase ABL2,Kd,30000.0,4.52,CHEMBL3991604
Vemurafenib (PLX-4032),CHEMBL1229517,CHEMBL4105816,Q6JQN1,Acyl-CoA dehydrogenase family member 10,Kd,30000.0,4.52,CHEMBL3991605
Vemurafenib (PLX-4032),CHEMBL1229517,CHEMBL4105707,Q709F0,Acyl-CoA dehydrogenase family member 11,Kd,30000.0,4.52,CHEMBL3991606
Vemurafenib (PLX-4032),CHEMBL1229517,CHEMBL4105892,P49748,"Very long-chain specific acyl-CoA dehydrogenase, mitochondrial",Kd,30000.0,4.52,CHEMBL3991607
Vemurafenib (PLX-4032),CHEMBL1229517,CHEMBL4105748,Q15067,Peroxisomal acyl-coenzyme A oxidase 1,Kd,30000.0,4.52,CHEMBL3991608
Vemurafenib (PLX-4032),CHEMBL1229517,CHEMBL4105817,O15254,Peroxisomal acyl-coenzyme A oxidase 3,Kd,30000.0,4.52,CHEMBL3991609
Vemurafenib (PLX-4032),CHEMBL1229517,CHEMBL4105818,Q9ULC5,Long-chain-fatty-acid--CoA ligase 5,Kd,30000.0,4.52,CHEMBL3991610
Vemurafenib (PLX-4032),CHEMBL1229517,CHEMBL6090,P61160,Actin-related protein 2,Kd,30000.0,4.52,CHEMBL3991611
Vemurafenib (PLX-4032),CHEMBL1229517,CHEMBL4105857,P61158,Actin-related protein 3,Kd,30000.0,4.52,CHEMBL3991612
Vemurafenib (PLX-4032),CHEMBL1229517,CHEMBL5903,Q04771,Activin receptor type-1,Kd,30000.0,4.52,CHEMBL3991613
Vemurafenib (PLX-4032),CHEMBL1229517,CHEMBL5310,P36896,Activin receptor type-1B,Kd,30000.0,4.52,CHEMBL3991614
Vemurafenib (PLX-4032),CHEMBL1229517,CHEMBL5466,Q13705,Activin receptor type-2B,Kd,30000.0,4.52,CHEMBL3991615
Vemurafenib (PLX-4032),CHEMBL1229517,CHEMBL4105885,Q86TW2,AarF domain-containing protein kinase 1,Kd,30000.0,4.52,CHEMBL3991617
Vemurafenib (PLX-4032),CHEMBL1229517,CHEMBL5550,Q8NI60,"Atypical kinase COQ8A, mitochondrial",Kd,30000.0,4.52,CHEMBL3991618
Vemurafenib (PLX-4032),CHEMBL1229517,CHEMBL4105886,Q3MIX3,Uncharacterized aarF domain-containing protein kinase 5,Kd,30000.0,4.52,CHEMBL3991619
Vemurafenib (PLX-4032),CHEMBL1229517,CHEMBL3589,P55263,Adenosine kinase,Kd,30000.0,4.52,CHEMBL3991620
Vemurafenib (PLX-4032),CHEMBL1229517,CHEMBL4079,P25098,Beta-adrenergic receptor kinase 1,Kd,30000.0,4.52,CHEMBL3991621
Vemurafenib (PLX-4032),CHEMBL1229517,CHEMBL4938,P54819,"Adenylate kinase 2, mitochondrial",Kd,30000.0,4.52,CHEMBL3991622
Vemurafenib (PLX-4032),CHEMBL1229517,CHEMBL4282,P31749,RAC-alpha serine/threonine-protein kinase,Kd,30000.0,4.52,CHEMBL3991623
Vemurafenib (PLX-4032),CHEMBL1229517,CHEMBL2431,P31751,RAC-beta serine/threonine-protein kinase,Kd,30000.0,4.52,CHEMBL3991624
Vemurafenib (PLX-4032),CHEMBL1229517,CHEMBL4816,Q9Y243,RAC-gamma serine/threonine-protein kinase,Kd,30000.0,4.52,CHEMBL3991625
Vemurafenib (PLX-4032),CHEMBL1229517,CHEMBL4105819,P07741,Adenine phosphoribosyltransferase,Kd,30000.0,4.52,CHEMBL3991627
Vemurafenib (PLX-4032),CHEMBL1229517,CHEMBL1169596,P10398,Serine/threonine-protein kinase A-Raf,Kd,2138.0,5.67,CHEMBL3991628
Vemurafenib (PLX-4032),CHEMBL1229517,CHEMBL5024,Q13535,Serine/threonine-protein kinase ATR,Kd,30000.0,4.52,CHEMBL3991629
Vemurafenib (PLX-4032),CHEMBL1229517,CHEMBL4722,O14965,Aurora kinase A,Kd,30000.0,4.52,CHEMBL3991630
Vemurafenib (PLX-4032),CHEMBL1229517,CHEMBL2185,Q96GD4,Aurora kinase B,Kd,30000.0,4.52,CHEMBL3991631
Vemurafenib (PLX-4032),CHEMBL1229517,CHEMBL5146,P11274,Breakpoint cluster region protein,Kd,30000.0,4.52,CHEMBL3991632
Vemurafenib (PLX-4032),CHEMBL1229517,CHEMBL4522,Q9NSY1,BMP-2-inducible protein kinase,Kd,30000.0,4.52,CHEMBL3991633
Vemurafenib (PLX-4032),CHEMBL1229517,CHEMBL5275,P36894,Bone morphogenetic protein receptor type-1A,Kd,30000.0,4.52,CHEMBL3991634
Vemurafenib (PLX-4032),CHEMBL1229517,CHEMBL5476,O00238,Bone morphogenetic protein receptor type-1B,Kd,30000.0,4.52,CHEMBL3991635
Vemurafenib (PLX-4032),CHEMBL1229517,CHEMBL5467,Q13873,Bone morphogenetic protein receptor type-2,Kd,30000.0,4.52,CHEMBL3991636
Vemurafenib (PLX-4032),CHEMBL1229517,CHEMBL5145,P15056,Serine/threonine-protein kinase B-raf,Kd,3386.0,5.47,CHEMBL3991637
Vemurafenib (PLX-4032),CHEMBL1229517,CHEMBL5251,Q06187,Tyrosine-protein kinase BTK,Kd,30000.0,4.52,CHEMBL3991638
Vemurafenib (PLX-4032),CHEMBL1229517,CHEMBL1772932,O43683,Mitotic checkpoint serine/threonine-protein kinase BUB1,Kd,30000.0,4.52,CHEMBL3991639
Vemurafenib (PLX-4032),CHEMBL1229517,CHEMBL2801,Q13557,Calcium/calmodulin-dependent protein kinase type II subunit delta,Kd,30000.0,4.52,CHEMBL3991641
Vemurafenib (PLX-4032),CHEMBL1229517,CHEMBL3829,Q13555,Calcium/calmodulin-dependent protein kinase type II subunit gamma,Kd,30000.0,4.52,CHEMBL3991642
Vemurafenib (PLX-4032),CHEMBL1229517,CHEMBL2494,Q16566,Calcium/calmodulin-dependent protein kinase type IV,Kd,30000.0,4.52,CHEMBL3991643
Vemurafenib (PLX-4032),CHEMBL1229517,CHEMBL5284,Q96RR4,Calcium/calmodulin-dependent protein kinase kinase 2,Kd,30000.0,4.52,CHEMBL3991644
Vemurafenib (PLX-4032),CHEMBL1229517,CHEMBL4105937,P49589,"Cysteine--tRNA ligase, cytoplasmic",Kd,30000.0,4.52,CHEMBL3991645
Vemurafenib (PLX-4032),CHEMBL1229517,CHEMBL4516,Q5VT25,Serine/threonine-protein kinase MRCK alpha,Kd,30000.0,4.52,CHEMBL3991646
Vemurafenib (PLX-4032),CHEMBL1229517,CHEMBL5052,Q9Y5S2,Serine/threonine-protein kinase MRCK beta,Kd,30000.0,4.52,CHEMBL3991647
Vemurafenib (PLX-4032),CHEMBL1229517,CHEMBL5615,Q6DT37,Serine/threonine-protein kinase MRCK gamma,Kd,30000.0,4.52,CHEMBL3991648
Vemurafenib (PLX-4032),CHEMBL1229517,CHEMBL308,P06493,Cyclin-dependent kinase 1,Kd,30000.0,4.52,CHEMBL3991650
Vemurafenib (PLX-4032),CHEMBL1229517,CHEMBL1795191,Q15131,Cyclin-dependent kinase 10,Kd,30000.0,4.52,CHEMBL3991651
Vemurafenib (PLX-4032),CHEMBL1229517,CHEMBL3559692,Q9NYV4,Cyclin-dependent kinase 12,Kd,30000.0,4.52,CHEMBL3991652
Venetoclax,CHEMBL3137309,CHEMBL4860,P10415,Apoptosis regulator Bcl-2,Ki,0.01,11.0,CHEMBL3795379
Venetoclax,CHEMBL3137309,CHEMBL4625,Q07817,Bcl-2-like protein 1,Ki,48.0,7.32,CHEMBL3795380
Venetoclax,CHEMBL3137309,CHEMBL4625,Q07817,Bcl-2-like protein 1,Ki,48.0,7.32,CHEMBL3819992
Venetoclax,CHEMBL3137309,CHEMBL4860,P10415,Apoptosis regulator Bcl-2,Ki,0.1,10.0,CHEMBL3819993
Venetoclax,CHEMBL3137309,CHEMBL4361,Q07820,Induced myeloid leukemia cell differentiation protein Mcl-1,Ki,444.0,6.35,CHEMBL3819994
Venetoclax,CHEMBL3137309,CHEMBL4860,P10415,Apoptosis regulator Bcl-2,IC50,1.0,9.0,CHEMBL3865725
Venetoclax,CHEMBL3137309,CHEMBL4860,P10415,Apoptosis regulator Bcl-2,Ki,1.0,9.0,CHEMBL3865725
Venetoclax,CHEMBL3137309,CHEMBL4361,Q07820,Induced myeloid leukemia cell differentiation protein Mcl-1,IC50,4000.0,5.4,CHEMBL3865724
Venetoclax,CHEMBL3137309,CHEMBL4361,Q07820,Induced myeloid leukemia cell differentiation protein Mcl-1,Ki,780.0,6.11,CHEMBL3865724
Venetoclax,CHEMBL3137309,CHEMBL4860,P10415,Apoptosis regulator Bcl-2,Ki,0.036,10.44,CHEMBL3887128
Venetoclax,CHEMBL3137309,CHEMBL4860,P10415,Apoptosis regulator Bcl-2,Ki,0.01,11.0,CHEMBL3887453
Venetoclax,CHEMBL3137309,CHEMBL4860,P10415,Apoptosis regulator Bcl-2,Ki,0.01,11.0,CHEMBL4052850
Venetoclax,CHEMBL3137309,CHEMBL4625,Q07817,Bcl-2-like protein 1,Ki,48.0,7.32,CHEMBL4052851
Venetoclax,CHEMBL3137309,CHEMBL4677,Q92843,Bcl-2-like protein 2,Ki,245.0,6.61,CHEMBL4052852
Venetoclax,CHEMBL3137309,CHEMBL4361,Q07820,Induced myeloid leukemia cell differentiation protein Mcl-1,Ki,444.0,6.35,CHEMBL4052853
Venetoclax,CHEMBL3137309,CHEMBL2366159,,RS4-11,IC50,1.5,8.82,CHEMBL4147761
Venetoclax,CHEMBL3137309,CHEMBL4860,P10415,Apoptosis regulator Bcl-2,Ki,0.01,11.0,CHEMBL4147765
Venetoclax,CHEMBL3137309,CHEMBL4625,Q07817,Bcl-2-like protein 1,Ki,48.0,7.32,CHEMBL4147766
Venetoclax,CHEMBL3137309,CHEMBL4361,Q07820,Induced myeloid leukemia cell differentiation protein Mcl-1,Ki,444.0,6.35,CHEMBL4147767
Venetoclax,CHEMBL3137309,CHEMBL2366159,,RS4-11,IC50,330.0,6.48,CHEMBL4148763
Venetoclax,CHEMBL3137309,CHEMBL4860,P10415,Apoptosis regulator Bcl-2,IC50,7.39,8.13,CHEMBL4182824
Venetoclax,CHEMBL3137309,CHEMBL4625,Q07817,Bcl-2-like protein 1,IC50,52.7,7.28,CHEMBL4182825
Venetoclax,CHEMBL3137309,CHEMBL4860,P10415,Apoptosis regulator Bcl-2,Ki,0.01,11.0,CHEMBL4194776
Venetoclax,CHEMBL3137309,CHEMBL4860,P10415,Apoptosis regulator Bcl-2,Ki,0.01,11.0,CHEMBL4220001
Venetoclax,CHEMBL3137309,CHEMBL4625,Q07817,Bcl-2-like protein 1,Ki,48.0,7.32,CHEMBL4220002
Venetoclax,CHEMBL3137309,CHEMBL2366159,,RS4-11,IC50,6.0,8.22,CHEMBL4264662
Venetoclax,CHEMBL3137309,CHEMBL4296505,,Toledo,IC50,11.0,7.96,CHEMBL4264663
Venetoclax,CHEMBL3137309,CHEMBL4625,Q07817,Bcl-2-like protein 1,IC50,52.7,7.28,CHEMBL4264660
Venetoclax,CHEMBL3137309,CHEMBL4860,P10415,Apoptosis regulator Bcl-2,IC50,7.4,8.13,CHEMBL4264659
Venetoclax,CHEMBL3137309,CHEMBL4860,P10415,Apoptosis regulator Bcl-2,IC50,230.0,6.64,CHEMBL4332203
Venetoclax,CHEMBL3137309,CHEMBL614882,,RPMI-8226,IC50,2700.0,5.57,CHEMBL4332204
Venetoclax,CHEMBL3137309,CHEMBL2366315,,U-266,IC50,94000.0,4.03,CHEMBL4332205
Venetoclax,CHEMBL3137309,CHEMBL4860,P10415,Apoptosis regulator Bcl-2,Ki,0.018,10.74,CHEMBL4378476
Venetoclax,CHEMBL3137309,CHEMBL4860,P10415,Apoptosis regulator Bcl-2,Ki,0.01,11.0,CHEMBL4398456
Venetoclax,CHEMBL3137309,CHEMBL4860,P10415,Apoptosis regulator Bcl-2,Ki,0.01,11.0,CHEMBL4668641
Venetoclax,CHEMBL3137309,CHEMBL4680030,Q12797,Aspartyl/asparaginyl beta-hydroxylase,IC50,1400.0,5.85,CHEMBL4672388
Venetoclax,CHEMBL3137309,CHEMBL4680030,Q12797,Aspartyl/asparaginyl beta-hydroxylase,IC50,1520.0,5.82,CHEMBL4672389
Venetoclax,CHEMBL3137309,CHEMBL4680030,Q12797,Aspartyl/asparaginyl beta-hydroxylase,IC50,1290.0,5.89,CHEMBL4672390
Venetoclax,CHEMBL3137309,CHEMBL4680030,Q12797,Aspartyl/asparaginyl beta-hydroxylase,IC50,1570.0,5.8,CHEMBL4672391
Venetoclax,CHEMBL3137309,CHEMBL4860,P10415,Apoptosis regulator Bcl-2,Kd,3.1,8.51,CHEMBL4705645
Venetoclax,CHEMBL3137309,CHEMBL4860,P10415,Apoptosis regulator Bcl-2,Kd,705.0,6.15,CHEMBL4705646
Venetoclax,CHEMBL3137309,CHEMBL4361,Q07820,Induced myeloid leukemia cell differentiation protein Mcl-1,Ki,200000.0,3.7,CHEMBL4813624
Venetoclax,CHEMBL3137309,CHEMBL3817,Q92934,Bcl2-associated agonist of cell death,Ki,16000.0,4.8,CHEMBL4813625
Venetoclax,CHEMBL3137309,CHEMBL4625,Q07817,Bcl-2-like protein 1,Ki,1.0,9.0,CHEMBL4813626
Venetoclax,CHEMBL3137309,CHEMBL4860,P10415,Apoptosis regulator Bcl-2,IC50,1.0,9.0,CHEMBL4828452
Venetoclax,CHEMBL3137309,CHEMBL4625,Q07817,Bcl-2-like protein 1,IC50,157.0,6.8,CHEMBL4828453
Venetoclax,CHEMBL3137309,CHEMBL2366159,,RS4-11,IC50,1.8,8.74,CHEMBL4828454
Venetoclax,CHEMBL3137309,CHEMBL4860,P10415,Apoptosis regulator Bcl-2,IC50,100.0,7.0,CHEMBL4837884
Venetoclax,CHEMBL3137309,CHEMBL4625,Q07817,Bcl-2-like protein 1,Ki,1.0,9.0,CHEMBL5034986
Venetoclax,CHEMBL3137309,CHEMBL4860,P10415,Apoptosis regulator Bcl-2,Ki,1.0,9.0,CHEMBL5034987
Venetoclax,CHEMBL3137309,CHEMBL399,,HeLa,IC50,20000.0,4.7,CHEMBL5034989
Venetoclax,CHEMBL3137309,CHEMBL383,,HL-60,IC50,77.0,7.11,CHEMBL5034990
Venetoclax,CHEMBL3137309,CHEMBL2366159,,RS4-11,IC50,4.3,8.37,CHEMBL5034992
Venetoclax,CHEMBL3137309,CHEMBL3706568,,HEK-293T,IC50,20000.0,4.7,CHEMBL5034993
Venetoclax,CHEMBL3137309,CHEMBL4860,P10415,Apoptosis regulator Bcl-2,IC50,23.0,7.64,CHEMBL5096798
Venetoclax,CHEMBL3137309,CHEMBL4860,P10415,Apoptosis regulator Bcl-2,Ki,1.2,8.92,CHEMBL5108736
Venetoclax,CHEMBL3137309,CHEMBL4860,P10415,Apoptosis regulator Bcl-2,Ki,98.0,7.01,CHEMBL5108737
Venetoclax,CHEMBL3137309,CHEMBL4860,P10415,Apoptosis regulator Bcl-2,Ki,59.0,7.23,CHEMBL5108739
Venetoclax,CHEMBL3137309,CHEMBL4860,P10415,Apoptosis regulator Bcl-2,Ki,17.0,7.77,CHEMBL5108740
Venetoclax,CHEMBL3137309,CHEMBL4677,Q92843,Bcl-2-like protein 2,Ki,245.0,6.61,CHEMBL5163774
Venetoclax,CHEMBL3137309,CHEMBL4625,Q07817,Bcl-2-like protein 1,Ki,48.0,7.32,CHEMBL5163775
Venetoclax,CHEMBL3137309,CHEMBL4361,Q07820,Induced myeloid leukemia cell differentiation protein Mcl-1,Ki,444.0,6.35,CHEMBL5163777
Venetoclax,CHEMBL3137309,CHEMBL4860,P10415,Apoptosis regulator Bcl-2,Ki,0.01,11.0,CHEMBL5163779
Venetoclax,CHEMBL3137309,CHEMBL4860,P10415,Apoptosis regulator Bcl-2,Ki,0.01,11.0,CHEMBL5234931
Venetoclax,CHEMBL3137309,CHEMBL4361,Q07820,Induced myeloid leukemia cell differentiation protein Mcl-1,Ki,444.0,6.35,CHEMBL5234932
Venetoclax,CHEMBL3137309,CHEMBL4625,Q07817,Bcl-2-like protein 1,Ki,48.0,7.32,CHEMBL5234933
Venetoclax,CHEMBL3137309,CHEMBL4677,Q92843,Bcl-2-like protein 2,Ki,245.0,6.61,CHEMBL5234934
Venetoclax,CHEMBL3137309,CHEMBL3108645,O96028,Histone-lysine N-methyltransferase NSD2,IC50,1700.0,5.77,CHEMBL5371706
Venetoclax,CHEMBL3137309,CHEMBL3588738,Q96L73,"Histone-lysine N-methyltransferase, H3 lysine-36 specific",IC50,2400.0,5.62,CHEMBL5371707
Venetoclax,CHEMBL3137309,CHEMBL3108646,Q9BZ95,Histone-lysine N-methyltransferase NSD3,IC50,1300.0,5.89,CHEMBL5371708
Venetoclax,CHEMBL3137309,CHEMBL4860,P10415,Apoptosis regulator Bcl-2,Ki,0.01,11.0,CHEMBL5505030
Venetoclax,CHEMBL3137309,CHEMBL4677,Q92843,Bcl-2-like protein 2,Ki,245.0,6.61,CHEMBL5505031
Venetoclax,CHEMBL3137309,CHEMBL4625,Q07817,Bcl-2-like protein 1,Ki,48.0,7.32,CHEMBL5505032
Venetoclax,CHEMBL3137309,CHEMBL4361,Q07820,Induced myeloid leukemia cell differentiation protein Mcl-1,Ki,444.0,6.35,CHEMBL5505033
Venetoclax,CHEMBL3137309,CHEMBL3430886,,Induced myeloid leukemia cell differentiation protein Mcl-1/BH3-interacting domain death agonist,Ki,3748.0,5.43,CHEMBL5505037
Venetoclax,CHEMBL3137309,CHEMBL613835,,MV4-11,IC50,440.0,6.36,CHEMBL5505042
Venetoclax,CHEMBL3137309,CHEMBL4296489,,Pfeiffer,IC50,6260.0,5.2,CHEMBL5505043
Venetoclax,CHEMBL3137309,CHEMBL4860,P10415,Apoptosis regulator Bcl-2,IC50,0.24,9.62,CHEMBL5510211
Venetoclax,CHEMBL3137309,CHEMBL4625,Q07817,Bcl-2-like protein 1,IC50,65.0,7.19,CHEMBL5510212
Venetoclax,CHEMBL3137309,CHEMBL2366159,,RS4-11,IC50,4.3,8.37,CHEMBL5510213
Venetoclax,CHEMBL3137309,CHEMBL614177,,MOLT-4,IC50,2823.0,5.55,CHEMBL5510214
Venetoclax,CHEMBL3137309,CHEMBL4860,P10415,Apoptosis regulator Bcl-2,IC50,25.0,7.6,CHEMBL5510215
Venetoclax,CHEMBL3137309,CHEMBL4860,P10415,Apoptosis regulator Bcl-2,Kd,29.0,7.54,CHEMBL5510225
Venetoclax,CHEMBL3137309,CHEMBL2366159,,RS4-11,IC50,110.0,6.96,CHEMBL5510226
Venetoclax,CHEMBL3137309,CHEMBL392,,A549,IC50,1500.0,5.82,CHEMBL5577274
Venetoclax,CHEMBL3137309,CHEMBL4860,P10415,Apoptosis regulator Bcl-2,IC50,100000.0,4.0,CHEMBL5586931
Venetoclax,CHEMBL3137309,CHEMBL4625,Q07817,Bcl-2-like protein 1,IC50,100000.0,4.0,CHEMBL5586932
Venetoclax,CHEMBL3137309,CHEMBL4860,P10415,Apoptosis regulator Bcl-2,Ki,0.01,11.0,CHEMBL5710152
Venetoclax,CHEMBL3137309,CHEMBL4625,Q07817,Bcl-2-like protein 1,Ki,48.0,7.32,CHEMBL5710153
Venetoclax,CHEMBL3137309,CHEMBL4361,Q07820,Induced myeloid leukemia cell differentiation protein Mcl-1,Ki,444.0,6.35,CHEMBL5710154
Venetoclax,CHEMBL3137309,CHEMBL4677,Q92843,Bcl-2-like protein 2,Ki,245.0,6.61,CHEMBL5710155
Venetoclax,CHEMBL3137309,CHEMBL4860,P10415,Apoptosis regulator Bcl-2,Ki,0.036,10.44,CHEMBL5730005
Venetoclax,CHEMBL3137309,CHEMBL4860,P10415,Apoptosis regulator Bcl-2,Ki,0.01,11.0,CHEMBL5730056
Venetoclax,CHEMBL3137309,CHEMBL4860,P10415,Apoptosis regulator Bcl-2,Ki,0.01,11.0,CHEMBL5732979
Venetoclax,CHEMBL3137309,CHEMBL4860,P10415,Apoptosis regulator Bcl-2,IC50,10.0,8.0,CHEMBL5734495
Venetoclax,CHEMBL3137309,CHEMBL4860,P10415,Apoptosis regulator Bcl-2,Kd,10.0,8.0,CHEMBL5738047
Venetoclax,CHEMBL3137309,CHEMBL4625,Q07817,Bcl-2-like protein 1,Kd,55.0,7.26,CHEMBL5738048
Venetoclax,CHEMBL3137309,CHEMBL4860,P10415,Apoptosis regulator Bcl-2,IC50,10.0,8.0,CHEMBL5738049
Venetoclax,CHEMBL3137309,CHEMBL4625,Q07817,Bcl-2-like protein 1,IC50,55.0,7.26,CHEMBL5738050
Venetoclax,CHEMBL3137309,CHEMBL4860,P10415,Apoptosis regulator Bcl-2,Kd,10.0,8.0,CHEMBL5738115
Vismodegib (GDC-0449),CHEMBL473417,CHEMBL3253,P02768,Albumin,Kd,5500.0,5.26,CHEMBL1777138
Vismodegib (GDC-0449),CHEMBL473417,CHEMBL3253,P02768,Albumin,Kd,6000.0,5.22,CHEMBL1777130
Vismodegib (GDC-0449),CHEMBL473417,CHEMBL5602,Q15465,Sonic hedgehog protein,IC50,15.0,7.82,CHEMBL1776927
Vismodegib (GDC-0449),CHEMBL473417,CHEMBL3253,P02768,Albumin,Kd,120000.0,3.92,CHEMBL1777119
Vismodegib (GDC-0449),CHEMBL473417,CHEMBL3253,P02768,Albumin,Kd,130000.0,3.89,CHEMBL1777125
Vismodegib (GDC-0449),CHEMBL473417,CHEMBL5602,Q15465,Sonic hedgehog protein,IC50,1750.0,5.76,CHEMBL1776928
Vismodegib (GDC-0449),CHEMBL473417,CHEMBL5971,Q99835,Protein smoothened,IC50,7.0,8.15,CHEMBL2033031
Vismodegib (GDC-0449),CHEMBL473417,CHEMBL5971,Q99835,Protein smoothened,IC50,7.0,8.15,CHEMBL2033036
Vismodegib (GDC-0449),CHEMBL473417,CHEMBL5971,Q99835,Protein smoothened,Ki,16.2,7.79,CHEMBL2162705
Vismodegib (GDC-0449),CHEMBL473417,CHEMBL1075435,,DOK,IC50,85972.89,4.07,CHEMBL2363186
Vismodegib (GDC-0449),CHEMBL473417,CHEMBL612519,,Daoy,IC50,186165.86,3.73,CHEMBL2363191
Vismodegib (GDC-0449),CHEMBL473417,CHEMBL613508,,DU-145,IC50,18319.99,4.74,CHEMBL2363188
Vismodegib (GDC-0449),CHEMBL473417,CHEMBL614487,,EKVX,IC50,608558.47,3.22,CHEMBL2363207
Vismodegib (GDC-0449),CHEMBL473417,CHEMBL2366281,,EM-2,IC50,272538.8,3.56,CHEMBL2363208
Vismodegib (GDC-0449),CHEMBL473417,CHEMBL2366118,,ES4,IC50,494844.71,3.31,CHEMBL2363212
Vismodegib (GDC-0449),CHEMBL473417,CHEMBL2366312,,ES5,IC50,92675.21,4.03,CHEMBL2363213
Vismodegib (GDC-0449),CHEMBL473417,CHEMBL2366146,,ES1,IC50,295399.0,3.53,CHEMBL2363210
Vismodegib (GDC-0449),CHEMBL473417,CHEMBL2366135,,ES3,IC50,481286.63,3.32,CHEMBL2363211
Vismodegib (GDC-0449),CHEMBL473417,CHEMBL1075432,,Detroit 562,IC50,407744.6,3.39,CHEMBL2363193
Vismodegib (GDC-0449),CHEMBL473417,CHEMBL1075436,,DoTc2-4510,IC50,349926.8,3.46,CHEMBL2363194
Vismodegib (GDC-0449),CHEMBL473417,CHEMBL2366240,,EC-GI-10,IC50,440038.84,3.36,CHEMBL2363197
Vismodegib (GDC-0449),CHEMBL473417,CHEMBL1075439,,EFM-19,IC50,309408.99,3.51,CHEMBL2363202
Vismodegib (GDC-0449),CHEMBL473417,CHEMBL1075440,,EFO-21,IC50,873949.86,3.06,CHEMBL2363203
Vismodegib (GDC-0449),CHEMBL473417,CHEMBL1075441,,EFO-27,IC50,425181.87,3.37,CHEMBL2363204
Vismodegib (GDC-0449),CHEMBL473417,CHEMBL1075442,,EGI-1,IC50,486587.63,3.31,CHEMBL2363205
Vismodegib (GDC-0449),CHEMBL473417,CHEMBL614516,,A498,IC50,520982.79,3.28,CHEMBL2363731
Vismodegib (GDC-0449),CHEMBL473417,CHEMBL392,,A549,IC50,126329.68,3.9,CHEMBL2363732
Vismodegib (GDC-0449),CHEMBL473417,CHEMBL614530,,BXPC-3,IC50,347595.0,3.46,CHEMBL2363768
Vismodegib (GDC-0449),CHEMBL473417,CHEMBL2366313,,C-33-A,IC50,618174.02,3.21,CHEMBL2363769
Vismodegib (GDC-0449),CHEMBL473417,CHEMBL1075428,,COLO-741,IC50,968333.93,3.01,CHEMBL2363138
Vismodegib (GDC-0449),CHEMBL473417,CHEMBL1075429,,COLO-792,IC50,926814.09,3.03,CHEMBL2363139
Vismodegib (GDC-0449),CHEMBL473417,CHEMBL2366186,,DEL,IC50,72884.72,4.14,CHEMBL2363176
Vismodegib (GDC-0449),CHEMBL473417,CHEMBL2366264,,DJM-1,IC50,94810.2,4.02,CHEMBL2363178
Vismodegib (GDC-0449),CHEMBL473417,CHEMBL614517,,A673,IC50,277308.05,3.56,CHEMBL2363733
Vismodegib (GDC-0449),CHEMBL473417,CHEMBL614567,,A704,IC50,614085.4,3.21,CHEMBL2363734
Vismodegib (GDC-0449),CHEMBL473417,CHEMBL2366283,,C2BBe1,IC50,21105.84,4.68,CHEMBL2363771
Vismodegib (GDC-0449),CHEMBL473417,CHEMBL1075401,,C32,IC50,102552.92,3.99,CHEMBL2363772
Vismodegib (GDC-0449),CHEMBL473417,CHEMBL2366224,,COLO-800,IC50,95898.47,4.02,CHEMBL2363140
Vismodegib (GDC-0449),CHEMBL473417,CHEMBL1075430,,COLO-824,IC50,502150.56,3.3,CHEMBL2363141
Vismodegib (GDC-0449),CHEMBL473417,CHEMBL1075433,,DK-MG,IC50,565438.76,3.25,CHEMBL2363179
Vismodegib (GDC-0449),CHEMBL473417,CHEMBL614642,,DMS-114,IC50,843889.03,3.07,CHEMBL2363180
Vismodegib (GDC-0449),CHEMBL473417,CHEMBL614519,,ACHN,IC50,263730.04,3.58,CHEMBL2363736
Vismodegib (GDC-0449),CHEMBL473417,CHEMBL2366195,,ACN,IC50,8501.09,5.07,CHEMBL2363737
Vismodegib (GDC-0449),CHEMBL473417,CHEMBL614533,,C8166,IC50,383278.55,3.42,CHEMBL2363774
Vismodegib (GDC-0449),CHEMBL473417,CHEMBL2366275,,COLO-829,IC50,22187.14,4.65,CHEMBL2363142
Vismodegib (GDC-0449),CHEMBL473417,CHEMBL1075431,,COR-L105,IC50,294069.75,3.53,CHEMBL2363143
Vismodegib (GDC-0449),CHEMBL473417,CHEMBL614286,,DMS-79,IC50,386764.51,3.41,CHEMBL2363184
Vismodegib (GDC-0449),CHEMBL473417,CHEMBL2366181,,DOHH-2,IC50,258805.29,3.59,CHEMBL2363185
Vismodegib (GDC-0449),CHEMBL473417,CHEMBL613860,,AGS,IC50,58375.48,4.23,CHEMBL2363738
Vismodegib (GDC-0449),CHEMBL473417,CHEMBL2366294,,ALL-PO,IC50,120990.98,3.92,CHEMBL2363739
Vismodegib (GDC-0449),CHEMBL473417,CHEMBL614067,,CAKI-1,IC50,564395.36,3.25,CHEMBL2363776
Vismodegib (GDC-0449),CHEMBL473417,CHEMBL1075405,,CAL-120,IC50,822327.72,3.08,CHEMBL2363777
Vismodegib (GDC-0449),CHEMBL473417,CHEMBL613854,,COR-L23,IC50,108084.36,3.97,CHEMBL2363144
Vismodegib (GDC-0449),CHEMBL473417,CHEMBL614034,,DMS-273,IC50,16671.34,4.78,CHEMBL2363182
Vismodegib (GDC-0449),CHEMBL473417,CHEMBL2366192,,AM-38,IC50,455611.74,3.34,CHEMBL2363740
Vismodegib (GDC-0449),CHEMBL473417,CHEMBL1075392,,AN3-CA,IC50,114223.95,3.94,CHEMBL2363741
Vismodegib (GDC-0449),CHEMBL473417,CHEMBL1075406,,CAL-12T,IC50,261259.98,3.58,CHEMBL2363778
Vismodegib (GDC-0449),CHEMBL473417,CHEMBL1075408,,CAL-27,IC50,47724.6,4.32,CHEMBL2363780
Vismodegib (GDC-0449),CHEMBL473417,CHEMBL2366076,,CP50-MEL-B,IC50,428102.22,3.37,CHEMBL2363147
Vismodegib (GDC-0449),CHEMBL473417,CHEMBL2366363,,CP66-MEL,IC50,60266.36,4.22,CHEMBL2363148
Vismodegib (GDC-0449),CHEMBL473417,CHEMBL2366277,,ATN-1,IC50,691081.66,3.16,CHEMBL2363743
Vismodegib (GDC-0449),CHEMBL473417,CHEMBL1075409,,CAL-33,IC50,481378.57,3.32,CHEMBL2363781
Vismodegib (GDC-0449),CHEMBL473417,CHEMBL1075410,,CAL-39,IC50,652703.52,3.19,CHEMBL2363782
Vismodegib (GDC-0449),CHEMBL473417,CHEMBL2366344,,CTB-1,IC50,30103.07,4.52,CHEMBL2363152
Vismodegib (GDC-0449),CHEMBL473417,CHEMBL612657,,CWR22R,IC50,309061.1,3.51,CHEMBL2363708
Vismodegib (GDC-0449),CHEMBL473417,CHEMBL1075382,,23132-87,IC50,4401.47,5.36,CHEMBL2363709
Vismodegib (GDC-0449),CHEMBL473417,CHEMBL612565,,5637,IC50,601110.03,3.22,CHEMBL2363710
Vismodegib (GDC-0449),CHEMBL473417,CHEMBL612588,,ASPC1,IC50,38465.09,4.41,CHEMBL2363745
Vismodegib (GDC-0449),CHEMBL473417,CHEMBL2366269,,BALL-1,IC50,115257.18,3.94,CHEMBL2363746
Vismodegib (GDC-0449),CHEMBL473417,CHEMBL1075411,,CAL-51,IC50,34717.61,4.46,CHEMBL2363783
Vismodegib (GDC-0449),CHEMBL473417,CHEMBL1075412,,CAL-54,IC50,619131.69,3.21,CHEMBL2363784
Vismodegib (GDC-0449),CHEMBL473417,CHEMBL2366360,,CTV-1,IC50,61650.05,4.21,CHEMBL2363153
Vismodegib (GDC-0449),CHEMBL473417,CHEMBL1075383,,639-V,IC50,435399.5,3.36,CHEMBL2363711
Vismodegib (GDC-0449),CHEMBL473417,CHEMBL1075384,,647-V,IC50,628494.95,3.2,CHEMBL2363712
Vismodegib (GDC-0449),CHEMBL473417,CHEMBL2366271,,BB30-HNC,IC50,127646.79,3.89,CHEMBL2363747
Vismodegib (GDC-0449),CHEMBL473417,CHEMBL1075413,,CAL-62,IC50,832404.92,3.08,CHEMBL2363785
Vismodegib (GDC-0449),CHEMBL473417,CHEMBL1075414,,CAL-72,IC50,124145.22,3.91,CHEMBL2363786
Vismodegib (GDC-0449),CHEMBL473417,CHEMBL1075415,,CAL-85-1,IC50,400049.38,3.4,CHEMBL2363787
Vismodegib (GDC-0449),CHEMBL473417,CHEMBL2366174,,CW-2,IC50,934564.83,3.03,CHEMBL2363154
Vismodegib (GDC-0449),CHEMBL473417,CHEMBL1075403,,Ca-Ski,IC50,502225.39,3.3,CHEMBL2363155
Vismodegib (GDC-0449),CHEMBL473417,CHEMBL1075404,,Ca9-22,IC50,473434.23,3.32,CHEMBL2363156
Vismodegib (GDC-0449),CHEMBL473417,CHEMBL2366253,,697,IC50,305311.33,3.52,CHEMBL2363713
Vismodegib (GDC-0449),CHEMBL473417,CHEMBL1075385,,769-P,IC50,113589.95,3.94,CHEMBL2363714
Vismodegib (GDC-0449),CHEMBL473417,CHEMBL613102,,786-0,IC50,612061.03,3.21,CHEMBL2363715
Vismodegib (GDC-0449),CHEMBL473417,CHEMBL2366247,,BB65-RCC,IC50,471711.7,3.33,CHEMBL2363749
Vismodegib (GDC-0449),CHEMBL473417,CHEMBL1075416,,CAMA-1,IC50,33461.48,4.48,CHEMBL2363832
Vismodegib (GDC-0449),CHEMBL473417,CHEMBL614536,,CAPAN-1,IC50,398806.76,3.4,CHEMBL2363833
Vismodegib (GDC-0449),CHEMBL473417,CHEMBL1075418,,CaR-1,IC50,72212.06,4.14,CHEMBL2363157
Vismodegib (GDC-0449),CHEMBL473417,CHEMBL614534,,Calu-3,IC50,736877.01,3.13,CHEMBL2363159
Vismodegib (GDC-0449),CHEMBL473417,CHEMBL2366115,,8-MG-BA,IC50,55384.12,4.26,CHEMBL2363716
Vismodegib (GDC-0449),CHEMBL473417,CHEMBL1075386,,8305C,IC50,100932.1,4.0,CHEMBL2363717
Vismodegib (GDC-0449),CHEMBL473417,CHEMBL1075394,,BCPAP,IC50,118752.92,3.93,CHEMBL2363752
Vismodegib (GDC-0449),CHEMBL473417,CHEMBL2366100,,CAS-1,IC50,957818.21,3.02,CHEMBL2363834
Vismodegib (GDC-0449),CHEMBL473417,CHEMBL382,,CCRF-CEM,IC50,257425.41,3.59,CHEMBL2363836
Volasertib (BI-6727),CHEMBL1233528,CHEMBL3024,P53350,Serine/threonine-protein kinase PLK1,IC50,0.87,9.06,CHEMBL2209619
Volasertib (BI-6727),CHEMBL1233528,CHEMBL1163125,O60885,Bromodomain-containing protein 4,IC50,1070.0,5.97,CHEMBL3782536
Volasertib (BI-6727),CHEMBL1233528,CHEMBL1163125,O60885,Bromodomain-containing protein 4,Kd,255.0,6.59,CHEMBL3782537
Volasertib (BI-6727),CHEMBL1233528,CHEMBL3024,P53350,Serine/threonine-protein kinase PLK1,IC50,0.87,9.06,CHEMBL3857907
Volasertib (BI-6727),CHEMBL1233528,CHEMBL1163125,O60885,Bromodomain-containing protein 4,Kd,79.0,7.1,CHEMBL3877187
Volasertib (BI-6727),CHEMBL1233528,CHEMBL3024,P53350,Serine/threonine-protein kinase PLK1,IC50,0.87,9.06,CHEMBL3877188
Volasertib (BI-6727),CHEMBL1233528,CHEMBL3830,Q2M2I8,AP2-associated protein kinase 1,Kd,30000.0,4.52,CHEMBL3991602
Volasertib (BI-6727),CHEMBL1233528,CHEMBL1862,P00519,Tyrosine-protein kinase ABL1,Kd,30000.0,4.52,CHEMBL3991603
Volasertib (BI-6727),CHEMBL1233528,CHEMBL4014,P42684,Tyrosine-protein kinase ABL2,Kd,30000.0,4.52,CHEMBL3991604
Volasertib (BI-6727),CHEMBL1233528,CHEMBL4105816,Q6JQN1,Acyl-CoA dehydrogenase family member 10,Kd,30000.0,4.52,CHEMBL3991605
Volasertib (BI-6727),CHEMBL1233528,CHEMBL4105707,Q709F0,Acyl-CoA dehydrogenase family member 11,Kd,30000.0,4.52,CHEMBL3991606
Volasertib (BI-6727),CHEMBL1233528,CHEMBL4105892,P49748,"Very long-chain specific acyl-CoA dehydrogenase, mitochondrial",Kd,30000.0,4.52,CHEMBL3991607
Volasertib (BI-6727),CHEMBL1233528,CHEMBL4105748,Q15067,Peroxisomal acyl-coenzyme A oxidase 1,Kd,30000.0,4.52,CHEMBL3991608
Volasertib (BI-6727),CHEMBL1233528,CHEMBL4105817,O15254,Peroxisomal acyl-coenzyme A oxidase 3,Kd,30000.0,4.52,CHEMBL3991609
Volasertib (BI-6727),CHEMBL1233528,CHEMBL4105818,Q9ULC5,Long-chain-fatty-acid--CoA ligase 5,Kd,30000.0,4.52,CHEMBL3991610
Volasertib (BI-6727),CHEMBL1233528,CHEMBL6090,P61160,Actin-related protein 2,Kd,30000.0,4.52,CHEMBL3991611
Volasertib (BI-6727),CHEMBL1233528,CHEMBL4105857,P61158,Actin-related protein 3,Kd,30000.0,4.52,CHEMBL3991612
Volasertib (BI-6727),CHEMBL1233528,CHEMBL5903,Q04771,Activin receptor type-1,Kd,30000.0,4.52,CHEMBL3991613
Volasertib (BI-6727),CHEMBL1233528,CHEMBL5310,P36896,Activin receptor type-1B,Kd,30000.0,4.52,CHEMBL3991614
Volasertib (BI-6727),CHEMBL1233528,CHEMBL5466,Q13705,Activin receptor type-2B,Kd,30000.0,4.52,CHEMBL3991615
Volasertib (BI-6727),CHEMBL1233528,CHEMBL4105885,Q86TW2,AarF domain-containing protein kinase 1,Kd,30000.0,4.52,CHEMBL3991617
Volasertib (BI-6727),CHEMBL1233528,CHEMBL5550,Q8NI60,"Atypical kinase COQ8A, mitochondrial",Kd,30000.0,4.52,CHEMBL3991618
Volasertib (BI-6727),CHEMBL1233528,CHEMBL4105886,Q3MIX3,Uncharacterized aarF domain-containing protein kinase 5,Kd,30000.0,4.52,CHEMBL3991619
Volasertib (BI-6727),CHEMBL1233528,CHEMBL3589,P55263,Adenosine kinase,Kd,30000.0,4.52,CHEMBL3991620
Volasertib (BI-6727),CHEMBL1233528,CHEMBL4079,P25098,Beta-adrenergic receptor kinase 1,Kd,30000.0,4.52,CHEMBL3991621
Volasertib (BI-6727),CHEMBL1233528,CHEMBL4938,P54819,"Adenylate kinase 2, mitochondrial",Kd,30000.0,4.52,CHEMBL3991622
Volasertib (BI-6727),CHEMBL1233528,CHEMBL4282,P31749,RAC-alpha serine/threonine-protein kinase,Kd,30000.0,4.52,CHEMBL3991623
Volasertib (BI-6727),CHEMBL1233528,CHEMBL2431,P31751,RAC-beta serine/threonine-protein kinase,Kd,30000.0,4.52,CHEMBL3991624
Volasertib (BI-6727),CHEMBL1233528,CHEMBL4816,Q9Y243,RAC-gamma serine/threonine-protein kinase,Kd,30000.0,4.52,CHEMBL3991625
Volasertib (BI-6727),CHEMBL1233528,CHEMBL4105819,P07741,Adenine phosphoribosyltransferase,Kd,30000.0,4.52,CHEMBL3991627
Volasertib (BI-6727),CHEMBL1233528,CHEMBL1169596,P10398,Serine/threonine-protein kinase A-Raf,Kd,30000.0,4.52,CHEMBL3991628
Volasertib (BI-6727),CHEMBL1233528,CHEMBL4722,O14965,Aurora kinase A,Kd,30000.0,4.52,CHEMBL3991630
Volasertib (BI-6727),CHEMBL1233528,CHEMBL2185,Q96GD4,Aurora kinase B,Kd,30000.0,4.52,CHEMBL3991631
Volasertib (BI-6727),CHEMBL1233528,CHEMBL5146,P11274,Breakpoint cluster region protein,Kd,30000.0,4.52,CHEMBL3991632
Volasertib (BI-6727),CHEMBL1233528,CHEMBL4522,Q9NSY1,BMP-2-inducible protein kinase,Kd,30000.0,4.52,CHEMBL3991633
Volasertib (BI-6727),CHEMBL1233528,CHEMBL5275,P36894,Bone morphogenetic protein receptor type-1A,Kd,30000.0,4.52,CHEMBL3991634
Volasertib (BI-6727),CHEMBL1233528,CHEMBL5476,O00238,Bone morphogenetic protein receptor type-1B,Kd,30000.0,4.52,CHEMBL3991635
Volasertib (BI-6727),CHEMBL1233528,CHEMBL5467,Q13873,Bone morphogenetic protein receptor type-2,Kd,30000.0,4.52,CHEMBL3991636
Volasertib (BI-6727),CHEMBL1233528,CHEMBL5145,P15056,Serine/threonine-protein kinase B-raf,Kd,30000.0,4.52,CHEMBL3991637
Volasertib (BI-6727),CHEMBL1233528,CHEMBL5251,Q06187,Tyrosine-protein kinase BTK,Kd,30000.0,4.52,CHEMBL3991638
Volasertib (BI-6727),CHEMBL1233528,CHEMBL1772932,O43683,Mitotic checkpoint serine/threonine-protein kinase BUB1,Kd,30000.0,4.52,CHEMBL3991639
Volasertib (BI-6727),CHEMBL1233528,CHEMBL2801,Q13557,Calcium/calmodulin-dependent protein kinase type II subunit delta,Kd,30000.0,4.52,CHEMBL3991641
Volasertib (BI-6727),CHEMBL1233528,CHEMBL3829,Q13555,Calcium/calmodulin-dependent protein kinase type II subunit gamma,Kd,30000.0,4.52,CHEMBL3991642
Volasertib (BI-6727),CHEMBL1233528,CHEMBL2494,Q16566,Calcium/calmodulin-dependent protein kinase type IV,Kd,30000.0,4.52,CHEMBL3991643
Volasertib (BI-6727),CHEMBL1233528,CHEMBL5284,Q96RR4,Calcium/calmodulin-dependent protein kinase kinase 2,Kd,195.0,6.71,CHEMBL3991644
Volasertib (BI-6727),CHEMBL1233528,CHEMBL4105937,P49589,"Cysteine--tRNA ligase, cytoplasmic",Kd,30000.0,4.52,CHEMBL3991645
Volasertib (BI-6727),CHEMBL1233528,CHEMBL4516,Q5VT25,Serine/threonine-protein kinase MRCK alpha,Kd,30000.0,4.52,CHEMBL3991646
Volasertib (BI-6727),CHEMBL1233528,CHEMBL5052,Q9Y5S2,Serine/threonine-protein kinase MRCK beta,Kd,30000.0,4.52,CHEMBL3991647
Volasertib (BI-6727),CHEMBL1233528,CHEMBL5615,Q6DT37,Serine/threonine-protein kinase MRCK gamma,Kd,30000.0,4.52,CHEMBL3991648
Volasertib (BI-6727),CHEMBL1233528,CHEMBL308,P06493,Cyclin-dependent kinase 1,Kd,30000.0,4.52,CHEMBL3991650
Volasertib (BI-6727),CHEMBL1233528,CHEMBL1795191,Q15131,Cyclin-dependent kinase 10,Kd,30000.0,4.52,CHEMBL3991651
Volasertib (BI-6727),CHEMBL1233528,CHEMBL3559692,Q9NYV4,Cyclin-dependent kinase 12,Kd,30000.0,4.52,CHEMBL3991652
Volasertib (BI-6727),CHEMBL1233528,CHEMBL1795192,Q14004,Cyclin-dependent kinase 13,Kd,30000.0,4.52,CHEMBL3991653
Volasertib (BI-6727),CHEMBL1233528,CHEMBL4597,Q00536,Cyclin-dependent kinase 16,Kd,30000.0,4.52,CHEMBL3991654
Volasertib (BI-6727),CHEMBL1233528,CHEMBL5790,Q00537,Cyclin-dependent kinase 17,Kd,30000.0,4.52,CHEMBL3991655
Volasertib (BI-6727),CHEMBL1233528,CHEMBL301,P24941,Cyclin-dependent kinase 2,Kd,30000.0,4.52,CHEMBL3991657
Volasertib (BI-6727),CHEMBL1233528,CHEMBL4442,Q00526,Cyclin-dependent kinase 3,Kd,30000.0,4.52,CHEMBL3991658
Volasertib (BI-6727),CHEMBL1233528,CHEMBL331,P11802,Cyclin-dependent kinase 4,Kd,30000.0,4.52,CHEMBL3991659
Volasertib (BI-6727),CHEMBL1233528,CHEMBL4036,Q00535,Cyclin-dependent kinase 5,Kd,30000.0,4.52,CHEMBL3991660
Volasertib (BI-6727),CHEMBL1233528,CHEMBL2508,Q00534,Cyclin-dependent kinase 6,Kd,30000.0,4.52,CHEMBL3991661
Volasertib (BI-6727),CHEMBL1233528,CHEMBL3055,P50613,Cyclin-dependent kinase 7,Kd,30000.0,4.52,CHEMBL3991662
Volasertib (BI-6727),CHEMBL1233528,CHEMBL3116,P50750,Cyclin-dependent kinase 9,Kd,30000.0,4.52,CHEMBL3991663
Volasertib (BI-6727),CHEMBL1233528,CHEMBL4105742,Q14839,Chromodomain-helicase-DNA-binding protein 4,Kd,30000.0,4.52,CHEMBL3991665
Volasertib (BI-6727),CHEMBL1233528,CHEMBL4630,O14757,Serine/threonine-protein kinase Chk1,Kd,30000.0,4.52,CHEMBL3991666
Volasertib (BI-6727),CHEMBL1233528,CHEMBL5579,O14578,Citron Rho-interacting kinase,Kd,30000.0,4.52,CHEMBL3991667
Volasertib (BI-6727),CHEMBL1233528,CHEMBL4224,P49759,Dual specificity protein kinase CLK1,Kd,30000.0,4.52,CHEMBL3991668
Volasertib (BI-6727),CHEMBL1233528,CHEMBL4225,P49760,Dual specificity protein kinase CLK2,Kd,30000.0,4.52,CHEMBL3991669
Volasertib (BI-6727),CHEMBL1233528,CHEMBL4226,P49761,Dual specificity protein kinase CLK3,Kd,30000.0,4.52,CHEMBL3991670
Volasertib (BI-6727),CHEMBL1233528,CHEMBL4203,Q9HAZ1,Dual specificity protein kinase CLK4,Kd,30000.0,4.52,CHEMBL3991671
Volasertib (BI-6727),CHEMBL1233528,CHEMBL5681,P30085,UMP-CMP kinase,Kd,30000.0,4.52,CHEMBL3991672
Volasertib (BI-6727),CHEMBL1233528,CHEMBL2634,P41240,Tyrosine-protein kinase CSK,Kd,30000.0,4.52,CHEMBL3991673
Volasertib (BI-6727),CHEMBL1233528,CHEMBL2793,P48729,Casein kinase I isoform alpha,Kd,30000.0,4.52,CHEMBL3991674
Volasertib (BI-6727),CHEMBL1233528,CHEMBL2828,P48730,Casein kinase I isoform delta,Kd,30000.0,4.52,CHEMBL3991675
Volasertib (BI-6727),CHEMBL1233528,CHEMBL4937,P49674,Casein kinase I isoform epsilon,Kd,30000.0,4.52,CHEMBL3991676
Volasertib (BI-6727),CHEMBL1233528,CHEMBL2426,Q9HCP0,Casein kinase I isoform gamma-1,Kd,30000.0,4.52,CHEMBL3991677
Volasertib (BI-6727),CHEMBL1233528,CHEMBL2543,P78368,Casein kinase I isoform gamma-2,Kd,30000.0,4.52,CHEMBL3991678
Volasertib (BI-6727),CHEMBL1233528,CHEMBL5084,Q9Y6M4,Casein kinase I isoform gamma-3,Kd,30000.0,4.52,CHEMBL3991679
Volasertib (BI-6727),CHEMBL1233528,CHEMBL4070,P19784,Casein kinase II subunit alpha',Kd,30000.0,4.52,CHEMBL3991681
Volasertib (BI-6727),CHEMBL1233528,CHEMBL4105975,P08574,"Cytochrome c1, heme protein, mitochondrial",Kd,30000.0,4.52,CHEMBL3991682
Volasertib (BI-6727),CHEMBL1233528,CHEMBL2447,P27707,Deoxycytidine kinase,Kd,30000.0,4.52,CHEMBL3991683
Volasertib (BI-6727),CHEMBL1233528,CHEMBL3769292,Q9H773,dCTP pyrophosphatase 1,Kd,30000.0,4.52,CHEMBL3991684
Volasertib (BI-6727),CHEMBL1233528,CHEMBL5319,Q08345,Epithelial discoidin domain-containing receptor 1,Kd,30000.0,4.52,CHEMBL3991685
Volasertib (BI-6727),CHEMBL1233528,CHEMBL5122,Q16832,Discoidin domain-containing receptor 2,Kd,30000.0,4.52,CHEMBL3991686
Volasertib (BI-6727),CHEMBL1233528,CHEMBL2010634,Q92499,ATP-dependent RNA helicase DDX1,Kd,30000.0,4.52,CHEMBL3991687
Volasertib (BI-6727),CHEMBL1233528,CHEMBL5553,O00571,ATP-dependent RNA helicase DDX3X,Kd,30000.0,4.52,CHEMBL3991688
Volasertib (BI-6727),CHEMBL1233528,CHEMBL4105782,Q86XP3,ATP-dependent RNA helicase DDX42,Kd,30000.0,4.52,CHEMBL3991689
Volasertib (BI-6727),CHEMBL1233528,CHEMBL4105783,P26196,Probable ATP-dependent RNA helicase DDX6,Kd,30000.0,4.52,CHEMBL3991690
Volasertib (BI-6727),CHEMBL1233528,CHEMBL2331059,Q15392,Delta(24)-sterol reductase,Kd,30000.0,4.52,CHEMBL3991691
Volasertib (BI-6727),CHEMBL1233528,CHEMBL4105814,Q7L2E3,ATP-dependent RNA helicase DHX30,Kd,30000.0,4.52,CHEMBL3991692
Volasertib (BI-6727),CHEMBL1233528,CHEMBL2189122,P31689,DnaJ homolog subfamily A member 1,Kd,30000.0,4.52,CHEMBL3991693
Volasertib (BI-6727),CHEMBL1233528,CHEMBL2292,Q13627,Dual specificity tyrosine-phosphorylation-regulated kinase 1A,Kd,30000.0,4.52,CHEMBL3991694
Volasertib (BI-6727),CHEMBL1233528,CHEMBL203,P00533,Epidermal growth factor receptor,Kd,30000.0,4.52,CHEMBL3991696
Volasertib (BI-6727),CHEMBL1233528,CHEMBL6029,Q9BQI3,Eukaryotic translation initiation factor 2-alpha kinase 1,Kd,30000.0,4.52,CHEMBL3991697
Volasertib (BI-6727),CHEMBL1233528,CHEMBL4105852,O60841,Eukaryotic translation initiation factor 5B,Kd,30000.0,4.52,CHEMBL3991699
Volasertib (BI-6727),CHEMBL1233528,CHEMBL5810,P21709,Ephrin type-A receptor 1,Kd,30000.0,4.52,CHEMBL3991700
Volasertib (BI-6727),CHEMBL1233528,CHEMBL2068,P29317,Ephrin type-A receptor 2,Kd,30000.0,4.52,CHEMBL3991701
Volasertib (BI-6727),CHEMBL1233528,CHEMBL3988,P54764,Ephrin type-A receptor 4,Kd,30000.0,4.52,CHEMBL3991702
Volasertib (BI-6727),CHEMBL1233528,CHEMBL3987,P54756,Ephrin type-A receptor 5,Kd,30000.0,4.52,CHEMBL3991703
Volasertib (BI-6727),CHEMBL1233528,CHEMBL4602,Q15375,Ephrin type-A receptor 7,Kd,30000.0,4.52,CHEMBL3991704
Volasertib (BI-6727),CHEMBL1233528,CHEMBL3290,P29323,Ephrin type-B receptor 2,Kd,30000.0,4.52,CHEMBL3991705
YM-155,CHEMBL2105734,CHEMBL392,,A549,IC50,13.4,7.87,CHEMBL4271275
YM-155,CHEMBL2105734,CHEMBL4600,Q13153,Serine/threonine-protein kinase PAK 1,IC50,500.0,6.3,CHEMBL4271296
YM-155,CHEMBL2105734,CHEMBL613979,,HUVEC,IC50,0.5,9.3,CHEMBL4271297
YM-155,CHEMBL2105734,CHEMBL614697,,MDA-MB-435,IC50,2400.0,5.62,CHEMBL4829822
YM-155,CHEMBL2105734,CHEMBL614697,,MDA-MB-435,IC50,1000.0,6.0,CHEMBL4829826
YM-155,CHEMBL2105734,CHEMBL392,,A549,IC50,10.0,8.0,CHEMBL5379098
YM-155,CHEMBL2105734,CHEMBL2366092,,TE-1,IC50,8.0,8.1,CHEMBL5379101
YM-155,CHEMBL2105734,CHEMBL612565,,5637,IC50,110.0,6.96,CHEMBL5379102
YM-155,CHEMBL2105734,CHEMBL612588,,ASPC1,IC50,510.0,6.29,CHEMBL5379103
YM-155,CHEMBL2105734,CHEMBL614530,,BXPC-3,IC50,90.0,7.05,CHEMBL5379104
YM-155,CHEMBL2105734,CHEMBL614139,,PANC-1,IC50,10.0,8.0,CHEMBL5379105
YM-155,CHEMBL2105734,CHEMBL387,,MCF7,IC50,10.0,8.0,CHEMBL5379106
YM-155,CHEMBL2105734,CHEMBL396,,NCI-H460,IC50,100.0,7.0,CHEMBL5379107
YM-155,CHEMBL2105734,CHEMBL395,,HepG2,IC50,3720.0,5.43,CHEMBL5379108
YM-155,CHEMBL2105734,CHEMBL612255,,NCI-H1299,IC50,120.0,6.92,CHEMBL5379109
YM-155,CHEMBL2105734,CHEMBL614508,,143B,IC50,320.0,6.49,CHEMBL5379110
YM-155,CHEMBL2105734,CHEMBL399,,HeLa,IC50,1800.0,5.74,CHEMBL5379111
YM-155,CHEMBL2105734,CHEMBL613979,,HUVEC,IC50,920.0,6.04,CHEMBL5379113
YM-155,CHEMBL2105734,CHEMBL614181,,MRC5,IC50,1940.0,5.71,CHEMBL5379114
YM-155,CHEMBL2105734,CHEMBL5465305,Q12906,Interleukin enhancer-binding factor 3,Kd,571.0,6.24,CHEMBL5379142
YM-155,CHEMBL2105734,CHEMBL6103,P08047,Transcription factor Sp1,IC50,8.0,8.1,CHEMBL5379429
YM-155,CHEMBL2105734,CHEMBL5014,O43353,Receptor-interacting serine/threonine-protein kinase 2,IC50,2.0,8.7,CHEMBL5379430
YM-155,CHEMBL2105734,CHEMBL613508,,DU-145,IC50,4.0,8.4,CHEMBL5379431
YM-155,CHEMBL2105734,CHEMBL613859,,A-375,IC50,6.0,8.22,CHEMBL5379432
YM-155,CHEMBL2105734,CHEMBL612657,,CWR22R,IC50,11.0,7.96,CHEMBL5379433
YM-155,CHEMBL2105734,CHEMBL614922,,SK-MEL-5,IC50,4.0,8.4,CHEMBL5379434
YM-155,CHEMBL2105734,CHEMBL5989,O15392,Baculoviral IAP repeat-containing protein 5,IC50,3.0,8.52,CHEMBL5719177
YM-155,CHEMBL2105734,CHEMBL5989,O15392,Baculoviral IAP repeat-containing protein 5,IC50,8.9,8.05,CHEMBL5719274
YM-155,CHEMBL2105734,CHEMBL5989,O15392,Baculoviral IAP repeat-containing protein 5,IC50,2.8,8.55,CHEMBL5719367
YM-155,CHEMBL2105734,CHEMBL5989,O15392,Baculoviral IAP repeat-containing protein 5,IC50,13.9,7.86,CHEMBL5719460
YM-155,CHEMBL2105734,CHEMBL5989,O15392,Baculoviral IAP repeat-containing protein 5,IC50,4.4,8.36,CHEMBL5719553
YM-155,CHEMBL2105734,CHEMBL5989,O15392,Baculoviral IAP repeat-containing protein 5,IC50,7.9,8.1,CHEMBL5719646
