block_id,cell_line_id,drug1_original,drug1_id,drug1_match_source,drug2_original,drug2_id,drug2_match_source,synergy_loewe,synergy_bliss,synergy_zip,synergy_hsa,source_study
133626,HL-60,Tamoxifen citrate,,no_match,Dasatinib,Dasatinib,exact,9.14249036556046,-1.7853574426232,0.777834315101457,-0.301329229747632,ALMANAC
134040,HL-60,CHEMBL17639,,no_match,Sunitinib,Sunitinib,exact,-38.4767847346688,-4.50312334738515,-0.820861365982048,-11.9035217984777,ALMANAC
134258,HL-60,158798-73-3,,no_match,Lapatinib,Lapatinib,exact,1.30800729437695,-1.0407013366032,1.32681606858019,-4.30444864669039,ALMANAC
134285,HL-60,Imatinib,Imatinib,exact,Zanosar,,no_match,-11.4815757748652,4.34473856002455,8.11850784791761,-10.8433317029795,ALMANAC
134300,HL-60,amifostine,,no_match,Bortezomib,Bortezomib (Velcade),exact,2.75373149189266,3.53827947441758,1.85881278481929,2.98676043883629,ALMANAC
134754,HL-60,Tamoxifen citrate,,no_match,"Azacytidine, 5-",Azacytidine,fuzzy,-13.3746639087449,-3.70895889854506,-2.72722200924507,-3.47579163720547,ALMANAC
135414,HL-60,Nilotinib,Nilotinib,exact,methoxsalen,,no_match,-1.43980570106109,3.65982525347639,2.47190321509783,-2.05438333333333,ALMANAC
135591,HL-60,Fulvestrant,,no_match,Sorafenib,Sorafenib,exact,-14.1404354166636,3.22650297199274,12.0025684906505,-16.6013295555556,ALMANAC
135595,HL-60,temozolomide,,no_match,Dasatinib,Dasatinib,exact,8.52980106156201,-3.79148916537508,-3.76867547155335,-2.36355,ALMANAC
135670,HL-60,Retinoic acid,,no_match,Sunitinib,Sunitinib,exact,-15.4621134693346,-2.13147519937293,-3.22000359594626,-8.58938795111111,ALMANAC
136521,HL-60,Nilotinib,Nilotinib,exact,122111-05-1,,no_match,-80.6453816292536,-6.58055666909875,-1.99120497627988,-11.9766653333333,ALMANAC
136607,HL-60,letrozole,,no_match,Lapatinib,Lapatinib,exact,-6.236524551444,0.477660050583809,2.88294317317614,-6.24802262444444,ALMANAC
136767,HL-60,Carboplatinum,,no_match,Lapatinib,Lapatinib,exact,-5.88642380820259,-1.91723515820794,3.80487214093375,-7.02049951111111,ALMANAC
137083,HL-60,CYTARABINE HYDROCHLORIDE,Cytarabine,exact,Sunitinib,Sunitinib,exact,-19.858754680421,1.8513667231858,-6.34348294196212,-8.01049995111111,ALMANAC
137104,HL-60,Lenalidomide,Lenalidomide,exact,methotrexate,,no_match,-18.7495748260239,0.848321718014002,3.05694755530235,0.53178277777778,ALMANAC
137171,HL-60,letrozole,,no_match,Nilotinib,Nilotinib,exact,-12.4315115721276,4.96357219030635,1.52945274963989,-8.97685476666667,ALMANAC
137289,HL-60,Vinblastine sulfate,,no_match,Erlotinib hydrochloride,Erlotinib,exact,-19.9749219812395,-7.04582470920392,3.50225699234436,-20.7811096666667,ALMANAC
137410,HL-60,Antibiotic AY 22989,,no_match,Sunitinib,Sunitinib,exact,-5.24962394819248,0.314826201052529,1.23595363062546,-4.74444232333333,ALMANAC
137728,HL-60,Lapatinib,Lapatinib,exact,Trisenox,,no_match,-14.2627708946677,2.27634984023538,0.428119479336372,4.38111655555555,ALMANAC
138321,HL-60,Vincristine sulfate,,no_match,Bortezomib,Bortezomib (Velcade),exact,-7.98243685808569,0.768875090009824,3.60614176662723,-6.57914188888889,ALMANAC
138867,HL-60,Bendamustine hydrochloride,,no_match,Erlotinib hydrochloride,Erlotinib,exact,-0.0255506064435691,-2.26381310356167,-2.14738024514927,-1.01857587777778,ALMANAC
138952,HL-60,6-Mercaptopurine,,no_match,Nilotinib,Nilotinib,exact,-6.2411261976223,-1.00617040718699,-2.67435252116822,-5.72241086666667,ALMANAC
139021,HL-60,Co-V,,no_match,Bortezomib,Bortezomib (Velcade),exact,-0.411131763690612,0.225053150075962,-3.49468194529763,-0.188794444444449,ALMANAC
139456,HL-60,Eloxatin (TN) (Sanofi Synthelab),,no_match,Bortezomib,Bortezomib (Velcade),exact,0.617673930745921,1.49452722038708,0.534186010659617,1.26898333333333,ALMANAC
139607,HL-60,Imatinib,Imatinib,exact,NSC733504,,no_match,-22.2521012636826,-0.821181302402387,11.1583554520732,-22.5288869922222,ALMANAC
139701,HL-60,temozolomide,,no_match,Lapatinib,Lapatinib,exact,-1.79641074702718,-1.70463312134446,-3.33068384645521,-2.75717204444444,ALMANAC
140024,HL-60,Lapatinib,Lapatinib,exact,55-86-7,,no_match,-21.8230180251994,-3.44067932482915,-2.66712928868481,-0.30117522222222,ALMANAC
140110,HL-60,mitotane,,no_match,Bortezomib,Bortezomib (Velcade),exact,-68.1734873985914,-0.557782378301605,1.50514440898786,-3.94999848888889,ALMANAC
140160,HL-60,CHEMBL277800,,no_match,Erlotinib hydrochloride,Erlotinib,exact,-23.7115229619621,-9.55679431654551,1.19171263173233,-14.9683074444444,ALMANAC
140724,HL-60,Nilotinib,Nilotinib,exact,NSC733504,,no_match,-8.36706519748995,-6.46823440271842,1.21989998359675,-10.2119398122222,ALMANAC
140954,HL-60,Imatinib,Imatinib,exact,Dasatinib,Dasatinib,exact,-19.5247568612251,-2.56709495482937,6.47947698336126,-17.7288865,ALMANAC
141004,HL-60,Imatinib,Imatinib,exact,NSC-127716,,no_match,-16.7357143439278,3.96873664276581,-1.35331494706625,3.39145872222222,ALMANAC
141314,HL-60,Antibiotic AD 32,,no_match,Bortezomib,Bortezomib (Velcade),exact,2.87067099663793,5.16757557127776,6.53235534610291,6.03200988888889,ALMANAC
141941,HL-60,Lapatinib,Lapatinib,exact,thalidomide,,no_match,0.0780984086115672,4.45059911605233,1.87198833094747,0.364332788888889,ALMANAC
142078,HL-60,Imatinib,Imatinib,exact,carmustine,,no_match,1.11072261143039,-1.25947111180138,-3.21679767692461,1.05799577777778,ALMANAC
142152,HL-60,raloxifene,,no_match,Nilotinib,Nilotinib,exact,-8.07240060919244,7.76603030806386,13.5043627263928,-8.91842888888889,ALMANAC
142304,HL-60,Procarbazine hydrochloride,,no_match,Erlotinib hydrochloride,Erlotinib,exact,-7.72308960453058,-7.82991872111054,-3.5016326336594,-7.22691026333333,ALMANAC
142568,HL-60,IMIQUIMOD,,no_match,Erlotinib hydrochloride,Erlotinib,exact,-14.0086855650065,-2.41967942618138,5.42765551178771,-13.9533317029795,ALMANAC
143461,HL-60,Imatinib,Imatinib,exact,Lapatinib,Lapatinib,exact,-14.6723551325408,0.309098444955621,9.48054706201022,-17.0111094807573,ALMANAC
144500,HL-60,Dasatinib,Dasatinib,exact,Vinblastine sulfate,,no_match,0.265272448154901,1.12610714166286,-1.51776153126271,1.06308104452261,ALMANAC
144574,HL-60,Nilotinib,Nilotinib,exact,carmustine,,no_match,3.76802748467602,-4.55453468694748,-2.78964692236071,-0.885527394038454,ALMANAC
144930,HL-60,methoxsalen,,no_match,Erlotinib hydrochloride,Erlotinib,exact,-14.8111380610972,0.617134737784871,7.53868783872913,-14.1244428140906,ALMANAC
145040,HL-60,letrozole,,no_match,"Azacytidine, 5-",Azacytidine,fuzzy,-21.1776393915149,1.04956424811878,4.86692051736377,-17.1955539252018,ALMANAC
145082,HL-60,Antibiotic AY 22989,,no_match,Erlotinib hydrochloride,Erlotinib,exact,-9.79517087178663,-7.31594040000496,-1.74255758151839,-4.8279958964143,ALMANAC
145179,HL-60,Carboplatinum,,no_match,Erlotinib hydrochloride,Erlotinib,exact,-3.12565645961875,-4.06758375107654,-2.16586626835212,-2.34132922974764,ALMANAC
145689,HL-60,Lenalidomide,Lenalidomide,exact,Vincristine sulfate,,no_match,-3.37027154468748,-1.78505275818533,-2.5449232073584,-3.13090622783038,ALMANAC
145857,HL-60,158798-73-3,,no_match,Dasatinib,Dasatinib,exact,11.0461648126233,-4.76147142889897,-2.12498945383722,-3.46577367419209,ALMANAC
145983,HL-60,mitotane,,no_match,Erlotinib hydrochloride,Erlotinib,exact,-7.26129237486872,-3.19371997935583,1.08139584889505,-9.11888725853508,ALMANAC
146149,HL-60,CHEMBL17639,,no_match,Erlotinib hydrochloride,Erlotinib,exact,-24.1182325326965,-4.63427624145396,-0.290684540405257,-3.4768847853032,ALMANAC
146282,HL-60,Dasatinib,Dasatinib,exact,NSC-127716,,no_match,1.67904217182366,3.41575262240046,0.450551289714481,7.59231599439185,ALMANAC
146295,HL-60,Imatinib,Imatinib,exact,anastrozole,,no_match,15.1826519075148,-7.99081812037278,-4.23366834586109,-3.52244034085874,ALMANAC
146327,HL-60,Tamoxifen citrate,,no_match,Bortezomib,Bortezomib (Velcade),exact,-29.9721776721752,11.2954176643276,10.957812514214,8.48308104452259,ALMANAC
146460,HL-60,Nilotinib,Nilotinib,exact,Sunitinib,Sunitinib,exact,-20.7864975774662,3.35049135427649,10.5776601479691,-19.377776147424,ALMANAC
146597,HL-60,Lapatinib,Lapatinib,exact,Emcyt (Pharmacia),,no_match,-7.76356043857312,0.112734082945077,1.60675812900217,-9.43216081381566,ALMANAC
146691,HL-60,"Azacytidine, 5-",Azacytidine,fuzzy,cis-Platin,,no_match,1.07535559865238,1.67686033612467,2.27886052914575,4.54631376446139,ALMANAC
147216,HL-60,Imatinib,Imatinib,exact,pipobroman,,no_match,2.83193076705178,-3.2813629119373,-0.732707565481094,1.08909593877523,ALMANAC
148071,HL-60,CYTARABINE HYDROCHLORIDE,Cytarabine,exact,Vinblastine sulfate,,no_match,-14.4204396811706,-16.5263771888151,-11.8812949267011,-13.9113292297476,ALMANAC
148362,HL-60,Sunitinib,Sunitinib,exact,5-Aminolevulinic acid hydrochloride,,no_match,-7.02246544024791,0.149823465022336,-3.53069581431286,-4.71018846514433,ALMANAC
148633,HL-60,Sunitinib,Sunitinib,exact,Trisenox,,no_match,1.96521805318007,0.924503602100826,-0.113530788478159,2.77556221122061,ALMANAC
148912,HL-60,docetaxel,,no_match,Lapatinib,Lapatinib,exact,22.2100182365178,22.0392072980204,22.3524626835646,19.3747265251261,ALMANAC
149118,HL-60,Dasatinib,Dasatinib,exact,Lapatinib,Lapatinib,exact,-0.892330642405586,3.16288929544426,2.4290264710367,-1.55802242757761,ALMANAC
149420,HL-60,Dasatinib,Dasatinib,exact,Emcyt (Pharmacia),,no_match,-12.4696713746744,-3.71302122098138,-6.66495401400117,-3.02670235409528,ALMANAC
149515,HL-60,Sorafenib,Sorafenib,exact,Eloxatin (TN) (Sanofi Synthelab),,no_match,-40.2478173751612,-2.21321618390162,-0.742487755309008,-0.531174162270814,ALMANAC
149522,HL-60,Nilotinib,Nilotinib,exact,Vorinostat,,no_match,-23.9854795938382,-4.05100562056086,0.6042848226276,-9.52976558638256,ALMANAC
149949,HL-60,Dasatinib,Dasatinib,exact,Eloxatin (TN) (Sanofi Synthelab),,no_match,3.56841847247789,3.46578064063763,3.45212194014276,5.42453821661408,ALMANAC
150963,HL-60,Retinoic acid,,no_match,"Azacytidine, 5-",Azacytidine,fuzzy,0.0148269043659549,-2.46653917881189,-2.32249512657999,1.72120488328074,ALMANAC
151008,HL-60,carmustine,,no_match,Bortezomib,Bortezomib (Velcade),exact,1.19986793185496,2.05304801813224,1.45002341923678,1.58787154994741,ALMANAC
151188,HL-60,raloxifene,,no_match,Erlotinib hydrochloride,Erlotinib,exact,-1.07845254192091,0.892530497732764,5.20755242452827,-6.41319914934126,ALMANAC
151318,HL-60,Sunitinib,Sunitinib,exact,amifostine,,no_match,12.9363184035786,-1.57996760602035,5.59485586842189,-5.28355145196987,ALMANAC
151865,HL-60,Nilotinib,Nilotinib,exact,pipobroman,,no_match,6.05704218007619,-0.792702275204605,-3.59920652161758,2.61338355989033,ALMANAC
151993,HL-60,CYTARABINE HYDROCHLORIDE,Cytarabine,exact,55-86-7,,no_match,-8.77054521361956,2.52866393822373,0.881439610431539,4.41767115572611,ALMANAC
152409,HL-60,Vincristine sulfate,,no_match,Sunitinib,Sunitinib,exact,-26.7116668365415,-8.31680031568132,-4.78634246126986,-17.6582763467421,ALMANAC
152605,HL-60,122111-05-1,,no_match,Sunitinib,Sunitinib,exact,-25.7250247780193,0.186465040573174,-2.96577753269726,-3.9060541245199,ALMANAC
152685,HL-60,Nilotinib,Nilotinib,exact,Eloxatin (TN) (Sanofi Synthelab),,no_match,-18.5322530593654,3.62863169207649,1.50917772132842,2.10000665566507,ALMANAC
152813,HL-60,Nilotinib,Nilotinib,exact,TOPOTECAN HYDROCHLORIDE,,no_match,-54.0131978373467,-5.42446204065213,0.047762728817199,-9.37333170297956,ALMANAC
152814,HL-60,CYTARABINE HYDROCHLORIDE,Cytarabine,exact,Vincristine sulfate,,no_match,-10.9114957053017,-1.10098918969166,0.0813170460111314,-3.91996600588315,ALMANAC
153722,HL-60,CYTARABINE HYDROCHLORIDE,Cytarabine,exact,TOPOTECAN HYDROCHLORIDE,,no_match,2.84279227863337,3.52735401600855,2.69462658438336,5.14005020127767,ALMANAC
153997,HL-60,Nilotinib,Nilotinib,exact,Pralatrexate,,no_match,0.233365793780074,-0.402587294873391,4.6644414039654,2.21666829702044,ALMANAC
154831,HL-60,Lapatinib,Lapatinib,exact,IMIQUIMOD,,no_match,3.12918376944158,1.99785756003021,-2.2926881553986,0.453115214696815,ALMANAC
154930,HL-60,158798-73-3,,no_match,"Azacytidine, 5-",Azacytidine,fuzzy,-43.8711656055141,-3.53299383369832,0.154105398302257,-6.58110948075733,ALMANAC
155282,HL-60,actinomycin D,,no_match,Dasatinib,Dasatinib,exact,-0.356538177613811,2.44206551115024,-1.84986322698737,3.82422632580791,ALMANAC
155447,HL-60,temozolomide,,no_match,Erlotinib hydrochloride,Erlotinib,exact,-11.322656137462,-10.1355598088589,-0.656739428014583,-12.4770704548363,ALMANAC
155499,HL-60,Sorafenib,Sorafenib,exact,Emcyt (Pharmacia),,no_match,8.55909526741556,6.29234594175713,6.20047714273002,7.30342710550297,ALMANAC
155569,HL-60,CYTARABINE HYDROCHLORIDE,Cytarabine,exact,Romidepsin,,no_match,-40.5194188107533,-3.279599239975,1.15859704040361,-6.61676213214807,ALMANAC
156907,HL-60,raloxifene,,no_match,"Azacytidine, 5-",Azacytidine,fuzzy,-17.5760540721014,9.95689220984565,2.49237709076346,-3.94151035430983,ALMANAC
156920,HL-60,Sorafenib,Sorafenib,exact,Bendamustine hydrochloride,,no_match,1.75231785930362,-5.24950843720805,-4.48371435222426,-0.136484392091094,ALMANAC
157491,HL-60,celecoxib,,no_match,Lapatinib,Lapatinib,exact,-3.65860383364817,0.0819575006582726,0.209629808181777,-2.28380808140526,ALMANAC
157776,HL-60,NSC733504,,no_match,Lapatinib,Lapatinib,exact,4.06236606695695,-2.13365358378782,-4.04967037743631,-2.66466256308097,ALMANAC
158414,HL-60,Quinacrine hydrochloride,,no_match,Erlotinib hydrochloride,Erlotinib,exact,18.8049138437185,16.203975454009,23.6573660260041,18.1372495553212,ALMANAC
158664,HL-60,Vinblastine sulfate,,no_match,Nilotinib,Nilotinib,exact,5.7138016145572,4.80054520967374,2.89412376586376,2.87867077025236,ALMANAC
158684,HL-60,Dasatinib,Dasatinib,exact,mitotane,,no_match,-2.90888797079683,-0.402984874149233,-0.121173745792806,0.452004103585688,ALMANAC
158703,HL-60,Imatinib,Imatinib,exact,Sunitinib,Sunitinib,exact,-27.6580745523818,2.00350247050207,12.9659410215788,-25.5899983696462,ALMANAC
158773,HL-60,Imatinib,Imatinib,exact,cis-Platin,,no_match,-19.675001267757,0.357004672878546,2.476609638474,-4.68888725853512,ALMANAC
158888,HL-60,Lapatinib,Lapatinib,exact,carmustine,,no_match,0.387565521836207,-3.10566256588598,-6.23214961383635,0.687649090686228,ALMANAC
159012,HL-60,letrozole,,no_match,Sunitinib,Sunitinib,exact,-9.81025945015475,6.63340356344508,4.66234379787564,-8.68666503631286,ALMANAC
159198,HL-60,Retinoic acid,,no_match,Bortezomib,Bortezomib (Velcade),exact,-3.37750310454832,-2.48729676007254,-1.03317089250046,-1.19657289449704,ALMANAC
159415,HL-60,Nilotinib,Nilotinib,exact,mitotane,,no_match,16.5000471024,-2.1974472716965,4.15035017111829,-1.4779958964143,ALMANAC
160043,HL-60,"Azacytidine, 5-",Azacytidine,fuzzy,NSC733504,,no_match,-2.77817054427019,2.49766517891305,1.44885353076803,0.434255979300125,ALMANAC
160107,HL-60,Tamoxifen citrate,,no_match,Lapatinib,Lapatinib,exact,-2.42471200128686,0.440903781482875,1.89695544071034,-3.99700074801147,ALMANAC
160427,HL-60,Sunitinib,Sunitinib,exact,cyclophosphamide,,no_match,11.3731165896517,-0.541464314980111,-0.337391157128367,-3.72910588888889,ALMANAC
160777,HL-60,raloxifene,,no_match,Ruxolitinib,Ruxolitinib (INCB018424),exact,-15.9980294794173,-1.54179052555614,12.7407967153796,-18.2314451111111,ALMANAC
161109,HL-60,"Azacytidine, 5-",Azacytidine,fuzzy,anastrozole,,no_match,-14.0446687709897,3.39464272401831,2.60911330323408,-13.4834730177778,ALMANAC
163123,HL-60,Imatinib,Imatinib,exact,busulfan,,no_match,-15.6027698278173,-2.30009285467652,-1.22734021473894,-12.0143825555556,ALMANAC
163254,HL-60,Imatinib,Imatinib,exact,Nilotinib,Nilotinib,exact,-14.0331641290085,0.508373113275236,10.430943512816,-17.5611093777778,ALMANAC
163608,HL-60,Zoledronic acid,,no_match,Bortezomib,Bortezomib (Velcade),exact,-24.0105015204995,1.85304953356581,0.617985912138306,0.492397100000001,ALMANAC
163669,HL-60,Fulvestrant,,no_match,Bortezomib,Bortezomib (Velcade),exact,-45.8851844308471,1.95310415064914,2.10972510670388,-1.01999827777778,ALMANAC
164006,HL-60,Imatinib,Imatinib,exact,Quinacrine hydrochloride,,no_match,10.9795244015537,4.68942841883336,8.19879098886646,8.19909741111111,ALMANAC
164165,HL-60,Nilotinib,Nilotinib,exact,cyclophosphamide,,no_match,-11.1257664099627,9.99724614168655,12.9065686138324,-11.1377761111111,ALMANAC
164585,HL-60,Antibiotic AY 22989,,no_match,Bortezomib,Bortezomib (Velcade),exact,-21.6217546402465,-0.487115534944777,0.415088396552629,-1.13882755555555,ALMANAC
164753,HL-60,Lapatinib,Lapatinib,exact,methoxsalen,,no_match,-10.9571108722665,2.26077570568656,4.41886151583408,-9.45444254444445,ALMANAC
165818,HL-60,CHEMBL17639,,no_match,"Azacytidine, 5-",Azacytidine,fuzzy,-2.68059114544229,-2.14673601189582,-1.87977094608968,-0.660197111111113,ALMANAC
165820,HL-60,Pemetrexed,,no_match,Dasatinib,Dasatinib,exact,-2.66373802865949,3.34371610304539,4.43604908051752,1.76027235555556,ALMANAC
165849,HL-60,Lenalidomide,Lenalidomide,exact,amifostine,,no_match,-1.23853878541637,-4.13742222837181,-9.24029339449718,-1.00301688888889,ALMANAC
166211,HL-60,"Azacytidine, 5-",Azacytidine,fuzzy,thalidomide,,no_match,-42.8902063807483,2.8680185937311,0.925795828198115,1.64314357777778,ALMANAC
166233,HL-60,Antibiotic AY 22989,,no_match,"Azacytidine, 5-",Azacytidine,fuzzy,-10.8541887853135,-1.66003814069711,1.59978619636796,-9.95666611111111,ALMANAC
166545,HL-60,Sunitinib,Sunitinib,exact,Emcyt (Pharmacia),,no_match,4.35681093945135,-5.31378559105684,-7.54677116768628,-1.91657255555555,ALMANAC
167351,HL-60,Nilotinib,Nilotinib,exact,Quinacrine hydrochloride,,no_match,1.73080370575983,2.231145730133,-1.04234665023774,6.13903588888889,ALMANAC
167467,HL-60,mitomycin C,,no_match,Bortezomib,Bortezomib (Velcade),exact,-0.948214638507886,-0.107355975840705,-0.527916957134487,-0.0487944444444482,ALMANAC
167543,HL-60,"Azacytidine, 5-",Azacytidine,fuzzy,Dasatinib,Dasatinib,exact,0.24687588281462,-0.729936276850329,-1.20951395885234,0.467558888888888,ALMANAC
167623,HL-60,Sorafenib,Sorafenib,exact,mitotane,,no_match,-8.70667911951675,8.80895538356381,26.8851335748615,-7.46106582222222,ALMANAC
167825,HL-60,CYTARABINE HYDROCHLORIDE,Cytarabine,exact,7-Ethyl-10-hydroxycamptothecin,,no_match,-13.9185901928173,1.04024053321109,-6.2333592516298,-1.67691946666667,ALMANAC
168058,HL-60,Co-V,,no_match,Erlotinib hydrochloride,Erlotinib,exact,-2.4045982487261,1.43783850009783,2.48525835625342,-2.59685935555556,ALMANAC
168084,HL-60,CYTARABINE HYDROCHLORIDE,Cytarabine,exact,mitomycin C,,no_match,-1.27437312092746,7.48457000808324,5.39942459889606,9.87320844444445,ALMANAC
168511,HL-60,Nilotinib,Nilotinib,exact,Procarbazine hydrochloride,,no_match,-2.97998990715744,1.39655204469174,1.33181652569288,-3.32333217777778,ALMANAC
168823,HL-60,7803-88-5,,no_match,Lapatinib,Lapatinib,exact,-7.85672497065365,-2.01855102297048,4.69749284853187,-10.4655533777778,ALMANAC
168863,HL-60,Sunitinib,Sunitinib,exact,Bortezomib,Bortezomib (Velcade),exact,-18.0141744012688,-1.15421213107403,-0.244356461408432,-1.94768333333333,ALMANAC
168996,HL-60,CYTARABINE HYDROCHLORIDE,Cytarabine,exact,Lapatinib,Lapatinib,exact,-24.2173962536328,-0.503228199495567,2.24425901561895,-4.04603117777778,ALMANAC
169047,HL-60,Antibiotic AD 32,,no_match,"Azacytidine, 5-",Azacytidine,fuzzy,-0.39625772669573,-0.291275123585997,-1.53346517529006,1.79095888888889,ALMANAC
169249,HL-60,busulfan,,no_match,Bortezomib,Bortezomib (Velcade),exact,-46.5637916312383,-3.58517981574499,-1.22924979219461,-4.21657266666667,ALMANAC
171495,HL-60,23541-50-6,,no_match,Dasatinib,Dasatinib,exact,-14.2007645721325,1.43628042140488,1.48440297129105,-0.598617455555554,ALMANAC
171518,HL-60,Vorinostat,,no_match,Erlotinib hydrochloride,Erlotinib,exact,7.63606035543418,10.0940544559891,3.40303610791608,7.68172265555556,ALMANAC
171642,HL-60,Nilotinib,Nilotinib,exact,paclitaxel,,no_match,-36.0336472494045,10.6100842412952,12.4131102858696,7.72779571111111,ALMANAC
171738,HL-60,Sunitinib,Sunitinib,exact,mitomycin C,,no_match,3.58055608294549,-1.51923910689764,-1.27261095368019,4.43231666666667,ALMANAC
171935,HL-60,raloxifene,,no_match,Lapatinib,Lapatinib,exact,-12.6351575010581,4.44859262677274,14.3525913355132,-13.4701065555556,ALMANAC
171986,HL-60,paclitaxel,,no_match,Lapatinib,Lapatinib,exact,-2.33145918314401,15.3014909516021,17.4549479920422,13.5994349777778,ALMANAC
171989,HL-60,Sorafenib,Sorafenib,exact,amifostine,,no_match,3.34968142399547,6.3005592265496,5.70830006736541,0.460152566666667,ALMANAC
172484,HL-60,docetaxel,,no_match,"Azacytidine, 5-",Azacytidine,fuzzy,0.197463214995469,-4.35157706714155,-6.96578104893075,0.73342777777778,ALMANAC
172524,HL-60,5-Fluorouracil,,no_match,Dasatinib,Dasatinib,exact,2.33269754138889,4.71198629907097,-6.88628862047867,2.67442617777778,ALMANAC
172604,HL-60,6-Mercaptopurine,,no_match,Bortezomib,Bortezomib (Velcade),exact,-24.1965110953763,2.70789640434443,-3.00447999066299,-0.100253066666666,ALMANAC
172624,HL-60,ADM hydrochloride,,no_match,Bortezomib,Bortezomib (Velcade),exact,-19.7383250172199,3.32054046125816,1.46827287693663,2.21356786666667,ALMANAC
173178,HL-60,Ixabepilone,,no_match,Bortezomib,Bortezomib (Velcade),exact,-3.14959280489073,-2.32027564616249,-1.12179614028117,-2.35663277777778,ALMANAC
173317,HL-60,CYTARABINE HYDROCHLORIDE,Cytarabine,exact,NSC733504,,no_match,-7.48286440475488,2.35082185984254,-0.783465579937692,0.223145298888889,ALMANAC
173455,HL-60,CYTARABINE HYDROCHLORIDE,Cytarabine,exact,Nilotinib,Nilotinib,exact,-19.5937544245945,4.57287834616412,-0.71650549508048,-11.8460556222222,ALMANAC
173700,HL-60,pipobroman,,no_match,Erlotinib hydrochloride,Erlotinib,exact,0.515246339151611,-3.43786693985662,-2.33503214372759,-1.71132922222222,ALMANAC
174093,HL-60,Sorafenib,Sorafenib,exact,busulfan,,no_match,-35.0155379689037,15.1706794381432,19.8654589988661,-19.5922208888889,ALMANAC
174101,HL-60,Nilotinib,Nilotinib,exact,thalidomide,,no_match,-3.74112298989333,2.83979434731011,3.34661635622566,-3.41666506666667,ALMANAC
174192,HL-60,Lapatinib,Lapatinib,exact,pipobroman,,no_match,3.74028928179838,-0.0567829361987251,-2.96403259647933,3.54005033333333,ALMANAC
174320,HL-60,celecoxib,,no_match,Bortezomib,Bortezomib (Velcade),exact,-45.7958282759059,1.22822633659359,1.75485984077083,-1.00428593222222,ALMANAC
174730,HL-60,Imatinib,Imatinib,exact,thalidomide,,no_match,-2.76715626867795,3.98148926920233,3.47674552935615,-2.20444287777778,ALMANAC
175123,HL-60,Romidepsin,,no_match,Lapatinib,Lapatinib,exact,-45.3647237258049,1.18548513198888,1.25595394343418,-1.64392228888889,ALMANAC
175180,HL-60,Nilotinib,Nilotinib,exact,docetaxel,,no_match,13.6296418415655,12.2666854490208,11.9460699061061,10.0610229222222,ALMANAC
175460,HL-60,Gefitinib,Gefitinib,exact,amifostine,,no_match,-12.0756332099053,-3.14959211339316,-4.60185636002101,-2.25190711111111,ALMANAC
175621,HL-60,Nilotinib,Nilotinib,exact,ifosfamide,,no_match,0.824042564811737,2.9936620346896,1.54955644870582,-0.977194855555556,ALMANAC
175679,HL-60,Nilotinib,Nilotinib,exact,mitomycin C,,no_match,-37.001396588789,2.99671189138568,2.2188770424437,0.85457351111111,ALMANAC
176131,HL-60,Lapatinib,Lapatinib,exact,Bortezomib,Bortezomib (Velcade),exact,-47.1932004453528,1.13765942738248,2.28095302689581,-2.35333161111111,ALMANAC
176781,HL-60,CYTARABINE HYDROCHLORIDE,Cytarabine,exact,anastrozole,,no_match,-2.54304462885991,-3.08502819353567,-3.07075786101219,1.08422777777778,ALMANAC
176925,HL-60,celecoxib,,no_match,CYTARABINE HYDROCHLORIDE,Cytarabine,exact,-32.6432776799944,1.96239452083928,2.96845856239012,1.60568455555555,ALMANAC
177285,HL-60,"Azacytidine, 5-",Azacytidine,fuzzy,Vinblastine sulfate,,no_match,0.575697245696763,-1.70566906531344,-1.48507313080523,0.642005555555556,ALMANAC
177573,HL-60,ADM hydrochloride,,no_match,Erlotinib hydrochloride,Erlotinib,exact,7.79979014353133,6.60944540478782,1.53134337484825,9.22644888888889,ALMANAC
177814,HL-60,Dasatinib,Dasatinib,exact,IMIQUIMOD,,no_match,1.82460940400888,-1.49581240620084,-5.58491521624979,-2.89910611111111,ALMANAC
177925,HL-60,Carboplatinum,,no_match,Bortezomib,Bortezomib (Velcade),exact,-44.1994705000081,-2.06114818799152,-0.148004323159789,-2.63101722444444,ALMANAC
178173,HL-60,Fludarabine Base,,no_match,Nilotinib,Nilotinib,exact,-8.95265500032735,-2.62567259717683,0.899333160121692,-9.34160973333333,ALMANAC
179052,HL-60,Dasatinib,Dasatinib,exact,Fulvestrant,,no_match,-2.20524364438812,3.07244027396433,-0.988735759356772,-1.40243866666667,ALMANAC
179248,HL-60,pipobroman,,no_match,Bortezomib,Bortezomib (Velcade),exact,-31.717891517212,-0.491296922089427,0.054775925651516,-1.02435011111111,ALMANAC
179266,HL-60,"Azacytidine, 5-",Azacytidine,fuzzy,Vorinostat,,no_match,-12.6011107310612,3.47448787466477,3.16364825402035,-2.40589928888889,ALMANAC
180158,HL-60,CYTARABINE HYDROCHLORIDE,Cytarabine,exact,cis-Platin,,no_match,3.42067024761092,6.25082724808067,5.93437335663398,9.18655888888889,ALMANAC
180580,HL-60,ifosfamide,,no_match,Bortezomib,Bortezomib (Velcade),exact,-65.7520584749764,1.29909818222692,0.800396963235025,0.383664945555553,ALMANAC
180801,HL-60,Bortezomib,Bortezomib (Velcade),exact,Trisenox,,no_match,2.87657377042769,1.94485546363622,1.03601622102186,3.78075666666667,ALMANAC
181628,HL-60,thalidomide,,no_match,Erlotinib hydrochloride,Erlotinib,exact,-16.9706744852827,-2.56955253041973,6.54468571617873,-15.8611092111111,ALMANAC
181652,HL-60,Dasatinib,Dasatinib,exact,carmustine,,no_match,12.7313944907899,-5.52042593170233,-5.27739199422455,-1.96688333333333,ALMANAC
181794,HL-60,Vepesid J,,no_match,Dasatinib,Dasatinib,exact,-1.3941101091904,2.83326124243383,2.11298038261117,1.79044922222222,ALMANAC
181845,HL-60,Romidepsin,,no_match,Dasatinib,Dasatinib,exact,-40.5738730000076,-3.89062836087937,-2.27564486596262,-2.79021777777778,ALMANAC
182067,HL-60,Lenalidomide,Lenalidomide,exact,7803-88-5,,no_match,-7.13944273638323,-5.93003993061804,-3.20403419057205,-3.36066211111111,ALMANAC
182103,HL-60,Imatinib,Imatinib,exact,Trisenox,,no_match,-31.2574565158832,0.655500612627162,3.58954070761019,-6.75777794444445,ALMANAC
182298,HL-60,"Azacytidine, 5-",Azacytidine,fuzzy,carmustine,,no_match,-30.5209880673459,2.18225574151989,-1.78486970565059,2.66089444444445,ALMANAC
182641,HL-60,CYTARABINE HYDROCHLORIDE,Cytarabine,exact,mitotane,,no_match,-34.0922261723384,-9.80895063798011,-5.71322516582255,-9.23132777777778,ALMANAC
183313,HL-60,Zoledronic acid,,no_match,Erlotinib hydrochloride,Erlotinib,exact,0.565410283870029,1.49651028393195,-0.614820926787451,0.825843904444444,ALMANAC
183821,HL-60,NSC733504,,no_match,Sunitinib,Sunitinib,exact,-0.994068892636925,4.02687177778808,0.914284688554801,-0.488887267777778,ALMANAC
184944,HL-60,Dasatinib,Dasatinib,exact,TOPOTECAN HYDROCHLORIDE,,no_match,-23.21268463588,2.97508127513719,1.76461876150228,0.589017933333334,ALMANAC
185426,HL-60,Nilotinib,Nilotinib,exact,Vinblastine sulfate,,no_match,20.2352964946943,8.11777064926402,5.74001758322701,12.0997833333333,ALMANAC
185594,HL-60,Sunitinib,Sunitinib,exact,Eloxatin (TN) (Sanofi Synthelab),,no_match,-5.93968294661005,0.296119065344425,-0.369822872099754,1.70438077777778,ALMANAC
185654,HL-60,5-Fluoro-2'-deoxyuridine,,no_match,Erlotinib hydrochloride,Erlotinib,exact,-18.5180051943505,0.3878174125656,-5.12493378554966,2.8820037,ALMANAC
185838,HL-60,"Azacytidine, 5-",Azacytidine,fuzzy,Procarbazine hydrochloride,,no_match,-28.4411182300892,1.06664716218317,-0.173395738047271,0.379781999999998,ALMANAC
185890,HL-60,Lapatinib,Lapatinib,exact,Sunitinib,Sunitinib,exact,-15.189938434867,3.51978421861958,5.56032213396851,-13.2199980933333,ALMANAC
185922,HL-60,lomustine,,no_match,Dasatinib,Dasatinib,exact,-3.81074902301923,-1.42797620266623,1.03531888598107,-3.20090721111111,ALMANAC
185944,HL-60,"Azacytidine, 5-",Azacytidine,fuzzy,Trisenox,,no_match,-4.89843664854438,2.22574865133699,1.18613838053186,4.02444955555556,ALMANAC
186328,HL-60,celecoxib,,no_match,"Azacytidine, 5-",Azacytidine,fuzzy,-42.1563050485858,-4.28023064303044,5.13496381088075,-16.9266664666667,ALMANAC
186424,HL-60,Nilotinib,Nilotinib,exact,5-Aminolevulinic acid hydrochloride,,no_match,-3.06632127189299,-2.95155085653567,-1.20918344330861,-0.0446616666666674,ALMANAC
186517,HL-60,Nilotinib,Nilotinib,exact,cis-Platin,,no_match,-5.59514367280223,-0.651452811627867,0.571826258032605,-1.07318806666667,ALMANAC
186652,HL-60,Tamoxifen citrate,,no_match,Sunitinib,Sunitinib,exact,-20.5869841052695,-1.64517215577642,5.57616521419347,-18.4277764266667,ALMANAC
186969,HL-60,anastrozole,,no_match,Nilotinib,Nilotinib,exact,0.957096145159781,5.9739983144273,4.66646039230206,0.947533511111111,ALMANAC
187386,HL-60,docetaxel,,no_match,Dasatinib,Dasatinib,exact,-1.43637921388276,0.34149357561476,-0.293698207422138,-0.854313411111111,ALMANAC
187518,HL-60,5-Fluoro-2'-deoxyuridine,,no_match,CYTARABINE HYDROCHLORIDE,Cytarabine,exact,7.40376495008172,3.79457608639306,3.56775370821572,8.50221111111111,ALMANAC
187686,HL-60,Imatinib,Imatinib,exact,Procarbazine hydrochloride,,no_match,-16.7214453968295,0.577691766741902,7.14234631253476,-16.5922202666667,ALMANAC
187808,HL-60,Lapatinib,Lapatinib,exact,6-Mercaptopurine,,no_match,-19.9834789068079,-20.1909635698334,-10.7349294771775,-16.581324,ALMANAC
188199,HL-60,letrozole,,no_match,Imatinib,Imatinib,exact,7.45649993341187,-10.4923087447348,4.78861451189679,-12.4979944444444,ALMANAC
188420,HL-60,Imatinib,Imatinib,exact,Ixabepilone,,no_match,-35.4825709717097,2.63597225048195,3.28324627771295,-1.26109544444444,ALMANAC
189034,HL-60,Vinblastine sulfate,,no_match,Bortezomib,Bortezomib (Velcade),exact,-10.326038163271,1.11984758925427,3.39266363766902,-7.81666533333333,ALMANAC
189599,HL-60,Sunitinib,Sunitinib,exact,thalidomide,,no_match,-9.89575552944587,-3.3395202065964,-1.63225395751972,-3.72688333333333,ALMANAC
189918,HL-60,thalidomide,,no_match,Bortezomib,Bortezomib (Velcade),exact,-17.7501503137529,3.06681290982692,-0.698167762819088,2.51676044444444,ALMANAC
189961,HL-60,Retinoic acid,,no_match,Imatinib,Imatinib,exact,-13.2933426610593,-2.58097604683705,-3.18605690015192,-5.02355055555556,ALMANAC
190093,HL-60,CYTARABINE HYDROCHLORIDE,Cytarabine,exact,158798-73-3,,no_match,-28.8187715061409,-6.74644763693557,-8.86818643485879,-7.01685532222222,ALMANAC
190230,HL-60,"Azacytidine, 5-",Azacytidine,fuzzy,Eloxatin (TN) (Sanofi Synthelab),,no_match,-3.81888071120638,-1.43275712115874,-1.93536716287178,3.05409,ALMANAC
190567,HL-60,Dasatinib,Dasatinib,exact,pipobroman,,no_match,2.15800818673921,-0.917384581508545,-3.33162179331099,2.20227211111111,ALMANAC
190685,HL-60,Triethylenemelamine,,no_match,Sorafenib,Sorafenib,exact,-38.8266196220921,-44.0025497226069,-20.9279669534282,-37.8327233333333,ALMANAC
191306,HL-60,158798-73-3,,no_match,Erlotinib hydrochloride,Erlotinib,exact,-0.495237727215963,1.23615339981652,0.577379768093522,1.19111301111111,ALMANAC
191454,HL-60,Sunitinib,Sunitinib,exact,mitotane,,no_match,-9.70377588292466,-1.52904604525789,-0.408423312893,-0.881327777777777,ALMANAC
191874,HL-60,Sorafenib,Sorafenib,exact,Trisenox,,no_match,-43.5889069048908,-1.47061762670746,3.57273131560542,-8.65887233333333,ALMANAC
192063,HL-60,CYTARABINE HYDROCHLORIDE,Cytarabine,exact,cyclophosphamide,,no_match,-53.7345407046291,-4.16649476095662,1.72345378408949,-14.5816111111111,ALMANAC
192296,HL-60,Sunitinib,Sunitinib,exact,Quinacrine hydrochloride,,no_match,-2.93523877704621,-0.799475994658875,-7.44009269035235,-0.346919855555557,ALMANAC
192301,HL-60,Sorafenib,Sorafenib,exact,Vinblastine sulfate,,no_match,-12.5232360131693,2.56189737337671,8.84119724609465,-12.8666946666667,ALMANAC
192371,HL-60,Triethylenemelamine,,no_match,Gefitinib,Gefitinib,exact,-20.244571503681,-3.65700019020233,1.69313946538039,-14.6446327777778,ALMANAC
192555,HL-60,Imatinib,Imatinib,exact,methoxsalen,,no_match,-8.95479455937336,6.12375817294338,4.92865064333774,-6.958887,ALMANAC
192576,HL-60,Imatinib,Imatinib,exact,Erlotinib hydrochloride,Erlotinib,exact,-5.66837345411774,-0.563257560010911,1.25047850890455,-6.09336148777778,ALMANAC
193182,HL-60,Lapatinib,Lapatinib,exact,Co-V,,no_match,-1.92261862977937,-0.6563644653374,-0.0691437410672261,-2.19716526888889,ALMANAC
193349,HL-60,Nilotinib,Nilotinib,exact,Fulvestrant,,no_match,-6.97529884642838,-0.30074375898011,1.18824365639619,-3.97466111111111,ALMANAC
193413,HL-60,CYTARABINE HYDROCHLORIDE,Cytarabine,exact,Trisenox,,no_match,3.04727409012096,3.70437397472032,3.28544239677546,6.76100288888889,ALMANAC
193642,HL-60,hydroxyurea,,no_match,Bortezomib,Bortezomib (Velcade),exact,-40.9304726035073,-0.269635677676521,-0.988428272057382,0.0908579444444458,ALMANAC
193674,HL-60,Emcyt (Pharmacia),,no_match,Erlotinib hydrochloride,Erlotinib,exact,-13.8449817216912,78.6489522565251,66.6602210798747,-1.80685555555556,ALMANAC
193706,HL-60,docetaxel,,no_match,Sunitinib,Sunitinib,exact,7.58956599609652,13.1997813818525,12.2568054243994,7.81111317333333,ALMANAC
193715,HL-60,122111-05-1,,no_match,Lapatinib,Lapatinib,exact,-30.9082505163523,-4.21618065830445,-7.88473391001726,-6.93614451111111,ALMANAC
194043,HL-60,Imatinib,Imatinib,exact,5-Aminolevulinic acid hydrochloride,,no_match,-36.7863444733338,-10.4748902309902,8.2900817687998,-36.4444431111111,ALMANAC
194894,HL-60,NSC-127716,,no_match,Erlotinib hydrochloride,Erlotinib,exact,-9.83425860772871,1.67908854978292,-4.55225005028295,0.392990722222223,ALMANAC
195437,HL-60,"Azacytidine, 5-",Azacytidine,fuzzy,Bortezomib,Bortezomib (Velcade),exact,-6.4287918574947,-1.51426699556668,-0.915999456211035,-0.580212709999999,ALMANAC
195685,HL-60,Dasatinib,Dasatinib,exact,Ixabepilone,,no_match,-2.6454258425592,1.8965758987284,0.759662418012353,0.755560411111112,ALMANAC
196247,HL-60,Imatinib,Imatinib,exact,mitotane,,no_match,15.9354298641386,4.804941667131,6.49686162833735,5.68200555555555,ALMANAC
196411,HL-60,CYTARABINE HYDROCHLORIDE,Cytarabine,exact,Ixabepilone,,no_match,-2.16298622784202,-0.0295234205624888,0.181878918081114,2.34998888888889,ALMANAC
196744,HL-60,Vincristine sulfate,,no_match,Lapatinib,Lapatinib,exact,-39.2768526548164,2.40310266709999,3.87907469182136,1.12838302222222,ALMANAC
196854,HL-60,Lapatinib,Lapatinib,exact,cyclophosphamide,,no_match,4.90278242962524,10.2093825290007,4.73889377968382,3.84997235555556,ALMANAC
197060,HL-60,Antibiotic AD 32,,no_match,Erlotinib hydrochloride,Erlotinib,exact,-16.016938708719,-5.93693030304551,-2.54805159387437,-4.72799577777778,ALMANAC
197659,HL-60,CHEMBL17639,,no_match,Nilotinib,Nilotinib,exact,-26.730498153034,-1.82733147214699,0.760509325812756,-6.83574386666667,ALMANAC
197671,HL-60,methoxsalen,,no_match,Bortezomib,Bortezomib (Velcade),exact,1.11013090167622,1.71723962242168,-3.30159027649403,1.234538,ALMANAC
197735,HL-60,Antibiotic AY 22989,,no_match,Dasatinib,Dasatinib,exact,-3.66298663595862,-4.32864748314358,-2.76860211391643,-3.21239434888889,ALMANAC
198273,HL-60,mitotane,,no_match,Nilotinib,Nilotinib,exact,-2.76436056905695,1.42643271941409,0.555711482559807,-2.20018788888889,ALMANAC
198274,HL-60,Sunitinib,Sunitinib,exact,carmustine,,no_match,13.3763992334502,-2.83596383803567,-3.00603255038266,0.805338888888889,ALMANAC
198531,HL-60,thiotepa,,no_match,Imatinib,Imatinib,exact,-14.9807242862534,1.76303463856517,1.27676111006897,0.0353383333333362,ALMANAC
198614,HL-60,Sorafenib,Sorafenib,exact,methoxsalen,,no_match,9.48408480717202,9.15123797858751,5.01119944216404,8.17891793333333,ALMANAC
198637,HL-60,actinomycin D,,no_match,Nilotinib,Nilotinib,exact,17.4594116846707,21.4778864512983,19.9026279120206,18.17391687,ALMANAC
198788,HL-60,Imatinib,Imatinib,exact,Pralatrexate,,no_match,-0.651264225418826,0.180640532967948,3.93465725719225,1.56555555555556,ALMANAC
198969,HL-60,Sorafenib,Sorafenib,exact,Procarbazine hydrochloride,,no_match,-2.27121391874796,-3.93150795629493,-1.26409851617981,-4.17361489666667,ALMANAC
199501,HL-60,7803-88-5,,no_match,"Azacytidine, 5-",Azacytidine,fuzzy,-41.4085917027022,6.30074568113462,3.69731930839079,-4.07666621111111,ALMANAC
199843,HL-60,Dasatinib,Dasatinib,exact,NSC733504,,no_match,6.08242006167803,4.13125304134163,1.72075013908257,3.59645033333333,ALMANAC
199985,HL-60,"Azacytidine, 5-",Azacytidine,fuzzy,Ixabepilone,,no_match,-1.9380644996834,-0.767274387451374,-1.29599353587411,1.32740666666667,ALMANAC
200304,HL-60,Zanosar,,no_match,Bortezomib,Bortezomib (Velcade),exact,-52.3635757975684,1.66956976049368,0.0534827863186099,0.981345688888886,ALMANAC
200779,HL-60,mitoxantrone,,no_match,Dasatinib,Dasatinib,exact,-9.27245353318894,6.28279270520361,5.8136033555835,5.31189311111111,ALMANAC
201063,HL-60,Fludarabine Base,,no_match,Lapatinib,Lapatinib,exact,-23.0831895267528,-0.42793359387779,2.02737346119602,-4.95049917777778,ALMANAC
201246,HL-60,Imatinib,Imatinib,exact,Antibiotic AY 22989,,no_match,-16.9969922864561,-5.0825137944344,8.05282011811832,-20.2844712222222,ALMANAC
201945,HL-60,Fludarabine Base,,no_match,"Azacytidine, 5-",Azacytidine,fuzzy,-9.14622113446224,-2.26089959780822,0.628279275949566,-7.02025366666666,ALMANAC
203241,HL-60,actinomycin D,,no_match,Sunitinib,Sunitinib,exact,-0.57396808754783,8.84951825613722,-0.377637291715459,9.603204,ALMANAC
203396,HL-60,CYTARABINE HYDROCHLORIDE,Cytarabine,exact,Carboplatinum,,no_match,-1.21897223543399,0.26649925507776,-0.156079813696721,1.68645427777777,ALMANAC
203556,HL-60,CYTARABINE HYDROCHLORIDE,Cytarabine,exact,docetaxel,,no_match,-5.93529647113022,-2.61507928042329,1.55165917360223,-7.89716622222222,ALMANAC
204153,HL-60,"Azacytidine, 5-",Azacytidine,fuzzy,busulfan,,no_match,3.22787707542681,0.603429305464857,-0.0840746451101377,5.55095888888889,ALMANAC
204451,HL-60,Nilotinib,Nilotinib,exact,IMIQUIMOD,,no_match,0.151341476331998,1.76974985165773,-1.17106449802153,0.152005555555555,ALMANAC
204614,HL-60,MITHRAMYCIN,,no_match,Erlotinib hydrochloride,Erlotinib,exact,-27.3012216774284,-2.03844848948996,-0.240499628823011,-3.48052788888889,ALMANAC
204801,HL-60,Lenalidomide,Lenalidomide,exact,Dasatinib,Dasatinib,exact,-2.41643591455043,0.0730053161600568,-3.23523089503277,-2.08310644444444,ALMANAC
205335,HL-60,Tamoxifen citrate,,no_match,Nilotinib,Nilotinib,exact,-3.5115135980372,4.83613129680699,4.49546589122433,-3.84038427777778,ALMANAC
205465,HL-60,paclitaxel,,no_match,Erlotinib hydrochloride,Erlotinib,exact,-31.2280607359485,5.39707222584338,5.41977060108097,7.07311477777778,ALMANAC
206526,HL-60,Nilotinib,Nilotinib,exact,7-Ethyl-10-hydroxycamptothecin,,no_match,-28.8279280007885,8.83222281923332,10.7113101442974,4.02466355555555,ALMANAC
206842,HL-60,"Azacytidine, 5-",Azacytidine,fuzzy,methotrexate,,no_match,-19.709160753971,-4.76068175603044,1.23385313482352,0.778894444444448,ALMANAC
206995,HL-60,Nilotinib,Nilotinib,exact,Romidepsin,,no_match,-68.7380976981546,-0.375523126122558,0.787789277464211,-2.51213351111111,ALMANAC
207523,HL-60,Sunitinib,Sunitinib,exact,methotrexate,,no_match,-10.4752188574333,-6.75820328614155,-3.87961339552319,-4.18999444444444,ALMANAC
207698,HL-60,Lapatinib,Lapatinib,exact,Erlotinib hydrochloride,Erlotinib,exact,-1.79318540622987,-1.58171923579027,0.54508919790365,-2.56669442222222,ALMANAC
207802,HL-60,Lapatinib,Lapatinib,exact,busulfan,,no_match,7.12788850509634,-1.80995727407906,-2.37127259207714,0.888983333333335,ALMANAC
207999,HL-60,CHEMBL277800,,no_match,Lapatinib,Lapatinib,exact,-50.9598316522848,-1.2870748077089,-0.140861123100749,-1.67688555555556,ALMANAC
208059,HL-60,5-Fluoro-2'-deoxyuridine,,no_match,Lapatinib,Lapatinib,exact,-18.7143289025143,-1.29495019601112,-2.62030168841348,-3.96130031111111,ALMANAC
208101,HL-60,"Azacytidine, 5-",Azacytidine,fuzzy,5-Aminolevulinic acid hydrochloride,,no_match,-44.8394095667587,-2.83864381001365,-3.95890770384341,-2.46688333333333,ALMANAC
208169,HL-60,MEGESTROL ACETATE,,no_match,Dasatinib,Dasatinib,exact,-3.11181851391706,-0.136382293851387,0.707757605805932,-2.69812863333333,ALMANAC
208205,HL-60,"Azacytidine, 5-",Azacytidine,fuzzy,mitotane,,no_match,-3.19364208142372,-0.325941404035665,1.29638473473463,0.410894444444446,ALMANAC
208914,HL-60,5-Fluoro-2'-deoxyuridine,,no_match,"Azacytidine, 5-",Azacytidine,fuzzy,-13.1813695022785,-6.18044067025267,-2.17210900561102,-12.9013653333333,ALMANAC
209257,HL-60,thiotepa,,no_match,Erlotinib hydrochloride,Erlotinib,exact,-8.01382397151326,-4.33691353337884,-1.83626682098923,-2.46577284444444,ALMANAC
209391,HL-60,actinomycin D,,no_match,Imatinib,Imatinib,exact,34.5106682577979,11.0583057796074,20.1049744427774,8.73978333333333,ALMANAC
209663,HL-60,Ixabepilone,,no_match,Erlotinib hydrochloride,Erlotinib,exact,-23.562301060682,52.6543067976362,32.8710828225634,25.6242277777778,ALMANAC
209768,HL-60,methotrexate,,no_match,Nilotinib,Nilotinib,exact,-34.5024197282468,-0.311214478136833,2.25809401860927,-1.2057736,ALMANAC
210078,HL-60,Romidepsin,,no_match,"Azacytidine, 5-",Azacytidine,fuzzy,-3.04043070521311,-2.07282900836378,-1.55314555294943,-0.223283333333333,ALMANAC
210206,HL-60,Erlotinib hydrochloride,Erlotinib,exact,Bortezomib,Bortezomib (Velcade),exact,-33.4358305655905,-6.16385694303044,-7.20900610492397,0.491274444444443,ALMANAC
210449,HL-60,raloxifene,,no_match,Lenalidomide,Lenalidomide,exact,-1.27101224273728,5.18822064052441,4.72909077457788,-2.31810973333333,ALMANAC
210973,HL-60,"Azacytidine, 5-",Azacytidine,fuzzy,6-Mercaptopurine,,no_match,-5.39690183716716,-2.5193152713907,-7.02476092216364,0.214292222222223,ALMANAC
211009,HL-60,Nilotinib,Nilotinib,exact,158798-73-3,,no_match,-12.3675358852718,-0.338746308287943,6.23761530505263,-12.9211988444444,ALMANAC
211090,HL-60,Bendamustine hydrochloride,,no_match,Nilotinib,Nilotinib,exact,-2.15270440767212,0.570927070229653,0.741146229307065,-1.29021976888889,ALMANAC
211317,HL-60,Imatinib,Imatinib,exact,paclitaxel,,no_match,-54.9895164487859,12.2914885936772,17.5720536548687,2.06666838888889,ALMANAC
211367,HL-60,Erlotinib hydrochloride,Erlotinib,exact,Trisenox,,no_match,-11.8550241859263,0.485494398770846,-0.0752925890112696,2.99667177777778,ALMANAC
211853,HL-60,"Azacytidine, 5-",Azacytidine,fuzzy,mitomycin C,,no_match,0.501424784380658,-0.954262538586001,-1.21469661644548,2.76186777777778,ALMANAC
212246,HL-60,Lapatinib,Lapatinib,exact,Ixabepilone,,no_match,-22.6032825722502,0.320990633326078,0.426789063285466,-1.07790262222222,ALMANAC
212455,HL-60,Dasatinib,Dasatinib,exact,thalidomide,,no_match,-3.64827276887878,4.28333424600566,2.9645196931315,-3.04110949677778,ALMANAC
212690,HL-60,Romidepsin,,no_match,Erlotinib hydrochloride,Erlotinib,exact,-53.7787922222222,-4.76335760909122,-3.89017016273571,-3.33577222222222,ALMANAC
212739,HL-60,122111-05-1,,no_match,Erlotinib hydrochloride,Erlotinib,exact,-70.1521247777778,3.85940089128782,5.90200671254347,6.16422722222222,ALMANAC
213219,HL-60,Vorinostat,,no_match,Lapatinib,Lapatinib,exact,-15.4765010411736,0.0864514075622104,-1.93501205782698,-3.85836645555556,ALMANAC
213323,HL-60,actinomycin D,,no_match,Erlotinib hydrochloride,Erlotinib,exact,-14.9234459969259,-3.95304106338869,1.44301227990186,-7.42383288888889,ALMANAC
213560,HL-60,7-Ethyl-10-hydroxycamptothecin,,no_match,Lapatinib,Lapatinib,exact,-64.9099028888889,-3.63278694430572,-1.31482768251276,-4.00021755555556,ALMANAC
213625,HL-60,TOPOTECAN HYDROCHLORIDE,,no_match,Bortezomib,Bortezomib (Velcade),exact,-0.361214086819894,0.631871380675965,-0.797422731055823,0.480094444444444,ALMANAC
214135,HL-60,CYTARABINE HYDROCHLORIDE,Cytarabine,exact,Dasatinib,Dasatinib,exact,-2.81661883297432,-1.05929986567508,-0.781266671536351,0.155338888888891,ALMANAC
214182,HL-60,"Azacytidine, 5-",Azacytidine,fuzzy,Quinacrine hydrochloride,,no_match,-9.48702598600737,4.89697630818131,3.43021766565294,8.04987222222222,ALMANAC
214304,HL-60,Dasatinib,Dasatinib,exact,methotrexate,,no_match,-15.7514679057915,-1.17347602076738,1.58904624925753,-1.67777306666666,ALMANAC
214697,HL-60,Sorafenib,Sorafenib,exact,6-Mercaptopurine,,no_match,-5.40616818982301,2.60574480290501,-3.30505752769024,0.718635955555554,ALMANAC
215765,HL-60,Gefitinib,Gefitinib,exact,bleomycin,,no_match,-2.93828448765679,0.946052547586935,-0.631057182645246,-1.95481897777778,ALMANAC
215877,HL-60,methotrexate,,no_match,Imatinib,Imatinib,exact,-30.1110996141761,1.04080261622739,3.26339946645051,-0.324661666666667,ALMANAC
216588,HL-60,CYTARABINE HYDROCHLORIDE,Cytarabine,exact,Vorinostat,,no_match,-16.2518422090628,-2.92593815094634,-3.27449055901168,-10.0812084444444,ALMANAC
216863,HL-60,Romidepsin,,no_match,Bortezomib,Bortezomib (Velcade),exact,-13.2664227432676,-1.90062561212832,-0.712918747366222,-2.409906,ALMANAC
216895,HL-60,CYTARABINE HYDROCHLORIDE,Cytarabine,exact,122111-05-1,,no_match,-10.9578499751198,7.7688625763222,7.88760194982808,5.20752444444444,ALMANAC
217058,HL-60,Retinoic acid,,no_match,Erlotinib hydrochloride,Erlotinib,exact,-2.39502587571259,4.6839450740656,2.30068642537654,6.689782,ALMANAC
217940,HL-60,Imatinib,Imatinib,exact,Antibiotic AD 32,,no_match,-9.1126515484843,8.77060650301529,12.3889403223566,5.98112777777778,ALMANAC
217986,HL-60,Sorafenib,Sorafenib,exact,Ixabepilone,,no_match,-20.3387364742007,3.36300803065941,1.97657731237853,1.85557122222222,ALMANAC
218157,HL-60,7-Ethyl-10-hydroxycamptothecin,,no_match,Bortezomib,Bortezomib (Velcade),exact,-5.18009786541958,-2.57124088885557,-2.50747088431051,-1.14879501111111,ALMANAC
218225,HL-60,Imatinib,Imatinib,exact,Emcyt (Pharmacia),,no_match,-9.60685594553856,3.21403604441109,4.00702368592276,-9.412221,ALMANAC
218241,HL-60,Vinblastine sulfate,,no_match,"Azacytidine, 5-",Azacytidine,fuzzy,1.78670173591932,-3.74137886117521,-3.74028265802481,-0.351918333333332,ALMANAC
218318,HL-60,celecoxib,,no_match,Imatinib,Imatinib,exact,2.64256781756925,-7.65577488390531,1.55188074928618,-12.5499609777778,ALMANAC
218384,HL-60,MITHRAMYCIN,,no_match,Sorafenib,Sorafenib,exact,-65.3831461126034,6.43645613588325,8.89567521327119,-6.21466416666667,ALMANAC
218591,HL-60,Sorafenib,Sorafenib,exact,cis-Platin,,no_match,-30.4666774149382,0.192390799504174,3.93325132571432,-5.8566505,ALMANAC
219508,HL-60,"Azacytidine, 5-",Azacytidine,fuzzy,cyclophosphamide,,no_match,-83.262048387719,9.439292584631,9.45053567089167,-17.1393888888889,ALMANAC
219850,HL-60,CYTARABINE HYDROCHLORIDE,Cytarabine,exact,Antibiotic AD 32,,no_match,-5.00512968107521,-1.76102834794484,0.581263118704007,-3.06903,ALMANAC
219918,HL-60,Nilotinib,Nilotinib,exact,Antibiotic AY 22989,,no_match,-10.5878948386027,-5.57993390521376,-0.521564745825211,-10.5827208888889,ALMANAC
220213,HL-60,Nilotinib,Nilotinib,exact,55-86-7,,no_match,-16.3107699751458,-3.44067932482915,-2.60253373945178,-0.30117522222222,ALMANAC
220242,HL-60,Carboplatinum,,no_match,Nilotinib,Nilotinib,exact,-2.47762596607825,1.50100482029999,2.97373455873291,-2.8049434,ALMANAC
220271,HL-60,Dasatinib,Dasatinib,exact,Pralatrexate,,no_match,-1.81906153820526,-0.619082114694537,3.26858546969778,0.237777777777778,ALMANAC
220370,HL-60,122111-05-1,,no_match,Dasatinib,Dasatinib,exact,-35.4592560616571,1.02345670155952,1.38031576359071,2.46978166666667,ALMANAC
221799,HL-60,CYTARABINE HYDROCHLORIDE,Cytarabine,exact,carmustine,,no_match,-25.5431234467239,5.8244611494656,2.69144843406034,5.69098255555555,ALMANAC
222105,HL-60,anastrozole,,no_match,"Azacytidine, 5-",Azacytidine,fuzzy,1.05967463175258,-0.0219191553167555,-2.4458380852996,1.14087255555556,ALMANAC
222168,HL-60,Nilotinib,Nilotinib,exact,Erlotinib hydrochloride,Erlotinib,exact,-6.84347918724108,-1.33243766484583,0.674271553090737,-6.32666534444444,ALMANAC
223159,HL-60,Sorafenib,Sorafenib,exact,Zoledronic acid,,no_match,-17.413744897476,-1.47400952828921,8.91706011728255,-21.1044710888889,ALMANAC
223172,HL-60,"Azacytidine, 5-",Azacytidine,fuzzy,55-86-7,,no_match,-1.34720779319628,1.23530253685845,0.374128173303735,3.63758111111111,ALMANAC
223208,HL-60,TOPOTECAN HYDROCHLORIDE,,no_match,Erlotinib hydrochloride,Erlotinib,exact,-46.4014579495754,0.706997103845974,-0.0895710457642778,0.560922888888887,ALMANAC
223306,HL-60,CHEMBL17639,,no_match,Bortezomib,Bortezomib (Velcade),exact,-0.395284089600448,1.73034080443331,2.27961027124549,2.64540294444445,ALMANAC
224223,HL-60,busulfan,,no_match,Erlotinib hydrochloride,Erlotinib,exact,3.75261047225882,2.63079944410452,-0.798035869847632,3.91314314444445,ALMANAC
224366,HL-60,"Azacytidine, 5-",Azacytidine,fuzzy,Pralatrexate,,no_match,1.19068706872781,-2.18512163503045,2.04663659631091,3.39888888888889,ALMANAC
224387,HL-60,Melphalan hydrochloride,,no_match,Dasatinib,Dasatinib,exact,0.410548218999175,4.02025289699066,2.67765646740251,1.23045303333333,ALMANAC
224776,HL-60,Dasatinib,Dasatinib,exact,55-86-7,,no_match,0.786989343748479,-0.643250079386321,-0.925949982896403,1.43000511111111,ALMANAC
224818,HL-60,Bendamustine hydrochloride,,no_match,Bortezomib,Bortezomib (Velcade),exact,-66.5190428541469,-1.72454214945589,0.0125380622627749,-2.33873038888889,ALMANAC
224927,HL-60,CYTARABINE HYDROCHLORIDE,Cytarabine,exact,Fulvestrant,,no_match,-13.8786599067777,6.14179665824211,5.28151464623329,2.36756111111111,ALMANAC
224933,HL-60,Romidepsin,,no_match,Sunitinib,Sunitinib,exact,-48.4885619099803,3.49505937371291,2.5377208922066,-5.24827680666667,ALMANAC
225186,HL-60,Lapatinib,Lapatinib,exact,Quinacrine hydrochloride,,no_match,5.16694664230506,2.72744443078892,-2.04495633594404,4.86243077777778,ALMANAC
225216,HL-60,Imatinib,Imatinib,exact,122111-05-1,,no_match,-101.302125666667,2.9954880549876,12.0575297332802,-19.2488876666667,ALMANAC
225507,HL-60,Lapatinib,Lapatinib,exact,mitotane,,no_match,8.00188278293023,-0.641973251980113,-0.671381936460412,0.123116666666665,ALMANAC
225516,HL-60,celecoxib,,no_match,Nilotinib,Nilotinib,exact,-26.427060058523,-2.70979347790699,11.2209172616019,-27.9799986,ALMANAC
225649,HL-60,Gefitinib,Gefitinib,exact,methotrexate,,no_match,-22.7119446003454,0.102126934294092,-0.4444609159255,-0.277995266666662,ALMANAC
225825,HL-60,Dasatinib,Dasatinib,exact,cyclophosphamide,,no_match,-2.69482348332352,4.80564740283404,4.59730382306828,1.08644905555556,ALMANAC
226030,HL-60,Imatinib,Imatinib,exact,Co-V,,no_match,-5.80502662857796,-2.69620849174458,2.27855358872455,-7.02002801333333,ALMANAC
226315,HL-60,Dasatinib,Dasatinib,exact,allopurinol,,no_match,12.9013298124934,3.96548271430635,11.6622689350281,5.02978333333333,ALMANAC
226654,HL-60,Sorafenib,Sorafenib,exact,NSC-127716,,no_match,-13.8147553511498,13.0996615798547,14.0037145359003,11.4111718222222,ALMANAC
226684,HL-60,CYTARABINE HYDROCHLORIDE,Cytarabine,exact,Fludarabine Base,,no_match,-6.66981216407898,-2.29942416104681,-1.56025482252203,-1.64328278888889,ALMANAC
226714,HL-60,CYTARABINE HYDROCHLORIDE,Cytarabine,exact,6-Mercaptopurine,,no_match,-5.14147753655518,-1.31751894700181,0.962197772517348,3.49984777777778,ALMANAC
226880,HL-60,Lenalidomide,Lenalidomide,exact,pipobroman,,no_match,-19.9024180931792,1.38208844600127,1.47825279041034,2.740097,ALMANAC
226937,HL-60,Carboplatinum,,no_match,Sunitinib,Sunitinib,exact,-10.0733419394625,1.04684211205914,4.14818824965045,-9.41716595111111,ALMANAC
226963,HL-60,Sunitinib,Sunitinib,exact,Vinblastine sulfate,,no_match,12.6309744616195,8.63407203773353,6.52712244613367,12.5720036666667,ALMANAC
227200,HL-60,thiotepa,,no_match,Nilotinib,Nilotinib,exact,-23.1831621722377,1.91068692376412,6.13202058924567,-17.0371666222222,ALMANAC
227246,HL-60,"Azacytidine, 5-",Azacytidine,fuzzy,NSC-127716,,no_match,-1.33309956256027,1.94911578433249,-1.57321915296485,1.42950022222222,ALMANAC
228005,HL-60,Dasatinib,Dasatinib,exact,Zanosar,,no_match,2.50988542584751,5.84550562274273,2.06143448545354,2.89117237777778,ALMANAC
228069,HL-60,5-Aminolevulinic acid hydrochloride,,no_match,Erlotinib hydrochloride,Erlotinib,exact,-5.16324463532804,-6.05154274313598,-1.62907555735457,-7.54447139666667,ALMANAC
228194,HL-60,Sunitinib,Sunitinib,exact,55-86-7,,no_match,-8.04332125631772,-7.72367026017521,-5.1570809436114,-5.45234667777778,ALMANAC
228379,HL-60,raloxifene,,no_match,Vemurafenib,Vemurafenib (PLX-4032),exact,-14.9646705906619,-4.23864693695608,10.9464270168395,-17.5896672222222,ALMANAC
228891,HL-60,Lapatinib,Lapatinib,exact,allopurinol,,no_match,5.03810961059405,-0.823362900555875,-6.49731608242677,0.45645,ALMANAC
229327,HL-60,letrozole,,no_match,Dasatinib,Dasatinib,exact,1.26405149451841,1.38065090086381,1.48757445965539,2.79200555555555,ALMANAC
229386,HL-60,raloxifene,,no_match,Vismodegib,Vismodegib (GDC-0449),exact,-13.9032878876435,-3.69520453988138,4.03366396604755,-12.7895544555556,ALMANAC
229426,HL-60,CHEMBL17639,,no_match,Dasatinib,Dasatinib,exact,-14.0271554600943,-5.86060609704048,-4.76583149072929,-4.99244077777777,ALMANAC
229438,HL-60,Sunitinib,Sunitinib,exact,Procarbazine hydrochloride,,no_match,-10.3176761291808,-11.1259515184492,-10.0825915025752,-8.83910506666667,ALMANAC
229639,HL-60,Antibiotic AY 22989,,no_match,Lapatinib,Lapatinib,exact,-3.37365080007113,-1.20452991644604,-0.905038972952121,-1.7946792,ALMANAC
230045,HL-60,raloxifene,,no_match,CYTARABINE HYDROCHLORIDE,Cytarabine,exact,-29.9545507603989,-2.93591709298206,0.472411615023199,-10.6371105555556,ALMANAC
230292,HL-60,bleomycin,,no_match,Sorafenib,Sorafenib,exact,-24.6050972036903,-0.546502363673923,9.8428130070689,-20.0213293333333,ALMANAC
230616,HL-60,"Azacytidine, 5-",Azacytidine,fuzzy,Zanosar,,no_match,-23.5250591482783,-1.88642720478869,-1.86138042248229,-0.109108000000001,ALMANAC
230648,HL-60,122111-05-1,,no_match,Bortezomib,Bortezomib (Velcade),exact,-5.49243956688892,-1.50416028670001,1.47102109986396,-4.31136422222222,ALMANAC
230884,HL-60,temozolomide,,no_match,Nilotinib,Nilotinib,exact,-9.49351821836447,-4.82991262627779,-1.49094632686729,-8.50796697777778,ALMANAC
231368,HL-60,CYTARABINE HYDROCHLORIDE,Cytarabine,exact,Zanosar,,no_match,-33.1178287383231,2.18482889914338,0.376209199205114,4.20764866666667,ALMANAC
231870,HL-60,CYTARABINE HYDROCHLORIDE,Cytarabine,exact,Antibiotic AY 22989,,no_match,-8.11162461571624,2.600066918131,-3.89530397279346,-8.11160977777778,ALMANAC
232076,HL-60,carmustine,,no_match,Erlotinib hydrochloride,Erlotinib,exact,-8.59840702139603,-1.61796446242783,0.54234351698708,-7.94938651111111,ALMANAC
233109,HL-60,Lapatinib,Lapatinib,exact,Fulvestrant,,no_match,6.2895315145087,3.37385442758891,7.4866191516032,-0.477995896414311,ALMANAC
233302,HL-60,methotrexate,,no_match,CYTARABINE HYDROCHLORIDE,Cytarabine,exact,1.9810484375841,-0.650561699605951,0.362696794638351,4.38869281001294,ALMANAC
233326,HL-60,NSC733504,,no_match,Bortezomib,Bortezomib (Velcade),exact,-0.509431898347554,1.33883397957765,0.931971685466365,-0.305764273474357,ALMANAC
233508,HL-60,"Azacytidine, 5-",Azacytidine,fuzzy,amifostine,,no_match,-34.6818192302814,4.01018513539719,2.33864908492144,-3.18049856896435,ALMANAC
233615,HL-60,temozolomide,,no_match,Imatinib,Imatinib,exact,-8.55133816210987,-3.90171378571494,-3.58143619655158,-6.76132922974764,ALMANAC
234187,HL-60,Sunitinib,Sunitinib,exact,anastrozole,,no_match,3.07072267025807,-1.09182125367443,-0.150344614120334,3.07089299247458,ALMANAC
234277,HL-60,Gefitinib,Gefitinib,exact,6-Thioguanine,,no_match,-7.6378957789961,6.04063623343221,3.96261870308659,4.94998830717792,ALMANAC
234810,HL-60,Lenalidomide,Lenalidomide,exact,6-Thioguanine,,no_match,-29.383820338397,7.07418494629863,8.15982575177659,5.99633998899839,ALMANAC
234993,HL-60,Navelbine ditartrate (TN),,no_match,Dasatinib,Dasatinib,exact,1.24782852945899,6.64410813201143,3.57579311369688,5.05922632580793,ALMANAC
235041,HL-60,CYTARABINE HYDROCHLORIDE,Cytarabine,exact,Procarbazine hydrochloride,,no_match,-42.6814655861421,2.56044710387868,1.1125001598191,1.72089299247458,ALMANAC
235428,HL-60,Sunitinib,Sunitinib,exact,pipobroman,,no_match,3.57410321744553,5.06698412578658,0.0393128901393011,4.42453821661407,ALMANAC
235553,HL-60,paclitaxel,,no_match,Bortezomib,Bortezomib (Velcade),exact,-0.60419066928928,-0.493496518612349,-0.961677431248351,0.711204883280745,ALMANAC
235676,HL-60,Nilotinib,Nilotinib,exact,"Azacytidine, 5-",Azacytidine,fuzzy,-10.4550591704099,-1.19961167218755,0.0583090708857463,-1.11098002115909,ALMANAC
236124,HL-60,7803-88-5,,no_match,Dasatinib,Dasatinib,exact,10.7441115280199,-0.884997457356658,-1.20492395430475,0.570892992474577,ALMANAC
236151,HL-60,158798-73-3,,no_match,Sunitinib,Sunitinib,exact,6.37261771394369,-3.17787614232965,-1.47110889336611,-2.18132922974765,ALMANAC
236719,HL-60,CYTARABINE HYDROCHLORIDE,Cytarabine,exact,allopurinol,,no_match,-35.6287591611317,0.647001333905484,-0.273075571692355,0.789781881363476,ALMANAC
237155,HL-60,"Azacytidine, 5-",Azacytidine,fuzzy,IMIQUIMOD,,no_match,3.87814219506239,3.20657467442106,2.42455412900622,2.75311521469681,ALMANAC
237324,HL-60,ADM hydrochloride,,no_match,Lenalidomide,Lenalidomide,exact,-4.63974588895611,7.07503528161395,2.87441649065131,0.415011125938176,ALMANAC
237488,HL-60,Sunitinib,Sunitinib,exact,Ixabepilone,,no_match,-10.4676554494225,3.52399872363459,1.28762080067391,2.46111776677617,ALMANAC
237800,HL-60,anastrozole,,no_match,Bortezomib,Bortezomib (Velcade),exact,-2.16995867324455,1.4901369333661,1.04428780837502,-0.336859177424624,ALMANAC
238397,HL-60,"Azacytidine, 5-",Azacytidine,fuzzy,ifosfamide,,no_match,-32.7539043620789,1.28967007928559,0.827922857479444,-0.276855131810996,ALMANAC
238615,HL-60,chlorambucil,,no_match,Dasatinib,Dasatinib,exact,1.75087541223957,5.10009812233601,3.44942949421931,2.60903375707788,ALMANAC
239746,HL-60,Triethylenemelamine,,no_match,Erlotinib hydrochloride,Erlotinib,exact,-17.0184794683421,-8.59029339452846,-3.24275725577793,-8.15463290958878,ALMANAC
239892,HL-60,methotrexate,,no_match,Bortezomib,Bortezomib (Velcade),exact,-3.64192671672048,-1.80980325729645,-0.229465569183744,-0.891017338941485,ALMANAC
239980,HL-60,Sunitinib,Sunitinib,exact,ifosfamide,,no_match,27.2957426265838,4.15973971874701,9.00743415399921,2.91755965914126,ALMANAC
240007,HL-60,"Azacytidine, 5-",Azacytidine,fuzzy,Erlotinib hydrochloride,Erlotinib,exact,-13.6937895509388,2.44835947382688,-1.12826837307882,4.14644854803013,ALMANAC
240278,HL-60,MITHRAMYCIN,,no_match,Nilotinib,Nilotinib,exact,-22.9721117269067,-0.537952596531084,0.305816454505156,-1.83355145196986,ALMANAC
240391,HL-60,paclitaxel,,no_match,"Azacytidine, 5-",Azacytidine,fuzzy,-13.8326116440985,-6.62118629215275,0.273395789227633,-12.9260541245199,ALMANAC
240466,HL-60,Nilotinib,Nilotinib,exact,Bortezomib,Bortezomib (Velcade),exact,-28.0187693145399,2.32297765524552,3.12511466906132,-2.82773257653204,ALMANAC
240635,HL-60,Imatinib,Imatinib,exact,"Azacytidine, 5-",Azacytidine,fuzzy,-29.2350376817281,1.04980489593955,1.9732206074044,-4.31553771804094,ALMANAC
240678,HL-60,temozolomide,,no_match,Bortezomib,Bortezomib (Velcade),exact,-72.6023755799824,-3.55426812428184,1.29488448035087,-8.3788872585351,ALMANAC
240703,HL-60,docetaxel,,no_match,Erlotinib hydrochloride,Erlotinib,exact,-15.5604708625381,10.3762146548314,12.7821292825514,12.575337436919,ALMANAC
240736,HL-60,Imatinib,Imatinib,exact,6-Mercaptopurine,,no_match,-32.904256480257,13.9334048873644,12.9593902808478,-6.73104970270453,ALMANAC
240938,HL-60,thiotepa,,no_match,Bortezomib,Bortezomib (Velcade),exact,-0.543122197001721,0.28273851349853,-0.34439308781265,1.42342710550296,ALMANAC
241216,HL-60,Gefitinib,Gefitinib,exact,Vincristine sulfate,,no_match,-7.48898316478364,14.1906351244147,12.9802412467654,12.5169390901666,ALMANAC
241465,HL-60,celecoxib,,no_match,Sunitinib,Sunitinib,exact,-13.4480745523818,-1.79807227197091,4.09404484520174,-11.3799983696462,ALMANAC
241851,HL-60,Sunitinib,Sunitinib,exact,Fulvestrant,,no_match,-2.43448794023357,4.39448145159493,3.54242486928911,1.00867077025236,ALMANAC
241855,HL-60,Imatinib,Imatinib,exact,IMIQUIMOD,,no_match,1.62276084631449,1.41539268118954,2.18867330325548,-0.200218118636534,ALMANAC
242228,HL-60,Fulvestrant,,no_match,Erlotinib hydrochloride,Erlotinib,exact,3.34868818218773,1.11320415289938,-1.00770049257885,3.5523398152843,ALMANAC
242260,HL-60,122111-05-1,,no_match,"Azacytidine, 5-",Azacytidine,fuzzy,-11.0258667277081,-3.40682990139975,-1.78900114902171,-10.3858078443663,ALMANAC
243132,HL-60,Imatinib,Imatinib,exact,docetaxel,,no_match,13.8145545892333,18.7758169594527,18.892544859494,9.4600016303538,ALMANAC
243153,HL-60,"Azacytidine, 5-",Azacytidine,fuzzy,Antibiotic AD 32,,no_match,4.70778032948281,-0.628316662840085,-0.291978947608608,4.9144511001095,ALMANAC
243517,HL-60,Imatinib,Imatinib,exact,CHEMBL277800,,no_match,-65.0731698687609,5.07324778481387,11.3925936675093,-11.0288872585351,ALMANAC
243593,HL-60,Eloxatin (TN) (Sanofi Synthelab),,no_match,Erlotinib hydrochloride,Erlotinib,exact,-13.0246978221299,-3.62184531900921,-1.97436024647382,-3.14235090931377,ALMANAC
243826,HL-60,Nilotinib,Nilotinib,exact,anastrozole,,no_match,22.4219796499158,-12.3778901656502,-3.28569405556599,-8.63244034085875,ALMANAC
244057,HL-60,raloxifene,,no_match,Imatinib,Imatinib,exact,-18.6501252194388,6.26132933680759,24.5284168478528,-19.4409958964143,ALMANAC
244646,HL-60,CYTARABINE HYDROCHLORIDE,Cytarabine,exact,Imatinib,Imatinib,exact,-24.9227317595263,1.27468053897925,1.86860124391594,-0.120218118636521,ALMANAC
244674,HL-60,Gefitinib,Gefitinib,exact,7803-88-5,,no_match,3.1826537340969,4.91260340392237,2.88056985338749,6.33363876668373,ALMANAC
245408,HL-60,Sorafenib,Sorafenib,exact,allopurinol,,no_match,-14.9217780829719,-6.29272665755805,-5.75505661103665,-11.9149430134088,ALMANAC
245603,HL-60,Sorafenib,Sorafenib,exact,methotrexate,,no_match,-53.6481931243448,-8.11731615939131,5.89074609180287,-20.3922205918684,ALMANAC
246202,HL-60,Sorafenib,Sorafenib,exact,mitomycin C,,no_match,-47.4099153244759,-1.22391285708027,0.314257503442625,-3.0722043847076,ALMANAC
246647,HL-60,Tamoxifen citrate,,no_match,Imatinib,Imatinib,exact,-6.65613652718999,-0.61624874792464,2.94831437521306,-3.45466256308097,ALMANAC
246827,HL-60,raloxifene,,no_match,Crizotinib,Crizotinib (PF-2341066),exact,-19.1916105783965,0.674029207704938,3.96512019674752,-7.5418872585351,ALMANAC
247061,HL-60,CYTARABINE HYDROCHLORIDE,Cytarabine,exact,methoxsalen,,no_match,-30.6841045878441,1.0867986547353,1.45274595220969,1.71533743691903,ALMANAC
247312,HL-60,Vincristine sulfate,,no_match,Dasatinib,Dasatinib,exact,-15.9518175056277,1.63221811585491,3.5847593107679,-2.15049856896434,ALMANAC
247716,HL-60,CYTARABINE HYDROCHLORIDE,Cytarabine,exact,pipobroman,,no_match,-11.2773192049303,0.443438609785274,-1.01387343132493,-10.0302522888107,ALMANAC
248354,HL-60,Dasatinib,Dasatinib,exact,Co-V,,no_match,0.251403114434014,2.20210698885555,-0.681469077618361,2.95976567420262,ALMANAC
248388,HL-60,Sunitinib,Sunitinib,exact,IMIQUIMOD,,no_match,-0.208061252068003,-2.20160202011131,-0.252860773312295,-4.12272662378633,ALMANAC
248984,HL-60,CYTARABINE HYDROCHLORIDE,Cytarabine,exact,Bortezomib,Bortezomib (Velcade),exact,-15.7911934247707,-0.55499865379733,-0.545948944070185,-0.642188228105374,ALMANAC
249064,HL-60,hydroxyurea,,no_match,Sorafenib,Sorafenib,exact,-15.0585735549397,8.30428406918209,7.58947418169125,-9.02688478530319,ALMANAC
249210,HL-60,158798-73-3,,no_match,Bortezomib,Bortezomib (Velcade),exact,-56.3225684645199,1.40449300685262,1.65196639532503,-0.775607424865698,ALMANAC
249518,HL-60,CYTARABINE HYDROCHLORIDE,Cytarabine,exact,Co-V,,no_match,-4.08402715637964,5.72570103518834,4.77234077425103,5.38652177241427,ALMANAC
249639,HL-60,Vorinostat,,no_match,Sunitinib,Sunitinib,exact,-9.18625213274874,9.79821867203289,6.49719261475128,-6.20827634674213,ALMANAC
249695,HL-60,CYTARABINE HYDROCHLORIDE,Cytarabine,exact,NSC-127716,,no_match,3.67621911048948,4.24366086388074,0.990949492448855,6.82318082534935,ALMANAC
249914,HL-60,Lapatinib,Lapatinib,exact,NSC-127716,,no_match,-19.3112557270618,3.20132171131322,-7.53563580802527,2.84346442328537,ALMANAC
250156,HL-60,5-Fluoro-2'-deoxyuridine,,no_match,Sunitinib,Sunitinib,exact,-10.4093219188554,-1.80631051040283,-0.639442575824209,-8.04383190229768,ALMANAC
250358,HL-60,NSC733504,,no_match,Erlotinib hydrochloride,Erlotinib,exact,5.14824229551033,-0.0461055960743036,4.46694421052578,2.05836066643234,ALMANAC
250361,HL-60,Sorafenib,Sorafenib,exact,cyclophosphamide,,no_match,-11.6738621632062,13.5494385525468,15.0759459701134,-11.7655539252018,ALMANAC
251020,HL-60,CYTARABINE HYDROCHLORIDE,Cytarabine,exact,temozolomide,,no_match,-32.2848627303013,-1.55704218156004,-1.88724325719438,0.0131152146968098,ALMANAC
251057,HL-60,Lapatinib,Lapatinib,exact,anastrozole,,no_match,1.95975007553692,-2.4281163945538,-5.98155057273975,1.95978188136348,ALMANAC
251071,HL-60,Triethylenemelamine,,no_match,Lenalidomide,Lenalidomide,exact,-19.2500725682417,3.92473910342698,4.7326442487555,1.04087678531374,ALMANAC
251172,HL-60,Nilotinib,Nilotinib,exact,amifostine,,no_match,-5.67719134939313,8.09152030719032,9.86608946600559,-6.06444281409065,ALMANAC
251363,HL-60,Dasatinib,Dasatinib,exact,mitomycin C,,no_match,-16.2180858045493,6.16311379422016,4.14301614551691,3.08652765557263,ALMANAC
251449,HL-60,Fulvestrant,,no_match,"Azacytidine, 5-",Azacytidine,fuzzy,-19.2683842129635,2.29998605135666,-0.419587640564024,4.24124220106313,ALMANAC
251727,HL-60,Dexrazoxane,,no_match,Dasatinib,Dasatinib,exact,4.82649037021838,6.24491889817223,3.22171419379232,4.54011521469682,ALMANAC
251900,HL-60,cyclophosphamide,,no_match,Erlotinib hydrochloride,Erlotinib,exact,-1.24488464814084,-1.76222824812166,-2.63239446417664,-1.12021811863653,ALMANAC
251901,HL-60,CYTARABINE HYDROCHLORIDE,Cytarabine,exact,"Azacytidine, 5-",Azacytidine,fuzzy,-12.5284978699325,-5.02258955746826,-6.19535865498013,-9.20691895547742,ALMANAC
252086,HL-60,Sorafenib,Sorafenib,exact,5-Aminolevulinic acid hydrochloride,,no_match,-4.73787139380388,-4.87365491321195,1.36163970054396,-10.466694689805,ALMANAC
252190,HL-60,Dasatinib,Dasatinib,exact,Trisenox,,no_match,-0.528356590044727,2.13462262171518,5.55513270784467,0.470001630353767,ALMANAC
252584,HL-60,Sunitinib,Sunitinib,exact,methoxsalen,,no_match,-1.94689221697739,-1.47128782595519,2.63458459230716,-1.9468847853032,ALMANAC
252679,HL-60,Sorafenib,Sorafenib,exact,carmustine,,no_match,4.16711542357331,-2.04728400878631,-1.89273298217306,1.08125609318359,ALMANAC
252732,HL-60,raloxifene,,no_match,Sorafenib,Sorafenib,exact,6.09277409102264,21.8953812877403,13.7992604552799,5.82154939846364,ALMANAC
252901,HL-60,raloxifene,,no_match,Gefitinib,Gefitinib,exact,-0.929664692858964,6.18871491758177,-0.240457111560137,-1.05639924319872,ALMANAC
252966,HL-60,ADM hydrochloride,,no_match,Gefitinib,Gefitinib,exact,4.20499122172173,17.5467007558404,4.30454808300764,4.19172365325787,ALMANAC
253802,HL-60,actinomycin D,,no_match,Bortezomib,Bortezomib (Velcade),exact,-2.49294495465937,6.72050631202774,7.48853153138517,5.51752548896704,ALMANAC
254354,HL-60,MITHRAMYCIN,,no_match,Bortezomib,Bortezomib (Velcade),exact,-10.1598330755806,-1.21009426296866,-0.499509521401907,-0.135837523137789,ALMANAC
254793,HL-60,Nilotinib,Nilotinib,exact,7803-88-5,,no_match,-23.1503379236669,-4.32854285127161,8.47694111630604,-23.0322205918684,ALMANAC
254980,HL-60,raloxifene,,no_match,Axitinib,Axitinib (AG-013736),exact,-2.68122940608331,8.67605212701442,3.38316239086328,-0.0556650363128736,ALMANAC
255136,HL-60,Fludarabine Base,,no_match,Bortezomib,Bortezomib (Velcade),exact,-23.0787426031407,-2.84974686688266,0.639468914106628,-4.77803006658851,ALMANAC
255568,HL-60,Dasatinib,Dasatinib,exact,methoxsalen,,no_match,-3.58419207704044,3.47735719321428,2.414765414166,-2.8642859907613,ALMANAC
255618,HL-60,Dasatinib,Dasatinib,exact,Quinacrine hydrochloride,,no_match,7.35472855068851,2.73604411077922,-4.77176569645182,4.8567604388363,ALMANAC
255704,HL-60,temozolomide,,no_match,Sunitinib,Sunitinib,exact,-9.43249594033475,2.83339286754505,2.6137923573521,-6.71888725853509,ALMANAC
255717,HL-60,7803-88-5,,no_match,Erlotinib hydrochloride,Erlotinib,exact,12.6307319395998,14.2427982398237,9.77597777003405,12.8317236532578,ALMANAC
255850,HL-60,Sunitinib,Sunitinib,exact,busulfan,,no_match,0.597297528900225,8.29391567973073,-3.60555663121784,2.62009377216962,ALMANAC
255943,HL-60,thiotepa,,no_match,Lapatinib,Lapatinib,exact,-24.4556222442492,-1.25734630699282,1.73806218677235,-4.17158585918303,ALMANAC
255976,HL-60,Dasatinib,Dasatinib,exact,cis-Platin,,no_match,-0.719839001915806,0.919338977294922,1.33524779139152,-0.266648829152047,ALMANAC
256219,HL-60,CYTARABINE HYDROCHLORIDE,Cytarabine,exact,paclitaxel,,no_match,-7.56301815132947,-3.24009553901131,-0.182268611755837,-3.66012282921249,ALMANAC
256940,HL-60,anastrozole,,no_match,Erlotinib hydrochloride,Erlotinib,exact,3.51523723410025,-0.863903636372903,-1.52065826523301,1.59780593929488,ALMANAC
257169,HL-60,Sorafenib,Sorafenib,exact,Bortezomib,Bortezomib (Velcade),exact,-68.4187002969449,1.59932537717777,2.45028710661584,-2.07110948075731,ALMANAC
257260,HL-60,Imatinib,Imatinib,exact,TOPOTECAN HYDROCHLORIDE,,no_match,-64.3988041491544,-2.54456188201889,1.58182035976411,-10.077776147424,ALMANAC
257298,HL-60,Dasatinib,Dasatinib,exact,6-Mercaptopurine,,no_match,-11.5242107340539,68.7790787459434,54.5513020172705,-1.36216081381566,ALMANAC
257412,HL-60,Nilotinib,Nilotinib,exact,busulfan,,no_match,10.7274524162045,1.77476339015096,-4.62289277969655,4.02453821661407,ALMANAC
257818,HL-60,letrozole,,no_match,Bortezomib,Bortezomib (Velcade),exact,-23.6920055373201,0.393706667124248,1.32685752628927,-1.24090908653604,ALMANAC
257978,HL-60,letrozole,,no_match,Erlotinib hydrochloride,Erlotinib,exact,8.15911883634382,0.418042884616311,-4.23229338555373,3.0220041035857,ALMANAC
258002,HL-60,EXEMESTANE,,no_match,Dasatinib,Dasatinib,exact,-1.24188985826231,1.23308001606934,1.49630845928495,-0.716176540636062,ALMANAC
258216,HL-60,CYTARABINE HYDROCHLORIDE,Cytarabine,exact,Tamoxifen citrate,,no_match,-36.2697695837081,-4.3062120770117,-2.427371774358,-5.57577367419207,ALMANAC
258345,HL-60,Lapatinib,Lapatinib,exact,cis-Platin,,no_match,-10.6271265780872,-1.07856524705137,-1.04392413863361,0.461128948625732,ALMANAC
258879,HL-60,CYTARABINE HYDROCHLORIDE,Cytarabine,exact,ifosfamide,,no_match,-66.6182945713102,4.08311808644129,3.89912352599864,3.32200410358571,ALMANAC
259342,HL-60,Sorafenib,Sorafenib,exact,IMIQUIMOD,,no_match,0.800687714782054,-1.43609562732429,2.35120886249029,-2.92132922974765,ALMANAC
259548,HL-60,allopurinol,,no_match,Bortezomib,Bortezomib (Velcade),exact,-43.7550091455674,-0.901016777101648,-0.676673202451426,-1.98670235409528,ALMANAC
260545,HL-60,Imatinib,Imatinib,exact,Bortezomib,Bortezomib (Velcade),exact,-49.5017641727839,-0.103777754647594,2.6849876631465,-4.8166052582601,ALMANAC
260608,HL-60,teniposide,,no_match,Dasatinib,Dasatinib,exact,-6.47949251516433,5.04020580016866,4.11321030229743,4.0162263258079,ALMANAC
261556,HL-60,ifosfamide,,no_match,Erlotinib hydrochloride,Erlotinib,exact,-4.53394888130035,0.201272043564656,1.80735035266518,-3.66669468980505,ALMANAC
261887,HL-60,IMIQUIMOD,,no_match,Bortezomib,Bortezomib (Velcade),exact,0.377077266599011,1.04694218001943,-1.08542490882882,0.462315994391853,ALMANAC
262118,HL-60,Erlotinib hydrochloride,Erlotinib,exact,cis-Platin,,no_match,-2.64818449331877,3.13577186083962,2.63153180896027,4.98014729711285,ALMANAC
262455,HL-60,Sorafenib,Sorafenib,exact,thalidomide,,no_match,1.97056379765221,3.76480685291699,2.12983564052254,0.818747588033784,ALMANAC
262574,HL-60,Nilotinib,Nilotinib,exact,NSC-127716,,no_match,-8.69634709727749,5.90718901428333,-2.47893596420134,7.36256991355638,ALMANAC
262818,HL-60,NSC-127716,,no_match,Bortezomib,Bortezomib (Velcade),exact,-1.2092016189133,-0.172868729093791,-0.147564501660519,-0.509906227830381,ALMANAC
263374,HL-60,"Azacytidine, 5-",Azacytidine,fuzzy,methoxsalen,,no_match,-16.8437298243298,3.24713998222353,-0.247531764225371,3.81978188136348,ALMANAC
263615,HL-60,Carboplatinum,,no_match,"Azacytidine, 5-",Azacytidine,fuzzy,-2.90250060308362,-3.19456283747156,-2.98754634146406,-0.563299339216504,ALMANAC
263877,HL-60,Sorafenib,Sorafenib,exact,Erlotinib hydrochloride,Erlotinib,exact,-5.66083191068329,-2.6692439461373,4.41799964040468,-3.96777614742397,ALMANAC
263973,HL-60,Lapatinib,Lapatinib,exact,TOPOTECAN HYDROCHLORIDE,,no_match,-57.524947692016,-1.88662545878577,0.82418456375172,-7.73666503631289,ALMANAC
264181,HL-60,CHEMBL277800,,no_match,Sunitinib,Sunitinib,exact,-21.2038613763559,3.60848899499443,3.84605775501682,-4.357165235631,ALMANAC
264477,HL-60,"Azacytidine, 5-",Azacytidine,fuzzy,Co-V,,no_match,-6.95196561261094,1.56242975956888,0.872661098852529,1.48644854803014,ALMANAC
264694,HL-60,Nilotinib,Nilotinib,exact,Zanosar,,no_match,3.95188837314245,5.68906860667315,1.42110338432039,3.20091860035317,ALMANAC
264841,HL-60,"Azacytidine, 5-",Azacytidine,fuzzy,Emcyt (Pharmacia),,no_match,-50.3797535752815,0.041754832174343,5.40968103967789,-18.2193874578532,ALMANAC
265250,HL-60,Lapatinib,Lapatinib,exact,amifostine,,no_match,-2.68382863889451,6.45378346441512,7.64001464596137,-3.21888725853508,ALMANAC
265378,HL-60,Retinoic acid,,no_match,Dasatinib,Dasatinib,exact,1.86582687016055,3.92773775185697,-4.33019207674976,3.8620337570779,ALMANAC
265624,HL-60,Sunitinib,Sunitinib,exact,Antibiotic AD 32,,no_match,0.110216894289338,5.4377770467385,6.14429673855491,6.05208321112817,ALMANAC
265705,HL-60,allopurinol,,no_match,Erlotinib hydrochloride,Erlotinib,exact,-1.92687555920294,-1.87351267188843,-0.243018041584501,-3.03669468980505,ALMANAC
265756,HL-60,CYTARABINE HYDROCHLORIDE,Cytarabine,exact,Eloxatin (TN) (Sanofi Synthelab),,no_match,-5.17901720270765,2.24047705368653,2.28856211345527,5.84100448905946,ALMANAC
265951,HL-60,bleomycin,,no_match,Erlotinib hydrochloride,Erlotinib,exact,-2.80276922061215,-1.35553970739674,-2.46728942530523,-0.33491919251636,ALMANAC
266282,HL-60,Sunitinib,Sunitinib,exact,TOPOTECAN HYDROCHLORIDE,,no_match,0.443916615045381,-0.194180121655748,0.439581997281845,3.38564932772518,ALMANAC
266476,HL-60,Dasatinib,Dasatinib,exact,Bortezomib,Bortezomib (Velcade),exact,-2.63089511816832,1.10502551473536,0.736812041735926,-0.0999224349912125,ALMANAC
266492,HL-60,Vorinostat,,no_match,Dasatinib,Dasatinib,exact,2.97300804567046,1.77894431831207,2.60966866904901,3.20644854803015,ALMANAC
267270,HL-60,Lapatinib,Lapatinib,exact,5-Aminolevulinic acid hydrochloride,,no_match,-6.74481025548791,-10.8404670212981,-4.51969621984086,-7.86113913424949,ALMANAC
267402,HL-60,Sorafenib,Sorafenib,exact,pipobroman,,no_match,-9.68684795009199,3.92805009164949,-3.15730752362385,2.2810480599514,ALMANAC
267485,HL-60,CYTARABINE HYDROCHLORIDE,Cytarabine,exact,IMIQUIMOD,,no_match,0.337863796920138,3.76174150818724,1.78283077980436,3.11978188136348,ALMANAC
267506,HL-60,bleomycin,,no_match,Bortezomib,Bortezomib (Velcade),exact,-25.1432020801967,-5.01522584245521,-2.22627758406372,-6.34358562214407,ALMANAC
267992,HL-60,Lapatinib,Lapatinib,exact,ifosfamide,,no_match,-3.07050153689603,2.83113677844862,2.67284604665837,-2.35999836964619,ALMANAC
268242,HL-60,Retinoic acid,,no_match,Nilotinib,Nilotinib,exact,-10.2316228974678,2.13496865301112,0.456385030254745,0.547559659141238,ALMANAC
268465,HL-60,Retinoic acid,,no_match,Lapatinib,Lapatinib,exact,-7.1887428632055,5.48704267550908,-4.42074338009087,1.77092264596679,ALMANAC
268683,HL-60,CYTARABINE HYDROCHLORIDE,Cytarabine,exact,thalidomide,,no_match,-28.3518568625363,4.09488661976123,0.763541848948556,3.08867077025237,ALMANAC
269121,HL-60,CYTARABINE HYDROCHLORIDE,Cytarabine,exact,5-Aminolevulinic acid hydrochloride,,no_match,-55.8744551455304,0.404952610220903,0.0920192207185418,0.878670770252359,ALMANAC
269186,HL-60,Dasatinib,Dasatinib,exact,ifosfamide,,no_match,-0.68781996454343,4.67062778597355,3.90039514317827,-0.153331702979526,ALMANAC
269305,HL-60,Gefitinib,Gefitinib,exact,Dasatinib,Dasatinib,exact,1.07988065410819,3.42818415769819,-0.534579240676991,1.11333743691903,ALMANAC
269397,HL-60,"Azacytidine, 5-",Azacytidine,fuzzy,Lapatinib,Lapatinib,exact,-30.9094215704341,-0.783997452903823,1.84715515006537,-4.70936363696081,ALMANAC
269448,HL-60,raloxifene,,no_match,Vandetanib,Vandetanib (ZD6474),exact,-9.09713310770799,0.004161421503228,9.01107021847117,-9.97113130875825,ALMANAC
269479,HL-60,Dasatinib,Dasatinib,exact,amifostine,,no_match,-5.16043769208704,1.84188964331834,3.27607607919163,-3.22134543690849,ALMANAC
269633,HL-60,7803-88-5,,no_match,Sunitinib,Sunitinib,exact,5.18024383418819,-1.02425502108745,-0.564900697773332,-0.368860727371786,ALMANAC
269654,HL-60,Sunitinib,Sunitinib,exact,cis-Platin,,no_match,0.419799177285617,-1.9712595499008,-3.26710165610046,1.50445110010949,ALMANAC
269994,HL-60,55-86-7,,no_match,Erlotinib hydrochloride,Erlotinib,exact,-11.7976730038309,0.0150688854298196,-2.60249811695717,1.37536709041122,ALMANAC
270066,HL-60,CHEMBL17639,,no_match,Imatinib,Imatinib,exact,-29.0468990720068,0.128103820323767,5.91034775228626,-0.911329229747641,ALMANAC
270152,HL-60,Imatinib,Imatinib,exact,7803-88-5,,no_match,-29.9939652206959,-9.15268292927764,6.25545686042714,-29.7044428140906,ALMANAC
270205,HL-60,Sorafenib,Sorafenib,exact,55-86-7,,no_match,-49.12146676497,-7.58134858626128,2.19436654627892,-17.0666488291521,ALMANAC
270423,HL-60,"Azacytidine, 5-",Azacytidine,fuzzy,allopurinol,,no_match,-19.5852540083528,7.2151512553045,6.57660230419704,7.34089299247459,ALMANAC
270754,HL-60,Fludarabine Base,,no_match,Dasatinib,Dasatinib,exact,-1.56938302138202,-3.98749432705261,-3.18991270540931,-2.91466256308098,ALMANAC
271304,HL-60,Nilotinib,Nilotinib,exact,Emcyt (Pharmacia),,no_match,3.2633664150808,1.32906873975206,-3.59179756558055,3.26342710550297,ALMANAC
271323,HL-60,Imatinib,Imatinib,exact,cyclophosphamide,,no_match,4.14459872320829,8.84039414445416,6.86647815961552,3.33750347448577,ALMANAC
271441,HL-60,CYTARABINE HYDROCHLORIDE,Cytarabine,exact,CHEMBL17639,,no_match,-4.56751382102739,4.57962630302444,3.78497995153476,3.66765494856527,ALMANAC
271847,HL-60,Sunitinib,Sunitinib,exact,Zanosar,,no_match,5.46714356555684,-2.59204985683571,-4.3880416953617,-4.01466256308095,ALMANAC
271927,HL-60,Nilotinib,Nilotinib,exact,Dasatinib,Dasatinib,exact,4.77399368890847,-0.696711456829538,-2.69138956932226,0.995337436919031,ALMANAC
272035,HL-60,Imatinib,Imatinib,exact,ifosfamide,,no_match,-4.0876388666778,3.48034840749071,4.25856362453622,-3.54666503631286,ALMANAC
272879,HL-60,hydroxyurea,,no_match,Erlotinib hydrochloride,Erlotinib,exact,-1.4433378402081,-1.55353162527042,-3.27758102542977,-2.09160968007545,ALMANAC
273275,HL-60,Quinacrine hydrochloride,,no_match,Bortezomib,Bortezomib (Velcade),exact,-44.9387451108044,-1.2299215598132,0.925353364818985,-3.15574806631351,ALMANAC
273536,HL-60,Imatinib,Imatinib,exact,Fulvestrant,,no_match,1.42505958335241,-1.3548219553306,-2.37179031570209,-5.55021811863654,ALMANAC
273682,HL-60,thiotepa,,no_match,Sunitinib,Sunitinib,exact,-10.4563593846206,1.02505934645082,3.35249930567781,-9.65272079118658,ALMANAC
274776,HL-60,Sunitinib,Sunitinib,exact,allopurinol,,no_match,-22.3689459452443,-6.86906801339828,-4.99689902698634,-3.11052822245653,ALMANAC
275326,HL-60,Dasatinib,Dasatinib,exact,Erlotinib hydrochloride,Erlotinib,exact,1.33160429369916,-2.77365185098735,-2.14418838974693,-2.19082903042948,ALMANAC
275684,HL-60,7-Ethyl-10-hydroxycamptothecin,,no_match,Sunitinib,Sunitinib,exact,-44.5281095086997,-2.3631678936231,-0.934086963776431,-2.12793028576175,ALMANAC
275740,HL-60,amifostine,,no_match,Erlotinib hydrochloride,Erlotinib,exact,-17.0067283396955,-2.26993084642409,6.17261589118194,-15.2933317029795,ALMANAC
275749,HL-60,Gefitinib,Gefitinib,exact,pipobroman,,no_match,-13.8656753689847,6.51579873869604,6.40236480350988,8.05993694884029,ALMANAC
275947,HL-60,Vincristine sulfate,,no_match,Nilotinib,Nilotinib,exact,-20.1320914022696,7.25927715141058,6.80504549788431,3.863144868189,ALMANAC
276358,HL-60,CYTARABINE HYDROCHLORIDE,Cytarabine,exact,amifostine,,no_match,-16.4057658935115,1.20496232519214,1.78054110712223,0.260898825074351,ALMANAC
276569,HL-60,Imatinib,Imatinib,exact,mitomycin C,,no_match,-44.5085483107173,2.29702801773798,2.13885269967712,-1.18998216248538,ALMANAC
276606,HL-60,Lapatinib,Lapatinib,exact,mitomycin C,,no_match,-45.7778330607658,-0.684603902960421,0.405491643265647,-2.84013901109404,ALMANAC
276766,HL-60,7-Ethyl-10-hydroxycamptothecin,,no_match,"Azacytidine, 5-",Azacytidine,fuzzy,-22.5870832881106,-5.86626959964956,-2.75463977485759,-3.23450749560416,ALMANAC
277249,HL-60,Sorafenib,Sorafenib,exact,ADM hydrochloride,,no_match,-8.03782681614197,-2.40671189294275,-1.1932849551731,-1.52579163720547,ALMANAC
277461,HL-60,Zanosar,,no_match,Erlotinib hydrochloride,Erlotinib,exact,-5.03839410833669,-3.03191047258864,-0.506819294821155,-4.39869043243178,ALMANAC
277816,HL-60,Imatinib,Imatinib,exact,amifostine,,no_match,-8.39080859185449,6.01769196892323,10.3205182493378,-9.00555392520176,ALMANAC
278101,HL-60,docetaxel,,no_match,Bortezomib,Bortezomib (Velcade),exact,-3.32361067371907,-3.87565840536999,-1.25783535021465,-4.87352584409129,ALMANAC
278246,HL-60,Vincristine sulfate,,no_match,Imatinib,Imatinib,exact,-54.5191116765236,-1.51108233091305,-1.28476048784543,-3.52466256308097,ALMANAC
278350,HL-60,Dasatinib,Dasatinib,exact,anastrozole,,no_match,1.79303819597905,0.136954629082978,1.00631451903525,4.64200410358569,ALMANAC
278520,HL-60,5-Fluoro-2'-deoxyuridine,,no_match,Bortezomib,Bortezomib (Velcade),exact,-10.8907730131643,2.65631667132547,-0.875360366971536,1.84863660007815,ALMANAC
278552,HL-60,Uramustine,,no_match,Dasatinib,Dasatinib,exact,7.09651066912827,8.5525722517406,8.53847970517371,7.33322632580792,ALMANAC
278574,HL-60,"Azacytidine, 5-",Azacytidine,fuzzy,pipobroman,,no_match,-16.8625448391219,-0.0880253996301815,2.93445850990973,-13.9938319022977,ALMANAC
278850,HL-60,thiotepa,,no_match,Dasatinib,Dasatinib,exact,-0.331934488334974,-2.09032141842866,-3.84757774530037,-1.07910700752541,ALMANAC
279563,HL-60,Lenalidomide,Lenalidomide,exact,bleomycin,,no_match,-4.53189567265878,-2.09373419758772,-4.20223444001495,-4.33277367419208,ALMANAC
279843,HL-60,CHEMBL17639,,no_match,Lapatinib,Lapatinib,exact,-43.9531466399907,-7.52718737334584,-1.7563342425303,-9.756855131811,ALMANAC
280237,HL-60,Pralatrexate,,no_match,Erlotinib hydrochloride,Erlotinib,exact,1.36845100574372,-4.91026802741229,-3.6840443221897,-2.26244034085876,ALMANAC
280407,HL-60,55-86-7,,no_match,Bortezomib,Bortezomib (Velcade),exact,-6.04549709618983,1.38099642668701,-0.285279998354197,1.06558954967241,ALMANAC
280738,HL-60,Triethylenemelamine,,no_match,Bortezomib,Bortezomib (Velcade),exact,-0.805606306392572,1.09156961929946,0.685359462362931,2.04009377216962,ALMANAC
281509,HL-60,6-Thioguanine,,no_match,Dasatinib,Dasatinib,exact,0.73707234054855,2.84326263504816,0.899334987583913,1.33367077025236,ALMANAC
281706,HL-60,Sunitinib,Sunitinib,exact,Co-V,,no_match,2.09097281228061,-3.68302595308417,-2.82530283588828,-2.98132922974764,ALMANAC
281768,HL-60,raloxifene,,no_match,Dasatinib,Dasatinib,exact,-5.21526874133815,5.08413242562309,10.4833256417217,-6.2811120328367,ALMANAC
281950,HL-60,Dasatinib,Dasatinib,exact,Procarbazine hydrochloride,,no_match,1.94939718834908,2.78328432681798,0.136364796270874,1.29104303464014,ALMANAC
282042,HL-60,Imatinib,Imatinib,exact,158798-73-3,,no_match,-23.9674937349212,-2.86414866194113,10.9345638447278,-24.4444428140906,ALMANAC
282074,HL-60,Imatinib,Imatinib,exact,allopurinol,,no_match,-14.3134019537287,1.37149837962319,5.67731638971552,-11.2588872585351,ALMANAC
282255,HL-60,paclitaxel,,no_match,Sunitinib,Sunitinib,exact,-23.4195459283445,1.33719972498651,1.24319775254675,-1.82383190229768,ALMANAC
282318,HL-60,celecoxib,,no_match,Erlotinib hydrochloride,Erlotinib,exact,-5.2932375059703,-1.68047962145876,0.0423858718512683,-4.35660525826008,ALMANAC
282548,HL-60,Vorinostat,,no_match,Bortezomib,Bortezomib (Velcade),exact,3.21974301480893,5.90733382578032,2.33632403962495,4.69091860035316,ALMANAC
282897,HL-60,Sorafenib,Sorafenib,exact,Zanosar,,no_match,4.20739616335798,1.22709450870635,-1.48176085761586,-0.196884785303184,ALMANAC
282901,HL-60,hydroxyurea,,no_match,Nilotinib,Nilotinib,exact,-5.32802786962445,1.88887273128074,-8.18595279564497,-2.52129957625544,ALMANAC
282920,HL-60,Nilotinib,Nilotinib,exact,Trisenox,,no_match,-9.67245415079294,0.80740252410978,-0.0071883825600633,-0.055408258442696,ALMANAC
283215,HL-60,CYTARABINE HYDROCHLORIDE,Cytarabine,exact,Pralatrexate,,no_match,6.23482875711213,0.637622824568938,2.30759433777903,6.29222385257598,ALMANAC
283514,HL-60,5-Fluoro-2'-deoxyuridine,,no_match,Imatinib,Imatinib,exact,-3.58287289643129,-7.76918707959316,-0.989074443295858,-10.2502181186365,ALMANAC
283693,HL-60,raloxifene,,no_match,Bortezomib,Bortezomib (Velcade),exact,-80.1415703534652,16.6420483083095,18.1087564977198,10.6066682970205,ALMANAC
283983,HL-60,Sunitinib,Sunitinib,exact,6-Mercaptopurine,,no_match,-4.44076480624514,2.60574457292143,-3.30509495355543,0.718636600078159,ALMANAC
284756,HL-60,Lapatinib,Lapatinib,exact,methotrexate,,no_match,-24.4973261072969,-2.13579320487676,-0.509099371410909,-1.7044377887794,ALMANAC
284978,HL-60,Lapatinib,Lapatinib,exact,Zanosar,,no_match,-7.34648508738185,4.12899505689487,4.58064605205975,-6.70888725853508,ALMANAC
285116,HL-60,raloxifene,,no_match,Pazopanib hydrochloride,Pazopanib (GW786034),exact,-9.5505238904378,15.8843878823758,19.4127064533322,-10.7346513812314,ALMANAC
285183,HL-60,mitomycin C,,no_match,Erlotinib hydrochloride,Erlotinib,exact,-45.6372313364183,-5.38215245767385,-2.32088178339876,-5.44352179847766,ALMANAC
285379,HL-60,5-Fluoro-2'-deoxyuridine,,no_match,Nilotinib,Nilotinib,exact,-15.3164078174802,8.23171518704616,1.99479838238645,-6.02049856896434,ALMANAC
285550,HL-60,Lapatinib,Lapatinib,exact,Procarbazine hydrochloride,,no_match,-14.09407992951,1.13342714518792,6.3563755552606,-14.377776147424,ALMANAC
285778,HL-60,Imatinib,Imatinib,exact,Vinblastine sulfate,,no_match,3.25124631179337,3.99177325422025,7.23479495973643,0.944416421306066,ALMANAC
285940,HL-60,Lapatinib,Lapatinib,exact,Pralatrexate,,no_match,-0.223399516983761,-0.330072562561518,1.49952941047163,1.77555718590932,ALMANAC
286125,HL-60,CYTARABINE HYDROCHLORIDE,Cytarabine,exact,Retinoic acid,,no_match,-5.73764869827716,-4.13484646092008,-4.14613543165855,-5.42129957625545,ALMANAC
286190,HL-60,thiotepa,,no_match,CYTARABINE HYDROCHLORIDE,Cytarabine,exact,3.87215636282492,2.49056852623162,2.49456500249157,6.88964709779471,ALMANAC
286579,HL-60,Sunitinib,Sunitinib,exact,NSC-127716,,no_match,23.2666089706498,-1.92822622498428,7.27495168657779,6.1653136160266,ALMANAC
286962,HL-60,Nilotinib,Nilotinib,exact,Co-V,,no_match,-10.2704927168748,-6.57648192565132,2.07940502661207,-11.736694689805,ALMANAC
286978,HL-60,"Azacytidine, 5-",Azacytidine,fuzzy,Sunitinib,Sunitinib,exact,-11.1599291778383,1.06584897054414,4.65419858804755,-8.36827634674212,ALMANAC
287512,HL-60,Carboplatinum,,no_match,Dasatinib,Dasatinib,exact,-3.33194552925645,-0.779088068192788,0.339915383565118,-2.32605412451989,ALMANAC
287588,HL-60,Pralatrexate,,no_match,Bortezomib,Bortezomib (Velcade),exact,-1.75013741756697,-3.03747570726832,-0.9875587944464,-4.01768400560814,ALMANAC
288240,HL-60,Fludarabine Base,,no_match,Imatinib,Imatinib,exact,-33.6689196473879,-1.22978353247388,2.27920517823674,-5.57583345224487,ALMANAC
288363,HL-60,celecoxib,,no_match,Dasatinib,Dasatinib,exact,-0.653634799764449,8.54795524566122,3.75094648659613,1.14222385257603,ALMANAC
288636,HL-60,actinomycin D,,no_match,CYTARABINE HYDROCHLORIDE,Cytarabine,exact,1.33491584167222,0.400150892609377,-2.90140163350507,4.16889554455394,ALMANAC
288686,HL-60,CHEMBL277800,,no_match,"Azacytidine, 5-",Azacytidine,fuzzy,-2.29712330143245,2.20162784136741,1.0781474797785,-0.978030066588532,ALMANAC
289364,HL-60,Imatinib,Imatinib,exact,55-86-7,,no_match,-16.052258536673,-3.44067754188692,-2.57539454364062,-0.301174162270827,ALMANAC
289467,HL-60,Sorafenib,Sorafenib,exact,ifosfamide,,no_match,6.85513792967678,3.46960313230048,0.777571135538453,1.59755965914125,ALMANAC
289841,HL-60,"Azacytidine, 5-",Azacytidine,fuzzy,Fulvestrant,,no_match,4.44057337843445,5.78147841379684,4.24767510302548,1.18533743691904,ALMANAC
289977,HL-60,Sorafenib,Sorafenib,exact,Co-V,,no_match,-5.93073715240714,0.807980626597459,4.13307138898602,-6.64222059186841,ALMANAC
290020,HL-60,actinomycin D,,no_match,Lapatinib,Lapatinib,exact,3.07170803112915,13.2618851743528,11.032970181804,10.4942559793001,ALMANAC
290269,HL-60,Dasatinib,Dasatinib,exact,Sunitinib,Sunitinib,exact,0.253961298762118,2.32834146361776,0.304517352483073,0.422283630628818,ALMANAC
290427,HL-60,5-Fluoro-2'-deoxyuridine,,no_match,Dasatinib,Dasatinib,exact,-6.03419557845358,1.10210281381116,-0.661165839487139,-2.62383190229768,ALMANAC
290506,HL-60,dacarbazine,,no_match,Dasatinib,Dasatinib,exact,-2.93515696891495,0.574970594839842,1.56236041976476,-2.18441411632173,ALMANAC
290727,HL-60,CYTARABINE HYDROCHLORIDE,Cytarabine,exact,7803-88-5,,no_match,-4.97046031824243,-2.26427499218819,-9.01072109258308,-4.78272079118657,ALMANAC
291108,HL-60,Imatinib,Imatinib,exact,Vorinostat,,no_match,-46.5657834333078,2.3919015220055,8.95890459538187,-12.9953373238197,ALMANAC
291211,HL-60,Fludarabine Base,,no_match,Sunitinib,Sunitinib,exact,-10.742193150469,2.38295440360694,3.29297391941359,-10.0038319022977,ALMANAC
291240,HL-60,Vincristine sulfate,,no_match,"Azacytidine, 5-",Azacytidine,fuzzy,-0.0685478722513756,-2.42273821372465,-3.53705978090714,1.11429193646045,ALMANAC
291616,HL-60,Imatinib,Imatinib,exact,Romidepsin,,no_match,-76.3367618429414,1.32573611191786,5.9458974057015,-9.76106590986538,ALMANAC
291682,HL-60,actinomycin D,,no_match,"Azacytidine, 5-",Azacytidine,fuzzy,-18.3870475371827,-8.98381597529335,-0.343274661703237,-17.7912501222052,ALMANAC
291693,HL-60,cyclophosphamide,,no_match,Bortezomib,Bortezomib (Velcade),exact,-0.709979282491165,-0.414181104631237,0.154083497633692,-0.611017338941479,ALMANAC
292667,HL-60,paclitaxel,,no_match,Dasatinib,Dasatinib,exact,5.84809941811646,-1.88742586908025,-1.12437384640257,-0.279107007525412,ALMANAC
292843,HL-60,raloxifene,,no_match,Sunitinib,Sunitinib,exact,10.1002265385171,21.6899316146703,16.0362061337265,12.2944460747983,ALMANAC
292967,HL-60,Carboplatinum,,no_match,Imatinib,Imatinib,exact,-14.4081933178017,-3.66598934749201,-1.60645465409699,-5.79132922974763,ALMANAC
293244,HL-60,CHEMBL277800,,no_match,Dasatinib,Dasatinib,exact,-16.720980714579,2.0754331759564,2.17956223656757,0.732834764368993,ALMANAC
293260,HL-60,Nilotinib,Nilotinib,exact,Lapatinib,Lapatinib,exact,-4.6813473355269,1.66180570752928,4.44664574991055,-6.29564335674673,ALMANAC
293397,HL-60,CYTARABINE HYDROCHLORIDE,Cytarabine,exact,Erlotinib hydrochloride,Erlotinib,exact,-7.61168226227284,-0.451959124347657,5.94802666125773,-8.1760541245199,ALMANAC
293714,HL-60,Bortezomib,Bortezomib (Velcade),exact,cis-Platin,,no_match,-7.31851245598343,1.496665150214,1.90321447459174,3.10409154223916,ALMANAC
294104,HL-60,Dasatinib,Dasatinib,exact,busulfan,,no_match,3.14978469638771,-2.07108168072157,-2.4783220494372,3.32120488328074,ALMANAC
294201,HL-60,thiotepa,,no_match,"Azacytidine, 5-",Azacytidine,fuzzy,-14.7323742573573,-6.5423201633328,-1.58757607253399,-9.03678949587917,ALMANAC
294429,HL-60,Sunitinib,Sunitinib,exact,Pralatrexate,,no_match,0.977810238224519,0.278677660858432,2.51289799173566,2.96111274146488,ALMANAC
294660,HL-60,temozolomide,,no_match,"Azacytidine, 5-",Azacytidine,fuzzy,-11.1254512471319,-4.65041984151681,-3.04283077547067,-2.88134719276102,ALMANAC
294817,HL-60,altretamine,,no_match,Dasatinib,Dasatinib,exact,-6.3698904331185,0.494008936818138,3.0971693334304,-4.01809327359644,ALMANAC
294915,HL-60,methotrexate,,no_match,Erlotinib hydrochloride,Erlotinib,exact,-29.0461250073141,5.02033190432136,6.35697147620357,6.43533743691901,ALMANAC
295297,HL-60,letrozole,,no_match,CYTARABINE HYDROCHLORIDE,Cytarabine,exact,7.12144857395269,1.91868680744766,4.44353257077898,7.76222887788728,ALMANAC
295441,HL-60,Sunitinib,Sunitinib,exact,Erlotinib hydrochloride,Erlotinib,exact,15.481048037764,3.00650792433497,4.52061128326858,5.27753583824883,ALMANAC
295558,HL-60,7-Ethyl-10-hydroxycamptothecin,,no_match,Erlotinib hydrochloride,Erlotinib,exact,-62.8854592423541,6.5098234033908,13.4124553825616,8.67089299247459,ALMANAC
296011,HL-60,CYTARABINE HYDROCHLORIDE,Cytarabine,exact,Quinacrine hydrochloride,,no_match,-11.4169841748959,-0.586986723764865,-2.86737539667913,3.01320464624178,ALMANAC
296217,HL-60,CYTARABINE HYDROCHLORIDE,Cytarabine,exact,busulfan,,no_match,2.24761787002272,-2.35431239823693,-1.10950192940923,4.34206971423824,ALMANAC
296227,HL-60,Nilotinib,Nilotinib,exact,allopurinol,,no_match,4.29924132240664,4.82647476261836,2.73439854664121,6.06978188136348,ALMANAC
296372,HL-60,Dasatinib,Dasatinib,exact,5-Aminolevulinic acid hydrochloride,,no_match,-9.55792438105111,1.49785062498051,2.61429277025334,-9.49999836964619,ALMANAC
296606,HL-60,"Azacytidine, 5-",Azacytidine,fuzzy,TOPOTECAN HYDROCHLORIDE,,no_match,1.60491617569555,0.558726026795259,-0.476879265565605,2.21564932772519,ALMANAC
296719,HL-60,Nilotinib,Nilotinib,exact,Ixabepilone,,no_match,-27.5333295326423,3.35691059040797,3.0393475503462,0.0955733930701655,ALMANAC
297356,HL-60,Sorafenib,Sorafenib,exact,TOPOTECAN HYDROCHLORIDE,,no_match,-72.684348131243,-4.56732564200499,0.546617981251998,-9.80110948075734,ALMANAC
297552,HL-60,Sorafenib,Sorafenib,exact,Quinacrine hydrochloride,,no_match,-19.2783501762246,-3.04423171011181,-5.47646036997228,-3.04803006658851,ALMANAC
297985,HL-60,6-Mercaptopurine,,no_match,Erlotinib hydrochloride,Erlotinib,exact,-8.53479630525365,-3.30241182698912,-0.657385036440501,-1.89169911162043,ALMANAC
298359,HL-60,Gefitinib,Gefitinib,exact,Melphalan hydrochloride,,no_match,1.3480266174015,5.14267884617972,5.02250019172361,4.2133028866037,ALMANAC
298456,HL-60,Pazopanib hydrochloride,Pazopanib (GW786034),exact,Vandetanib,Vandetanib (ZD6474),exact,-4.10979618212067,19.670138762755,17.838417497333,-4.76866503631286,ALMANAC
298543,HL-60,Vemurafenib,Vemurafenib (PLX-4032),exact,Vandetanib,Vandetanib (ZD6474),exact,-21.1149250430097,-5.23151719278865,6.98329605871677,-20.5452763467421,ALMANAC
298619,HL-60,Abiraterone,,no_match,Vandetanib,Vandetanib (ZD6474),exact,2.40131086840153,11.7336261122974,6.4181969491897,3.29791674553413,ALMANAC
298729,HL-60,Vismodegib,Vismodegib (GDC-0449),exact,Vandetanib,Vandetanib (ZD6474),exact,-4.8222630298139,4.75612250300148,4.11114212844037,-3.7219092858542,ALMANAC
298770,HL-60,Crizotinib,Crizotinib (PF-2341066),exact,Vandetanib,Vandetanib (ZD6474),exact,-22.5305445766707,-3.31730737639755,-2.12847577894156,-10.8670006328006,ALMANAC
298854,HL-60,Axitinib,Axitinib (AG-013736),exact,Vandetanib,Vandetanib (ZD6474),exact,-6.0612760744069,4.28079947251822,0.3686425776087,-2.82755145196984,ALMANAC
298908,HL-60,Gefitinib,Gefitinib,exact,temozolomide,,no_match,-6.91964111631054,9.56006641608691,1.17522038722132,3.4515060511588,ALMANAC
298938,HL-60,Ruxolitinib,Ruxolitinib (INCB018424),exact,Vandetanib,Vandetanib (ZD6474),exact,-9.7711168161146,2.66284687198492,10.3213993094688,-11.2913156442535,ALMANAC
299097,HL-60,Vemurafenib,Vemurafenib (PLX-4032),exact,temozolomide,,no_match,-0.619398346858971,15.308343801872,12.4806746533283,0.475168097702302,ALMANAC
299262,HL-60,Lenalidomide,Lenalidomide,exact,temozolomide,,no_match,0.55963179874764,6.9534976047498,3.11812141665608,1.16378188136346,ALMANAC
299362,HL-60,Pazopanib hydrochloride,Pazopanib (GW786034),exact,Vincristine sulfate,,no_match,-43.7265331641057,38.9693062554546,44.426623957078,22.7371682970204,ALMANAC
299420,HL-60,Pazopanib hydrochloride,Pazopanib (GW786034),exact,temozolomide,,no_match,-23.6640072603153,2.14327579963785,14.8776062126938,-22.0410539252018,ALMANAC
299514,HL-60,Vemurafenib,Vemurafenib (PLX-4032),exact,Vincristine sulfate,,no_match,-39.884148661238,12.7902322754665,13.3892667893707,3.24946993341148,ALMANAC
299603,HL-60,Crizotinib,Crizotinib (PF-2341066),exact,Vincristine sulfate,,no_match,-32.120872453073,13.5055497069874,14.9392304419946,9.3376921556337,ALMANAC
299685,HL-60,Vismodegib,Vismodegib (GDC-0449),exact,Vincristine sulfate,,no_match,-28.6207219692661,8.20759012625666,9.67721761881178,3.41535882230037,ALMANAC
299690,HL-60,Axitinib,Axitinib (AG-013736),exact,Vincristine sulfate,,no_match,-52.2493221790661,5.93936344882893,6.60156919318228,3.11292710550296,ALMANAC
299773,HL-60,Vandetanib,Vandetanib (ZD6474),exact,Vincristine sulfate,,no_match,-75.8429863287692,-3.97146621016214,4.02243126210412,-9.38516503631289,ALMANAC
299967,HL-60,Ruxolitinib,Ruxolitinib (INCB018424),exact,Vincristine sulfate,,no_match,-61.9356940643173,1.95077782774008,6.32446454849234,-6.56948216248537,ALMANAC
299990,HL-60,Gefitinib,Gefitinib,exact,55-86-7,,no_match,-5.00258978687592,-1.46665989401206,-2.58756712757714,-4.38551604055942,ALMANAC
300194,HL-60,Gefitinib,Gefitinib,exact,Ixabepilone,,no_match,0.511151093308998,3.29101032992938,-1.68386392034906,0.384283828936582,ALMANAC
300271,HL-60,Ruxolitinib,Ruxolitinib (INCB018424),exact,temozolomide,,no_match,-11.6801319699405,3.01221961525667,8.78450636047087,-10.3180039904863,ALMANAC
300350,HL-60,Vandetanib,Vandetanib (ZD6474),exact,temozolomide,,no_match,-4.50327734589763,5.18150509513221,7.63801115076131,-3.38924806631351,ALMANAC
300534,HL-60,Axitinib,Axitinib (AG-013736),exact,temozolomide,,no_match,-18.7159903666303,-5.8067629658767,-0.837799921536773,-11.8642181186365,ALMANAC
300625,HL-60,Crizotinib,Crizotinib (PF-2341066),exact,temozolomide,,no_match,-4.83537304494596,3.27218273075502,-3.04021231969553,-3.8011779959148,ALMANAC
300724,HL-60,Vismodegib,Vismodegib (GDC-0449),exact,temozolomide,,no_match,-2.99253120120012,5.85274943710658,2.72672142924662,-2.04656610918352,ALMANAC
300881,HL-60,Pazopanib hydrochloride,Pazopanib (GW786034),exact,55-86-7,,no_match,-52.9463887297895,3.30659380974569,14.5145010186582,-13.9673317029795,ALMANAC
301052,HL-60,Lenalidomide,Lenalidomide,exact,55-86-7,,no_match,-32.0415987787581,2.24923790846874,-0.848282222454187,-0.206850672274826,ALMANAC
301194,HL-60,Vandetanib,Vandetanib (ZD6474),exact,Ixabepilone,,no_match,-21.6567513229701,-10.7703596445574,5.00867214246257,-18.5798317029796,ALMANAC
301280,HL-60,Axitinib,Axitinib (AG-013736),exact,Ixabepilone,,no_match,-6.93316495932211,-4.29492087667744,-2.03603239220126,-7.17732922974763,ALMANAC
301308,HL-60,Crizotinib,Crizotinib (PF-2341066),exact,Ixabepilone,,no_match,6.40842327706034,14.1239589882986,3.29422534943726,8.05983476436898,ALMANAC
301357,HL-60,Vismodegib,Vismodegib (GDC-0449),exact,Ixabepilone,,no_match,-11.1256406961451,-2.60410346647195,1.35172007118712,-9.15772079118659,ALMANAC
301597,HL-60,Ruxolitinib,Ruxolitinib (INCB018424),exact,Ixabepilone,,no_match,-14.3238764867731,0.400076272233707,6.97331199879154,-11.6805377180409,ALMANAC
301740,HL-60,dacarbazine,,no_match,Bortezomib,Bortezomib (Velcade),exact,11.0864948699349,5.65716338496998,5.60306329220143,11.0954782015223,ALMANAC
301812,HL-60,Uramustine,,no_match,Bortezomib,Bortezomib (Velcade),exact,8.1638822254077,4.72162518205661,0.776113833529261,8.29147820152233,ALMANAC
302017,HL-60,Axitinib,Axitinib (AG-013736),exact,55-86-7,,no_match,-16.9545696998314,0.154609715620008,1.81723346845259,-2.69007289449703,ALMANAC
302090,HL-60,5-Fluorouracil,,no_match,Bortezomib,Bortezomib (Velcade),exact,-22.0864327330753,-27.6145674778477,-19.3406998421177,-22.2367736741921,ALMANAC
302118,HL-60,Vismodegib,Vismodegib (GDC-0449),exact,55-86-7,,no_match,-19.3514620922439,4.02675116665884,4.69427910117674,-0.975196733255194,ALMANAC
302223,HL-60,Crizotinib,Crizotinib (PF-2341066),exact,55-86-7,,no_match,-13.1592867665591,0.329695408111238,0.613612473071947,-3.54853006658853,ALMANAC
302273,HL-60,Melphalan hydrochloride,,no_match,Bortezomib,Bortezomib (Velcade),exact,1.44160361017441,2.37569487986628,-2.93054599033025,1.85666809770231,ALMANAC
302338,HL-60,Ruxolitinib,Ruxolitinib (INCB018424),exact,55-86-7,,no_match,-47.8004898319096,0.0709725361978144,7.58386994445745,-9.02725994026316,ALMANAC
302499,HL-60,altretamine,,no_match,Bortezomib,Bortezomib (Velcade),exact,-10.6134058489783,-1.71646717242486,-4.11920431747155,-4.97966503631286,ALMANAC
302559,HL-60,chlorambucil,,no_match,Bortezomib,Bortezomib (Velcade),exact,-0.467555867358672,-4.04114937658566,-4.54484006626039,-0.378688465144337,ALMANAC
302590,HL-60,6-Thioguanine,,no_match,Bortezomib,Bortezomib (Velcade),exact,13.7378824813728,9.88530714630068,10.3047594441332,13.8245893126334,ALMANAC
302634,HL-60,Pazopanib hydrochloride,Pazopanib (GW786034),exact,Ixabepilone,,no_match,-35.0478864514564,-8.55544965394066,12.9000279110185,-31.9709428140907,ALMANAC
302720,HL-60,Vemurafenib,Vemurafenib (PLX-4032),exact,Ixabepilone,,no_match,-4.04171322148867,11.2948127171824,4.32353057133302,-2.08638745785326,ALMANAC
302889,HL-60,Lenalidomide,Lenalidomide,exact,Ixabepilone,,no_match,-2.35276886344321,0.409676716171292,-2.41465090507804,-2.34532922974765,ALMANAC
303052,HL-60,teniposide,,no_match,Bortezomib,Bortezomib (Velcade),exact,6.19328344081057,2.87970192734365,-0.75158706044248,6.56785510574759,ALMANAC
303106,HL-60,Gefitinib,Gefitinib,exact,celecoxib,,no_match,-3.11437927617902,-0.144114003350711,5.74352185195359,-0.143584709235769,ALMANAC
303374,HL-60,23541-50-6,,no_match,Bortezomib,Bortezomib (Velcade),exact,7.83012773144581,6.60528361439376,1.80268548598247,8.33339031992454,ALMANAC
303425,HL-60,Pazopanib hydrochloride,Pazopanib (GW786034),exact,celecoxib,,no_match,-2.50194282312642,17.4376625785159,22.0943808699758,-4.95183170297954,ALMANAC
303471,HL-60,Lenalidomide,Lenalidomide,exact,celecoxib,,no_match,0.973403923558774,0.224020982516771,-4.06396357244844,1.51878188136346,ALMANAC
303613,HL-60,lomustine,,no_match,Bortezomib,Bortezomib (Velcade),exact,13.330258132279,11.9547750758316,7.45228710031371,13.8300569865912,ALMANAC
303749,HL-60,Vemurafenib,Vemurafenib (PLX-4032),exact,celecoxib,,no_match,1.84427549385831,13.8977324563056,11.5366563093296,2.44853096137233,ALMANAC
303832,HL-60,Crizotinib,Crizotinib (PF-2341066),exact,celecoxib,,no_match,-12.727880848845,10.506399007353,11.8796365115208,5.56339031992454,ALMANAC
303907,HL-60,Vismodegib,Vismodegib (GDC-0449),exact,celecoxib,,no_match,1.1272072253191,5.64688902709575,3.79005063283872,0.706168097702301,ALMANAC
303968,HL-60,Axitinib,Axitinib (AG-013736),exact,celecoxib,,no_match,-13.7169487886232,-7.7002983436653,-2.39671912344964,-7.77491934095117,ALMANAC
304049,HL-60,MEGESTROL ACETATE,,no_match,Bortezomib,Bortezomib (Velcade),exact,5.32795883473155,13.1213022623405,2.8444883124298,10.6240016303538,ALMANAC
304101,HL-60,Vandetanib,Vandetanib (ZD6474),exact,celecoxib,,no_match,-2.25911063657533,3.17934086845475,7.02816301642625,-4.28794281409064,ALMANAC
304251,HL-60,Gefitinib,Gefitinib,exact,paclitaxel,,no_match,-10.3913696017989,-8.51161372941679,-4.67261975064734,-8.48527047292169,ALMANAC
304295,HL-60,Ruxolitinib,Ruxolitinib (INCB018424),exact,celecoxib,,no_match,-7.47972060090418,1.49010120857919,6.90066976425832,-9.9296094807573,ALMANAC
304426,HL-60,Dexrazoxane,,no_match,Bortezomib,Bortezomib (Velcade),exact,9.67775373641793,5.48807359300201,-2.13794730415346,9.74974367313036,ALMANAC
304589,HL-60,Vepesid J,,no_match,Bortezomib,Bortezomib (Velcade),exact,4.77568710002478,3.23397671234238,0.676155973467125,4.95414486818899,ALMANAC
304973,HL-60,Ruxolitinib,Ruxolitinib (INCB018424),exact,paclitaxel,,no_match,-28.0324524363369,22.1469935952823,29.5765309513937,15.1063511708479,ALMANAC
305166,HL-60,Axitinib,Axitinib (AG-013736),exact,paclitaxel,,no_match,-21.4725487044806,17.56595179526,22.6982840586595,17.8068955445539,ALMANAC
305217,HL-60,Vismodegib,Vismodegib (GDC-0449),exact,paclitaxel,,no_match,-1.4889169687225,33.6934115599099,33.1010724651588,30.7509721000171,ALMANAC
305356,HL-60,Crizotinib,Crizotinib (PF-2341066),exact,paclitaxel,,no_match,9.6799230592689,24.2605494362176,22.2899386597426,24.1893588223004,ALMANAC
305495,HL-60,Vandetanib,Vandetanib (ZD6474),exact,paclitaxel,,no_match,-13.0017942747138,34.7424468096023,34.7475296133012,30.1626127414649,ALMANAC
305528,HL-60,Dexrazoxane,,no_match,Sunitinib,Sunitinib,exact,-4.04189399639015,-2.51395280983781,-2.08116790160269,-3.81611931369516,ALMANAC
305713,HL-60,Lenalidomide,Lenalidomide,exact,paclitaxel,,no_match,-48.9765363801779,-20.1438924785579,-14.9446683256916,-18.7786600110016,ALMANAC
305784,HL-60,Vemurafenib,Vemurafenib (PLX-4032),exact,paclitaxel,,no_match,-6.33636892961163,24.8357095902309,23.8032474023453,17.7415276555726,ALMANAC
305816,HL-60,Pazopanib hydrochloride,Pazopanib (GW786034),exact,paclitaxel,,no_match,-28.1423413252257,28.765091850219,33.8783063017401,15.0331682970204,ALMANAC
306912,HL-60,5-Fluorouracil,,no_match,CYTARABINE HYDROCHLORIDE,Cytarabine,exact,-3.30688864556388,-10.9001979955191,-7.18693741236106,-1.4972636190951,ALMANAC
307007,HL-60,Ruxolitinib,Ruxolitinib (INCB018424),exact,carmustine,,no_match,-17.5783978757775,-1.26140429742323,5.33086125524647,-13.3987163693712,ALMANAC
307270,HL-60,altretamine,,no_match,CYTARABINE HYDROCHLORIDE,Cytarabine,exact,-83.2686613083887,-16.6059238612074,-11.3151912524418,-19.3619428140907,ALMANAC
307436,HL-60,Gefitinib,Gefitinib,exact,Romidepsin,,no_match,-33.4628732934064,-5.93829321877811,-3.34192836447166,-3.86500053625181,ALMANAC
307742,HL-60,Axitinib,Axitinib (AG-013736),exact,carmustine,,no_match,-16.2778813057267,-8.84083058466768,-3.21567820363502,-11.4957080635395,ALMANAC
307787,HL-60,Melphalan hydrochloride,,no_match,CYTARABINE HYDROCHLORIDE,Cytarabine,exact,-9.0321085410622,-4.29924187247449,-4.20846561433322,-4.4472207911866,ALMANAC
307854,HL-60,Vismodegib,Vismodegib (GDC-0449),exact,carmustine,,no_match,-2.7632503902888,3.92696473303781,1.10513073978304,-1.86547451103294,ALMANAC
307904,HL-60,Vismodegib,Vismodegib (GDC-0449),exact,Romidepsin,,no_match,-63.2806279311546,-12.3555499442974,-2.18371922488027,-14.6087783140296,ALMANAC
307954,HL-60,Crizotinib,Crizotinib (PF-2341066),exact,Romidepsin,,no_match,-50.6996533612215,3.33210250046753,1.87770015228539,1.31208104452259,ALMANAC
308016,HL-60,Crizotinib,Crizotinib (PF-2341066),exact,carmustine,,no_match,-24.6674902557164,-6.17529644148284,-5.35997889625279,-11.6714985689644,ALMANAC
308121,HL-60,Axitinib,Axitinib (AG-013736),exact,Romidepsin,,no_match,-70.7582089167771,-15.2929256642251,-3.89915948414374,-13.1729189554774,ALMANAC
308158,HL-60,Vandetanib,Vandetanib (ZD6474),exact,Romidepsin,,no_match,-79.8564513864473,-15.9043224487717,-0.156604345992402,-20.5743317029795,ALMANAC
308383,HL-60,Ruxolitinib,Ruxolitinib (INCB018424),exact,Romidepsin,,no_match,-68.1947936454686,-1.77082379031396,1.74667673229583,-8.91266503631287,ALMANAC
308448,HL-60,Gefitinib,Gefitinib,exact,5-Aminolevulinic acid hydrochloride,,no_match,-18.9073140914773,0.69575664847286,-0.230976946421255,0.166081957430898,ALMANAC
308763,HL-60,Vandetanib,Vandetanib (ZD6474),exact,carmustine,,no_match,-8.53389220577825,0.469242861896779,3.46714392971214,-7.26278947059985,ALMANAC
308884,HL-60,Vandetanib,Vandetanib (ZD6474),exact,5-Aminolevulinic acid hydrochloride,,no_match,-24.0305679221121,-17.9698757181937,3.96460352310935,-25.4625539252018,ALMANAC
308959,HL-60,Pazopanib hydrochloride,Pazopanib (GW786034),exact,Romidepsin,,no_match,-88.0015714232464,-14.7171429234328,4.35814297237158,-28.7194428140907,ALMANAC
309215,HL-60,Vepesid J,,no_match,Sunitinib,Sunitinib,exact,-13.8889616343743,0.142675374520822,0.716288823605999,-0.706218118636531,ALMANAC
309329,HL-60,Vismodegib,Vismodegib (GDC-0449),exact,5-Aminolevulinic acid hydrochloride,,no_match,-16.915772543442,-10.2065256248305,0.768331381240314,-15.2669430134088,ALMANAC
309378,HL-60,Crizotinib,Crizotinib (PF-2341066),exact,5-Aminolevulinic acid hydrochloride,,no_match,-21.8936316296632,0.2385993669332,-3.28064199045372,-4.78760968007545,ALMANAC
309461,HL-60,Axitinib,Axitinib (AG-013736),exact,5-Aminolevulinic acid hydrochloride,,no_match,10.3539722500348,19.4854750130195,21.5180248220209,18.883302881271,ALMANAC
309549,HL-60,Ruxolitinib,Ruxolitinib (INCB018424),exact,5-Aminolevulinic acid hydrochloride,,no_match,8.92240632224577,18.1974370335974,15.9364167504175,6.7388905192427,ALMANAC
309631,HL-60,Lenalidomide,Lenalidomide,exact,Romidepsin,,no_match,-41.1696424871718,-7.75801107137637,-4.87888821628658,-4.11724458647498,ALMANAC
309757,HL-60,Vemurafenib,Vemurafenib (PLX-4032),exact,Romidepsin,,no_match,-22.7226886482523,2.02443614769026,2.10330194266395,-4.46611164736293,ALMANAC
309846,HL-60,6-Thioguanine,,no_match,CYTARABINE HYDROCHLORIDE,Cytarabine,exact,-11.7089625265003,-14.4664993919263,-11.0015877726185,-9.17671228603677,ALMANAC
310052,HL-60,chlorambucil,,no_match,CYTARABINE HYDROCHLORIDE,Cytarabine,exact,-7.99435066483785,-10.0022366439793,-9.23960099788673,-5.32887895270346,ALMANAC
310156,HL-60,Pazopanib hydrochloride,Pazopanib (GW786034),exact,5-Aminolevulinic acid hydrochloride,,no_match,-13.1384825666431,7.14363746270078,13.0692238247891,-15.3219983696462,ALMANAC
310330,HL-60,Lenalidomide,Lenalidomide,exact,5-Aminolevulinic acid hydrochloride,,no_match,-14.7635138899046,-15.1393261274651,-3.93831688454453,-14.1451070075254,ALMANAC
310770,HL-60,mitoxantrone,,no_match,Vemurafenib,Vemurafenib (PLX-4032),exact,-31.9035274549394,4.98546170702911,3.77603816956956,1.29878188136347,ALMANAC
311161,HL-60,mitoxantrone,,no_match,Lapatinib,Lapatinib,exact,-26.4329004080196,6.43948055431391,6.72775335162957,3.15011521469679,ALMANAC
311272,HL-60,Gefitinib,Gefitinib,exact,mitoxantrone,,no_match,19.0019657145547,18.9360165625852,19.8404338524588,20.4040832111282,ALMANAC
311629,HL-60,Gefitinib,Gefitinib,exact,cis-Platin,,no_match,-2.17760661068315,2.52909021374737,-1.79271683750417,0.0487282733810256,ALMANAC
311772,HL-60,Gefitinib,Gefitinib,exact,MEGESTROL ACETATE,,no_match,-11.6441966718661,1.37082576783705,7.6124787542816,-1.27304950439676,ALMANAC
311843,HL-60,Pazopanib hydrochloride,Pazopanib (GW786034),exact,Sorafenib,Sorafenib,exact,-43.9845034992178,-2.52278020999517,12.4162128039808,-19.6159383830958,ALMANAC
311928,HL-60,Vemurafenib,Vemurafenib (PLX-4032),exact,Sorafenib,Sorafenib,exact,-11.5391382693797,6.64837697409621,4.67894901690247,-2.71706414962897,ALMANAC
311964,HL-60,Vemurafenib,Vemurafenib (PLX-4032),exact,Antibiotic AY 22989,,no_match,-14.2793754022054,10.2091045743026,2.10787143215867,1.72613876668374,ALMANAC
312123,HL-60,Abiraterone,,no_match,Sorafenib,Sorafenib,exact,-28.4804296484795,-14.7524900097038,2.6066610423397,-18.8903771305663,ALMANAC
312172,HL-60,Lenalidomide,Lenalidomide,exact,Sorafenib,Sorafenib,exact,-31.2756446441246,-0.656499302764316,-4.34915230232702,-1.27890622783039,ALMANAC
312259,HL-60,Lenalidomide,Lenalidomide,exact,Antibiotic AY 22989,,no_match,-12.5190391593086,3.01648346968038,-4.33392194637801,9.71028443344282,ALMANAC
312264,HL-60,CABAZITAXEL,,no_match,Sorafenib,Sorafenib,exact,-2.4587357672895,4.61555076928874,11.6756573313983,5.29863725445739,ALMANAC
312353,HL-60,Vandetanib,Vandetanib (ZD6474),exact,Sorafenib,Sorafenib,exact,-40.9071145758524,-19.5165188640941,3.14335140554896,-25.2173828275402,ALMANAC
312428,HL-60,Navelbine ditartrate (TN),,no_match,Bortezomib,Bortezomib (Velcade),exact,4.37850111820571,3.14254893186984,0.606666809425907,4.80083476436898,ALMANAC
312472,HL-60,Pazopanib hydrochloride,Pazopanib (GW786034),exact,Antibiotic AY 22989,,no_match,-47.6467053784553,-3.39705567904266,0.28240234584973,-22.6542205918684,ALMANAC
312591,HL-60,Axitinib,Axitinib (AG-013736),exact,Sorafenib,Sorafenib,exact,-25.7996233812253,-19.1859010378004,-1.15305505383311,-20.1639062278304,ALMANAC
312628,HL-60,Vismodegib,Vismodegib (GDC-0449),exact,Sorafenib,Sorafenib,exact,-38.1756966884362,-16.921231560754,0.815175689047097,-21.2656197051845,ALMANAC
312703,HL-60,Crizotinib,Crizotinib (PF-2341066),exact,Sorafenib,Sorafenib,exact,-2.41557532350053,3.03902458585088,-0.477501518568211,-0.268286371851199,ALMANAC
312816,HL-60,Ruxolitinib,Ruxolitinib (INCB018424),exact,cis-Platin,,no_match,19.6264853692713,32.9209685514954,29.6874438739108,21.0301682970205,ALMANAC
312891,HL-60,Vandetanib,Vandetanib (ZD6474),exact,mitoxantrone,,no_match,-23.2158969223066,9.28488731604797,10.4441187236582,6.36600163035377,ALMANAC
313000,HL-60,Pazopanib hydrochloride,Pazopanib (GW786034),exact,MEGESTROL ACETATE,,no_match,10.8239413230629,35.1299335060447,28.5165303122903,11.7775571859094,ALMANAC
313044,HL-60,Ruxolitinib,Ruxolitinib (INCB018424),exact,Sorafenib,Sorafenib,exact,-46.7842812769956,-13.697389670346,4.7322807367286,-22.4363495788592,ALMANAC
313114,HL-60,Crizotinib,Crizotinib (PF-2341066),exact,mitoxantrone,,no_match,-4.30235418356977,6.85065488605046,6.63176814355236,6.4053054333504,ALMANAC
313215,HL-60,Vismodegib,Vismodegib (GDC-0449),exact,mitoxantrone,,no_match,-9.91306128169396,6.91157268718899,6.49340351872689,5.84930543335041,ALMANAC
313316,HL-60,Axitinib,Axitinib (AG-013736),exact,mitoxantrone,,no_match,-15.8722423831819,-3.95868395273875,2.88895740922385,-2.51325012220515,ALMANAC
313357,HL-60,Vandetanib,Vandetanib (ZD6474),exact,cis-Platin,,no_match,-27.2057519419218,-18.5779496852957,4.86857468696646,-26.353276147424,ALMANAC
313498,HL-60,Lenalidomide,Lenalidomide,exact,MEGESTROL ACETATE,,no_match,-27.9304793123635,-24.8204546341211,-4.3979698557763,-27.3263292297477,ALMANAC
313534,HL-60,Axitinib,Axitinib (AG-013736),exact,cis-Platin,,no_match,6.22283280674575,14.5602815981398,6.63928486506544,12.1006707702524,ALMANAC
313570,HL-60,Vismodegib,Vismodegib (GDC-0449),exact,cis-Platin,,no_match,-20.1933353574489,-13.2074923294324,1.22869533645735,-19.600165235631,ALMANAC
313683,HL-60,Vemurafenib,Vemurafenib (PLX-4032),exact,MEGESTROL ACETATE,,no_match,-22.9235679966,-9.03360792949894,4.04509973616964,-22.2956096800755,ALMANAC
313776,HL-60,Gefitinib,Gefitinib,exact,Bortezomib,Bortezomib (Velcade),exact,-6.48987916311535,-10.2801227950393,-7.35180751553996,-6.44641895547739,ALMANAC
313826,HL-60,EXEMESTANE,,no_match,Bortezomib,Bortezomib (Velcade),exact,-10.7668702344208,-9.96252322123759,-3.23335707603577,-10.7720541245199,ALMANAC
313865,HL-60,Dexrazoxane,,no_match,Lapatinib,Lapatinib,exact,-3.21687010489957,3.15763322261935,2.43685293305917,-2.46178598036183,ALMANAC
313930,HL-60,Ruxolitinib,Ruxolitinib (INCB018424),exact,mitoxantrone,,no_match,-44.5002430846011,-5.36926004327206,2.74476581897454,-9.83310948075735,ALMANAC
313973,HL-60,Pazopanib hydrochloride,Pazopanib (GW786034),exact,mitoxantrone,,no_match,-40.1317986401566,3.28716188583137,9.81410847827154,-5.4646650363129,ALMANAC
314061,HL-60,Vemurafenib,Vemurafenib (PLX-4032),exact,mitoxantrone,,no_match,-30.3067759614993,6.58061782806551,12.8081900299638,2.89400163035377,ALMANAC
314149,HL-60,dacarbazine,,no_match,CYTARABINE HYDROCHLORIDE,Cytarabine,exact,-14.529117463173,9.68205478785408,10.592837402881,15.863645105228,ALMANAC
314170,HL-60,Lenalidomide,Lenalidomide,exact,mitoxantrone,,no_match,-19.5286984474192,2.50849712899889,4.61142437898775,5.68489554455394,ALMANAC
314321,HL-60,Ruxolitinib,Ruxolitinib (INCB018424),exact,Antibiotic AY 22989,,no_match,-36.0838164895664,-1.26925849147943,-1.64315361012559,-11.0913317029796,ALMANAC
314386,HL-60,Pemetrexed,,no_match,Bortezomib,Bortezomib (Velcade),exact,-6.79768489682194,-8.15532203719076,-1.23932752783139,-6.51963290958879,ALMANAC
314451,HL-60,Vandetanib,Vandetanib (ZD6474),exact,Antibiotic AY 22989,,no_match,-26.3152492040045,0.0841548345072506,0.423530782189737,-6.33844281409067,ALMANAC
314537,HL-60,Axitinib,Axitinib (AG-013736),exact,Antibiotic AY 22989,,no_match,-12.5720197543413,-7.82669627872391,-7.86586624347712,-4.30025228881075,ALMANAC
314621,HL-60,Crizotinib,Crizotinib (PF-2341066),exact,Antibiotic AY 22989,,no_match,3.30971404710114,5.48457156222428,3.13423226113906,3.96427920881341,ALMANAC
314669,HL-60,Vismodegib,Vismodegib (GDC-0449),exact,Antibiotic AY 22989,,no_match,-15.0128877830106,6.06823184453714,4.00354106919872,3.4858054333504,ALMANAC
314717,HL-60,Vemurafenib,Vemurafenib (PLX-4032),exact,cis-Platin,,no_match,-6.44250477856941,7.31401941866632,8.79029894586728,-5.87383190229768,ALMANAC
314771,HL-60,Axitinib,Axitinib (AG-013736),exact,MEGESTROL ACETATE,,no_match,2.43245407781418,11.9059825063635,3.43376990728049,9.28422632580792,ALMANAC
314904,HL-60,Vismodegib,Vismodegib (GDC-0449),exact,MEGESTROL ACETATE,,no_match,-10.6950369694951,-3.61388030370881,1.25802374162592,-10.0682763467421,ALMANAC
315013,HL-60,Lenalidomide,Lenalidomide,exact,cis-Platin,,no_match,-4.89501105177597,-2.04987760901143,-4.42098090540146,-4.40077367419209,ALMANAC
315101,HL-60,Vandetanib,Vandetanib (ZD6474),exact,MEGESTROL ACETATE,,no_match,-17.4338583864922,-8.77013242484982,4.90197343694075,-16.5585539252018,ALMANAC
315161,HL-60,Pazopanib hydrochloride,Pazopanib (GW786034),exact,cis-Platin,,no_match,-2.58707018628423,22.1297256164322,19.6035829741474,-1.18338725853508,ALMANAC
315269,HL-60,Ruxolitinib,Ruxolitinib (INCB018424),exact,MEGESTROL ACETATE,,no_match,4.24016354528515,17.1046058936079,13.1342639990154,5.07679561529242,ALMANAC
315301,HL-60,Vepesid J,,no_match,Lapatinib,Lapatinib,exact,-19.6483664510011,2.76824048498297,3.49241998831363,-0.89510700752542,ALMANAC
315361,HL-60,teniposide,,no_match,Lapatinib,Lapatinib,exact,-25.2122060690175,5.57040907970646,5.20630991182121,1.89483743691902,ALMANAC
315400,HL-60,Pemetrexed,,no_match,Sorafenib,Sorafenib,exact,-12.0060931170804,-10.7834373084055,-6.02093419101471,-8.47959695242844,ALMANAC
315594,HL-60,Gefitinib,Gefitinib,exact,Sorafenib,Sorafenib,exact,-2.36749834616175,0.79964234186392,-1.27645357598687,-0.246238262781633,ALMANAC
315678,HL-60,Gefitinib,Gefitinib,exact,Antibiotic AY 22989,,no_match,7.69944033789464,5.45235445388939,3.60977159978409,8.96296993341147,ALMANAC
315780,HL-60,EXEMESTANE,,no_match,Sorafenib,Sorafenib,exact,-11.4828738629376,0.0317766901084815,1.71209504338658,-1.04279734664972,ALMANAC
315912,HL-60,Ruxolitinib,Ruxolitinib (INCB018424),exact,Bortezomib,Bortezomib (Velcade),exact,1.96454127991085,17.1580486060822,16.9852782109427,6.80277940813157,ALMANAC
315946,HL-60,Navelbine ditartrate (TN),,no_match,Crizotinib,Crizotinib (PF-2341066),exact,-15.9642843042333,0.485233132785627,-3.34944915586787,-2.51681917465066,ALMANAC
316038,HL-60,23541-50-6,,no_match,Lapatinib,Lapatinib,exact,-41.2795988089725,12.1948534959232,11.8687005734842,6.40567077025236,ALMANAC
316086,HL-60,Crizotinib,Crizotinib (PF-2341066),exact,Bortezomib,Bortezomib (Velcade),exact,-3.78536370418366,-1.09246344788228,-9.32929691637399,-3.7550541245199,ALMANAC
316154,HL-60,Vismodegib,Vismodegib (GDC-0449),exact,Bortezomib,Bortezomib (Velcade),exact,-6.33957536163148,-0.478730410679007,-1.71014605177441,-2.86461164736292,ALMANAC
316164,HL-60,Axitinib,Axitinib (AG-013736),exact,Bortezomib,Bortezomib (Velcade),exact,16.1788471282338,12.5699597466155,10.7524264802483,16.1891680977023,ALMANAC
316307,HL-60,Vandetanib,Vandetanib (ZD6474),exact,Bortezomib,Bortezomib (Velcade),exact,-25.7093079884402,-14.8730802401533,-2.28616698053042,-21.6443317029795,ALMANAC
316463,HL-60,Navelbine ditartrate (TN),,no_match,Sorafenib,Sorafenib,exact,-4.33720539822196,6.02287073890639,2.84703469899991,5.48095860312712,ALMANAC
316545,HL-60,Lenalidomide,Lenalidomide,exact,Bortezomib,Bortezomib (Velcade),exact,-6.00830900455021,-10.9428985049802,-8.18324858046394,-2.97505957132118,ALMANAC
316585,HL-60,Abiraterone,,no_match,Bortezomib,Bortezomib (Velcade),exact,4.58386400351078,13.9194377051579,12.5612190564091,9.10333496368713,ALMANAC
316657,HL-60,MEGESTROL ACETATE,,no_match,Lapatinib,Lapatinib,exact,2.4109972700432,12.0632247627588,8.09422815042454,3.28622632580791,ALMANAC
316832,HL-60,Vemurafenib,Vemurafenib (PLX-4032),exact,Bortezomib,Bortezomib (Velcade),exact,5.61153067017746,18.6832397135309,12.5073511164447,10.0659439081926,ALMANAC
317013,HL-60,lomustine,,no_match,Lapatinib,Lapatinib,exact,3.18528103670679,13.1902880729167,11.9495318129436,6.83711521469683,ALMANAC
317098,HL-60,Pazopanib hydrochloride,Pazopanib (GW786034),exact,Bortezomib,Bortezomib (Velcade),exact,-15.4120142756447,9.72877326018562,14.1694901923214,-10.573776147424,ALMANAC
317316,HL-60,Uramustine,,no_match,CYTARABINE HYDROCHLORIDE,Cytarabine,exact,-7.2814407666382,-9.52019052228149,-8.49235372293968,-4.39771228603678,ALMANAC
317492,HL-60,Uramustine,,no_match,Lapatinib,Lapatinib,exact,1.62981778206883,9.76297103080831,10.8567707743433,5.19600410358569,ALMANAC
317575,HL-60,Lenalidomide,Lenalidomide,exact,carmustine,,no_match,9.33210079892238,10.4619691637366,-0.299760263540059,9.68709353513065,ALMANAC
317672,HL-60,dacarbazine,,no_match,Lapatinib,Lapatinib,exact,-19.381299995994,-10.8689539046117,-4.06989534086815,-18.1974403408587,ALMANAC
318024,HL-60,5-Fluorouracil,,no_match,Lapatinib,Lapatinib,exact,-32.9270812684991,-27.4915288779849,-15.7740086812309,-31.8109958964143,ALMANAC
318384,HL-60,chlorambucil,,no_match,Lapatinib,Lapatinib,exact,-11.1298765123289,-4.80796424700064,0.576647424874935,-9.61182922974765,ALMANAC
318458,HL-60,Vemurafenib,Vemurafenib (PLX-4032),exact,carmustine,,no_match,-1.54695691003881,12.0049336294699,9.77835144274992,-0.645141177699623,ALMANAC
318532,HL-60,6-Thioguanine,,no_match,Lapatinib,Lapatinib,exact,-12.1142396604061,3.05476293560793,2.64463643040471,-2.13155145196986,ALMANAC
318735,HL-60,altretamine,,no_match,Lapatinib,Lapatinib,exact,-3.78021445959537,5.98595445188239,6.74415410226587,-2.86421811863653,ALMANAC
318782,HL-60,Melphalan hydrochloride,,no_match,Lapatinib,Lapatinib,exact,-21.5088722090098,4.24764059455746,3.59454887636457,-1.67271594055117,ALMANAC
318868,HL-60,Pazopanib hydrochloride,Pazopanib (GW786034),exact,bleomycin,,no_match,-35.6908520180045,-11.7611104212423,8.99142103335922,-33.7218872585351,ALMANAC
318899,HL-60,Vemurafenib,Vemurafenib (PLX-4032),exact,bleomycin,,no_match,-11.6251987955961,-0.922026981230423,3.23686788539177,-11.6342741801365,ALMANAC
319370,HL-60,Pazopanib hydrochloride,Pazopanib (GW786034),exact,Crizotinib,Crizotinib (PF-2341066),exact,-23.7443685047604,19.5832578469435,19.3478789521222,-1.20110574381889,ALMANAC
319534,HL-60,Lenalidomide,Lenalidomide,exact,Crizotinib,Crizotinib (PF-2341066),exact,-23.063340005836,-6.62377449247128,-9.05176378483672,-9.36023956116371,ALMANAC
319683,HL-60,Abiraterone,,no_match,Crizotinib,Crizotinib (PF-2341066),exact,-12.7779892164578,14.0536246770683,9.26595501703969,7.23771118894766,ALMANAC
319818,HL-60,Vemurafenib,Vemurafenib (PLX-4032),exact,Crizotinib,Crizotinib (PF-2341066),exact,-32.1709379809898,-14.3663528843773,-2.92890485402699,-26.5508794271481,ALMANAC
319845,HL-60,Vandetanib,Vandetanib (ZD6474),exact,bleomycin,,no_match,1.6974813213285,10.9907450728631,7.50007345358719,3.66644607479826,ALMANAC
319901,HL-60,Vismodegib,Vismodegib (GDC-0449),exact,Crizotinib,Crizotinib (PF-2341066),exact,-22.1241553991936,-5.59737781358179,-4.3126508367538,-11.7730786182632,ALMANAC
319974,HL-60,Axitinib,Axitinib (AG-013736),exact,Crizotinib,Crizotinib (PF-2341066),exact,-1.18442838419133,7.99380788445319,-1.17483331774688,4.22798266105852,ALMANAC
320007,HL-60,Axitinib,Axitinib (AG-013736),exact,bleomycin,,no_match,-17.6436127903221,-18.4755407581458,-4.48241413957413,-17.2170195688719,ALMANAC
320116,HL-60,Vismodegib,Vismodegib (GDC-0449),exact,bleomycin,,no_match,5.47032180134061,9.80615649678193,4.36475616207908,5.53939031992453,ALMANAC
320159,HL-60,Crizotinib,Crizotinib (PF-2341066),exact,bleomycin,,no_match,3.8256568571997,8.369825603091,6.00242230461786,3.89527920881343,ALMANAC
320300,HL-60,Vandetanib,Vandetanib (ZD6474),exact,Crizotinib,Crizotinib (PF-2341066),exact,-14.0627909136353,5.14950575117125,-1.92444229967625,-2.40011719103774,ALMANAC
320330,HL-60,CABAZITAXEL,,no_match,Crizotinib,Crizotinib (PF-2341066),exact,-11.3322751357472,9.23761824601971,8.69200515303625,8.69092686846399,ALMANAC
320519,HL-60,Ruxolitinib,Ruxolitinib (INCB018424),exact,bleomycin,,no_match,-25.9016297957823,-12.7316207053458,3.5671528287473,-23.9326650363129,ALMANAC
320634,HL-60,Pazopanib hydrochloride,Pazopanib (GW786034),exact,carmustine,,no_match,-25.7169956802401,1.57764470945797,10.9531252693354,-21.3181094807573,ALMANAC
320678,HL-60,Ruxolitinib,Ruxolitinib (INCB018424),exact,Crizotinib,Crizotinib (PF-2341066),exact,-37.4440387559894,-3.76353276087768,1.06765272944269,-15.4594850019418,ALMANAC
321551,HL-60,23541-50-6,,no_match,CYTARABINE HYDROCHLORIDE,Cytarabine,exact,-8.57086509146287,-6.24237240272214,-4.20182640825658,-4.35660968007548,ALMANAC
321694,HL-60,Pemetrexed,,no_match,Crizotinib,Crizotinib (PF-2341066),exact,-21.9174258503118,-13.4385622967262,-7.21860663283121,-13.9409064648693,ALMANAC
321796,HL-60,Gefitinib,Gefitinib,exact,Crizotinib,Crizotinib (PF-2341066),exact,-6.5242417635664,-2.1811544174289,-7.22929102580534,-6.14346048500386,ALMANAC
321971,HL-60,EXEMESTANE,,no_match,Crizotinib,Crizotinib (PF-2341066),exact,-26.0535606868362,-2.80166105249166,-2.76072075828253,-6.49581917465066,ALMANAC
322013,HL-60,lomustine,,no_match,CYTARABINE HYDROCHLORIDE,Cytarabine,exact,-34.0532335318144,-23.7567060835065,-17.5495768077871,-20.8062763467422,ALMANAC
322524,HL-60,Ruxolitinib,Ruxolitinib (INCB018424),exact,7-Ethyl-10-hydroxycamptothecin,,no_match,-56.664348131243,-1.72030752646767,-1.60547955300007,-7.42560948075735,ALMANAC
322588,HL-60,Gefitinib,Gefitinib,exact,Vepesid J,,no_match,14.7087530854394,14.7083815313299,15.1733805227339,15.766860988906,ALMANAC
322685,HL-60,Vandetanib,Vandetanib (ZD6474),exact,7-Ethyl-10-hydroxycamptothecin,,no_match,-76.5531116759972,-25.3748339643699,-8.37840633758892,-29.1054983696462,ALMANAC
322850,HL-60,MEGESTROL ACETATE,,no_match,CYTARABINE HYDROCHLORIDE,Cytarabine,exact,-71.9026549310472,-11.9028934758865,-7.20828871670887,-14.0120539252018,ALMANAC
322897,HL-60,mitoxantrone,,no_match,Crizotinib,Crizotinib (PF-2341066),exact,-11.305304761686,-0.151128172630453,0.889042167949501,-0.596350909313793,ALMANAC
322929,HL-60,Crizotinib,Crizotinib (PF-2341066),exact,7-Ethyl-10-hydroxycamptothecin,,no_match,-33.1184588746832,-9.96470557361519,-9.0369236562384,-9.38858345553848,ALMANAC
323008,HL-60,Vismodegib,Vismodegib (GDC-0449),exact,7-Ethyl-10-hydroxycamptothecin,,no_match,-47.4168608972815,-17.1997951835066,-9.13750595983425,-18.4072501222051,ALMANAC
323081,HL-60,Axitinib,Axitinib (AG-013736),exact,7-Ethyl-10-hydroxycamptothecin,,no_match,-26.9862024821785,-2.75852377204547,-3.01203799425408,-0.540805677760704,ALMANAC
323161,HL-60,Vemurafenib,Vemurafenib (PLX-4032),exact,7-Ethyl-10-hydroxycamptothecin,,no_match,-57.9721259090208,-4.02147685651899,-3.16442787331066,-8.73338725853511,ALMANAC
323230,HL-60,mitoxantrone,,no_match,Sorafenib,Sorafenib,exact,-4.39227457409258,3.88977277599023,3.66369537500981,5.55220464624176,ALMANAC
323294,HL-60,Lenalidomide,Lenalidomide,exact,7-Ethyl-10-hydroxycamptothecin,,no_match,-22.9905577646746,11.2664876430255,9.35100060739725,15.8788955445539,ALMANAC
323428,HL-60,Pazopanib hydrochloride,Pazopanib (GW786034),exact,7-Ethyl-10-hydroxycamptothecin,,no_match,-73.2812370201319,-12.8566786098642,-3.6743162446485,-24.0424983696462,ALMANAC
323643,HL-60,Gefitinib,Gefitinib,exact,7-Ethyl-10-hydroxycamptothecin,,no_match,13.3828350028795,13.5537573588891,12.9110451971504,15.7093054333504,ALMANAC
323711,HL-60,Vemurafenib,Vemurafenib (PLX-4032),exact,7803-88-5,,no_match,-29.9037985338208,-17.9854907221278,-6.75412180339099,-25.4848612333163,ALMANAC
323799,HL-60,Pazopanib hydrochloride,Pazopanib (GW786034),exact,7803-88-5,,no_match,-60.0995484137673,-36.8300235554731,-9.38919284249703,-53.0657205918684,ALMANAC
323844,HL-60,CABAZITAXEL,,no_match,Lapatinib,Lapatinib,exact,-34.3856621196178,16.3493491235858,18.4606710235429,12.1222818813635,ALMANAC
323877,HL-60,Vandetanib,Vandetanib (ZD6474),exact,Lapatinib,Lapatinib,exact,-7.83605123974848,0.801448655265005,8.70066510157983,-9.27599107838826,ALMANAC
323960,HL-60,Axitinib,Axitinib (AG-013736),exact,Lapatinib,Lapatinib,exact,-18.0867205188514,-6.84260395018837,0.789244131763823,-14.8529958964143,ALMANAC
324020,HL-60,Vismodegib,Vismodegib (GDC-0449),exact,Lapatinib,Lapatinib,exact,-12.5209858646752,-1.94227940553844,4.59379467061045,-11.4152983865028,ALMANAC
324163,HL-60,Crizotinib,Crizotinib (PF-2341066),exact,Lapatinib,Lapatinib,exact,-24.5069890211152,-4.4140731165068,-0.194395434328423,-12.8861127312916,ALMANAC
324224,HL-60,Ruxolitinib,Ruxolitinib (INCB018424),exact,7803-88-5,,no_match,-50.7909928582118,-35.4761846504098,-11.546298636479,-43.7571650363129,ALMANAC
324333,HL-60,Ruxolitinib,Ruxolitinib (INCB018424),exact,Lapatinib,Lapatinib,exact,-10.7337419308815,-3.83324394127723,10.9070177928748,-18.6160696011389,ALMANAC
324401,HL-60,Vismodegib,Vismodegib (GDC-0449),exact,7803-88-5,,no_match,-20.0457909175522,-11.9997038013377,-8.34644802433432,-14.5548612333163,ALMANAC
324442,HL-60,Crizotinib,Crizotinib (PF-2341066),exact,7803-88-5,,no_match,-15.1151666104211,-15.9978945990955,-8.5955267421647,-14.6893078443663,ALMANAC
324478,HL-60,Axitinib,Axitinib (AG-013736),exact,7803-88-5,,no_match,-39.7655003693555,-42.1273831526543,-15.5412716120903,-39.3770672483776,ALMANAC
324539,HL-60,Vandetanib,Vandetanib (ZD6474),exact,7803-88-5,,no_match,-24.456632488516,-15.8493903072009,-7.23460000661577,-21.264276147424,ALMANAC
324696,HL-60,Pazopanib hydrochloride,Pazopanib (GW786034),exact,Lapatinib,Lapatinib,exact,-7.93006284059326,6.43484548477064,17.5629006741899,-18.2521433567467,ALMANAC
324728,HL-60,Vemurafenib,Vemurafenib (PLX-4032),exact,Lapatinib,Lapatinib,exact,-31.182382440598,-14.4860062685508,7.51356790726224,-30.3439213338427,ALMANAC
324917,HL-60,Abiraterone,,no_match,Lapatinib,Lapatinib,exact,-13.6790224649318,-3.3333922387872,6.63170672477946,-12.747938479125,ALMANAC
324989,HL-60,Lenalidomide,Lenalidomide,exact,Lapatinib,Lapatinib,exact,3.24272969227073,11.3218923982159,5.36558314103429,3.66555965914123,ALMANAC
325395,HL-60,Gefitinib,Gefitinib,exact,Lapatinib,Lapatinib,exact,2.61750945560738,11.5482574195394,6.41812767635567,3.47028382893657,ALMANAC
325415,HL-60,EXEMESTANE,,no_match,Lapatinib,Lapatinib,exact,1.93290931344137,8.66110879029188,5.15264079133645,2.78033743691903,ALMANAC
325566,HL-60,Pemetrexed,,no_match,Lapatinib,Lapatinib,exact,-30.7739156600923,-3.62740176566127,0.990594664465593,-7.71044034085875,ALMANAC
325644,HL-60,Vepesid J,,no_match,Sorafenib,Sorafenib,exact,-3.38809039651397,1.93138058962576,1.62917530619396,3.29995860312712,ALMANAC
325765,HL-60,mitoxantrone,,no_match,Imatinib,Imatinib,exact,-25.3745274549394,10.5783841549765,11.0752366471397,7.82778188136346,ALMANAC
325924,HL-60,Dexrazoxane,,no_match,Sorafenib,Sorafenib,exact,-2.74301791314386,-0.471534549283041,-1.24347522167974,0.202913361976914,ALMANAC
326020,HL-60,MEGESTROL ACETATE,,no_match,Crizotinib,Crizotinib (PF-2341066),exact,-6.04645000214447,1.94146009865594,-3.34213861437232,-4.05312845005259,ALMANAC
326066,HL-60,MEGESTROL ACETATE,,no_match,Sorafenib,Sorafenib,exact,-14.7129762285826,5.75703781001335,3.88481424463009,3.10208451809511,ALMANAC
326137,HL-60,teniposide,,no_match,CYTARABINE HYDROCHLORIDE,Cytarabine,exact,10.4024324138079,8.18521869494999,8.79455152884445,13.308383297572,ALMANAC
326207,HL-60,lomustine,,no_match,Crizotinib,Crizotinib (PF-2341066),exact,-10.5846554719124,2.65897916392249,3.31659108857865,0.134514158682683,ALMANAC
326238,HL-60,lomustine,,no_match,Sorafenib,Sorafenib,exact,-3.24436349836341,4.32145389640394,5.42822953726757,4.9190502012777,ALMANAC
326334,HL-60,Ruxolitinib,Ruxolitinib (INCB018424),exact,Fludarabine Base,,no_match,-50.4940170606177,-17.6951498345799,-11.1917916452614,-26.0563317029795,ALMANAC
326384,HL-60,23541-50-6,,no_match,Crizotinib,Crizotinib (PF-2341066),exact,-27.5020399536235,-1.3270487695378,-3.10684721832455,-4.22859695242843,ALMANAC
326567,HL-60,Navelbine ditartrate (TN),,no_match,Lapatinib,Lapatinib,exact,-30.9169544073952,13.153567062566,8.31592284704753,7.49717077025237,ALMANAC
326628,HL-60,Crizotinib,Crizotinib (PF-2341066),exact,Fludarabine Base,,no_match,-34.9458884776979,-25.7001851764739,-5.44614230949726,-29.1802522888107,ALMANAC
326705,HL-60,Vismodegib,Vismodegib (GDC-0449),exact,Fludarabine Base,,no_match,-60.5676345457577,-43.5207358718967,-14.0047762043528,-47.7022522888107,ALMANAC
326716,HL-60,Axitinib,Axitinib (AG-013736),exact,Fludarabine Base,,no_match,-16.9218714382814,-11.9799088307133,-9.05644473295982,-12.8799062278304,ALMANAC
326804,HL-60,23541-50-6,,no_match,Sorafenib,Sorafenib,exact,-4.05375318563157,5.52256771413595,5.37151649737678,5.2500261433463,ALMANAC
326852,HL-60,Vandetanib,Vandetanib (ZD6474),exact,Fludarabine Base,,no_match,-55.0770183205348,-47.6462247930377,-12.4789173107016,-53.1135539252018,ALMANAC
326988,HL-60,teniposide,,no_match,Crizotinib,Crizotinib (PF-2341066),exact,-13.2875982021078,-1.23463975200624,-1.09523504925835,-1.23029535375823,ALMANAC
327066,HL-60,teniposide,,no_match,Sorafenib,Sorafenib,exact,-4.24017622638512,2.03176898810036,1.41266138957736,3.49740304757155,ALMANAC
327150,HL-60,chlorambucil,,no_match,Crizotinib,Crizotinib (PF-2341066),exact,-10.8059064074896,-9.44600701249443,-5.77516966195555,-9.97120806353956,ALMANAC
327237,HL-60,6-Thioguanine,,no_match,Crizotinib,Crizotinib (PF-2341066),exact,-6.11015900617482,-4.04221884074291,-3.98708893763966,-4.53526361909511,ALMANAC
327285,HL-60,Lenalidomide,Lenalidomide,exact,Fludarabine Base,,no_match,-31.1406800435138,-7.7561395711979,-3.57624033088672,-8.42835067227482,ALMANAC
327401,HL-60,Vemurafenib,Vemurafenib (PLX-4032),exact,Fludarabine Base,,no_match,-39.8714051862588,-28.9080870354646,-9.16554859759385,-37.8890300665885,ALMANAC
327489,HL-60,Pazopanib hydrochloride,Pazopanib (GW786034),exact,Fludarabine Base,,no_match,-62.5389059495066,-21.7082804621432,-9.18625852096743,-38.1012205918684,ALMANAC
327501,HL-60,chlorambucil,,no_match,Sorafenib,Sorafenib,exact,-8.55895237977891,-5.4259219893766,-2.33953911892502,-5.11331917465067,ALMANAC
327580,HL-60,Melphalan hydrochloride,,no_match,Crizotinib,Crizotinib (PF-2341066),exact,-13.4647100415112,-4.81594354465819,-2.76665077333334,-8.39024364851968,ALMANAC
327647,HL-60,6-Thioguanine,,no_match,Sorafenib,Sorafenib,exact,-4.97806462060663,-0.0670323397778642,-0.369128548364221,1.00551415868267,ALMANAC
327691,HL-60,altretamine,,no_match,Crizotinib,Crizotinib (PF-2341066),exact,-33.8483711513649,-7.39546661963941,-4.05142551954128,-13.6027951167193,ALMANAC
327737,HL-60,altretamine,,no_match,Sorafenib,Sorafenib,exact,-31.3170998702786,-1.01180330955613,1.44141866959701,-4.03980437079377,ALMANAC
327865,HL-60,5-Fluorouracil,,no_match,Crizotinib,Crizotinib (PF-2341066),exact,-29.168553795306,-31.9173024427962,-20.7403239584937,-28.6320175759804,ALMANAC
327925,HL-60,Abiraterone,,no_match,Axitinib,Axitinib (AG-013736),exact,-5.39603482019659,6.04884518069919,-0.916340257550822,0.993112741464902,ALMANAC
328018,HL-60,Gefitinib,Gefitinib,exact,Antibiotic AD 32,,no_match,-3.20115649590427,-5.7278779361642,-3.84665486776167,-3.99985409134172,ALMANAC
328081,HL-60,Melphalan hydrochloride,,no_match,Sorafenib,Sorafenib,exact,-12.0654885089089,-0.52816830721698,1.35273363588818,-1.75132046809268,ALMANAC
328148,HL-60,Vemurafenib,Vemurafenib (PLX-4032),exact,Axitinib,Axitinib (AG-013736),exact,-15.5116044250527,-3.77768012376043,-0.524622915375051,-14.1732522888107,ALMANAC
328256,HL-60,Vepesid J,,no_match,Imatinib,Imatinib,exact,-24.0706417427865,3.59022311897889,3.60186401052802,0.526892992474589,ALMANAC
328271,HL-60,5-Fluorouracil,,no_match,Sorafenib,Sorafenib,exact,-23.9952451818202,-24.8427589135904,-21.6778508278528,-22.1137951167193,ALMANAC
328469,HL-60,Uramustine,,no_match,Crizotinib,Crizotinib (PF-2341066),exact,0.0242746542752632,0.670590046910936,2.20019166821e-05,0.903847492016004,ALMANAC
328540,HL-60,Gefitinib,Gefitinib,exact,Fludarabine Base,,no_match,-2.2028691684868,1.02346044746108,-0.403956808327888,0.0799839594405892,ALMANAC
328649,HL-60,Vemurafenib,Vemurafenib (PLX-4032),exact,docetaxel,,no_match,2.45668445655376,35.5490614640279,31.6872555273692,27.4262477111893,ALMANAC
328741,HL-60,Uramustine,,no_match,Sorafenib,Sorafenib,exact,1.9228260742821,4.91548351771662,4.82345156267034,5.53573638090489,ALMANAC
328824,HL-60,Lenalidomide,Lenalidomide,exact,docetaxel,,no_match,-44.7453292895083,-10.0409804986499,-10.2651062768409,-7.8696284500526,ALMANAC
328898,HL-60,Pazopanib hydrochloride,Pazopanib (GW786034),exact,Antibiotic AD 32,,no_match,-23.4977297007778,-2.50787192273223,10.1031413968719,-24.4029545921788,ALMANAC
328929,HL-60,Vemurafenib,Vemurafenib (PLX-4032),exact,Antibiotic AD 32,,no_match,4.73001176909137,14.6374549214183,8.46476152993051,4.12760469008803,ALMANAC
328988,HL-60,dacarbazine,,no_match,Crizotinib,Crizotinib (PF-2341066),exact,-23.424313320071,-17.4484811430441,-10.795436680843,-19.2317951167193,ALMANAC
329057,HL-60,dacarbazine,,no_match,Sorafenib,Sorafenib,exact,-25.6249179998578,-11.9806596075792,-5.73851825830095,-12.2809497987223,ALMANAC
329188,HL-60,Dexrazoxane,,no_match,Imatinib,Imatinib,exact,-1.66147372349731,4.9524543320504,3.4524777516518,0.253436241860401,ALMANAC
329255,HL-60,Lenalidomide,Lenalidomide,exact,Antibiotic AD 32,,no_match,-6.07038560768338,-9.15938247017808,-0.472590385435571,-5.91310700752542,ALMANAC
329461,HL-60,Ruxolitinib,Ruxolitinib (INCB018424),exact,docetaxel,,no_match,-32.5049025159878,25.6394648829681,21.8648954522542,17.1983905192427,ALMANAC
329656,HL-60,Vandetanib,Vandetanib (ZD6474),exact,docetaxel,,no_match,-54.6589024163514,0.563960898399216,9.61574890063216,-4.95560948075732,ALMANAC
329740,HL-60,Axitinib,Axitinib (AG-013736),exact,docetaxel,,no_match,-2.23882440276082,21.2128415085014,20.2659863650417,22.5895972516834,ALMANAC
329760,HL-60,Crizotinib,Crizotinib (PF-2341066),exact,docetaxel,,no_match,-10.9381943078938,14.7700845062848,14.8336029367765,12.2728032667448,ALMANAC
329825,HL-60,Ruxolitinib,Ruxolitinib (INCB018424),exact,Tamoxifen citrate,,no_match,-10.3411011421655,4.58760907116616,5.28467300399521,-6.98694281409065,ALMANAC
329871,HL-60,Vismodegib,Vismodegib (GDC-0449),exact,docetaxel,,no_match,-11.5071078362883,16.7519463903736,19.2159512245835,13.4781366000781,ALMANAC
329932,HL-60,Ruxolitinib,Ruxolitinib (INCB018424),exact,Axitinib,Axitinib (AG-013736),exact,-13.4510703439129,4.12450693545757,2.02987727281559,-6.74599836964621,ALMANAC
330020,HL-60,Vandetanib,Vandetanib (ZD6474),exact,Tamoxifen citrate,,no_match,13.2163704035807,22.8554795321528,11.0537374645267,15.2869460747982,ALMANAC
330154,HL-60,Crizotinib,Crizotinib (PF-2341066),exact,Axitinib,Axitinib (AG-013736),exact,3.70111206726002,10.093580551366,4.34456564492841,6.32716809770231,ALMANAC
330201,HL-60,Vismodegib,Vismodegib (GDC-0449),exact,Axitinib,Axitinib (AG-013736),exact,1.27525653120148,7.71773070758525,-2.72255027924344,3.67874771118925,ALMANAC
330298,HL-60,Crizotinib,Crizotinib (PF-2341066),exact,Tamoxifen citrate,,no_match,15.1533964584648,24.866791423952,18.4736163401054,19.5920569865912,ALMANAC
330347,HL-60,Vismodegib,Vismodegib (GDC-0449),exact,Tamoxifen citrate,,no_match,19.673766613562,26.2094606546827,22.5938133811302,20.7915014310356,ALMANAC
330448,HL-60,Axitinib,Axitinib (AG-013736),exact,Tamoxifen citrate,,no_match,-2.74497761691857,-0.728714722189441,3.79739701285373,-1.49293028576177,ALMANAC
330458,HL-60,Vandetanib,Vandetanib (ZD6474),exact,Axitinib,Axitinib (AG-013736),exact,-3.84401285334171,6.61271860033314,0.368992977622019,-0.495442814090644,ALMANAC
330552,HL-60,CABAZITAXEL,,no_match,Axitinib,Axitinib (AG-013736),exact,-21.7533904848699,10.8622502333761,9.84008174340392,11.3944226459668,ALMANAC
330761,HL-60,Vandetanib,Vandetanib (ZD6474),exact,Antibiotic AD 32,,no_match,-3.87033499683221,4.43587870884063,7.99389256837017,-2.86651014773429,ALMANAC
330850,HL-60,Axitinib,Axitinib (AG-013736),exact,Antibiotic AD 32,,no_match,2.10988240111962,-2.53439201809153,-3.53813799693579,-0.962465851643868,ALMANAC
330905,HL-60,Vismodegib,Vismodegib (GDC-0449),exact,Antibiotic AD 32,,no_match,15.0552062485855,18.6155424046478,16.2426367787163,14.4520491345325,ALMANAC
330981,HL-60,Crizotinib,Crizotinib (PF-2341066),exact,Antibiotic AD 32,,no_match,10.5888960482249,12.9221444247895,8.33756456648004,8.51938246786581,ALMANAC
331087,HL-60,Lenalidomide,Lenalidomide,exact,Quinacrine hydrochloride,,no_match,15.4602066960596,14.7994049260383,17.7011620757703,19.8265515397899,ALMANAC
331224,HL-60,Ruxolitinib,Ruxolitinib (INCB018424),exact,Antibiotic AD 32,,no_match,-7.35717414522217,2.90513813329115,4.41618266648551,-8.26239903662317,ALMANAC
331269,HL-60,Gefitinib,Gefitinib,exact,NSC-127716,,no_match,10.7033292345804,8.41174271367443,6.01464891027027,11.8705276555726,ALMANAC
331389,HL-60,Vemurafenib,Vemurafenib (PLX-4032),exact,Tamoxifen citrate,,no_match,0.646146363569861,13.3315020161148,13.1423746184936,1.31461254214675,ALMANAC
331423,HL-60,Lenalidomide,Lenalidomide,exact,Tamoxifen citrate,,no_match,-4.30335992360035,-3.94414201822958,-5.1871655284551,-3.84766256308098,ALMANAC
331539,HL-60,Pazopanib hydrochloride,Pazopanib (GW786034),exact,Tamoxifen citrate,,no_match,-24.8902122532766,1.15702213388069,10.8983753573816,-21.5360539252018,ALMANAC
331751,HL-60,dacarbazine,,no_match,Sunitinib,Sunitinib,exact,-18.3345225344904,-16.0543493395182,-6.62960200859143,-17.7525514519699,ALMANAC
331836,HL-60,Axitinib,Axitinib (AG-013736),exact,Quinacrine hydrochloride,,no_match,41.2038246846579,37.8314116665229,36.8989393038476,40.0060592165217,ALMANAC
331941,HL-60,Vismodegib,Vismodegib (GDC-0449),exact,Quinacrine hydrochloride,,no_match,12.6855590167462,18.5582684808951,25.8415850792103,15.1011105748593,ALMANAC
331979,HL-60,Crizotinib,Crizotinib (PF-2341066),exact,Quinacrine hydrochloride,,no_match,21.9698034021974,25.2980761943581,29.6178808400248,22.2853903199245,ALMANAC
332054,HL-60,Pazopanib hydrochloride,Pazopanib (GW786034),exact,NSC-127716,,no_match,-69.055102458145,-16.5681043274545,-6.40526023826217,-32.3567205918684,ALMANAC
332094,HL-60,Vepesid J,,no_match,Crizotinib,Crizotinib (PF-2341066),exact,-12.6582371073028,-3.00462360050572,-2.31116921513202,-3.72290646486934,ALMANAC
332199,HL-60,Vandetanib,Vandetanib (ZD6474),exact,Quinacrine hydrochloride,,no_match,2.48983807463782,10.5988873930874,29.0034349705648,3.72077940813157,ALMANAC
332268,HL-60,Ruxolitinib,Ruxolitinib (INCB018424),exact,Quinacrine hydrochloride,,no_match,24.6065736462632,38.7167975293229,36.7913811801315,28.1981127414649,ALMANAC
332381,HL-60,Gefitinib,Gefitinib,exact,docetaxel,,no_match,-1.59761971143929,8.87300152593763,8.33693693547436,10.3247105041208,ALMANAC
332475,HL-60,Lenalidomide,Lenalidomide,exact,NSC-127716,,no_match,-33.0278354677667,2.41395065487969,-2.33527266461851,9.44757553439647,ALMANAC
332564,HL-60,Vemurafenib,Vemurafenib (PLX-4032),exact,NSC-127716,,no_match,-32.6089526801396,3.14073670144633,-0.20799077417968,-3.51005392520177,ALMANAC
332640,HL-60,6-Thioguanine,,no_match,Imatinib,Imatinib,exact,-18.6760506695834,2.48907756404829,1.33919419629047,-1.84777367419209,ALMANAC
332672,HL-60,chlorambucil,,no_match,Imatinib,Imatinib,exact,-12.390526946642,-4.7985640282825,-0.282551296784992,-8.81560700752542,ALMANAC
332783,HL-60,Gefitinib,Gefitinib,exact,Tamoxifen citrate,,no_match,1.50822269465167,2.758491166929,-0.816292874400606,2.05884879039808,ALMANAC
332895,HL-60,Melphalan hydrochloride,,no_match,Imatinib,Imatinib,exact,-25.70029336979,4.71294914670396,4.30007445151278,-0.955898814378682,ALMANAC
332908,HL-60,altretamine,,no_match,Imatinib,Imatinib,exact,-2.49999300758095,5.82016806865608,5.29449966193787,-3.28100092172559,ALMANAC
332966,HL-60,5-Fluorouracil,,no_match,Imatinib,Imatinib,exact,-31.3225520609562,-25.4436783123223,-14.1766803173185,-29.055662563081,ALMANAC
333065,HL-60,Dexrazoxane,,no_match,Crizotinib,Crizotinib (PF-2341066),exact,-8.03091245287515,-5.78453822153747,-4.82523709234982,-7.49986441580086,ALMANAC
333097,HL-60,Vismodegib,Vismodegib (GDC-0449),exact,TOPOTECAN HYDROCHLORIDE,,no_match,-21.5488501057,-6.94382028746301,-1.4994203753558,-9.34253006658853,ALMANAC
333142,HL-60,Crizotinib,Crizotinib (PF-2341066),exact,TOPOTECAN HYDROCHLORIDE,,no_match,-17.3899727238587,0.426434724876045,0.051072727484384,-2.0223078443663,ALMANAC
333249,HL-60,Axitinib,Axitinib (AG-013736),exact,TOPOTECAN HYDROCHLORIDE,,no_match,-9.24635362783193,9.99642387372038,6.24922850606929,11.6034699334115,ALMANAC
333428,HL-60,Vandetanib,Vandetanib (ZD6474),exact,TOPOTECAN HYDROCHLORIDE,,no_match,-67.6240607795962,-10.2103393419374,0.300978479066387,-15.154776147424,ALMANAC
333542,HL-60,Gefitinib,Gefitinib,exact,6-Mercaptopurine,,no_match,10.0504569093238,9.65335918083952,7.17942847071878,10.3746506261073,ALMANAC
333556,HL-60,Uramustine,,no_match,Imatinib,Imatinib,exact,-4.49735978421619,6.95417263202645,8.07157388185652,3.13522632580792,ALMANAC
333622,HL-60,Ruxolitinib,Ruxolitinib (INCB018424),exact,TOPOTECAN HYDROCHLORIDE,,no_match,-63.265348131243,9.55474692318708,6.30008532965028,1.99322385257601,ALMANAC
333669,HL-60,Axitinib,Axitinib (AG-013736),exact,NSC-127716,,no_match,-24.8744626145767,-17.3137935157468,-12.9210403642831,-13.6324723444274,ALMANAC
333784,HL-60,Uramustine,,no_match,Sunitinib,Sunitinib,exact,1.31664335305949,3.69528986979062,2.30681535542479,2.6370041035857,ALMANAC
333834,HL-60,Vismodegib,Vismodegib (GDC-0449),exact,NSC-127716,,no_match,-24.4794798832901,10.855584937792,11.2813540516585,9.20205718590933,ALMANAC
333881,HL-60,Crizotinib,Crizotinib (PF-2341066),exact,NSC-127716,,no_match,2.13824510601953,7.43291071538012,8.22772144019061,7.86791437785593,ALMANAC
333939,HL-60,Pazopanib hydrochloride,Pazopanib (GW786034),exact,TOPOTECAN HYDROCHLORIDE,,no_match,-74.8227925756874,5.26090783340161,7.97292979779542,-9.56422059186843,ALMANAC
334058,HL-60,Vandetanib,Vandetanib (ZD6474),exact,NSC-127716,,no_match,-14.5673781051255,10.3635005208177,9.33436761368028,5.097723852576,ALMANAC
334164,HL-60,dacarbazine,,no_match,Imatinib,Imatinib,exact,-24.5467038042166,-14.7293931683935,-4.33618998705711,-21.0661232146863,ALMANAC
334244,HL-60,Ruxolitinib,Ruxolitinib (INCB018424),exact,NSC-127716,,no_match,-57.3518802359228,-12.6005505157246,-6.60062838061087,-20.6534983696462,ALMANAC
334266,HL-60,Lenalidomide,Lenalidomide,exact,TOPOTECAN HYDROCHLORIDE,,no_match,-35.629972697157,2.94692397768021,0.0525913588535126,6.4175937721696,ALMANAC
334440,HL-60,Vemurafenib,Vemurafenib (PLX-4032),exact,TOPOTECAN HYDROCHLORIDE,,no_match,-29.7522054127528,9.59859967785797,7.3949273551215,2.81780543335042,ALMANAC
334463,HL-60,Ruxolitinib,Ruxolitinib (INCB018424),exact,Vepesid J,,no_match,-32.6798638307854,0.410140273502338,6.44447817438801,-4.56122059186845,ALMANAC
334501,HL-60,MEGESTROL ACETATE,,no_match,Imatinib,Imatinib,exact,1.87905897513681,10.2970901911992,4.80057849473891,1.54277685605219,ALMANAC
334563,HL-60,lomustine,,no_match,Imatinib,Imatinib,exact,-5.32412930244011,8.96715035802368,11.8643602760069,3.3643212297582,ALMANAC
334704,HL-60,23541-50-6,,no_match,Imatinib,Imatinib,exact,-41.2352923675332,12.864202478808,9.16265967859855,7.73798789642486,ALMANAC
334748,HL-60,Gefitinib,Gefitinib,exact,TOPOTECAN HYDROCHLORIDE,,no_match,0.645070554578815,2.09883563081959,-1.78313683187445,3.84446993341149,ALMANAC
334974,HL-60,Ruxolitinib,Ruxolitinib (INCB018424),exact,6-Mercaptopurine,,no_match,-38.6336260248205,-9.75418617869033,-5.82854961535051,-19.1713317029795,ALMANAC
335047,HL-60,Vandetanib,Vandetanib (ZD6474),exact,6-Mercaptopurine,,no_match,-26.1032980562515,-7.33306951492588,-7.00644376947991,-13.4908872585351,ALMANAC
335135,HL-60,Axitinib,Axitinib (AG-013736),exact,6-Mercaptopurine,,no_match,-5.14015960271907,-5.66425341926814,-7.3054950500145,-4.82735067227481,ALMANAC
335211,HL-60,teniposide,,no_match,Imatinib,Imatinib,exact,-30.1237513273172,4.96661175009126,4.40432323673204,1.89305965914123,ALMANAC
335325,HL-60,Crizotinib,Crizotinib (PF-2341066),exact,6-Mercaptopurine,,no_match,-3.12590552144024,-0.769596417061642,-4.63502570037648,-3.08303006658851,ALMANAC
335368,HL-60,Vismodegib,Vismodegib (GDC-0449),exact,6-Mercaptopurine,,no_match,-20.3611447289259,1.55275390621513,1.28669197439175,-2.45447451103297,ALMANAC
335407,HL-60,Vemurafenib,Vemurafenib (PLX-4032),exact,6-Mercaptopurine,,no_match,-9.41182212676293,0.118570675980562,2.29250325219225,-9.34336339992185,ALMANAC
335556,HL-60,Lenalidomide,Lenalidomide,exact,6-Mercaptopurine,,no_match,-18.0121044109973,1.00306072913614,1.72213332411481,2.44564932772517,ALMANAC
335614,HL-60,Pazopanib hydrochloride,Pazopanib (GW786034),exact,6-Mercaptopurine,,no_match,-49.4005149137094,-11.4749572395869,-2.27483139381543,-29.9382205918684,ALMANAC
335731,HL-60,Gefitinib,Gefitinib,exact,thalidomide,,no_match,-0.565445246295439,3.09548389618549,-2.17555494116805,3.10241529076423,ALMANAC
335869,HL-60,Axitinib,Axitinib (AG-013736),exact,Vepesid J,,no_match,-15.6502151876419,-5.04043121374214,1.87939468456801,-3.96991678887182,ALMANAC
335884,HL-60,Vismodegib,Vismodegib (GDC-0449),exact,Vepesid J,,no_match,-8.69403617312652,9.99666990396337,9.24925896884466,8.18441654446152,ALMANAC
335956,HL-60,Crizotinib,Crizotinib (PF-2341066),exact,Vepesid J,,no_match,-3.83879772302988,5.81426094428053,5.46932420167693,5.09586098890596,ALMANAC
336192,HL-60,Vandetanib,Vandetanib (ZD6474),exact,Vepesid J,,no_match,-8.62929069065017,13.3740794772668,11.6906247002206,10.1233349636871,ALMANAC
336542,HL-60,Vepesid J,,no_match,CYTARABINE HYDROCHLORIDE,Cytarabine,exact,3.31988784658411,2.56204623522649,0.823614792679865,5.61164486818898,ALMANAC
337016,HL-60,Melphalan hydrochloride,,no_match,Sunitinib,Sunitinib,exact,-8.25348032411078,-0.445036602764932,0.642246877429463,-2.82851962039231,ALMANAC
337984,HL-60,altretamine,,no_match,Sunitinib,Sunitinib,exact,-7.52825578352087,-2.22717928024641,7.79854554641019,-5.96827831402957,ALMANAC
339031,HL-60,6-Thioguanine,,no_match,Sunitinib,Sunitinib,exact,-7.54904280359773,-1.91319111374311,-2.48319715688955,-3.11499589641432,ALMANAC
339597,HL-60,chlorambucil,,no_match,Sunitinib,Sunitinib,exact,-9.94547058887559,-8.28842576162945,-2.89845572902854,-9.40160700752543,ALMANAC
339920,HL-60,Axitinib,Axitinib (AG-013736),exact,Ruxolitinib,Ruxolitinib (INCB018424),exact,-16.1191087217716,1.4514678838645,2.03104595173864,-9.41921811863653,ALMANAC
340035,HL-60,Vismodegib,Vismodegib (GDC-0449),exact,Ruxolitinib,Ruxolitinib (INCB018424),exact,-4.15155138630263,12.3989802193478,10.738924288928,-0.661953068505783,ALMANAC
340140,HL-60,Crizotinib,Crizotinib (PF-2341066),exact,Ruxolitinib,Ruxolitinib (INCB018424),exact,-34.5467854249551,-0.866354701113487,-0.401948516271426,-12.5630016201805,ALMANAC
340292,HL-60,Vandetanib,Vandetanib (ZD6474),exact,Ruxolitinib,Ruxolitinib (INCB018424),exact,1.03847429072547,13.4761713926512,11.061781979105,-0.478491078388258,ALMANAC
340935,HL-60,Vismodegib,Vismodegib (GDC-0449),exact,Gefitinib,Gefitinib,exact,-2.5902723828682,5.38906395526674,2.70195165625187,1.39497123179355,ALMANAC
341031,HL-60,Crizotinib,Crizotinib (PF-2341066),exact,Gefitinib,Gefitinib,exact,5.68736310504295,10.0063942879441,0.637344171629,6.04350272941771,ALMANAC
341103,HL-60,Axitinib,Axitinib (AG-013736),exact,Gefitinib,Gefitinib,exact,1.99218335053256,0.0535343371761942,-2.3995332947218,2.16690717627641,ALMANAC
341122,HL-60,Pemetrexed,,no_match,Imatinib,Imatinib,exact,-39.474796646198,-8.50038229055424,-1.34545108500896,-12.043900992464,ALMANAC
341333,HL-60,Vandetanib,Vandetanib (ZD6474),exact,Gefitinib,Gefitinib,exact,1.6234223222911,9.64341238396195,5.00045367629384,2.47528135570467,ALMANAC
341359,HL-60,CABAZITAXEL,,no_match,Gefitinib,Gefitinib,exact,16.01996497724,15.902984183546,16.3168337439205,16.30714551738,ALMANAC
341436,HL-60,Ruxolitinib,Ruxolitinib (INCB018424),exact,Gefitinib,Gefitinib,exact,-6.98326625908617,8.132053696635,6.60516691366878,-2.83016308873977,ALMANAC
341537,HL-60,Abiraterone,,no_match,Ruxolitinib,Ruxolitinib (INCB018424),exact,-1.1668472187269,12.8582974769828,10.1892682001795,-0.0424384791250134,ALMANAC
341744,HL-60,EXEMESTANE,,no_match,Imatinib,Imatinib,exact,0.850857320138665,6.7839009742878,3.69445458569513,1.19596954793772,ALMANAC
341794,HL-60,Vemurafenib,Vemurafenib (PLX-4032),exact,Ruxolitinib,Ruxolitinib (INCB018424),exact,-29.5934636491082,-5.96896980866458,9.07915887979422,-24.424254667176,ALMANAC
341847,HL-60,Gefitinib,Gefitinib,exact,Imatinib,Imatinib,exact,3.74007509021974,12.731949018243,7.48392910184544,5.92632252814026,ALMANAC
341940,HL-60,Pazopanib hydrochloride,Pazopanib (GW786034),exact,Ruxolitinib,Ruxolitinib (INCB018424),exact,12.7285856398919,25.6945203291013,20.4223260183874,-0.974421134524502,ALMANAC
342148,HL-60,Vepesid J,,no_match,Vemurafenib,Vemurafenib (PLX-4032),exact,-15.5829400302929,4.34617181547594,2.69668624908073,-0.35635090931378,ALMANAC
342212,HL-60,Pazopanib hydrochloride,Pazopanib (GW786034),exact,Imatinib,Imatinib,exact,-11.9777770630231,3.91152987182211,17.4459805945869,-20.8800878011912,ALMANAC
342314,HL-60,Pazopanib hydrochloride,Pazopanib (GW786034),exact,Gefitinib,Gefitinib,exact,-9.69659959241952,15.9490349305686,19.0045370898127,-5.54349642207312,ALMANAC
342375,HL-60,Abiraterone,,no_match,Imatinib,Imatinib,exact,-14.0825156469377,-4.68147925838327,6.01010511153714,-14.6748545375029,ALMANAC
342450,HL-60,Lenalidomide,Lenalidomide,exact,Imatinib,Imatinib,exact,1.2567667260018,8.15331095165627,4.95418937757574,1.75100410358567,ALMANAC
342565,HL-60,Lenalidomide,Lenalidomide,exact,Gefitinib,Gefitinib,exact,-11.4285689724045,-8.87453330629,-2.41907955606344,-5.06323956116372,ALMANAC
342659,HL-60,Vemurafenib,Vemurafenib (PLX-4032),exact,Imatinib,Imatinib,exact,-28.2704231964817,-9.7813359903882,6.87463665002967,-25.4615880005093,ALMANAC
342718,HL-60,Abiraterone,,no_match,Gefitinib,Gefitinib,exact,-1.33936500495904,5.96666762683016,5.4204099494839,0.868281355704667,ALMANAC
342842,HL-60,Axitinib,Axitinib (AG-013736),exact,Imatinib,Imatinib,exact,-23.301944971032,-10.7257320856369,0.282454326382424,-17.5350142449014,ALMANAC
342847,HL-60,Vismodegib,Vismodegib (GDC-0449),exact,Imatinib,Imatinib,exact,-17.521632940399,-7.67683009348696,4.01224051454581,-17.4155086240613,ALMANAC
342941,HL-60,Vemurafenib,Vemurafenib (PLX-4032),exact,Gefitinib,Gefitinib,exact,-7.03701997605086,3.92312030784694,3.4602626989911,-6.48447321265089,ALMANAC
343049,HL-60,Crizotinib,Crizotinib (PF-2341066),exact,Imatinib,Imatinib,exact,-41.3733661384151,-11.8823419686608,-2.206179039353,-20.7402666376744,ALMANAC
343146,HL-60,CABAZITAXEL,,no_match,Imatinib,Imatinib,exact,-30.2908368838195,9.05777823452614,12.8609067666974,5.20593234086929,ALMANAC
343236,HL-60,Vandetanib,Vandetanib (ZD6474),exact,Imatinib,Imatinib,exact,-9.2389050500866,-1.04667795907242,8.03840551460648,-12.0384910783883,ALMANAC
343281,HL-60,Ruxolitinib,Ruxolitinib (INCB018424),exact,Imatinib,Imatinib,exact,-15.0763299569092,-8.09178840061465,10.2013991019602,-23.1610204094068,ALMANAC
343353,HL-60,Lenalidomide,Lenalidomide,exact,thalidomide,,no_match,-1.74826274310789,-1.77685354110226,7.48755259841423,-1.2028847853032,ALMANAC
343490,HL-60,Ruxolitinib,Ruxolitinib (INCB018424),exact,mitotane,,no_match,-14.7836198961321,-2.93506121514329,4.93797212140873,-14.3868872585351,ALMANAC
343679,HL-60,Vandetanib,Vandetanib (ZD6474),exact,mitotane,,no_match,-2.1745031553241,5.62361869306562,6.69108409654929,-1.86466503631286,ALMANAC
343710,HL-60,Axitinib,Axitinib (AG-013736),exact,mitotane,,no_match,-5.21907789343399,-2.83438272238775,-1.81316931458487,-2.08286488686886,ALMANAC
343759,HL-60,Vismodegib,Vismodegib (GDC-0449),exact,mitotane,,no_match,10.9488410524071,17.8769833364288,12.5596793983781,12.8372792088134,ALMANAC
343806,HL-60,Crizotinib,Crizotinib (PF-2341066),exact,mitotane,,no_match,2.80994446936709,16.6444239138029,12.3130707396803,11.6326125421468,ALMANAC
344426,HL-60,5-Fluorouracil,,no_match,Sunitinib,Sunitinib,exact,-34.7586723724644,-33.3660623367803,-24.6179413644899,-34.3669958964143,ALMANAC
344541,HL-60,Gefitinib,Gefitinib,exact,lomustine,,no_match,-12.6368315141311,-10.2511709784353,-6.24350200120722,-9.43282819508283,ALMANAC
344614,HL-60,Vemurafenib,Vemurafenib (PLX-4032),exact,mitotane,,no_match,1.03860303865246,13.8923115284165,11.4709393852382,2.32983476436898,ALMANAC
344644,HL-60,Vemurafenib,Vemurafenib (PLX-4032),exact,thalidomide,,no_match,-7.17610733112475,5.74015543907549,10.2333343506057,-6.04827634674213,ALMANAC
344735,HL-60,Lenalidomide,Lenalidomide,exact,mitotane,,no_match,0.469618860560198,0.0116656482387347,-1.67276331021122,1.05789299247456,ALMANAC
344902,HL-60,Pazopanib hydrochloride,Pazopanib (GW786034),exact,thalidomide,,no_match,-15.2658360972676,5.93077356795247,14.7592130294451,-16.6413317029795,ALMANAC
344934,HL-60,Pazopanib hydrochloride,Pazopanib (GW786034),exact,mitotane,,no_match,-6.8111754516877,16.0380168572935,22.5515506374369,-6.41444281409064,ALMANAC
345331,HL-60,Gefitinib,Gefitinib,exact,mitotane,,no_match,1.47638537515835,7.80766206415817,-0.201766462434023,8.69230457031511,ALMANAC
345387,HL-60,Lenalidomide,Lenalidomide,exact,Vepesid J,,no_match,-14.4851976726679,10.1982369791066,10.8936082739084,11.8897844334428,ALMANAC
345745,HL-60,Dexrazoxane,,no_match,CYTARABINE HYDROCHLORIDE,Cytarabine,exact,5.40522816998228,3.8818088878262,3.57440242756795,8.57649715894766,ALMANAC
345922,HL-60,Navelbine ditartrate (TN),,no_match,Imatinib,Imatinib,exact,-32.2238916586252,16.642553940173,13.0946573728484,11.8033212297582,ALMANAC
346132,HL-60,Vemurafenib,Vemurafenib (PLX-4032),exact,Vepesid J,,no_match,-12.3206807758625,7.60742942261768,9.03268681869791,2.90474987779484,ALMANAC
346521,HL-60,Pazopanib hydrochloride,Pazopanib (GW786034),exact,Vepesid J,,no_match,-32.6366416085631,5.22885588038354,10.5301251847242,-4.51799836964623,ALMANAC
348168,HL-60,Gefitinib,Gefitinib,exact,methoxsalen,,no_match,9.53104315920308,4.54420375298256,-1.22570207533847,7.14216809770233,ALMANAC
348183,HL-60,Dexrazoxane,,no_match,Vemurafenib,Vemurafenib (PLX-4032),exact,-3.75211847831946,4.17961150323175,1.31478989530232,-2.67986321548351,ALMANAC
348416,HL-60,Vemurafenib,Vemurafenib (PLX-4032),exact,methoxsalen,,no_match,-3.56599974793566,5.27696395562326,7.13288796414377,-4.35558014973876,ALMANAC
348531,HL-60,Lenalidomide,Lenalidomide,exact,methoxsalen,,no_match,-0.849232986482929,-5.71271944122116,3.38720301208223,-0.341440340858763,ALMANAC
348597,HL-60,Vandetanib,Vandetanib (ZD6474),exact,methoxsalen,,no_match,-2.93721924419003,2.68772544805016,6.18250213446302,-4.4351094807573,ALMANAC
348755,HL-60,Crizotinib,Crizotinib (PF-2341066),exact,methoxsalen,,no_match,-11.7349111533341,7.33543332557948,3.85085844231452,3.5209458754801,ALMANAC
348800,HL-60,Vismodegib,Vismodegib (GDC-0449),exact,methoxsalen,,no_match,6.14875047206799,8.46822728585783,3.17255566402817,5.1510569865912,ALMANAC
348826,HL-60,Axitinib,Axitinib (AG-013736),exact,methoxsalen,,no_match,-8.71582707396928,-6.95010870073656,-3.79872826453041,-4.59072079118657,ALMANAC
349037,HL-60,Ruxolitinib,Ruxolitinib (INCB018424),exact,methoxsalen,,no_match,-22.2584799409274,-12.8800528712699,2.91716517904475,-23.7729983696462,ALMANAC
349072,HL-60,Ruxolitinib,Ruxolitinib (INCB018424),exact,methotrexate,,no_match,-38.3843827889989,1.50653116587491,4.264913165063,-3.29670438470762,ALMANAC
349316,HL-60,Crizotinib,Crizotinib (PF-2341066),exact,methotrexate,,no_match,-19.033088206411,1.91730729937694,3.52905760823717,0.266360988905951,ALMANAC
349362,HL-60,Vismodegib,Vismodegib (GDC-0449),exact,methotrexate,,no_match,-25.0669752690692,1.60846516439149,2.75194259912889,-0.906305677760721,ALMANAC
349466,HL-60,Axitinib,Axitinib (AG-013736),exact,methotrexate,,no_match,-22.1887250672318,-0.000627946369561,0.595901784046554,-1.09493778877939,ALMANAC
349497,HL-60,Vandetanib,Vandetanib (ZD6474),exact,methotrexate,,no_match,-33.7276020822951,-0.565700227582854,2.81669848658155,-3.65638725853513,ALMANAC
350157,HL-60,Vemurafenib,Vemurafenib (PLX-4032),exact,methotrexate,,no_match,-23.8575213146005,5.55721778026802,5.45578074010484,0.3039165444615,ALMANAC
350189,HL-60,Pazopanib hydrochloride,Pazopanib (GW786034),exact,methotrexate,,no_match,-42.8016050112211,1.62967051581165,7.37055414155375,-7.63727614742402,ALMANAC
350444,HL-60,teniposide,,no_match,Sunitinib,Sunitinib,exact,-20.0012930021701,1.9635635856332,1.60718201637559,1.11183743691902,ALMANAC
351527,HL-60,lomustine,,no_match,Sunitinib,Sunitinib,exact,3.51963065813176,6.05964497801007,6.79187756465079,4.51259353513068,ALMANAC
351768,HL-60,Ruxolitinib,Ruxolitinib (INCB018424),exact,thalidomide,,no_match,-15.0492805417121,-4.91192513781762,6.52156492696159,-16.424776147424,ALMANAC
352217,HL-60,Vemurafenib,Vemurafenib (PLX-4032),exact,Vismodegib,Vismodegib (GDC-0449),exact,-22.11708824684,-6.05817071547165,3.08566806411541,-19.3363633999218,ALMANAC
352354,HL-60,Abiraterone,,no_match,Vismodegib,Vismodegib (GDC-0449),exact,2.44867980894756,10.72770087024,2.32390422077211,3.20210085345673,ALMANAC
352425,HL-60,Pazopanib hydrochloride,Pazopanib (GW786034),exact,Vismodegib,Vismodegib (GDC-0449),exact,-1.52581387891646,25.8394512734053,21.3592339817735,2.58139051924269,ALMANAC
352623,HL-60,Ruxolitinib,Ruxolitinib (INCB018424),exact,Vismodegib,Vismodegib (GDC-0449),exact,-15.0586768790467,1.48577823124635,6.01697507144694,-11.5742634197769,ALMANAC
352672,HL-60,Vandetanib,Vandetanib (ZD6474),exact,Vismodegib,Vismodegib (GDC-0449),exact,-2.33714017767772,7.24080059112192,5.59581636566539,-1.2371369552024,ALMANAC
352726,HL-60,CABAZITAXEL,,no_match,Vismodegib,Vismodegib (GDC-0449),exact,-21.4218433429537,15.4116870688871,13.0493912488173,13.0522602017973,ALMANAC
352849,HL-60,Crizotinib,Crizotinib (PF-2341066),exact,Vismodegib,Vismodegib (GDC-0449),exact,-21.7112695164569,-5.18395729747459,-4.40824838157199,-11.3597074234822,ALMANAC
352885,HL-60,Axitinib,Axitinib (AG-013736),exact,Vismodegib,Vismodegib (GDC-0449),exact,-7.11382595127175,1.05993411233521,-2.72289548858237,-2.97893028576176,ALMANAC
353013,HL-60,Lenalidomide,Lenalidomide,exact,Eloxatin (TN) (Sanofi Synthelab),,no_match,-61.4738484483586,-13.9381201345252,-11.1069765418728,-7.69801733894149,ALMANAC
353133,HL-60,MEGESTROL ACETATE,,no_match,Sunitinib,Sunitinib,exact,0.273183245962533,4.49408658007449,1.68033308741189,1.16301564562973,ALMANAC
353240,HL-60,Vemurafenib,Vemurafenib (PLX-4032),exact,Eloxatin (TN) (Sanofi Synthelab),,no_match,-14.7059032404478,11.2516730059303,8.21212437001273,3.3246105748593,ALMANAC
353386,HL-60,Pazopanib hydrochloride,Pazopanib (GW786034),exact,Eloxatin (TN) (Sanofi Synthelab),,no_match,-59.6492881870667,-1.25576576074826,3.0133275384721,-19.6318317029795,ALMANAC
353445,HL-60,Vismodegib,Vismodegib (GDC-0449),exact,thalidomide,,no_match,6.04833829544409,11.5878470470878,8.5354554173169,6.3600569865912,ALMANAC
353640,HL-60,Axitinib,Axitinib (AG-013736),exact,thalidomide,,no_match,-9.69190036418534,-3.30228502283988,-2.57531694410853,-3.36414156317339,ALMANAC
354081,HL-60,Ruxolitinib,Ruxolitinib (INCB018424),exact,Eloxatin (TN) (Sanofi Synthelab),,no_match,-43.0701770759556,6.31995009153721,13.7421061401199,-3.05272059186843,ALMANAC
354112,HL-60,Vismodegib,Vismodegib (GDC-0449),exact,Eloxatin (TN) (Sanofi Synthelab),,no_match,-12.4546245379472,12.9906773544982,10.7417301696723,10.6049699334115,ALMANAC
354190,HL-60,Crizotinib,Crizotinib (PF-2341066),exact,Eloxatin (TN) (Sanofi Synthelab),,no_match,13.0282828797956,18.2912335264149,16.7112293945485,17.557525488967,ALMANAC
354226,HL-60,Axitinib,Axitinib (AG-013736),exact,Eloxatin (TN) (Sanofi Synthelab),,no_match,-0.965896579048798,6.14809387262606,4.80375765873106,9.10663660007815,ALMANAC
354371,HL-60,Vandetanib,Vandetanib (ZD6474),exact,Eloxatin (TN) (Sanofi Synthelab),,no_match,-18.3804597197264,11.9249041958572,15.4230093809678,5.79616829702046,ALMANAC
354430,HL-60,Vandetanib,Vandetanib (ZD6474),exact,thalidomide,,no_match,4.4513035483112,10.8656336815024,6.22154651999363,3.33744607479825,ALMANAC
354845,HL-60,Gefitinib,Gefitinib,exact,Eloxatin (TN) (Sanofi Synthelab),,no_match,-5.60024904794125,-8.14199824224172,-9.18016160444374,-5.16858562214407,ALMANAC
355043,HL-60,23541-50-6,,no_match,Sunitinib,Sunitinib,exact,-39.945175323381,2.92973148101664,2.25227795753252,1.51837131290845,ALMANAC
355245,HL-60,Abiraterone,,no_match,Dasatinib,Dasatinib,exact,-16.7581619554103,-9.92905085076781,0.381620064992576,-15.1545539252017,ALMANAC
355352,HL-60,Axitinib,Axitinib (AG-013736),exact,MITHRAMYCIN,,no_match,19.9032675714038,19.0154961371069,13.2711748358291,18.9750998643563,ALMANAC
355421,HL-60,Crizotinib,Crizotinib (PF-2341066),exact,MITHRAMYCIN,,no_match,2.89968489364021,6.62335285753557,7.16885578405965,1.49229841412087,ALMANAC
355517,HL-60,Vismodegib,Vismodegib (GDC-0449),exact,MITHRAMYCIN,,no_match,8.90287047191856,12.5269964066861,14.0131161264329,7.31574285856529,ALMANAC
355592,HL-60,Vandetanib,Vandetanib (ZD6474),exact,MITHRAMYCIN,,no_match,-14.9431024976582,-10.2469569699389,3.79431226427856,-17.7716362283517,ALMANAC
355668,HL-60,Ruxolitinib,Ruxolitinib (INCB018424),exact,MITHRAMYCIN,,no_match,15.6463344597865,24.3118494671475,17.5030917467356,12.8043637716483,ALMANAC
355730,HL-60,Gefitinib,Gefitinib,exact,ifosfamide,,no_match,-18.5015865981631,4.53229410868484,-0.643140010750342,2.42783938449213,ALMANAC
355878,HL-60,Vemurafenib,Vemurafenib (PLX-4032),exact,Dasatinib,Dasatinib,exact,-29.2495283311359,-18.4538750466336,1.08923491056998,-29.2154985689644,ALMANAC
356056,HL-60,Gefitinib,Gefitinib,exact,158798-73-3,,no_match,-19.4650310426075,1.5992403421695,-2.4745413135217,1.43510273494556,ALMANAC
356219,HL-60,Lenalidomide,Lenalidomide,exact,Retinoic acid,,no_match,-37.0201257480478,-35.5091996892301,-17.2779038247727,-28.3328872585351,ALMANAC
356331,HL-60,Vemurafenib,Vemurafenib (PLX-4032),exact,Retinoic acid,,no_match,19.1415013496297,31.8528086903921,28.6733729974116,25.205223852576,ALMANAC
356422,HL-60,Pazopanib hydrochloride,Pazopanib (GW786034),exact,Retinoic acid,,no_match,18.9759867479359,41.8617853037135,39.607326095341,26.0807794081316,ALMANAC
356480,HL-60,Gefitinib,Gefitinib,exact,cyclophosphamide,,no_match,-14.5526731917297,3.06131930297705,-0.790345523291933,4.7645358077813,ALMANAC
356558,HL-60,Pazopanib hydrochloride,Pazopanib (GW786034),exact,MITHRAMYCIN,,no_match,2.57522334867538,22.2948386921655,25.1645446046633,-0.266747339462816,ALMANAC
356636,HL-60,Axitinib,Axitinib (AG-013736),exact,ifosfamide,,no_match,-1.15524997218743,11.1032970608157,6.21323272131214,9.01644854803014,ALMANAC
356719,HL-60,Crizotinib,Crizotinib (PF-2341066),exact,ifosfamide,,no_match,-29.7595921090691,-4.21832273256417,2.66044682185768,-10.0719430134088,ALMANAC
356798,HL-60,Vismodegib,Vismodegib (GDC-0449),exact,ifosfamide,,no_match,-28.6149570659135,-17.9500567378677,1.4047785156373,-24.2008319022977,ALMANAC
356965,HL-60,Lenalidomide,Lenalidomide,exact,MITHRAMYCIN,,no_match,4.74040706401919,6.74036272546299,8.32549405254314,4.95333743691901,ALMANAC
357012,HL-60,Vandetanib,Vandetanib (ZD6474),exact,ifosfamide,,no_match,-27.323170246218,-19.9347210492865,5.06909375667193,-27.6799428140907,ALMANAC
357064,HL-60,Vemurafenib,Vemurafenib (PLX-4032),exact,MITHRAMYCIN,,no_match,18.334173969298,28.5645309045067,20.614890755981,16.7959650807875,ALMANAC
357196,HL-60,Ruxolitinib,Ruxolitinib (INCB018424),exact,ifosfamide,,no_match,-1.16275982205,9.81770724083793,7.22867056842534,-2.05873257653203,ALMANAC
357450,HL-60,Ruxolitinib,Ruxolitinib (INCB018424),exact,Retinoic acid,,no_match,27.3713200812692,42.5251789440545,42.554864249977,34.4761127414649,ALMANAC
357485,HL-60,Gefitinib,Gefitinib,exact,MITHRAMYCIN,,no_match,24.814866736828,26.6351665868081,23.6622450417092,24.749728273381,ALMANAC
357651,HL-60,Axitinib,Axitinib (AG-013736),exact,Retinoic acid,,no_match,35.4423667272218,34.9098892290323,35.0712304020616,39.2056682970204,ALMANAC
357742,HL-60,Crizotinib,Crizotinib (PF-2341066),exact,Retinoic acid,,no_match,28.3862945147824,26.4072614833518,24.9059377130652,28.6853903199245,ALMANAC
357793,HL-60,Vismodegib,Vismodegib (GDC-0449),exact,Retinoic acid,,no_match,13.633241033891,23.7208434661822,22.3037221201605,22.0681127414649,ALMANAC
357881,HL-60,Vandetanib,Vandetanib (ZD6474),exact,Retinoic acid,,no_match,17.6180138792148,27.5954623311523,27.9996299162716,22.332223852576,ALMANAC
358043,HL-60,Axitinib,Axitinib (AG-013736),exact,cyclophosphamide,,no_match,-32.989805527743,-26.4004041569258,-4.73441845512982,-24.8548537302986,ALMANAC
358064,HL-60,Vismodegib,Vismodegib (GDC-0449),exact,cyclophosphamide,,no_match,13.2943577353651,19.0347841546686,16.825776692853,14.9420569865912,ALMANAC
358115,HL-60,Crizotinib,Crizotinib (PF-2341066),exact,cyclophosphamide,,no_match,-16.0833768678646,13.3535186986923,11.2414191493896,8.9999458754801,ALMANAC
358288,HL-60,Pazopanib hydrochloride,Pazopanib (GW786034),exact,ifosfamide,,no_match,-18.8747597865453,3.76201689688578,13.1184720569736,-19.4608317029795,ALMANAC
358319,HL-60,Vandetanib,Vandetanib (ZD6474),exact,cyclophosphamide,,no_match,2.82392129181706,10.298154691861,9.73477171582527,3.01077940813158,ALMANAC
358449,HL-60,Lenalidomide,Lenalidomide,exact,ifosfamide,,no_match,-4.50129166768241,-1.88827494633559,-1.51055025012763,-3.8828847853032,ALMANAC
358498,HL-60,Vemurafenib,Vemurafenib (PLX-4032),exact,ifosfamide,,no_match,-16.0184911622727,1.69321875245326,7.78781519675154,-11.324165235631,ALMANAC
358765,HL-60,Gefitinib,Gefitinib,exact,Retinoic acid,,no_match,-26.5320152581284,-29.7028396946989,-16.1998759135976,-25.9568872585351,ALMANAC
358853,HL-60,Lenalidomide,Lenalidomide,exact,cyclophosphamide,,no_match,-5.77306944546021,-8.57862223074369,-4.90563469997512,-5.15466256308099,ALMANAC
358918,HL-60,Vemurafenib,Vemurafenib (PLX-4032),exact,cyclophosphamide,,no_match,-4.65174152606862,7.48333756332294,9.36287622295674,-3.04258014973878,ALMANAC
359008,HL-60,Pazopanib hydrochloride,Pazopanib (GW786034),exact,cyclophosphamide,,no_match,-46.4485813820798,-24.4108204633556,8.44657679736287,-46.2608872585351,ALMANAC
359186,HL-60,Gefitinib,Gefitinib,exact,actinomycin D,,no_match,26.0350301283484,25.3569978905026,18.652580270833,26.3080823480929,ALMANAC
359377,HL-60,Pazopanib hydrochloride,Pazopanib (GW786034),exact,actinomycin D,,no_match,8.29931376477601,33.2274886353661,35.4908093119624,10.9151806324556,ALMANAC
359465,HL-60,Vemurafenib,Vemurafenib (PLX-4032),exact,actinomycin D,,no_match,33.521500762865,45.5491197624039,40.3089656172264,34.2513244694739,ALMANAC
359498,HL-60,Lenalidomide,Lenalidomide,exact,actinomycin D,,no_match,-3.05491190284899,-4.63020004430526,0.432954818436088,-3.0307736741921,ALMANAC
359640,HL-60,Vandetanib,Vandetanib (ZD6474),exact,actinomycin D,,no_match,-1.04357449346031,9.01383246687648,14.5198970454085,1.57229174356668,ALMANAC
359786,HL-60,Vismodegib,Vismodegib (GDC-0449),exact,actinomycin D,,no_match,20.6363395803098,26.7587066010499,31.2663326259164,21.9393244694739,ALMANAC
359857,HL-60,Crizotinib,Crizotinib (PF-2341066),exact,actinomycin D,,no_match,19.6163409450478,25.798768994424,22.2419556430356,20.9401022472516,ALMANAC
360007,HL-60,Axitinib,Axitinib (AG-013736),exact,actinomycin D,,no_match,33.3343968084535,33.4180583558368,30.9119877831344,34.2311351131311,ALMANAC
360101,HL-60,Ruxolitinib,Ruxolitinib (INCB018424),exact,actinomycin D,,no_match,27.4659804314427,41.4621893024337,35.4143971899299,30.0818472991222,ALMANAC
361164,HL-60,Axitinib,Axitinib (AG-013736),exact,Dasatinib,Dasatinib,exact,-9.7571090177688,-11.2668372974379,-4.30643435455124,-9.71016523563101,ALMANAC
361237,HL-60,Vismodegib,Vismodegib (GDC-0449),exact,Dasatinib,Dasatinib,exact,-18.2248327326898,-13.8045392386213,-1.25361927506477,-18.1776096800755,ALMANAC
361368,HL-60,Crizotinib,Crizotinib (PF-2341066),exact,Dasatinib,Dasatinib,exact,-18.326695432545,-13.7239495458182,-6.34322598136792,-18.2723874578532,ALMANAC
361385,HL-60,Axitinib,Axitinib (AG-013736),exact,Carboplatinum,,no_match,6.90573711205483,4.69913995894331,4.57144485041246,6.94013660007813,ALMANAC
361477,HL-60,Crizotinib,Crizotinib (PF-2341066),exact,Carboplatinum,,no_match,10.7264207073965,12.789141935456,10.4006636705052,10.9099143778559,ALMANAC
361607,HL-60,Vismodegib,Vismodegib (GDC-0449),exact,Carboplatinum,,no_match,-0.553117663652904,13.1332088208155,6.30469085691049,11.2395832111282,ALMANAC
361646,HL-60,CABAZITAXEL,,no_match,Dasatinib,Dasatinib,exact,-9.47649415358515,1.97709282272514,6.29256719522338,1.99975597930012,ALMANAC
361755,HL-60,Vandetanib,Vandetanib (ZD6474),exact,Carboplatinum,,no_match,6.15379341352974,11.6590263621745,9.67894009835591,6.92450163035378,ALMANAC
361822,HL-60,Ruxolitinib,Ruxolitinib (INCB018424),exact,Carboplatinum,,no_match,-8.86475296646209,3.75911745341002,4.84993881816831,-3.48138725853512,ALMANAC
361856,HL-60,Vandetanib,Vandetanib (ZD6474),exact,Dasatinib,Dasatinib,exact,-17.6295629096533,-8.8957016597623,2.04177409958648,-16.2425539252018,ALMANAC
361959,HL-60,Pazopanib hydrochloride,Pazopanib (GW786034),exact,Carboplatinum,,no_match,-13.0029751886843,6.57613008334678,9.86868337481514,-7.61960948075733,ALMANAC
362069,HL-60,Lenalidomide,Lenalidomide,exact,Carboplatinum,,no_match,-18.6751260671581,-9.18236542598571,-5.26794375966823,-4.3140488998905,ALMANAC
362170,HL-60,Vemurafenib,Vemurafenib (PLX-4032),exact,Carboplatinum,,no_match,3.38306407096084,11.2387539344698,6.50070406572866,5.04658321112818,ALMANAC
362305,HL-60,5-Fluorouracil,,no_match,Vemurafenib,Vemurafenib (PLX-4032),exact,-35.8831076165117,-28.7750131230474,-15.0766301596581,-33.6162181186365,ALMANAC
362477,HL-60,Gefitinib,Gefitinib,exact,Carboplatinum,,no_match,-3.31150137590377,-3.91448795652608,-3.33952546255167,-1.51297451103296,ALMANAC
362555,HL-60,Ruxolitinib,Ruxolitinib (INCB018424),exact,Dasatinib,Dasatinib,exact,-25.5274786559019,-12.5407966790823,3.81217377761614,-23.7763317029795,ALMANAC
362599,HL-60,altretamine,,no_match,Vemurafenib,Vemurafenib (PLX-4032),exact,-7.19771287896507,9.34927873126425,5.90815455173206,-4.27979511671925,ALMANAC
362789,HL-60,Melphalan hydrochloride,,no_match,Vemurafenib,Vemurafenib (PLX-4032),exact,-14.2225259867742,5.1626350345508,2.91169716437953,-3.40235475963077,ALMANAC
362811,HL-60,Ruxolitinib,Ruxolitinib (INCB018424),exact,158798-73-3,,no_match,-15.1554099870182,-3.92761604859347,5.88905957854173,-15.5311500876714,ALMANAC
363016,HL-60,Vismodegib,Vismodegib (GDC-0449),exact,158798-73-3,,no_match,9.09607083316748,17.9748710108845,17.0469047020795,12.4675854708707,ALMANAC
363053,HL-60,Crizotinib,Crizotinib (PF-2341066),exact,158798-73-3,,no_match,-17.2842482617093,11.2419657018133,2.5680626752242,5.90514102642627,ALMANAC
363213,HL-60,Axitinib,Axitinib (AG-013736),exact,158798-73-3,,no_match,-24.571805527743,-14.2663897440277,-2.81476733609538,-14.4895673714295,ALMANAC
363230,HL-60,6-Thioguanine,,no_match,Vemurafenib,Vemurafenib (PLX-4032),exact,-8.301295155371,5.30631642165645,1.86924353743681,-0.995462020424902,ALMANAC
363377,HL-60,chlorambucil,,no_match,Vemurafenib,Vemurafenib (PLX-4032),exact,-8.84044835888251,-1.46705034428542,-0.846580766303441,-7.27373979820266,ALMANAC
363513,HL-60,Vandetanib,Vandetanib (ZD6474),exact,158798-73-3,,no_match,11.3540905599121,18.6732235236436,16.4450559524213,11.0857388012175,ALMANAC
363815,HL-60,dacarbazine,,no_match,Vemurafenib,Vemurafenib (PLX-4032),exact,-17.1341292631749,-6.56287485856312,-1.40030394924718,-15.6549064648693,ALMANAC
363897,HL-60,Axitinib,Axitinib (AG-013736),exact,chlorambucil,,no_match,-10.0343398448358,-11.6574009334193,-5.20500892516634,-9.58675012220515,ALMANAC
363988,HL-60,Crizotinib,Crizotinib (PF-2341066),exact,chlorambucil,,no_match,-13.807517941202,-12.4477073762351,-7.04840036213297,-12.9730856221441,ALMANAC
364026,HL-60,Vismodegib,Vismodegib (GDC-0449),exact,chlorambucil,,no_match,-23.8621898400463,-10.9434748282138,-3.65210901308828,-12.8994167888718,ALMANAC
364186,HL-60,Vandetanib,Vandetanib (ZD6474),exact,chlorambucil,,no_match,-15.9179239614298,-10.1361425257437,-1.26468694033316,-14.3989428140907,ALMANAC
364262,HL-60,Uramustine,,no_match,Vemurafenib,Vemurafenib (PLX-4032),exact,-5.07581315681991,7.19860392352351,3.36264736610949,1.72487131290844,ALMANAC
364344,HL-60,Ruxolitinib,Ruxolitinib (INCB018424),exact,chlorambucil,,no_match,-25.9366894103354,-12.9418458989526,-0.898693355764247,-19.4609428140907,ALMANAC
364542,HL-60,Lenalidomide,Lenalidomide,exact,158798-73-3,,no_match,0.231486110095353,0.977699954876619,-2.17830434160022,0.849892992474568,ALMANAC
364747,HL-60,Vemurafenib,Vemurafenib (PLX-4032),exact,158798-73-3,,no_match,-0.20179497715128,14.5932306030997,8.590504394078,2.46902991531515,ALMANAC
364808,HL-60,23541-50-6,,no_match,Vemurafenib,Vemurafenib (PLX-4032),exact,-26.9182172964396,9.15089265752732,5.19107358779098,1.53640304757158,ALMANAC
364838,HL-60,Pazopanib hydrochloride,Pazopanib (GW786034),exact,158798-73-3,,no_match,-20.3776322092404,1.99652618409071,11.6147937288519,-20.7533723098936,ALMANAC
365041,HL-60,lomustine,,no_match,Vemurafenib,Vemurafenib (PLX-4032),exact,-2.82508502583901,12.8853391278541,10.3085713735573,4.45373638090492,ALMANAC
365098,HL-60,MEGESTROL ACETATE,,no_match,Vemurafenib,Vemurafenib (PLX-4032),exact,0.539897075573294,14.4290438488074,4.20846975165066,1.16764932772521,ALMANAC
365397,HL-60,Pazopanib hydrochloride,Pazopanib (GW786034),exact,chlorambucil,,no_match,-30.5234671881132,-11.2663737545714,1.74318494276458,-24.0477205918684,ALMANAC
365495,HL-60,teniposide,,no_match,Vemurafenib,Vemurafenib (PLX-4032),exact,-29.7204179939839,6.4159280468661,3.99591000000815,2.29639299247457,ALMANAC
365697,HL-60,Lenalidomide,Lenalidomide,exact,chlorambucil,,no_match,-21.0738527418809,-12.2747348516817,-5.91942491078265,-8.6809377887794,ALMANAC
365840,HL-60,Vemurafenib,Vemurafenib (PLX-4032),exact,chlorambucil,,no_match,-24.2710924408511,-16.8985998678929,-2.73970128513745,-22.7054167888718,ALMANAC
366239,HL-60,Gefitinib,Gefitinib,exact,chlorambucil,,no_match,-6.67541490609856,-7.0437522045891,-2.98459939821254,-5.09086123331627,ALMANAC
366818,HL-60,Gefitinib,Gefitinib,exact,Uramustine,,no_match,6.2933278743639,5.94991768500906,8.16403104444663,7.82063876668374,ALMANAC
366881,HL-60,CABAZITAXEL,,no_match,Erlotinib hydrochloride,Erlotinib,exact,-37.0156621196178,8.49220332537139,9.33360706408743,8.35097820152232,ALMANAC
366911,HL-60,Vandetanib,Vandetanib (ZD6474),exact,Erlotinib hydrochloride,Erlotinib,exact,11.0681527697125,17.9865198651062,16.7429882956786,10.5628905192427,ALMANAC
367070,HL-60,Axitinib,Axitinib (AG-013736),exact,Erlotinib hydrochloride,Erlotinib,exact,-17.8428216856185,-16.1622794170139,-3.63736404650886,-14.8807207911866,ALMANAC
367152,HL-60,Crizotinib,Crizotinib (PF-2341066),exact,Erlotinib hydrochloride,Erlotinib,exact,-4.59073091331681,8.74670715765864,6.74260725887143,3.94672365325787,ALMANAC
367233,HL-60,Vismodegib,Vismodegib (GDC-0449),exact,Erlotinib hydrochloride,Erlotinib,exact,15.2267813351007,19.6255698418027,19.3148637872191,14.8906125421467,ALMANAC
367336,HL-60,Ruxolitinib,Ruxolitinib (INCB018424),exact,Erlotinib hydrochloride,Erlotinib,exact,-13.9986631730251,-3.15104822088049,4.74373740954549,-14.5039983696462,ALMANAC
367400,HL-60,Pazopanib hydrochloride,Pazopanib (GW786034),exact,Uramustine,,no_match,-19.281118990575,4.98916201683989,6.60187877889481,-7.16188725853513,ALMANAC
367598,HL-60,Pazopanib hydrochloride,Pazopanib (GW786034),exact,Erlotinib hydrochloride,Erlotinib,exact,-20.5882187285807,1.16504958488958,10.257169523142,-21.0935539252018,ALMANAC
367685,HL-60,Vemurafenib,Vemurafenib (PLX-4032),exact,Erlotinib hydrochloride,Erlotinib,exact,4.65458586682596,15.5219849671237,3.6169183483629,4.32561254214676,ALMANAC
367728,HL-60,Abiraterone,,no_match,Erlotinib hydrochloride,Erlotinib,exact,-12.3410340351842,-7.56622036158899,1.20226602596612,-12.8463317029795,ALMANAC
367799,HL-60,Lenalidomide,Lenalidomide,exact,Erlotinib hydrochloride,Erlotinib,exact,-0.850603641062594,-2.2391794908318,-2.48805175422287,-0.4277736741921,ALMANAC
368007,HL-60,Lenalidomide,Lenalidomide,exact,Uramustine,,no_match,-14.6225267806211,0.760722303896306,3.80308176248206,4.27022887788727,ALMANAC
368079,HL-60,Vemurafenib,Vemurafenib (PLX-4032),exact,Uramustine,,no_match,-28.7374911207793,-16.4643839475926,-3.37604887575491,-21.9382501222052,ALMANAC
368152,HL-60,Axitinib,Axitinib (AG-013736),exact,Uramustine,,no_match,1.41437550088084,0.302006955492008,-0.689855528619379,2.26852765557263,ALMANAC
368244,HL-60,Crizotinib,Crizotinib (PF-2341066),exact,Uramustine,,no_match,-13.3312960830486,-12.6848819976718,-6.93478093303679,-12.4518078443663,ALMANAC
368267,HL-60,Vismodegib,Vismodegib (GDC-0449),exact,Uramustine,,no_match,-27.5431716037667,-9.77287422069138,-4.25180320389091,-11.5953612333163,ALMANAC
368419,HL-60,Vandetanib,Vandetanib (ZD6474),exact,Uramustine,,no_match,-14.8346471371399,-7.21530211127685,2.68225886028302,-11.2678872585351,ALMANAC
368526,HL-60,Ruxolitinib,Ruxolitinib (INCB018424),exact,Uramustine,,no_match,-8.09611899057504,10.2207278171809,6.72142418964121,4.02311274146489,ALMANAC
368698,HL-60,Pemetrexed,,no_match,Sunitinib,Sunitinib,exact,-27.330580103557,-7.16040455056786,-2.01236327849877,-8.10655145196986,ALMANAC
368854,HL-60,Gefitinib,Gefitinib,exact,Erlotinib hydrochloride,Erlotinib,exact,1.1050845554102,-0.315211002642761,-3.30975311841378,1.17350143103566,ALMANAC
368918,HL-60,EXEMESTANE,,no_match,Erlotinib hydrochloride,Erlotinib,exact,0.22466931986013,1.38689919846639,-0.257373110140259,0.387279208813434,ALMANAC
368954,HL-60,EXEMESTANE,,no_match,Sunitinib,Sunitinib,exact,-3.80006439221452,-1.0938228146147,1.45365618078685,-2.70920473246052,ALMANAC
369061,HL-60,Gefitinib,Gefitinib,exact,Sunitinib,Sunitinib,exact,0.0152739645956961,2.10782839770866,-0.602076422208926,0.235950495603248,ALMANAC
369091,HL-60,Ruxolitinib,Ruxolitinib (INCB018424),exact,teniposide,,no_match,-77.5747566932265,-37.1819931999926,-11.4492487324921,-42.1699428140907,ALMANAC
369217,HL-60,Vandetanib,Vandetanib (ZD6474),exact,teniposide,,no_match,-21.5566782044675,8.81098232099411,9.11233880773546,5.54939051924266,ALMANAC
369252,HL-60,EXEMESTANE,,no_match,Vemurafenib,Vemurafenib (PLX-4032),exact,-3.67325826422767,6.78587738745154,3.42584121666645,-1.81515250798397,ALMANAC
369335,HL-60,Axitinib,Axitinib (AG-013736),exact,teniposide,,no_match,-49.5814544809879,-36.6352290577926,-13.0641981282436,-34.8454167888718,ALMANAC
369387,HL-60,Crizotinib,Crizotinib (PF-2341066),exact,teniposide,,no_match,-16.7896164897046,-4.73764441071618,-3.40442675738402,-4.73341678887181,ALMANAC
369473,HL-60,Gefitinib,Gefitinib,exact,busulfan,,no_match,8.57794064316324,11.363078844533,10.017037057241,11.4344517493005,ALMANAC
369490,HL-60,Vismodegib,Vismodegib (GDC-0449),exact,teniposide,,no_match,-28.3765112067408,2.58290943796845,1.95587600041818,1.47769432223929,ALMANAC
369587,HL-60,Pemetrexed,,no_match,Erlotinib hydrochloride,Erlotinib,exact,-12.2120236592702,-9.69533215526454,-3.33595047100221,-9.30696624292211,ALMANAC
369771,HL-60,Gefitinib,Gefitinib,exact,Vemurafenib,Vemurafenib (PLX-4032),exact,-0.962559972361446,10.0466429845629,-0.149699649077382,-0.360817876268575,ALMANAC
369921,HL-60,Vemurafenib,Vemurafenib (PLX-4032),exact,teniposide,,no_match,-47.4557803375007,-11.3208146605995,-7.00053939631611,-15.440276147424,ALMANAC
369995,HL-60,Ruxolitinib,Ruxolitinib (INCB018424),exact,Sunitinib,Sunitinib,exact,-6.53495891500577,6.79983359714954,7.11005221167859,-5.01644281409063,ALMANAC
370284,HL-60,Vismodegib,Vismodegib (GDC-0449),exact,Sunitinib,Sunitinib,exact,-1.27451202899424,5.55703887538833,0.974537747452656,-0.605943013408802,ALMANAC
370359,HL-60,Crizotinib,Crizotinib (PF-2341066),exact,Sunitinib,Sunitinib,exact,10.1381349870446,16.3799859710423,10.8557608499525,10.5873903199245,ALMANAC
370387,HL-60,Axitinib,Axitinib (AG-013736),exact,Sunitinib,Sunitinib,exact,-15.3922911305809,-10.3354450967616,-2.36472481558293,-12.191662563081,ALMANAC
370480,HL-60,Pazopanib hydrochloride,Pazopanib (GW786034),exact,teniposide,,no_match,-75.4888678043376,-30.3046757606114,-10.1838815697448,-40.0840539252018,ALMANAC
370565,HL-60,Vandetanib,Vandetanib (ZD6474),exact,Sunitinib,Sunitinib,exact,-9.32574096100745,-0.489513734641566,4.57914605457425,-8.2161094807573,ALMANAC
370627,HL-60,CABAZITAXEL,,no_match,Sunitinib,Sunitinib,exact,-43.7295503123497,2.9494706611792,5.17382004814268,1.86820464624178,ALMANAC
370756,HL-60,Navelbine ditartrate (TN),,no_match,CYTARABINE HYDROCHLORIDE,Cytarabine,exact,-10.1185426939413,-7.92886962107939,-8.38381769166815,-6.32894301340882,ALMANAC
370817,HL-60,Pazopanib hydrochloride,Pazopanib (GW786034),exact,Fulvestrant,,no_match,-12.7419795460146,9.75926858344977,13.8556195870622,-13.2339333027498,ALMANAC
370857,HL-60,Axitinib,Axitinib (AG-013736),exact,busulfan,,no_match,-2.47939516401937,1.40447096895058,0.676013616322707,1.73717332233173,ALMANAC
370940,HL-60,Crizotinib,Crizotinib (PF-2341066),exact,busulfan,,no_match,-3.44282698059808,1.31831434238264,-0.0304340150415552,-0.82147451103297,ALMANAC
371009,HL-60,Vismodegib,Vismodegib (GDC-0449),exact,busulfan,,no_match,-9.92796573924097,3.52881915498941,1.32938365165969,0.354805433350404,ALMANAC
371036,HL-60,Gefitinib,Gefitinib,exact,teniposide,,no_match,11.5754361940413,11.4420501875677,10.8557084157881,13.2186943222393,ALMANAC
371124,HL-60,Navelbine ditartrate (TN),,no_match,Erlotinib hydrochloride,Erlotinib,exact,-33.6095681391286,3.60781725324049,1.43176406776164,4.42825597930012,ALMANAC
371326,HL-60,Vandetanib,Vandetanib (ZD6474),exact,busulfan,,no_match,-10.9626164856437,-3.36029385781827,2.75050818700506,-8.38744281409067,ALMANAC
371385,HL-60,Vemurafenib,Vemurafenib (PLX-4032),exact,Fulvestrant,,no_match,4.84962907304332,17.403158637355,13.9294901124774,4.81947073489254,ALMANAC
371589,HL-60,Pazopanib hydrochloride,Pazopanib (GW786034),exact,5-Fluoro-2'-deoxyuridine,,no_match,-45.9868406668452,12.5520910006701,20.5901114527793,-0.58777614742401,ALMANAC
371663,HL-60,Lenalidomide,Lenalidomide,exact,Fulvestrant,,no_match,0.102178538171784,1.55105384171941,0.437378917361152,0.462892992474566,ALMANAC
371780,HL-60,Ruxolitinib,Ruxolitinib (INCB018424),exact,busulfan,,no_match,-21.9905662140327,-3.53420589824939,3.11935309128485,-11.3500377180409,ALMANAC
371857,HL-60,Vemurafenib,Vemurafenib (PLX-4032),exact,5-Fluoro-2'-deoxyuridine,,no_match,-12.6472699968511,21.2238119784598,19.8787332180992,15.2954165444615,ALMANAC
371953,HL-60,Lenalidomide,Lenalidomide,exact,5-Fluoro-2'-deoxyuridine,,no_match,-25.66145671561,13.5973969755043,10.805722526259,17.4425622112206,ALMANAC
372081,HL-60,Lenalidomide,Lenalidomide,exact,Sunitinib,Sunitinib,exact,-1.70745256883757,0.395065673864891,-4.59078094763609,-1.37910700752543,ALMANAC
372107,HL-60,Abiraterone,,no_match,Sunitinib,Sunitinib,exact,-15.8583312883409,-9.17095548828111,2.76321720054964,-14.6665539252018,ALMANAC
372175,HL-60,Pazopanib hydrochloride,Pazopanib (GW786034),exact,busulfan,,no_match,-39.4550106584771,-13.6135370297015,3.90793616987615,-28.6866650363129,ALMANAC
372212,HL-60,Vandetanib,Vandetanib (ZD6474),exact,5-Fluoro-2'-deoxyuridine,,no_match,-11.5148841485674,24.7421524225533,24.7261190295415,20.3597794081315,ALMANAC
372328,HL-60,Vemurafenib,Vemurafenib (PLX-4032),exact,Sunitinib,Sunitinib,exact,-1.290328608851,12.2455270184871,10.0973299295154,-0.666387457853234,ALMANAC
372475,HL-60,Pazopanib hydrochloride,Pazopanib (GW786034),exact,Sunitinib,Sunitinib,exact,-32.3579589150058,-7.67244144819149,12.3575497011462,-30.8394428140906,ALMANAC
372532,HL-60,Vismodegib,Vismodegib (GDC-0449),exact,5-Fluoro-2'-deoxyuridine,,no_match,-7.12377163975368,27.713572685361,26.5069402035189,25.7495276555726,ALMANAC
372602,HL-60,Crizotinib,Crizotinib (PF-2341066),exact,5-Fluoro-2'-deoxyuridine,,no_match,2.0799634009405,17.5973833936297,16.4046312099593,16.9587477111893,ALMANAC
372698,HL-60,Axitinib,Axitinib (AG-013736),exact,5-Fluoro-2'-deoxyuridine,,no_match,-10.9198503526398,8.21539442709997,10.4811521683877,10.4130832111282,ALMANAC
372842,HL-60,Lenalidomide,Lenalidomide,exact,busulfan,,no_match,-7.54586459146904,9.28914773957709,9.50807941125272,10.9909511001095,ALMANAC
372859,HL-60,Vemurafenib,Vemurafenib (PLX-4032),exact,busulfan,,no_match,-11.0719229903539,1.42628914808815,2.19004172827461,-6.32397234442739,ALMANAC
372973,HL-60,Ruxolitinib,Ruxolitinib (INCB018424),exact,5-Fluoro-2'-deoxyuridine,,no_match,-42.9237295557341,9.1772943487889,15.2581537771254,2.4753349636871,ALMANAC
373030,HL-60,Gefitinib,Gefitinib,exact,Navelbine ditartrate (TN),,no_match,19.3535973221393,20.9301600604542,21.2386421652253,21.8871718049172,ALMANAC
373164,HL-60,Vandetanib,Vandetanib (ZD6474),exact,Fulvestrant,,no_match,-0.87220114103219,6.30936397681084,6.47842887337675,-1.35926663608309,ALMANAC
373295,HL-60,Ruxolitinib,Ruxolitinib (INCB018424),exact,lomustine,,no_match,-25.0142127182389,0.576693547977449,4.20772779372517,-8.04488725853509,ALMANAC
373378,HL-60,Crizotinib,Crizotinib (PF-2341066),exact,Fulvestrant,,no_match,-0.880507858562423,14.245487916338,13.353464364081,8.64280406822587,ALMANAC
373425,HL-60,Vismodegib,Vismodegib (GDC-0449),exact,Fulvestrant,,no_match,5.7623551148206,11.5931242994332,3.88327066618585,5.70335962378142,ALMANAC
373472,HL-60,Axitinib,Axitinib (AG-013736),exact,Fulvestrant,,no_match,-7.78136595322289,-3.41506972709608,-0.730196292964795,-4.55355145196985,ALMANAC
373566,HL-60,Ruxolitinib,Ruxolitinib (INCB018424),exact,Fulvestrant,,no_match,-6.27997954601458,4.95569707874213,6.74961253089832,-6.77193330274975,ALMANAC
373759,HL-60,EXEMESTANE,,no_match,CYTARABINE HYDROCHLORIDE,Cytarabine,exact,4.86337293133499,6.44293668497983,4.4081517394266,5.94005698659117,ALMANAC
373829,HL-60,Axitinib,Axitinib (AG-013736),exact,Navelbine ditartrate (TN),,no_match,5.46382617361234,23.8505936116098,28.6211812600855,24.7389305850168,ALMANAC
373894,HL-60,Vismodegib,Vismodegib (GDC-0449),exact,Navelbine ditartrate (TN),,no_match,-6.89241848218458,36.0010789201486,33.5549599449914,32.9413032667448,ALMANAC
373971,HL-60,Crizotinib,Crizotinib (PF-2341066),exact,Navelbine ditartrate (TN),,no_match,20.9743470388461,37.4228441611741,36.1475213630774,34.4206366000781,ALMANAC
374044,HL-60,Gefitinib,Gefitinib,exact,CYTARABINE HYDROCHLORIDE,Cytarabine,exact,7.6488961669396,5.44995710204589,2.57828816881082,8.88258321112819,ALMANAC
374079,HL-60,Pemetrexed,,no_match,Vemurafenib,Vemurafenib (PLX-4032),exact,-27.417201262647,-9.45966585294607,-3.31753738064252,-14.8349064648693,ALMANAC
374332,HL-60,Vandetanib,Vandetanib (ZD6474),exact,Navelbine ditartrate (TN),,no_match,-5.61788109820934,37.8118087170631,37.983036355935,32.7925016303538,ALMANAC
374403,HL-60,Ruxolitinib,Ruxolitinib (INCB018424),exact,Navelbine ditartrate (TN),,no_match,-25.8744609647708,30.5333015371876,37.0475380825747,22.8572794081316,ALMANAC
374436,HL-60,Pemetrexed,,no_match,CYTARABINE HYDROCHLORIDE,Cytarabine,exact,5.28213858734876,3.44511060458224,4.81882373581151,7.09297820152231,ALMANAC
374687,HL-60,Vemurafenib,Vemurafenib (PLX-4032),exact,CYTARABINE HYDROCHLORIDE,Cytarabine,exact,-23.7237630849882,15.3621842555816,14.8773626521494,8.13916829702043,ALMANAC
374752,HL-60,Gefitinib,Gefitinib,exact,Fulvestrant,,no_match,4.08765054329331,5.60425952414551,-1.77518846865373,4.45617271782547,ALMANAC
374763,HL-60,Abiraterone,,no_match,CYTARABINE HYDROCHLORIDE,Cytarabine,exact,-22.9129498634679,19.3826224970461,19.3295481667989,15.3150571859093,ALMANAC
374869,HL-60,Lenalidomide,Lenalidomide,exact,CYTARABINE HYDROCHLORIDE,Cytarabine,exact,-50.3074298728721,-3.57445431265167,-2.21978384224049,3.3349511001095,ALMANAC
374932,HL-60,Gefitinib,Gefitinib,exact,5-Fluoro-2'-deoxyuridine,,no_match,14.5133947960113,15.5475343758328,13.7529036775434,17.6149721000171,ALMANAC
375017,HL-60,Pazopanib hydrochloride,Pazopanib (GW786034),exact,CYTARABINE HYDROCHLORIDE,Cytarabine,exact,-54.80758735762,6.9871053555697,11.6418611386142,-10.1599428140907,ALMANAC
375153,HL-60,Pazopanib hydrochloride,Pazopanib (GW786034),exact,Navelbine ditartrate (TN),,no_match,-25.7081276314375,38.0732281160132,43.2943519445938,23.0236127414649,ALMANAC
375325,HL-60,Crizotinib,Crizotinib (PF-2341066),exact,lomustine,,no_match,-40.0239497358705,-26.7796499625276,-15.3814386797233,-29.3042522888107,ALMANAC
375402,HL-60,Lenalidomide,Lenalidomide,exact,Navelbine ditartrate (TN),,no_match,-57.8587034869499,-12.0694378177637,-3.49947506092447,-10.4093506722748,ALMANAC
375429,HL-60,Vemurafenib,Vemurafenib (PLX-4032),exact,Navelbine ditartrate (TN),,no_match,16.1852956613661,33.8203291404696,40.3219743132781,26.3863032667448,ALMANAC
375487,HL-60,Vismodegib,Vismodegib (GDC-0449),exact,lomustine,,no_match,-42.0688463216534,-23.5111565304504,-12.7574719570363,-26.9819189554774,ALMANAC
375650,HL-60,Axitinib,Axitinib (AG-013736),exact,lomustine,,no_match,-7.55468109293275,-4.50521683260037,-3.44637140814532,-3.68932884427387,ALMANAC
375756,HL-60,Navelbine ditartrate (TN),,no_match,Sunitinib,Sunitinib,exact,-26.5716556871818,-0.012871944285048,1.21136423155072,-1.32360700752541,ALMANAC
375828,HL-60,Ruxolitinib,Ruxolitinib (INCB018424),exact,CYTARABINE HYDROCHLORIDE,Cytarabine,exact,-54.6711429131756,-1.2776854088115,-0.519400770659037,-10.0234983696462,ALMANAC
375985,HL-60,CABAZITAXEL,,no_match,CYTARABINE HYDROCHLORIDE,Cytarabine,exact,0.069220864494613,1.13743348438486,1.1669978267364,4.6352559793001,ALMANAC
376013,HL-60,Vandetanib,Vandetanib (ZD6474),exact,CYTARABINE HYDROCHLORIDE,Cytarabine,exact,-22.7535631650623,11.5087832843974,12.2649212535544,5.78994607479821,ALMANAC
376142,HL-60,Axitinib,Axitinib (AG-013736),exact,CYTARABINE HYDROCHLORIDE,Cytarabine,exact,-11.3579115462189,1.35675836116625,-0.653873653147694,4.9043032667448,ALMANAC
376225,HL-60,Vismodegib,Vismodegib (GDC-0449),exact,CYTARABINE HYDROCHLORIDE,Cytarabine,exact,-29.8170198902582,14.4034078597051,12.8102879399961,12.4336943222393,ALMANAC
376291,HL-60,Crizotinib,Crizotinib (PF-2341066),exact,CYTARABINE HYDROCHLORIDE,Cytarabine,exact,1.52405824606743,11.40227794612,9.67193915590713,11.1317477111892,ALMANAC
376394,HL-60,Vandetanib,Vandetanib (ZD6474),exact,lomustine,,no_match,-20.9731465458008,-11.6830625238137,-11.05851680088,-17.3206650363129,ALMANAC
376960,HL-60,Gefitinib,Gefitinib,exact,altretamine,,no_match,-14.531847790618,7.0849455548469,4.35062547317742,3.63028382893657,ALMANAC
377385,HL-60,raloxifene,,no_match,Vemurafenib,Vemurafenib (PLX-4032),exact,-1.65975450172918,6.08050055113309,2.51834677871068,-1.43915250798397,ALMANAC
377482,HL-60,Lenalidomide,Lenalidomide,exact,Vemurafenib,Vemurafenib (PLX-4032),exact,-2.78756660733152,6.2877934287089,0.848076923283314,-2.29332922974765,ALMANAC
378445,HL-60,5-Fluorouracil,,no_match,Nilotinib,Nilotinib,exact,-34.0208053506543,-28.8754347480652,-16.7646651833787,-33.5634403408587,ALMANAC
378478,HL-60,altretamine,,no_match,Nilotinib,Nilotinib,exact,-5.74347840246976,4.77749899735755,6.59977620216351,-4.8277736741921,ALMANAC
378525,HL-60,Gefitinib,Gefitinib,exact,Pralatrexate,,no_match,-39.4738803245381,-26.4917374915482,-14.9356452956982,-23.7600300665885,ALMANAC
378711,HL-60,Melphalan hydrochloride,,no_match,Nilotinib,Nilotinib,exact,-10.0253743136033,3.6459898956222,3.98834646902466,-2.77949371832894,ALMANAC
378808,HL-60,6-Thioguanine,,no_match,Nilotinib,Nilotinib,exact,-9.35270240124438,1.24581681386087,7.41087324438581,-4.38299589641431,ALMANAC
378895,HL-60,chlorambucil,,no_match,Nilotinib,Nilotinib,exact,-10.8388071570402,-5.00454109791436,-0.855934415381125,-10.2182736741921,ALMANAC
379042,HL-60,dacarbazine,,no_match,Nilotinib,Nilotinib,exact,-24.0283802687388,-15.4514624230254,-3.30532042777848,-23.4052181186365,ALMANAC
379143,HL-60,Uramustine,,no_match,Nilotinib,Nilotinib,exact,1.84431537720682,8.30484861406126,9.12107022783268,3.34822632580792,ALMANAC
379181,HL-60,Ruxolitinib,Ruxolitinib (INCB018424),exact,Pralatrexate,,no_match,-77.9957159331498,-26.0541440796027,-9.49192590816868,-34.0709983696462,ALMANAC
379279,HL-60,Axitinib,Axitinib (AG-013736),exact,Pralatrexate,,no_match,-57.2704849898633,-32.3784748590694,-15.7525350869471,-29.7542522888107,ALMANAC
379284,HL-60,Vismodegib,Vismodegib (GDC-0449),exact,Pralatrexate,,no_match,-55.9340776258523,-25.1946595585861,-14.3883055883355,-27.0875560918074,ALMANAC
379367,HL-60,Crizotinib,Crizotinib (PF-2341066),exact,Pralatrexate,,no_match,-27.9932557165375,-12.2776369529164,-15.9614938080117,-13.6178078443663,ALMANAC
379473,HL-60,Dexrazoxane,,no_match,Erlotinib hydrochloride,Erlotinib,exact,-1.14187010489956,-1.71628000541475,-1.97332611135563,-0.386785980361817,ALMANAC
379551,HL-60,Vandetanib,Vandetanib (ZD6474),exact,Pralatrexate,,no_match,-81.4873825922872,-32.320489743616,-12.9156708702357,-37.5626650363129,ALMANAC
379624,HL-60,23541-50-6,,no_match,Nilotinib,Nilotinib,exact,-34.8167991370611,13.5087887752873,11.6723742627078,7.22567077025237,ALMANAC
379778,HL-60,lomustine,,no_match,Nilotinib,Nilotinib,exact,2.84706284809587,10.9084543167252,11.9692202891393,4.01322632580793,ALMANAC
379847,HL-60,MEGESTROL ACETATE,,no_match,Nilotinib,Nilotinib,exact,-1.54736444447178,8.84497050767845,5.77968314595449,-0.680884785303196,ALMANAC
380003,HL-60,Gefitinib,Gefitinib,exact,CHEMBL277800,,no_match,7.76178913043298,12.8187145510261,13.0728672251212,12.0725073048561,ALMANAC
380117,HL-60,teniposide,,no_match,Nilotinib,Nilotinib,exact,-20.0676170244598,5.82134358823718,5.11761714068244,1.83217077025235,ALMANAC
380246,HL-60,Lenalidomide,Lenalidomide,exact,Pralatrexate,,no_match,-49.7395418933535,-27.2931471551096,-15.9538446357312,-21.3982262379879,ALMANAC
380335,HL-60,Vemurafenib,Vemurafenib (PLX-4032),exact,Pralatrexate,,no_match,-48.2994104776134,-12.7379056832652,-4.01983676676867,-19.4111116473629,ALMANAC
380341,HL-60,Vepesid J,,no_match,Erlotinib hydrochloride,Erlotinib,exact,-18.8243664510011,-0.93781554573141,-0.645299480504817,-0.0869283561951292,ALMANAC
380426,HL-60,Pazopanib hydrochloride,Pazopanib (GW786034),exact,Pralatrexate,,no_match,-99.581938155372,-39.9393693988326,-9.73786480389874,-55.6572205918684,ALMANAC
380459,HL-60,teniposide,,no_match,Erlotinib hydrochloride,Erlotinib,exact,-25.4824282912398,0.755014574269861,0.814713692314832,1.6246152146968,ALMANAC
380614,HL-60,Vandetanib,Vandetanib (ZD6474),exact,CHEMBL277800,,no_match,-36.1966460729189,-6.73620106543585,-0.667023485095827,-9.8406650363129,ALMANAC
380678,HL-60,Axitinib,Axitinib (AG-013736),exact,CHEMBL277800,,no_match,-32.8386421820549,-9.542705818667,-3.78778761873198,-10.2284377887794,ALMANAC
380751,HL-60,Vismodegib,Vismodegib (GDC-0449),exact,CHEMBL277800,,no_match,-46.3795372377981,-7.95393090540594,-3.06131814087799,-10.3405834555385,ALMANAC
380831,HL-60,Crizotinib,Crizotinib (PF-2341066),exact,CHEMBL277800,,no_match,-28.8079693939361,-6.73955516094031,-4.64285604893649,-8.24258345553848,ALMANAC
380901,HL-60,Ruxolitinib,Ruxolitinib (INCB018424),exact,CHEMBL277800,,no_match,-50.8920096687123,-9.18523310475586,-1.59668447368704,-13.9328872585351,ALMANAC
380975,HL-60,Vemurafenib,Vemurafenib (PLX-4032),exact,altretamine,,no_match,-34.2450469254315,-17.697486041402,4.29417841865555,-31.327165235631,ALMANAC
381009,HL-60,Vepesid J,,no_match,Nilotinib,Nilotinib,exact,-13.3988132647515,4.42868757990259,4.33940784775812,0.452781881363478,ALMANAC
381088,HL-60,23541-50-6,,no_match,Erlotinib hydrochloride,Erlotinib,exact,-45.9015988089725,0.414012525208845,0.893992526091867,0.73803375707789,ALMANAC
381199,HL-60,MEGESTROL ACETATE,,no_match,Erlotinib hydrochloride,Erlotinib,exact,-1.28724524193149,0.94523863760002,0.999420586213636,-1.79266503631286,ALMANAC
381340,HL-60,lomustine,,no_match,Erlotinib hydrochloride,Erlotinib,exact,1.31687132493036,4.16091187109116,4.96091680509166,4.60336709041123,ALMANAC
381354,HL-60,Pazopanib hydrochloride,Pazopanib (GW786034),exact,CHEMBL277800,,no_match,-57.8854541131568,-11.6180770178747,0.0519962396261362,-20.9263317029796,ALMANAC
381495,HL-60,Lenalidomide,Lenalidomide,exact,lomustine,,no_match,-29.8409174190188,-13.0198592175294,-9.90745675894398,-11.1672395611637,ALMANAC
381529,HL-60,Dexrazoxane,,no_match,Nilotinib,Nilotinib,exact,-5.7071943242218,0.658973102332971,2.067189018871,-5.43989709147293,ALMANAC
381679,HL-60,Vemurafenib,Vemurafenib (PLX-4032),exact,CHEMBL277800,,no_match,-23.3758709997745,-2.63099275564053,0.204940797895567,-7.76925012220515,ALMANAC
381839,HL-60,Lenalidomide,Lenalidomide,exact,CHEMBL277800,,no_match,-13.702131942277,9.89113179640395,5.38967342048265,9.52222887788726,ALMANAC
381903,HL-60,Gefitinib,Gefitinib,exact,Vinblastine sulfate,,no_match,16.4977847327257,18.4389885701652,16.6403143506736,17.1290043101571,ALMANAC
381951,HL-60,Lenalidomide,Lenalidomide,exact,altretamine,,no_match,-7.83293866350582,-3.94109939657977,-3.71136451213634,-7.21544034085877,ALMANAC
382168,HL-60,Uramustine,,no_match,Erlotinib hydrochloride,Erlotinib,exact,-3.35118221793116,-0.865491054906068,1.72835978191604,0.215004103585697,ALMANAC
382210,HL-60,dacarbazine,,no_match,Erlotinib hydrochloride,Erlotinib,exact,-18.1291032202545,-18.2123923664371,-7.66245400535816,-17.2941884651443,ALMANAC
382397,HL-60,5-Fluorouracil,,no_match,Erlotinib hydrochloride,Erlotinib,exact,-33.9058590462768,-33.811713021477,-24.6394221180642,-32.7897736741921,ALMANAC
382535,HL-60,Gefitinib,Gefitinib,exact,allopurinol,,no_match,-10.8863043192211,13.5827445648215,5.08691551877878,8.47842840388502,ALMANAC
382615,HL-60,Vemurafenib,Vemurafenib (PLX-4032),exact,lomustine,,no_match,-36.9041166406696,-21.1935836029072,-9.42011025949792,-29.6253633999218,ALMANAC
382812,HL-60,chlorambucil,,no_match,Erlotinib hydrochloride,Erlotinib,exact,-4.28465429010669,-3.90314969299279,-0.241391264360902,-2.76660700752542,ALMANAC
382904,HL-60,6-Thioguanine,,no_match,Erlotinib hydrochloride,Erlotinib,exact,-10.4542396604061,-1.69857754510647,-1.79788773358636,-0.471551451969882,ALMANAC
382943,HL-60,Pazopanib hydrochloride,Pazopanib (GW786034),exact,lomustine,,no_match,-25.3191016071278,8.55370235708087,11.6076584783431,-8.34977614742398,ALMANAC
383046,HL-60,altretamine,,no_match,Erlotinib hydrochloride,Erlotinib,exact,-8.24814378007086,-5.17607357383199,0.569027828739553,-8.75366503631285,ALMANAC
383064,HL-60,Melphalan hydrochloride,,no_match,Erlotinib hydrochloride,Erlotinib,exact,-20.5473034624505,-1.21885293974118,-0.0475701661179283,-2.16263073150342,ALMANAC
383256,HL-60,Pazopanib hydrochloride,Pazopanib (GW786034),exact,altretamine,,no_match,-22.520425948708,1.94462264303051,13.3484582861,-21.6024428140906,ALMANAC
383456,HL-60,Vandetanib,Vandetanib (ZD6474),exact,allopurinol,,no_match,0.539350472369599,10.6991592481266,5.86827316763351,0.962204883280729,ALMANAC
383567,HL-60,Axitinib,Axitinib (AG-013736),exact,allopurinol,,no_match,-9.13339825751645,3.27823778489541,-2.95062232641225,-1.81248584131732,ALMANAC
383594,HL-60,Vismodegib,Vismodegib (GDC-0449),exact,allopurinol,,no_match,4.58764978899988,15.3127022928787,6.40542807844903,7.43231599439184,ALMANAC
383663,HL-60,Crizotinib,Crizotinib (PF-2341066),exact,allopurinol,,no_match,-17.7343664349776,12.1876125101869,0.217374061292401,5.14088702034535,ALMANAC
383747,HL-60,mitoxantrone,,no_match,Nilotinib,Nilotinib,exact,-23.087039590433,5.76135268256685,6.29326651207605,2.19133743691902,ALMANAC
383828,HL-60,Ruxolitinib,Ruxolitinib (INCB018424),exact,allopurinol,,no_match,-12.4948951699706,2.624555458251,5.69990523309515,-11.4861523086658,ALMANAC
383973,HL-60,Ruxolitinib,Ruxolitinib (INCB018424),exact,Vinblastine sulfate,,no_match,-70.628801345632,2.65651469979394,6.71005711314452,-5.59612146542093,ALMANAC
384022,HL-60,Vandetanib,Vandetanib (ZD6474),exact,Vinblastine sulfate,,no_match,-53.3828863508254,16.6208922763362,9.65681027013327,11.3729460747982,ALMANAC
384127,HL-60,Crizotinib,Crizotinib (PF-2341066),exact,Vinblastine sulfate,,no_match,-12.5521296930243,14.7160481169192,11.4441460266243,10.9823032667448,ALMANAC
384169,HL-60,Vismodegib,Vismodegib (GDC-0449),exact,Vinblastine sulfate,,no_match,-10.6005660835869,25.0595414766438,20.6605145079085,20.9396366000781,ALMANAC
384278,HL-60,Axitinib,Axitinib (AG-013736),exact,Vinblastine sulfate,,no_match,-40.8152977170952,4.39487056421611,2.62437116749755,3.04172588318832,ALMANAC
384341,HL-60,Gefitinib,Gefitinib,exact,Zanosar,,no_match,-8.80641723862053,-8.41153684595611,-4.29214664562045,-5.84849856896434,ALMANAC
384445,HL-60,Vemurafenib,Vemurafenib (PLX-4032),exact,Vinblastine sulfate,,no_match,-20.6953530913895,19.748771989187,15.7773614559795,11.0376366000781,ALMANAC
384486,HL-60,Lenalidomide,Lenalidomide,exact,Vinblastine sulfate,,no_match,-38.5151526234315,0.4821510015093,1.89663311323573,-0.511017338941489,ALMANAC
384579,HL-60,dacarbazine,,no_match,"Azacytidine, 5-",Azacytidine,fuzzy,-22.374671629266,-18.2861199642374,-9.34563081732088,-17.5179617833859,ALMANAC
384716,HL-60,Pazopanib hydrochloride,Pazopanib (GW786034),exact,Vinblastine sulfate,,no_match,-73.1185791234098,7.87621155584179,9.73536884297472,-7.85894281409066,ALMANAC
384841,HL-60,Abiraterone,,no_match,Vemurafenib,Vemurafenib (PLX-4032),exact,5.81331072918107,18.3508560994833,11.9663477935106,6.68536118997856,ALMANAC
384919,HL-60,Uramustine,,no_match,"Azacytidine, 5-",Azacytidine,fuzzy,-5.8360959338665,-5.98851171770635,-4.38892032785147,-5.16229535375823,ALMANAC
385034,HL-60,Pazopanib hydrochloride,Pazopanib (GW786034),exact,Zanosar,,no_match,-35.9356210795825,-16.0174390168729,8.16032116392438,-37.4025539252018,ALMANAC
385091,HL-60,Pazopanib hydrochloride,Pazopanib (GW786034),exact,allopurinol,,no_match,-22.769101987383,2.83497072763219,11.3905768884579,-20.4248317029796,ALMANAC
385177,HL-60,Pazopanib hydrochloride,Pazopanib (GW786034),exact,Vemurafenib,Vemurafenib (PLX-4032),exact,14.8342375135209,38.6099431265013,36.4618019505217,12.6981563123568,ALMANAC
385183,HL-60,Vemurafenib,Vemurafenib (PLX-4032),exact,Zanosar,,no_match,-22.3629567848747,-13.0799630346388,0.330988643961169,-22.8005801497388,ALMANAC
385335,HL-60,5-Fluorouracil,,no_match,"Azacytidine, 5-",Azacytidine,fuzzy,-30.551390904814,-33.6821726931662,-24.6854210115226,-30.2885514519699,ALMANAC
385412,HL-60,Vemurafenib,Vemurafenib (PLX-4032),exact,allopurinol,,no_match,-3.45769989078702,14.1056740587552,9.26927646966414,0.301858822300352,ALMANAC
385460,HL-60,Lenalidomide,Lenalidomide,exact,Zanosar,,no_match,-6.40273611212686,-11.0435216398165,-6.68578001056736,-5.78432922974765,ALMANAC
385609,HL-60,Lenalidomide,Lenalidomide,exact,allopurinol,,no_match,1.13988235888966,4.63625386663303,1.14381485648506,1.2958715499474,ALMANAC
385696,HL-60,altretamine,,no_match,"Azacytidine, 5-",Azacytidine,fuzzy,-24.8737384121066,-6.06408838552115,-2.69825611083167,-10.2260053542779,ALMANAC
385796,HL-60,Melphalan hydrochloride,,no_match,"Azacytidine, 5-",Azacytidine,fuzzy,-11.6745089321991,-4.88775454900558,-2.74188747988697,-7.14867610830051,ALMANAC
385951,HL-60,6-Thioguanine,,no_match,"Azacytidine, 5-",Azacytidine,fuzzy,-2.7451673208374,-2.3164399684623,-2.58402894154116,-1.17193028576179,ALMANAC
386109,HL-60,Ruxolitinib,Ruxolitinib (INCB018424),exact,Vemurafenib,Vemurafenib (PLX-4032),exact,-9.66818188188833,2.34958007350903,12.329011483689,-14.1365140455833,ALMANAC
386202,HL-60,Vandetanib,Vandetanib (ZD6474),exact,Zanosar,,no_match,-20.5106342218844,-14.8450259172119,1.25584360980322,-21.9773317029795,ALMANAC
386305,HL-60,CABAZITAXEL,,no_match,Vemurafenib,Vemurafenib (PLX-4032),exact,-40.9140068968781,10.8544466503165,11.874302109223,5.59772632580792,ALMANAC
386331,HL-60,Vandetanib,Vandetanib (ZD6474),exact,Vemurafenib,Vemurafenib (PLX-4032),exact,-0.519342119781682,10.2477533094957,15.0737733247081,-2.27758029817357,ALMANAC
386387,HL-60,Axitinib,Axitinib (AG-013736),exact,Zanosar,,no_match,-19.195901020805,-17.1856164548875,-4.8733041783113,-14.860165235631,ALMANAC
386471,HL-60,Crizotinib,Crizotinib (PF-2341066),exact,Zanosar,,no_match,-32.2970112035314,-12.9667594239003,-5.83425557514011,-16.8122763467421,ALMANAC
386539,HL-60,Vismodegib,Vismodegib (GDC-0449),exact,Zanosar,,no_match,-11.0173627268764,-8.3172431766264,-1.94377686044378,-11.6790541245199,ALMANAC
386544,HL-60,Axitinib,Axitinib (AG-013736),exact,Vemurafenib,Vemurafenib (PLX-4032),exact,-13.3793894154765,2.46005732737567,1.81055416383895,-7.50155145196986,ALMANAC
386653,HL-60,Vismodegib,Vismodegib (GDC-0449),exact,Vemurafenib,Vemurafenib (PLX-4032),exact,-10.5122037635936,2.31081480008117,11.2809311383011,-9.42627649517694,ALMANAC
386763,HL-60,Crizotinib,Crizotinib (PF-2341066),exact,Vemurafenib,Vemurafenib (PLX-4032),exact,-39.4462689340599,-8.10900628492436,-0.828494696380837,-18.6186463955213,ALMANAC
386838,HL-60,Ruxolitinib,Ruxolitinib (INCB018424),exact,Zanosar,,no_match,-22.1945099684714,-12.7540135420874,3.17825923497023,-23.6614428140906,ALMANAC
386896,HL-60,23541-50-6,,no_match,"Azacytidine, 5-",Azacytidine,fuzzy,-19.6715332317101,-1.98953238592475,-3.64682210559955,-3.38070806353954,ALMANAC
386930,HL-60,lomustine,,no_match,"Azacytidine, 5-",Azacytidine,fuzzy,-7.18262956081153,3.35736459106866,3.73766180499217,2.22429193646046,ALMANAC
387003,HL-60,mitoxantrone,,no_match,CYTARABINE HYDROCHLORIDE,Cytarabine,exact,0.29830146287071,-0.989396162109224,-1.12659961817961,2.89532774201649,ALMANAC
387051,HL-60,MEGESTROL ACETATE,,no_match,"Azacytidine, 5-",Azacytidine,fuzzy,-6.99927231566947,4.43740141424418,-1.23080565276114,0.517550201277692,ALMANAC
387112,HL-60,Ruxolitinib,Ruxolitinib (INCB018424),exact,letrozole,,no_match,-4.279072021325,4.38305643596632,6.44214042955473,-6.99588725853508,ALMANAC
387213,HL-60,Vandetanib,Vandetanib (ZD6474),exact,letrozole,,no_match,0.875679606451278,6.08362800750854,8.51755494004523,-1.35699836964619,ALMANAC
387273,HL-60,Dexrazoxane,,no_match,"Azacytidine, 5-",Azacytidine,fuzzy,-5.14740495219809,-4.26494650146647,-4.49513179790028,-4.43408663802308,ALMANAC
387335,HL-60,Axitinib,Axitinib (AG-013736),exact,letrozole,,no_match,-3.88415850442078,-1.86615214794483,-2.43465554411033,-1.55491934095116,ALMANAC
387408,HL-60,Vismodegib,Vismodegib (GDC-0449),exact,letrozole,,no_match,6.0905287045402,9.07824048142732,4.53223828938717,4.2631680977023,ALMANAC
387487,HL-60,Crizotinib,Crizotinib (PF-2341066),exact,letrozole,,no_match,-0.975374874327935,13.1897280514072,9.8048509269566,8.33405698659121,ALMANAC
387765,HL-60,Vepesid J,,no_match,"Azacytidine, 5-",Azacytidine,fuzzy,-12.5456420267187,-4.43535419686502,-1.76114350978876,-4.56062868709156,ALMANAC
387805,HL-60,Vemurafenib,Vemurafenib (PLX-4032),exact,letrozole,,no_match,2.54207871468197,13.953008143415,13.6270797908205,2.66039031992452,ALMANAC
388019,HL-60,Lenalidomide,Lenalidomide,exact,letrozole,,no_match,-1.82469325693369,-2.97924346620722,-4.01515635661186,-1.36899589641432,ALMANAC
388069,HL-60,Pazopanib hydrochloride,Pazopanib (GW786034),exact,letrozole,,no_match,-12.2487386879917,7.34401255229194,12.1462374893435,-14.9655539252018,ALMANAC
388143,HL-60,mitoxantrone,,no_match,Erlotinib hydrochloride,Erlotinib,exact,-28.4592337413529,0.345553490266202,1.50271903149222,1.12378188136347,ALMANAC
388499,HL-60,Gefitinib,Gefitinib,exact,letrozole,,no_match,0.96374032243129,0.658691869128645,-1.24296838344591,1.04785973520868,ALMANAC
389031,HL-60,Pazopanib hydrochloride,Pazopanib (GW786034),exact,CABAZITAXEL,,no_match,-34.9026834511597,22.8542043407918,23.6338782049395,11.6075016303538,ALMANAC
389061,HL-60,Vemurafenib,Vemurafenib (PLX-4032),exact,CABAZITAXEL,,no_match,-11.0483036865568,8.54528056524813,10.5826279577565,2.82058321112818,ALMANAC
389199,HL-60,mitoxantrone,,no_match,"Azacytidine, 5-",Azacytidine,fuzzy,-13.008509311996,-1.50875457197852,0.650606616770892,-1.28207313153601,ALMANAC
389313,HL-60,Navelbine ditartrate (TN),,no_match,Nilotinib,Nilotinib,exact,-20.0231504816385,12.32483961943,9.26553737346964,6.18583743691903,ALMANAC
389423,HL-60,Vandetanib,Vandetanib (ZD6474),exact,CABAZITAXEL,,no_match,-30.9848835299461,19.269693775175,19.3353634437063,15.518723852576,ALMANAC
389531,HL-60,Axitinib,Axitinib (AG-013736),exact,CABAZITAXEL,,no_match,-24.454847398203,18.8095698252772,18.9024547051287,19.3418399889984,ALMANAC
389623,HL-60,Crizotinib,Crizotinib (PF-2341066),exact,CABAZITAXEL,,no_match,-9.10617575862853,11.4543771715003,9.3937412163886,10.9075832111282,ALMANAC
389694,HL-60,Vismodegib,Vismodegib (GDC-0449),exact,CABAZITAXEL,,no_match,-1.63270199870947,24.3434699227049,23.4313660240017,21.9839165444615,ALMANAC
389729,HL-60,Ruxolitinib,Ruxolitinib (INCB018424),exact,CABAZITAXEL,,no_match,-40.6181278956041,11.628412350855,11.4312983418919,5.89205718590932,ALMANAC
390353,HL-60,Ruxolitinib,Ruxolitinib (INCB018424),exact,altretamine,,no_match,-20.9042665896921,-7.96464890996179,7.3516178055418,-20.105648829152,ALMANAC
390954,HL-60,EXEMESTANE,,no_match,Nilotinib,Nilotinib,exact,1.0113062057716,8.17419177965594,5.83986710051975,1.79167077025237,ALMANAC
391122,HL-60,Gefitinib,Gefitinib,exact,Nilotinib,Nilotinib,exact,-2.03180236162928,7.00547320892491,1.67788270180531,-1.76171617106343,ALMANAC
391357,HL-60,Pemetrexed,,no_match,Nilotinib,Nilotinib,exact,-27.2832382189689,-2.87225757851943,1.37126831687914,-7.30366256308097,ALMANAC
391667,HL-60,Vemurafenib,Vemurafenib (PLX-4032),exact,Nilotinib,Nilotinib,exact,-22.0798123272977,-6.67401454557561,7.921884940568,-22.8711435560649,ALMANAC
391862,HL-60,Abiraterone,,no_match,Nilotinib,Nilotinib,exact,-11.8555779161094,-0.74218912084486,7.02894903689263,-10.807114989129,ALMANAC
391944,HL-60,Lenalidomide,Lenalidomide,exact,Nilotinib,Nilotinib,exact,-2.10822405981572,6.5416891848022,3.75668556831701,-1.76788478530321,ALMANAC
392007,HL-60,Vandetanib,Vandetanib (ZD6474),exact,altretamine,,no_match,-17.7934828590817,-9.0243113406418,5.36373257043685,-16.8776650363129,ALMANAC
392292,HL-60,Pazopanib hydrochloride,Pazopanib (GW786034),exact,Nilotinib,Nilotinib,exact,-14.4656506368961,6.26939816552358,18.0974208284129,-18.6097544678578,ALMANAC
392808,HL-60,Axitinib,Axitinib (AG-013736),exact,altretamine,,no_match,-24.7622854258466,-11.1770142116507,-1.76432439632246,-14.6027736741921,ALMANAC
392975,HL-60,Crizotinib,Crizotinib (PF-2341066),exact,altretamine,,no_match,-31.6150708541632,-5.16160445466117,0.585848542165351,-11.3694985689644,ALMANAC
393138,HL-60,Ruxolitinib,Ruxolitinib (INCB018424),exact,Nilotinib,Nilotinib,exact,-9.90377337996948,0.586223046975719,11.357948908629,-14.7149029344722,ALMANAC
393170,HL-60,Vismodegib,Vismodegib (GDC-0449),exact,altretamine,,no_match,-17.7811530112593,-9.89949068338967,1.66351170801515,-16.6599430134088,ALMANAC
393354,HL-60,CABAZITAXEL,,no_match,Nilotinib,Nilotinib,exact,-32.6830681791393,17.9921152248943,17.3668047529671,13.4043929924746,ALMANAC
393390,HL-60,Vandetanib,Vandetanib (ZD6474),exact,Nilotinib,Nilotinib,exact,-7.54570314997843,1.82936703185128,9.12388990241459,-8.71204663394383,ALMANAC
393459,HL-60,Axitinib,Axitinib (AG-013736),exact,Nilotinib,Nilotinib,exact,-15.5578991656156,-3.64193203026875,1.11311469836881,-12.3357736741921,ALMANAC
393507,HL-60,Crizotinib,Crizotinib (PF-2341066),exact,Nilotinib,Nilotinib,exact,-23.769300592621,-3.14456668269692,2.11529993522892,-12.0784353681774,ALMANAC
393586,HL-60,Vismodegib,Vismodegib (GDC-0449),exact,Nilotinib,Nilotinib,exact,-12.323048548114,-1.01633592756326,4.96544414961459,-11.0109193409512,ALMANAC
394420,HL-60,Vandetanib,Vandetanib (ZD6474),exact,Trisenox,,no_match,-20.5203359742169,-1.7612600471722,3.47877827921995,-10.780869020762,ALMANAC
394596,HL-60,Crizotinib,Crizotinib (PF-2341066),exact,Trisenox,,no_match,-7.26975665332629,5.39208628952056,7.906410683134,-0.963040756815517,ALMANAC
394673,HL-60,Vismodegib,Vismodegib (GDC-0449),exact,Trisenox,,no_match,-11.8233283951076,3.6001811989688,0.0082506758413591,-3.54798013187307,ALMANAC
394700,HL-60,Axitinib,Axitinib (AG-013736),exact,Trisenox,,no_match,-15.0664258009303,-10.5434231048478,-3.20678662018159,-14.9175969524284,ALMANAC
394846,HL-60,Ruxolitinib,Ruxolitinib (INCB018424),exact,Trisenox,,no_match,-26.9542750288993,-3.24238267871444,5.34324123146725,-16.7653189753325,ALMANAC
394921,HL-60,Pazopanib hydrochloride,Pazopanib (GW786034),exact,Trisenox,,no_match,-38.6836825715109,-3.35551674127768,10.9678030527813,-26.4273317029796,ALMANAC
394953,HL-60,Vemurafenib,Vemurafenib (PLX-4032),exact,Trisenox,,no_match,-19.6388706350046,-1.70523593237687,2.47560711122608,-15.1839189554774,ALMANAC
395081,HL-60,Lenalidomide,Lenalidomide,exact,Trisenox,,no_match,-8.74708194382659,-4.45120446755462,-5.37854107614168,-7.13923956116371,ALMANAC
395563,HL-60,Gefitinib,Gefitinib,exact,Trisenox,,no_match,-1.20711340095308,3.33208955201771,-0.485135592066313,-1.0790160405594,ALMANAC
395918,HL-60,Navelbine ditartrate (TN),,no_match,"Azacytidine, 5-",Azacytidine,fuzzy,-20.1339430178163,-1.86770774150423,-1.68423572369795,-3.33137473020621,ALMANAC
396099,HL-60,Gefitinib,Gefitinib,exact,"Azacytidine, 5-",Azacytidine,fuzzy,-2.60143179116933,-0.446569259248517,-6.08139518754889,-2.01551604055941,ALMANAC
396119,HL-60,EXEMESTANE,,no_match,"Azacytidine, 5-",Azacytidine,fuzzy,-18.4081279421006,-5.62871189155611,-2.249381757323,-7.83181917465066,ALMANAC
396269,HL-60,Pemetrexed,,no_match,"Azacytidine, 5-",Azacytidine,fuzzy,-22.6213186445215,-13.6467542697315,-4.97371325336155,-13.6446286870916,ALMANAC
396307,HL-60,Gefitinib,Gefitinib,exact,EXEMESTANE,,no_match,1.46449902726389,0.572389011982907,1.49650158966904,1.15811542126823,ALMANAC
396634,HL-60,Vandetanib,Vandetanib (ZD6474),exact,EXEMESTANE,,no_match,-2.32442516269453,2.34956539044173,2.53657511429751,-2.70360948075731,ALMANAC
396712,HL-60,Vismodegib,Vismodegib (GDC-0449),exact,EXEMESTANE,,no_match,-9.54451428580852,2.63249165741606,0.471200306460129,-0.626696733255188,ALMANAC
396755,HL-60,Crizotinib,Crizotinib (PF-2341066),exact,EXEMESTANE,,no_match,-9.15539054182665,2.70113888903457,-3.20122865873901,-0.451807844366287,ALMANAC
396914,HL-60,Axitinib,Axitinib (AG-013736),exact,EXEMESTANE,,no_match,-4.62717706283917,-2.3676043394561,-2.26615379773562,-1.84538522792279,ALMANAC
397064,HL-60,Ruxolitinib,Ruxolitinib (INCB018424),exact,EXEMESTANE,,no_match,-5.86215795303921,1.57065106723282,3.54005175992279,-6.15716503631287,ALMANAC
397288,HL-60,Vandetanib,Vandetanib (ZD6474),exact,"Azacytidine, 5-",Azacytidine,fuzzy,-12.1670105692012,9.95181221786146,7.14665438100205,2.88339051924268,ALMANAC
397375,HL-60,Axitinib,Axitinib (AG-013736),exact,"Azacytidine, 5-",Azacytidine,fuzzy,6.84414504646839,12.113913701297,8.34362451665676,10.7557048832807,ALMANAC
397508,HL-60,Vismodegib,Vismodegib (GDC-0449),exact,"Azacytidine, 5-",Azacytidine,fuzzy,-1.21482018816022,11.845529657058,6.32610656307014,6.57291437785593,ALMANAC
397579,HL-60,Crizotinib,Crizotinib (PF-2341066),exact,"Azacytidine, 5-",Azacytidine,fuzzy,6.2577661965854,12.4820475504052,8.25591586150279,8.84583476436898,ALMANAC
397592,HL-60,Vemurafenib,Vemurafenib (PLX-4032),exact,"Azacytidine, 5-",Azacytidine,fuzzy,-6.21576371491226,12.0250721940457,6.3012936490789,0.43358104452259,ALMANAC
397789,HL-60,Abiraterone,,no_match,"Azacytidine, 5-",Azacytidine,fuzzy,5.72114131508436,18.8945244580199,9.14530782391585,13.481251022065,ALMANAC
397885,HL-60,Lenalidomide,Lenalidomide,exact,"Azacytidine, 5-",Azacytidine,fuzzy,-12.0865187637421,-3.5623615058543,-5.22360504445193,-3.81651733894149,ALMANAC
398039,HL-60,Pazopanib hydrochloride,Pazopanib (GW786034),exact,"Azacytidine, 5-",Azacytidine,fuzzy,-25.426241667153,12.8067366584782,16.5717757291882,-8.38683170297953,ALMANAC
398091,HL-60,Pazopanib hydrochloride,Pazopanib (GW786034),exact,EXEMESTANE,,no_match,-9.22915795303921,5.62699764772513,8.39855965542519,-9.52416503631287,ALMANAC
398297,HL-60,Vemurafenib,Vemurafenib (PLX-4032),exact,EXEMESTANE,,no_match,-8.89699926531056,-1.48133955448517,2.45130337496546,-9.1469189554774,ALMANAC
398311,HL-60,Lenalidomide,Lenalidomide,exact,EXEMESTANE,,no_match,-31.9667160724419,-14.2948380354963,-3.39124747519562,-13.1549062278304,ALMANAC
398455,HL-60,Pazopanib hydrochloride,Pazopanib (GW786034),exact,hydroxyurea,,no_match,-23.5130888768278,-3.86662910563596,-0.470806125747445,-23.0040795038585,ALMANAC
398595,HL-60,Lenalidomide,Lenalidomide,exact,hydroxyurea,,no_match,-7.64994676885889,-0.333774532868814,-5.53066816898037,1.3078715499474,ALMANAC
398673,HL-60,Lenalidomide,Lenalidomide,exact,thiotepa,,no_match,-24.9554801417173,-0.129887678317984,-0.094848973873895,3.47322887788727,ALMANAC
398785,HL-60,Vemurafenib,Vemurafenib (PLX-4032),exact,hydroxyurea,,no_match,8.64392386784417,21.2369282774577,11.6397233518925,11.0042121402329,ALMANAC
398940,HL-60,Vismodegib,Vismodegib (GDC-0449),exact,hydroxyurea,,no_match,21.4018805423499,27.7282797822534,25.8252787137481,23.1636565846773,ALMANAC
399011,HL-60,Crizotinib,Crizotinib (PF-2341066),exact,hydroxyurea,,no_match,-6.8494431158956,15.1343342866357,12.6704362560611,12.5866565846774,ALMANAC
399074,HL-60,Vemurafenib,Vemurafenib (PLX-4032),exact,thiotepa,,no_match,-8.38929152090042,5.96462591574865,6.14478571607682,-0.732583455538486,ALMANAC
399105,HL-60,Axitinib,Axitinib (AG-013736),exact,hydroxyurea,,no_match,-17.4733517894597,-10.252411908535,-9.61573810141034,-10.8018034729068,ALMANAC
399136,HL-60,Vandetanib,Vandetanib (ZD6474),exact,hydroxyurea,,no_match,15.6810952192466,22.5725912830506,17.6239779203153,16.1899204961415,ALMANAC
399377,HL-60,Ruxolitinib,Ruxolitinib (INCB018424),exact,hydroxyurea,,no_match,-19.0385333212722,-8.76851085298476,-4.30662283157647,-18.7562581551888,ALMANAC
399978,HL-60,Ruxolitinib,Ruxolitinib (INCB018424),exact,thiotepa,,no_match,-21.0676782384194,10.7515714638555,6.14622007999693,3.43689051924265,ALMANAC
400073,HL-60,Vemurafenib,Vemurafenib (PLX-4032),exact,122111-05-1,,no_match,-6.05963387240978,9.48872011450212,9.33059843105241,-0.63375228881075,ALMANAC
400087,HL-60,Crizotinib,Crizotinib (PF-2341066),exact,thiotepa,,no_match,0.627444655750107,3.90305420852785,4.14100133904764,1.85163660007813,ALMANAC
400165,HL-60,Vismodegib,Vismodegib (GDC-0449),exact,thiotepa,,no_match,-30.8473468963657,-3.80683820401677,-1.24664903572765,-6.15947234442737,ALMANAC
400298,HL-60,Axitinib,Axitinib (AG-013736),exact,thiotepa,,no_match,12.4128322521908,12.5442743954999,10.3303864565379,14.5790972516834,ALMANAC
400335,HL-60,Lenalidomide,Lenalidomide,exact,122111-05-1,,no_match,3.73503893014247,1.55427633626982,-4.78608011874178,4.84426043883628,ALMANAC
400494,HL-60,Vandetanib,Vandetanib (ZD6474),exact,thiotepa,,no_match,-22.3669205534981,-10.43197022238,0.155772727170014,-15.2149983696462,ALMANAC
400649,HL-60,Gefitinib,Gefitinib,exact,Dexrazoxane,,no_match,20.3610241685481,20.155556403993,17.9738440022821,22.4847931271807,ALMANAC
400760,HL-60,Pazopanib hydrochloride,Pazopanib (GW786034),exact,122111-05-1,,no_match,-25.8791437885061,3.44619721671242,7.49022287670095,-17.9392205918684,ALMANAC
400976,HL-60,Ruxolitinib,Ruxolitinib (INCB018424),exact,122111-05-1,,no_match,-6.85603267739497,11.9914742848312,8.59235488180809,1.08389051924267,ALMANAC
401075,HL-60,Vandetanib,Vandetanib (ZD6474),exact,122111-05-1,,no_match,-30.4350321213161,-15.3627026725154,0.725269871921262,-22.4951094807573,ALMANAC
401255,HL-60,Crizotinib,Crizotinib (PF-2341066),exact,122111-05-1,,no_match,-8.43696098752562,0.573127112697866,1.1462619857992,-3.27272079118658,ALMANAC
401296,HL-60,Vismodegib,Vismodegib (GDC-0449),exact,122111-05-1,,no_match,-16.8466317587923,-8.52510034304107,-2.40969319794158,-12.267974511033,ALMANAC
401363,HL-60,Axitinib,Axitinib (AG-013736),exact,122111-05-1,,no_match,7.16033442497653,9.98085664758676,3.79109571630465,12.1524796030347,ALMANAC
401615,HL-60,Gefitinib,Gefitinib,exact,hydroxyurea,,no_match,6.83741197035305,12.4120162433608,9.23442338142651,12.2431718049172,ALMANAC
401692,HL-60,Gefitinib,Gefitinib,exact,thiotepa,,no_match,8.55591430447166,9.38338007833158,6.79312050612775,11.4505460040598,ALMANAC
401781,HL-60,Lenalidomide,Lenalidomide,exact,Dexrazoxane,,no_match,13.2580321663661,17.7784552581122,18.3413497569478,21.9428276828286,ALMANAC
401957,HL-60,Vemurafenib,Vemurafenib (PLX-4032),exact,Dexrazoxane,,no_match,5.5752139444894,13.4979298789713,12.4766201194431,6.63834868273621,ALMANAC
402227,HL-60,Pazopanib hydrochloride,Pazopanib (GW786034),exact,Dexrazoxane,,no_match,-8.5244532154549,10.1435557587219,14.1205656477058,-4.80767734248264,ALMANAC
402303,HL-60,Ruxolitinib,Ruxolitinib (INCB018424),exact,Dexrazoxane,,no_match,-8.465564326566,2.87705402046785,9.35832852690704,-4.74878845359375,ALMANAC
402560,HL-60,Axitinib,Axitinib (AG-013736),exact,Dexrazoxane,,no_match,3.17926557704543,1.1288621401528,6.62665258276459,3.45625802559461,ALMANAC
402596,HL-60,Crizotinib,Crizotinib (PF-2341066),exact,Dexrazoxane,,no_match,10.4153761729591,12.6537404251799,11.5207595141159,10.9382580255946,ALMANAC
402637,HL-60,Vismodegib,Vismodegib (GDC-0449),exact,Dexrazoxane,,no_match,5.33166532627812,15.0533742370234,11.8188905695178,12.7314597938473,ALMANAC
402794,HL-60,Vandetanib,Vandetanib (ZD6474),exact,Dexrazoxane,,no_match,10.7112195186031,16.4337064429359,16.0245704954661,11.4472115464062,ALMANAC
402989,HL-60,Gefitinib,Gefitinib,exact,122111-05-1,,no_match,4.56694137436476,3.18211572605891,-2.61486125653531,4.96684879039807,ALMANAC
403499,HL-60,Navelbine ditartrate (TN),,no_match,Vemurafenib,Vemurafenib (PLX-4032),exact,-8.57909789672501,9.0561228275034,3.23917527999213,1.62229193646047,ALMANAC
404105,HL-60,Gefitinib,Gefitinib,exact,Pemetrexed,,no_match,4.4767659721035,4.27854542835334,8.11577801796752,5.15550730485607,ALMANAC
404783,HL-60,Vandetanib,Vandetanib (ZD6474),exact,Pemetrexed,,no_match,-17.6414538816408,9.02538771744941,10.9715851152329,5.40222385257599,ALMANAC
404848,HL-60,Axitinib,Axitinib (AG-013736),exact,Pemetrexed,,no_match,-6.92426198236393,2.93204994644048,3.91137450547562,3.92367332233172,ALMANAC
404940,HL-60,Crizotinib,Crizotinib (PF-2341066),exact,Pemetrexed,,no_match,-3.48569363240317,4.99664477999797,3.91337313330426,4.49419432223928,ALMANAC
404978,HL-60,Vismodegib,Vismodegib (GDC-0449),exact,Pemetrexed,,no_match,-8.35755971708683,6.61728147192375,6.91254776203139,4.48574987779484,ALMANAC
405129,HL-60,Ruxolitinib,Ruxolitinib (INCB018424),exact,Pemetrexed,,no_match,-31.8973243715483,4.90779198701828,7.91431060909022,-0.633109480757351,ALMANAC
405167,HL-60,Pazopanib hydrochloride,Pazopanib (GW786034),exact,Pemetrexed,,no_match,-32.0133243715483,10.1143865483439,13.1787871435586,-0.749109480757348,ALMANAC
405259,HL-60,Vemurafenib,Vemurafenib (PLX-4032),exact,Pemetrexed,,no_match,-12.2000090348799,5.76102539724473,8.84689619649759,0.38563876668373,ALMANAC
406044,HL-60,Gefitinib,Gefitinib,exact,anastrozole,,no_match,3.20623559773067,3.89999084708918,-1.36624042563437,3.05097084631979,ALMANAC
406213,HL-60,Vemurafenib,Vemurafenib (PLX-4032),exact,6-Thioguanine,,no_match,-37.0016056558357,-16.19479850043,-3.43133825681436,-22.4966945666496,ALMANAC
406600,HL-60,Pazopanib hydrochloride,Pazopanib (GW786034),exact,6-Thioguanine,,no_match,-48.6387370591932,-12.2536515537753,0.185303145805688,-26.0525539252018,ALMANAC
406764,HL-60,Ruxolitinib,Ruxolitinib (INCB018424),exact,6-Thioguanine,,no_match,-44.2038481703043,-14.5795662328787,-1.63493103203757,-21.6176650363129,ALMANAC
406982,HL-60,Axitinib,Axitinib (AG-013736),exact,6-Thioguanine,,no_match,-17.5545994265785,-15.6212250867898,-7.08976021384268,-13.3400278999829,ALMANAC
407066,HL-60,Crizotinib,Crizotinib (PF-2341066),exact,6-Thioguanine,,no_match,-8.61587336430189,-6.54737349185156,-5.58867894877713,-7.04058562214408,ALMANAC
407146,HL-60,Vismodegib,Vismodegib (GDC-0449),exact,6-Thioguanine,,no_match,-37.9378455855477,-12.325851585751,-5.122249801225,-14.4548056777607,ALMANAC
407226,HL-60,Vandetanib,Vandetanib (ZD6474),exact,6-Thioguanine,,no_match,-27.8857352793471,-13.3000479291143,-2.54753439240283,-17.9022205918684,ALMANAC
407334,HL-60,Gefitinib,Gefitinib,exact,23541-50-6,,no_match,17.5317006234992,19.6591313555253,19.6225249230717,20.3162829160283,ALMANAC
408013,HL-60,Ruxolitinib,Ruxolitinib (INCB018424),exact,anastrozole,,no_match,-3.2969735317298,4.93819318467849,8.6660750331758,-6.78042813816894,ALMANAC
408145,HL-60,Vandetanib,Vandetanib (ZD6474),exact,anastrozole,,no_match,2.99309598704023,7.64582177974717,8.33273959638354,0.015324458220468,ALMANAC
408260,HL-60,Axitinib,Axitinib (AG-013736),exact,anastrozole,,no_match,-5.08775305645409,-4.47579923675062,-2.4141541793384,-5.38291934095117,ALMANAC
408296,HL-60,Crizotinib,Crizotinib (PF-2341066),exact,anastrozole,,no_match,7.15909884276911,13.1675750872491,6.80607214780457,7.68982776072454,ALMANAC
408334,HL-60,Vismodegib,Vismodegib (GDC-0449),exact,anastrozole,,no_match,5.51994678943847,9.52185211635425,9.05714075284203,3.81182776072453,ALMANAC
408490,HL-60,Vemurafenib,Vemurafenib (PLX-4032),exact,anastrozole,,no_match,3.78403292785745,14.6618087762972,13.2710568773259,2.29404998294675,ALMANAC
408644,HL-60,Lenalidomide,Lenalidomide,exact,anastrozole,,no_match,0.040220164723046,0.933194413947009,0.322219659570782,0.296337436919012,ALMANAC
408752,HL-60,Pazopanib hydrochloride,Pazopanib (GW786034),exact,anastrozole,,no_match,-8.70912447148657,10.4655229061376,14.539742995689,-12.4133422084462,ALMANAC
408803,HL-60,Ruxolitinib,Ruxolitinib (INCB018424),exact,23541-50-6,,no_match,-60.6009933390324,6.79266565947067,5.10753168931468,-1.06355392520176,ALMANAC
408887,HL-60,Vismodegib,Vismodegib (GDC-0449),exact,23541-50-6,,no_match,-38.7856461550966,2.68702366548724,2.13819325791141,-0.441585622144083,ALMANAC
408923,HL-60,Crizotinib,Crizotinib (PF-2341066),exact,23541-50-6,,no_match,-21.1427653665579,5.03122550805428,0.400844151001564,2.12952548896704,ALMANAC
409021,HL-60,Axitinib,Axitinib (AG-013736),exact,23541-50-6,,no_match,-17.7647895826266,9.45292239889285,4.61868321920235,10.0553378223928,ALMANAC
409088,HL-60,Vandetanib,Vandetanib (ZD6474),exact,23541-50-6,,no_match,-42.6144306668681,10.206805472124,10.2798992292904,5.06966829702046,ALMANAC
409158,HL-60,Lenalidomide,Lenalidomide,exact,23541-50-6,,no_match,-49.2423687240358,-5.79559660825841,-2.65585945717014,-4.07035067227482,ALMANAC
409312,HL-60,Vemurafenib,Vemurafenib (PLX-4032),exact,23541-50-6,,no_match,-38.0152685721724,-1.94701555808066,3.31816587651869,-9.56169673325518,ALMANAC
409343,HL-60,Pazopanib hydrochloride,Pazopanib (GW786034),exact,23541-50-6,,no_match,-58.7942155612547,16.1461345085741,14.9691523090084,0.743223852576003,ALMANAC
409525,HL-60,Pazopanib hydrochloride,Pazopanib (GW786034),exact,raloxifene,,no_match,-2.83200623161663,17.9162413444965,18.5114456411913,-6.53066503631287,ALMANAC
409610,HL-60,Vemurafenib,Vemurafenib (PLX-4032),exact,raloxifene,,no_match,-9.89645874370754,4.676340380064,9.42573173505216,-10.6527207911866,ALMANAC
409809,HL-60,Gefitinib,Gefitinib,exact,Vorinostat,,no_match,-1.96551432387525,1.05983964819696,1.87774433405777,3.27252548896705,ALMANAC
410206,HL-60,Vandetanib,Vandetanib (ZD6474),exact,raloxifene,,no_match,8.44237647462561,16.1179122858242,9.85007150027445,7.06806447716729,ALMANAC
410334,HL-60,Axitinib,Axitinib (AG-013736),exact,raloxifene,,no_match,-1.26503261988955,9.10459385259307,3.71563485399117,1.96278188136348,ALMANAC
410416,HL-60,Vismodegib,Vismodegib (GDC-0449),exact,raloxifene,,no_match,0.104937664075864,9.71808219029857,4.5731281321773,1.18660248704976,ALMANAC
410440,HL-60,Gefitinib,Gefitinib,exact,Zoledronic acid,,no_match,-4.99015922100389,-5.44882374877965,-3.47600458110932,-3.9722955959854,ALMANAC
410603,HL-60,Crizotinib,Crizotinib (PF-2341066),exact,raloxifene,,no_match,-7.49769969501796,11.6236574776028,5.73401162589252,3.99299837981955,ALMANAC
410726,HL-60,Ruxolitinib,Ruxolitinib (INCB018424),exact,raloxifene,,no_match,4.68274196084917,15.2146462420598,13.112314311175,1.19359706552783,ALMANAC
410832,HL-60,Gefitinib,Gefitinib,exact,Bendamustine hydrochloride,,no_match,6.62223059107508,12.1181313033,5.06649056647428,10.3146506261072,ALMANAC
410987,HL-60,Lenalidomide,Lenalidomide,exact,Vorinostat,,no_match,-12.8698963539431,0.271026769170242,0.884712566984564,4.2078715499474,ALMANAC
411117,HL-60,Vemurafenib,Vemurafenib (PLX-4032),exact,Vorinostat,,no_match,0.687682368778719,18.3863377882369,13.5851464251767,9.75885882230036,ALMANAC
411147,HL-60,Pazopanib hydrochloride,Pazopanib (GW786034),exact,Vorinostat,,no_match,-30.895454800961,7.45685311711384,16.0999235277239,-11.0011094807573,ALMANAC
411481,HL-60,Vandetanib,Vandetanib (ZD6474),exact,Zoledronic acid,,no_match,-1.15162789123451,4.38734396448163,7.28667807611957,-2.94027614742397,ALMANAC
411561,HL-60,Abiraterone,,no_match,Pazopanib hydrochloride,Pazopanib (GW786034),exact,-3.58202273475522,21.707061640533,20.4816002869842,-2.2349299739752,ALMANAC
411672,HL-60,Axitinib,Axitinib (AG-013736),exact,Zoledronic acid,,no_match,-11.8493202016469,-8.28475140319396,-3.48198825363718,-6.95813171983605,ALMANAC
411688,HL-60,Vismodegib,Vismodegib (GDC-0449),exact,Zoledronic acid,,no_match,3.81093464366682,6.50514381756708,6.00405347468144,2.22272365325787,ALMANAC
411759,HL-60,Crizotinib,Crizotinib (PF-2341066),exact,Zoledronic acid,,no_match,-7.45489627453276,13.2719288270883,13.622319084027,8.78650143103566,ALMANAC
411817,HL-60,Vemurafenib,Vemurafenib (PLX-4032),exact,Pazopanib hydrochloride,Pazopanib (GW786034),exact,-5.42542344056715,27.8896654926663,26.3149397115678,1.52209686620967,ALMANAC
411884,HL-60,Ruxolitinib,Ruxolitinib (INCB018424),exact,Zoledronic acid,,no_match,-8.39428319426007,0.639402715717178,4.81667602413317,-10.5667205918684,ALMANAC
411993,HL-60,Axitinib,Axitinib (AG-013736),exact,Pazopanib hydrochloride,Pazopanib (GW786034),exact,-22.3693309439938,5.64343764547321,12.6912031806276,-15.6694403408587,ALMANAC
412151,HL-60,Vismodegib,Vismodegib (GDC-0449),exact,Pazopanib hydrochloride,Pazopanib (GW786034),exact,-6.45229328771345,20.9206288023454,21.1534485953619,-2.33760700752542,ALMANAC
412195,HL-60,Crizotinib,Crizotinib (PF-2341066),exact,Pazopanib hydrochloride,Pazopanib (GW786034),exact,-39.6912003735489,3.63796700310182,11.4562153799611,-17.1465477150314,ALMANAC
412264,HL-60,Vismodegib,Vismodegib (GDC-0449),exact,Bendamustine hydrochloride,,no_match,5.24199519249227,14.4663647843557,14.8770483483688,9.19485882230036,ALMANAC
412333,HL-60,Crizotinib,Crizotinib (PF-2341066),exact,Bendamustine hydrochloride,,no_match,-6.12564672272652,8.55792440213375,5.67907984219778,5.3929458754801,ALMANAC
412345,HL-60,Axitinib,Axitinib (AG-013736),exact,Bendamustine hydrochloride,,no_match,-20.3013947455225,-14.4414715019609,-7.23734545519949,-16.0492395611637,ALMANAC
412426,HL-60,Vandetanib,Vandetanib (ZD6474),exact,Pazopanib hydrochloride,Pazopanib (GW786034),exact,-9.31906618898017,14.4618832687043,20.5645007172729,-9.97710700752543,ALMANAC
412487,HL-60,Vandetanib,Vandetanib (ZD6474),exact,Bendamustine hydrochloride,,no_match,5.78462790023762,14.2272036923814,9.25770295070437,7.27879561529241,ALMANAC
412671,HL-60,Ruxolitinib,Ruxolitinib (INCB018424),exact,Bendamustine hydrochloride,,no_match,-33.9270760961486,-14.6626161097164,-0.268627116802066,-25.5298710513743,ALMANAC
412729,HL-60,Ruxolitinib,Ruxolitinib (INCB018424),exact,Pazopanib hydrochloride,Pazopanib (GW786034),exact,5.17389164559404,18.143606981051,20.7471381636197,-8.52529969941095,ALMANAC
412772,HL-60,Ruxolitinib,Ruxolitinib (INCB018424),exact,Vorinostat,,no_match,-28.6548992454055,0.653887961343758,9.54738158042795,-8.76055392520177,ALMANAC
412866,HL-60,Axitinib,Axitinib (AG-013736),exact,Vorinostat,,no_match,-12.3684093195106,-7.86236604590071,2.73972106274157,-5.66169673325518,ALMANAC
412943,HL-60,Vismodegib,Vismodegib (GDC-0449),exact,Vorinostat,,no_match,10.1259423661691,24.9907543184714,18.9814883289866,21.8163032667448,ALMANAC
413022,HL-60,Crizotinib,Crizotinib (PF-2341066),exact,Vorinostat,,no_match,14.9413819648009,17.5579447480264,14.1772899608548,16.0747477111893,ALMANAC
413147,HL-60,Vandetanib,Vandetanib (ZD6474),exact,Vorinostat,,no_match,3.24005115572609,19.8326070362193,15.256281999548,13.6765571859093,ALMANAC
413367,HL-60,Vemurafenib,Vemurafenib (PLX-4032),exact,Emcyt (Pharmacia),,no_match,-10.8119952462983,0.131532008652259,3.6034395284546,-10.2199189554774,ALMANAC
413497,HL-60,Lenalidomide,Lenalidomide,exact,Emcyt (Pharmacia),,no_match,-4.13221577597645,-7.50966783744759,-7.48509618429603,-3.98312755555556,ALMANAC
413746,HL-60,Pazopanib hydrochloride,Pazopanib (GW786034),exact,Zoledronic acid,,no_match,-9.17972770553958,10.6185704774566,13.4475917329186,-11.3521652111111,ALMANAC
413795,HL-60,Pazopanib hydrochloride,Pazopanib (GW786034),exact,Emcyt (Pharmacia),,no_match,-11.7570949236341,9.22504233884261,16.4891905811525,-12.0037769333333,ALMANAC
413998,HL-60,Vemurafenib,Vemurafenib (PLX-4032),exact,Zoledronic acid,,no_match,-11.0086534917448,-0.161107966607568,3.94834939625018,-10.9164138888889,ALMANAC
414083,HL-60,Ruxolitinib,Ruxolitinib (INCB018424),exact,Emcyt (Pharmacia),,no_match,-21.196538812523,-10.6155117733074,1.80801820940015,-21.4432208222222,ALMANAC
414184,HL-60,Pazopanib hydrochloride,Pazopanib (GW786034),exact,Bendamustine hydrochloride,,no_match,-45.9760901838532,-16.5936286828357,4.31569018585622,-37.3559436666667,ALMANAC
414265,HL-60,Lenalidomide,Lenalidomide,exact,Zoledronic acid,,no_match,-8.0120518800978,-10.464993474497,-5.91367439985094,-7.51732724444445,ALMANAC
414342,HL-60,Gefitinib,Gefitinib,exact,IMIQUIMOD,,no_match,4.60406682341184,6.145022119599,0.229344588486513,4.82628295555556,ALMANAC
414424,HL-60,Vandetanib,Vandetanib (ZD6474),exact,Emcyt (Pharmacia),,no_match,-1.8681967936505,4.96006852576301,6.73949937527785,-2.12010971111111,ALMANAC
414523,HL-60,Lenalidomide,Lenalidomide,exact,Bendamustine hydrochloride,,no_match,-7.04133772887567,-0.824250652549939,-7.52139320769579,-1.40668346666667,ALMANAC
414580,HL-60,Axitinib,Axitinib (AG-013736),exact,Emcyt (Pharmacia),,no_match,-18.61959017401,-15.9868504491751,-5.74614196440896,-13.7947200444444,ALMANAC
414632,HL-60,Vismodegib,Vismodegib (GDC-0449),exact,Emcyt (Pharmacia),,no_match,4.80327181938963,8.65849865224801,11.8711434087016,4.6370806,ALMANAC
414865,HL-60,Vemurafenib,Vemurafenib (PLX-4032),exact,Bendamustine hydrochloride,,no_match,-15.101542346596,-1.02969811629676,2.43467728358727,-12.4835857777778,ALMANAC
415691,HL-60,Gefitinib,Gefitinib,exact,Emcyt (Pharmacia),,no_match,-13.7030198712775,-7.25043849793437,-4.68076229674536,-5.20655277777778,ALMANAC
416191,HL-60,Gefitinib,Gefitinib,exact,Co-V,,no_match,-6.80009735290791,-2.37852029412846,-2.96544341561732,-1.73203018888889,ALMANAC
416232,HL-60,Gefitinib,Gefitinib,exact,CHEMBL17639,,no_match,11.7722978294643,12.3845082304056,9.68829208395338,12.2037604888889,ALMANAC
416444,HL-60,Pazopanib hydrochloride,Pazopanib (GW786034),exact,Co-V,,no_match,-22.3338402070835,-1.67422413606169,11.417799202047,-24.0085537488889,ALMANAC
416613,HL-60,Lenalidomide,Lenalidomide,exact,Co-V,,no_match,-1.30743649382652,-2.24705726997111,-3.12696073428011,-0.734549111111111,ALMANAC
416655,HL-60,Vemurafenib,Vemurafenib (PLX-4032),exact,Co-V,,no_match,-1.8430011785084,10.6329970191295,2.57668172748357,-0.706387462222223,ALMANAC
416848,HL-60,Vandetanib,Vandetanib (ZD6474),exact,CHEMBL17639,,no_match,-60.016795610967,-18.0641152647803,0.868857901188426,-23.6429985,ALMANAC
416931,HL-60,Axitinib,Axitinib (AG-013736),exact,CHEMBL17639,,no_match,-22.1255342806827,6.37248622318497,5.2469609772678,6.24687113333333,ALMANAC
416936,HL-60,Vismodegib,Vismodegib (GDC-0449),exact,CHEMBL17639,,no_match,-55.8341154807501,-16.612151065715,-5.41045023901319,-20.6009192222222,ALMANAC
417018,HL-60,Crizotinib,Crizotinib (PF-2341066),exact,CHEMBL17639,,no_match,-21.1816320404165,-2.9180341527557,6.07496173200704,-6.04503122222222,ALMANAC
417071,HL-60,Ruxolitinib,Ruxolitinib (INCB018424),exact,CHEMBL17639,,no_match,-64.121419346421,-4.73221807848483,1.88574387298395,-13.2639982777778,ALMANAC
417282,HL-60,Pazopanib hydrochloride,Pazopanib (GW786034),exact,pipobroman,,no_match,-53.7106814592928,-14.1215219202693,4.95148762891204,-28.8386666666667,ALMANAC
417361,HL-60,Axitinib,Axitinib (AG-013736),exact,Co-V,,no_match,-7.91246862328513,-2.32889372842503,-2.84771094206102,-1.75947586666667,ALMANAC
417463,HL-60,Vismodegib,Vismodegib (GDC-0449),exact,Co-V,,no_match,2.80386817517243,8.70483484041559,2.87349553820122,3.85083587111111,ALMANAC
417503,HL-60,Crizotinib,Crizotinib (PF-2341066),exact,Co-V,,no_match,-2.40582117423113,11.1262293115333,8.19675618105274,6.24350084666667,ALMANAC
417660,HL-60,Vandetanib,Vandetanib (ZD6474),exact,Co-V,,no_match,-1.65549013902038,4.34111003228931,7.68050385336123,-3.10777501555556,ALMANAC
417759,HL-60,Ruxolitinib,Ruxolitinib (INCB018424),exact,Co-V,,no_match,-8.67172875152794,1.04512968953314,5.21729601597569,-10.3464422933333,ALMANAC
418081,HL-60,Pazopanib hydrochloride,Pazopanib (GW786034),exact,CHEMBL17639,,no_match,-78.1259745686432,-10.5411350680399,0.525149886096522,-27.2685535,ALMANAC
418169,HL-60,Vemurafenib,Vemurafenib (PLX-4032),exact,CHEMBL17639,,no_match,-29.0054581295114,-1.27941162610034,1.06074709680112,-10.173474,ALMANAC
418259,HL-60,Lenalidomide,Lenalidomide,exact,CHEMBL17639,,no_match,-26.9252773832542,4.15142683212843,2.48463786005622,4.31465055555556,ALMANAC
418455,HL-60,Vismodegib,Vismodegib (GDC-0449),exact,pipobroman,,no_match,-7.98776637666774,22.8274245922872,20.0674936463738,20.082415,ALMANAC
418499,HL-60,Crizotinib,Crizotinib (PF-2341066),exact,pipobroman,,no_match,6.92080776711993,12.669326205154,9.04241995927767,10.0847455555556,ALMANAC
418535,HL-60,Axitinib,Axitinib (AG-013736),exact,pipobroman,,no_match,-10.1634056224977,-6.86773921274996,-1.85288609757063,-5.98577482222222,ALMANAC
418594,HL-60,Vandetanib,Vandetanib (ZD6474),exact,pipobroman,,no_match,-1.55654833595821,13.6929777624816,11.1813833462728,8.78455555555555,ALMANAC
419611,HL-60,Vemurafenib,Vemurafenib (PLX-4032),exact,IMIQUIMOD,,no_match,-3.8369242616655,8.04724696331664,8.16020722710784,-4.61383151111111,ALMANAC
420100,HL-60,Gefitinib,Gefitinib,exact,Procarbazine hydrochloride,,no_match,-1.6133300827193,4.97526772294636,6.11121022017402,1.50070537777778,ALMANAC
420493,HL-60,Ruxolitinib,Ruxolitinib (INCB018424),exact,Melphalan hydrochloride,,no_match,-38.148271975641,0.165176253723118,5.60380833558758,-7.98420166666667,ALMANAC
420620,HL-60,mitoxantrone,,no_match,Sunitinib,Sunitinib,exact,-24.4306078938918,0.997458383566278,2.02486780147283,0.235226444444443,ALMANAC
420916,HL-60,Lenalidomide,Lenalidomide,exact,IMIQUIMOD,,no_match,4.28941031816283,5.86824448012251,3.397168850094,4.61833866666667,ALMANAC
421090,HL-60,Vismodegib,Vismodegib (GDC-0449),exact,Procarbazine hydrochloride,,no_match,-11.9740035893602,-4.05724159239503,-0.269447874823812,-10.7170522,ALMANAC
421187,HL-60,Crizotinib,Crizotinib (PF-2341066),exact,Procarbazine hydrochloride,,no_match,-7.38761663588001,7.65260239608954,11.3343727951428,1.68677544444444,ALMANAC
421417,HL-60,Vandetanib,Vandetanib (ZD6474),exact,Procarbazine hydrochloride,,no_match,-4.7387070634031,4.66429128335497,11.7242847084884,-3.83168867777778,ALMANAC
421550,HL-60,Ruxolitinib,Ruxolitinib (INCB018424),exact,Procarbazine hydrochloride,,no_match,9.00479770851533,26.8922185042121,35.1874948431092,13.9872736666667,ALMANAC
421843,HL-60,Axitinib,Axitinib (AG-013736),exact,NSC733504,,no_match,-12.6481662668281,-6.05784704923084,-5.20005456724218,-7.07696297777778,ALMANAC
421945,HL-60,Vismodegib,Vismodegib (GDC-0449),exact,NSC733504,,no_match,-16.968451157035,-4.23639091800422,-2.27907353538053,-9.51308652222222,ALMANAC
421994,HL-60,Crizotinib,Crizotinib (PF-2341066),exact,NSC733504,,no_match,-20.2140207053356,-11.31416282949,-7.14902756002812,-15.6050557444444,ALMANAC
422169,HL-60,Vandetanib,Vandetanib (ZD6474),exact,NSC733504,,no_match,-28.8979171669625,-5.08247669100978,0.873989303658536,-12.3507208888889,ALMANAC
422295,HL-60,Ruxolitinib,Ruxolitinib (INCB018424),exact,NSC733504,,no_match,-30.9735534220939,-5.83851332134541,3.21593767703941,-17.1724818888889,ALMANAC
422587,HL-60,Pazopanib hydrochloride,Pazopanib (GW786034),exact,Procarbazine hydrochloride,,no_match,-15.5409785953932,13.0145835318196,21.6417538001818,-9.85799944444444,ALMANAC
422795,HL-60,Lenalidomide,Lenalidomide,exact,Procarbazine hydrochloride,,no_match,-1.81381183064407,0.766951051767011,-3.80041096065352,-1.02784961111111,ALMANAC
423091,HL-60,Vismodegib,Vismodegib (GDC-0449),exact,Melphalan hydrochloride,,no_match,-36.4709956060131,-2.35414487110603,1.16096019994622,-6.32278724444445,ALMANAC
423277,HL-60,Crizotinib,Crizotinib (PF-2341066),exact,Melphalan hydrochloride,,no_match,-8.46176556007697,0.187104087766515,-1.71161982565548,-3.38734422222223,ALMANAC
423421,HL-60,Axitinib,Axitinib (AG-013736),exact,Melphalan hydrochloride,,no_match,-7.91700971601925,-0.24535815806335,0.770344250570903,-1.21731034444445,ALMANAC
423548,HL-60,Pazopanib hydrochloride,Pazopanib (GW786034),exact,NSC733504,,no_match,-42.8639067273145,-4.44245933403573,7.67808898598149,-26.2351653,ALMANAC
423703,HL-60,Lenalidomide,Lenalidomide,exact,NSC733504,,no_match,6.3966176024197,10.7618524652578,0.278800667190763,10.95615,ALMANAC
423819,HL-60,Vemurafenib,Vemurafenib (PLX-4032),exact,NSC733504,,no_match,-16.7578200222402,2.55601015476435,3.11370059714096,-9.22919688888889,ALMANAC
423898,HL-60,Pazopanib hydrochloride,Pazopanib (GW786034),exact,IMIQUIMOD,,no_match,-20.8580158885073,-0.506261844280897,12.4645983037854,-23.5404425444444,ALMANAC
424129,HL-60,Vandetanib,Vandetanib (ZD6474),exact,Melphalan hydrochloride,,no_match,-21.9296510508692,3.15981785472175,6.14992082557197,-2.09371844444445,ALMANAC
424253,HL-60,Gefitinib,Gefitinib,exact,NSC733504,,no_match,11.8912291272391,14.0187664385898,1.82683116887013,12.7680379333333,ALMANAC
424948,HL-60,Lenalidomide,Lenalidomide,exact,Melphalan hydrochloride,,no_match,-41.0235546296407,-3.02135707631134,-1.14885877505151,-3.54785,ALMANAC
425194,HL-60,Ruxolitinib,Ruxolitinib (INCB018424),exact,IMIQUIMOD,,no_match,-12.5676773930856,-3.44169150344787,6.60643193160451,-15.2208658777778,ALMANAC
425524,HL-60,Vandetanib,Vandetanib (ZD6474),exact,Lenalidomide,Lenalidomide,exact,-13.5805010703579,-6.36224042830386,-1.59678426892743,-13.1562219111111,ALMANAC
425608,HL-60,CABAZITAXEL,,no_match,Lenalidomide,Lenalidomide,exact,-19.4938685572022,12.2284903531692,13.5294695796282,13.4313112222222,ALMANAC
425679,HL-60,Vismodegib,Vismodegib (GDC-0449),exact,Lenalidomide,Lenalidomide,exact,-11.3799917123848,-8.82492781304553,-4.47182640038582,-10.9738072666667,ALMANAC
425750,HL-60,Crizotinib,Crizotinib (PF-2341066),exact,Lenalidomide,Lenalidomide,exact,-19.0034551177925,-2.56066231608853,-4.64796474806742,-5.29772322222222,ALMANAC
425785,HL-60,Axitinib,Axitinib (AG-013736),exact,Lenalidomide,Lenalidomide,exact,-10.5500669376972,-11.5567056062472,-7.52143406330065,-8.01894491111111,ALMANAC
425968,HL-60,Ruxolitinib,Ruxolitinib (INCB018424),exact,mitomycin C,,no_match,-67.4279655456564,-15.7194989800723,-1.1449764540854,-22.2398886666667,ALMANAC
426098,HL-60,Ruxolitinib,Ruxolitinib (INCB018424),exact,Lenalidomide,Lenalidomide,exact,-16.8585386047365,-5.92197061719559,4.93049381075394,-16.3119992744444,ALMANAC
426197,HL-60,Vandetanib,Vandetanib (ZD6474),exact,mitomycin C,,no_match,-25.7558644432245,11.207868478915,7.98254517762445,6.94422222222222,ALMANAC
426288,HL-60,Axitinib,Axitinib (AG-013736),exact,mitomycin C,,no_match,-29.8716266849457,-10.67370527647,-2.12448621499437,-8.34514133333334,ALMANAC
426453,HL-60,Vismodegib,Vismodegib (GDC-0449),exact,mitomycin C,,no_match,-17.3593873138021,17.0097336698316,14.9085727152628,15.3107483333333,ALMANAC
426499,HL-60,Crizotinib,Crizotinib (PF-2341066),exact,mitomycin C,,no_match,-5.32981300946594,9.81928430363177,7.43049787495104,9.27174555555556,ALMANAC
426607,HL-60,Vemurafenib,Vemurafenib (PLX-4032),exact,Melphalan hydrochloride,,no_match,-25.9089813933439,-6.52405195060555,3.23857186957859,-15.0892316666667,ALMANAC
426667,HL-60,Vandetanib,Vandetanib (ZD6474),exact,IMIQUIMOD,,no_match,-9.00927370094929,-3.40559005975689,4.66387482316774,-11.0878875444444,ALMANAC
426739,HL-60,Pazopanib hydrochloride,Pazopanib (GW786034),exact,Lenalidomide,Lenalidomide,exact,-25.7644286636254,-4.84718675894427,4.41726048979677,-25.2178893333333,ALMANAC
426830,HL-60,Vemurafenib,Vemurafenib (PLX-4032),exact,Lenalidomide,Lenalidomide,exact,-24.2334495900694,-15.1570497052114,-0.679148671334129,-23.7379986666667,ALMANAC
426912,HL-60,Ruxolitinib,Ruxolitinib (INCB018424),exact,dacarbazine,,no_match,19.1240952644627,33.8123479623949,27.6801085833489,23.8672221666667,ALMANAC
427024,HL-60,Abiraterone,,no_match,Lenalidomide,Lenalidomide,exact,-16.6057842567361,-11.2780638010569,1.49398278861161,-16.1103333333333,ALMANAC
427109,HL-60,Pazopanib hydrochloride,Pazopanib (GW786034),exact,Melphalan hydrochloride,,no_match,-39.9148277534187,6.11630896928693,11.0556875315524,-9.635607,ALMANAC
427221,HL-60,Crizotinib,Crizotinib (PF-2341066),exact,dacarbazine,,no_match,1.08161225168707,10.9264169454822,10.8353556600853,9.14249866666667,ALMANAC
427294,HL-60,Vismodegib,Vismodegib (GDC-0449),exact,dacarbazine,,no_match,6.25734979679741,13.5237192617858,12.0438695748698,10.4085258888889,ALMANAC
427309,HL-60,Axitinib,Axitinib (AG-013736),exact,dacarbazine,,no_match,24.3328632562449,24.4449603636367,24.7758732051523,27.5491157333333,ALMANAC
427382,HL-60,Vandetanib,Vandetanib (ZD6474),exact,dacarbazine,,no_match,13.8599373887692,21.5465060517539,23.0533832091342,15.0434440555556,ALMANAC
427690,HL-60,Lenalidomide,Lenalidomide,exact,dacarbazine,,no_match,27.9163886532363,26.7068824989515,32.4955504898854,31.987894,ALMANAC
427796,HL-60,Vemurafenib,Vemurafenib (PLX-4032),exact,dacarbazine,,no_match,-5.95965406858244,4.61106693413382,11.1521769888563,-4.48102933333333,ALMANAC
427905,HL-60,Axitinib,Axitinib (AG-013736),exact,IMIQUIMOD,,no_match,-14.9938193549914,-10.4855142043221,-1.84217168515912,-11.8274611444444,ALMANAC
428001,HL-60,Pazopanib hydrochloride,Pazopanib (GW786034),exact,dacarbazine,,no_match,4.90109526446269,29.1426476602599,30.0469883340607,9.64422216666667,ALMANAC
428127,HL-60,Vismodegib,Vismodegib (GDC-0449),exact,IMIQUIMOD,,no_match,-6.16999402115321,-1.53676160981495,1.04896796686024,-7.49094428111111,ALMANAC
428309,HL-60,Lenalidomide,Lenalidomide,exact,mitomycin C,,no_match,-43.1909075647188,-4.51438906035299,-5.56739729871135,-0.147772111111112,ALMANAC
428415,HL-60,Crizotinib,Crizotinib (PF-2341066),exact,IMIQUIMOD,,no_match,-12.3881472737555,2.7110713962775,-0.870374018657008,-2.93638873333333,ALMANAC
428587,HL-60,Gefitinib,Gefitinib,exact,dacarbazine,,no_match,17.2218855042959,20.9163056047638,21.0622342336305,23.6049494666667,ALMANAC
429032,HL-60,Vandetanib,Vandetanib (ZD6474),exact,amifostine,,no_match,-8.15794383607999,-0.366665458460241,4.89479607111856,-7.88755427777778,ALMANAC
429135,HL-60,Gefitinib,Gefitinib,exact,mitomycin C,,no_match,0.0909503415074047,0.324032185313466,-2.6163989916233,2.53474777777777,ALMANAC
429238,HL-60,Axitinib,Axitinib (AG-013736),exact,amifostine,,no_match,-13.8204720463181,-5.64110726439453,-3.4134603952465,-5.73748742222222,ALMANAC
429406,HL-60,Vismodegib,Vismodegib (GDC-0449),exact,amifostine,,no_match,-10.1150521762079,-4.22866701560885,-0.228913436968362,-9.42205396666667,ALMANAC
429453,HL-60,Crizotinib,Crizotinib (PF-2341066),exact,amifostine,,no_match,-13.2080461892716,10.2653577474629,13.1926102259017,5.14672255555555,ALMANAC
429672,HL-60,Ruxolitinib,Ruxolitinib (INCB018424),exact,amifostine,,no_match,-18.844887710879,-7.07008922598588,5.05591534383441,-18.5717765,ALMANAC
429913,HL-60,Lenalidomide,Lenalidomide,exact,5-Fluorouracil,,no_match,-4.97936797737956,-3.45393879838966,0.56537639006234,1.77222188888889,ALMANAC
430010,HL-60,Pazopanib hydrochloride,Pazopanib (GW786034),exact,amifostine,,no_match,-25.3258871553235,-2.50255416049258,10.6267015573491,-25.0527759444444,ALMANAC
430051,HL-60,Vemurafenib,Vemurafenib (PLX-4032),exact,5-Fluorouracil,,no_match,-30.2210154942453,-23.1065506012543,-8.87897029432037,-27.9476666666667,ALMANAC
430139,HL-60,Pazopanib hydrochloride,Pazopanib (GW786034),exact,5-Fluorouracil,,no_match,-25.61099877927,-10.5192335452471,1.69138807177302,-22.0117777777778,ALMANAC
430216,HL-60,Vemurafenib,Vemurafenib (PLX-4032),exact,amifostine,,no_match,-21.0213526307493,-8.14861581963527,2.21504421178715,-19.8957204444444,ALMANAC
430339,HL-60,Ruxolitinib,Ruxolitinib (INCB018424),exact,5-Fluorouracil,,no_match,-20.97866577927,-11.5176997798012,-0.650492495163994,-17.3794447777778,ALMANAC
430427,HL-60,Vismodegib,Vismodegib (GDC-0449),exact,5-Fluorouracil,,no_match,-22.6118381551825,-15.2809521740806,-6.06482921068306,-16.4845561111111,ALMANAC
430508,HL-60,Crizotinib,Crizotinib (PF-2341066),exact,5-Fluorouracil,,no_match,-8.06766223195992,-10.8148819648538,-4.24009978237837,-7.529697,ALMANAC
430594,HL-60,Axitinib,Axitinib (AG-013736),exact,5-Fluorouracil,,no_match,-7.39476063736796,-9.93952074750863,-2.95255499904992,-6.81111166666667,ALMANAC
430650,HL-60,Vandetanib,Vandetanib (ZD6474),exact,5-Fluorouracil,,no_match,-17.4578103543087,-12.5054825899973,-2.50959454547705,-16.3384447777778,ALMANAC
431397,HL-60,Ruxolitinib,Ruxolitinib (INCB018424),exact,Abiraterone,,no_match,-6.44187234393404,7.58264265454907,8.77610326865234,-5.31739877777778,ALMANAC
431478,HL-60,Vandetanib,Vandetanib (ZD6474),exact,Abiraterone,,no_match,0.194587243336994,9.52674252772451,7.97833496253468,1.09133162222222,ALMANAC
431637,HL-60,mitoxantrone,,no_match,Bortezomib,Bortezomib (Velcade),exact,4.78756923597586,2.24892268578887,-0.831347206518525,5.32691066666667,ALMANAC
431670,HL-60,Axitinib,Axitinib (AG-013736),exact,Abiraterone,,no_match,-4.54412960559431,6.38770785565236,1.14961003438457,1.33178131111111,ALMANAC
431736,HL-60,Vismodegib,Vismodegib (GDC-0449),exact,Abiraterone,,no_match,-2.49383895991173,5.78624958200229,2.92138485003865,-1.73976311111111,ALMANAC
431813,HL-60,Crizotinib,Crizotinib (PF-2341066),exact,Abiraterone,,no_match,-15.3988657336962,11.4341489652954,8.32637861274437,4.61784711111111,ALMANAC
431880,HL-60,Vemurafenib,Vemurafenib (PLX-4032),exact,Abiraterone,,no_match,-15.5233509773702,2.32464280146967,5.16607752416567,-12.0505283333333,ALMANAC
432258,HL-60,Pazopanib hydrochloride,Pazopanib (GW786034),exact,Abiraterone,,no_match,5.73203125308697,31.0209899622276,36.4754140289709,7.07917888888889,ALMANAC
432393,HL-60,Gefitinib,Gefitinib,exact,5-Fluorouracil,,no_match,0.949262131105566,-1.43621935355831,1.98709201706101,1.29177744444444,ALMANAC
432418,HL-60,Gefitinib,Gefitinib,exact,carmustine,,no_match,7.04840040259648,13.3671018584152,12.2781066985657,10.7697362666667,ALMANAC
432952,HL-60,CHEMBL277800,,no_match,Bortezomib,Bortezomib (Velcade),exact,-4.23061153466851,-6.70896713122925,-4.41462534916319,-3.55756,ALMANAC
436880,HL-60,CYTARABINE HYDROCHLORIDE,Cytarabine,exact,NSC256439,,no_match,-16.6634657086731,-9.53972881182806,-5.66022669581023,-3.22646666666667,ALMANAC
437102,HL-60,"Azacytidine, 5-",Azacytidine,fuzzy,NSC256439,,no_match,-17.7142631748274,-19.1553637352626,-12.0584413890978,-16.8629505,ALMANAC
438316,HL-60,Vandetanib,Vandetanib (ZD6474),exact,ADM hydrochloride,,no_match,-21.0697805670731,5.3671353060533,4.96804833006574,0.881609800000002,ALMANAC
438338,HL-60,Axitinib,Axitinib (AG-013736),exact,ADM hydrochloride,,no_match,-12.0037536911145,-2.75813575587035,-2.07235508520147,-0.608626466666665,ALMANAC
438340,HL-60,Vismodegib,Vismodegib (GDC-0449),exact,ADM hydrochloride,,no_match,-4.38425963725244,-1.24638109419689,-1.3625230983657,2.07657446666667,ALMANAC
438342,HL-60,Crizotinib,Crizotinib (PF-2341066),exact,ADM hydrochloride,,no_match,-15.4514454763035,-8.16483684830788,-4.89215592627735,-8.48669873333333,ALMANAC
438352,HL-60,Ruxolitinib,Ruxolitinib (INCB018424),exact,ADM hydrochloride,,no_match,-29.0927400639209,10.8820048533719,10.639327161673,4.02229546666667,ALMANAC
438374,HL-60,Pazopanib hydrochloride,Pazopanib (GW786034),exact,ADM hydrochloride,,no_match,-1.72196363156842,8.4155975564765,9.36029478088981,7.97113806666667,ALMANAC
438381,HL-60,Imatinib,Imatinib,exact,ADM hydrochloride,,no_match,-25.8234590090603,6.70815036027856,5.67834122055795,2.4813372,ALMANAC
438391,HL-60,Lapatinib,Lapatinib,exact,ADM hydrochloride,,no_match,-28.3534817744946,-4.12065801643064,-1.03591702669081,-3.612324,ALMANAC
438397,HL-60,Lenalidomide,Lenalidomide,exact,ADM hydrochloride,,no_match,-14.1453877019167,3.71982353084052,3.20729240128103,3.22074206666667,ALMANAC
438399,HL-60,Sorafenib,Sorafenib,exact,ADM hydrochloride,,no_match,4.42108889755535,8.46944479844414,7.88800247683366,9.67894973333333,ALMANAC
438400,HL-60,Nilotinib,Nilotinib,exact,ADM hydrochloride,,no_match,-16.9198135019167,1.10820234210663,2.11550403533696,0.446316266666669,ALMANAC
438404,HL-60,Sunitinib,Sunitinib,exact,ADM hydrochloride,,no_match,6.49805028882977,0.311564418990134,0.782701123182834,5.68354173333333,ALMANAC
438429,HL-60,Dasatinib,Dasatinib,exact,ADM hydrochloride,,no_match,-2.49281477676897,-0.991877638626705,-0.35521249655088,0.737612466666668,ALMANAC
438468,HL-60,Gefitinib,Gefitinib,exact,ADM hydrochloride,,no_match,-8.00156793297576,1.66579301460594,1.08586075150061,2.24389045333334,ALMANAC
438473,HL-60,Erlotinib hydrochloride,Erlotinib,exact,ADM hydrochloride,,no_match,-6.47244481071492,1.20701784940114,0.777614103261223,2.97611373333334,ALMANAC
439019,HL-60,"Azacytidine, 5-",Azacytidine,fuzzy,ADM hydrochloride,,no_match,-18.1916522418117,-20.1408544722323,-13.4248696066633,-17.0304402,ALMANAC
439200,HL-60,CYTARABINE HYDROCHLORIDE,Cytarabine,exact,ADM hydrochloride,,no_match,-15.2213148160921,-9.04039887429293,-7.18021476045661,-2.00146666666667,ALMANAC
440537,HL-60,Gefitinib,Gefitinib,exact,NSC256439,,no_match,-20.1371838303394,0.153009763966934,1.64928488195741,0.607633889333335,ALMANAC
440556,HL-60,Erlotinib hydrochloride,Erlotinib,exact,NSC256439,,no_match,-10.7530316851717,-0.0307109547580978,0.910942651269332,1.48360592,ALMANAC
440600,HL-60,Lapatinib,Lapatinib,exact,NSC256439,,no_match,-43.1417286536555,-4.78851088152834,-1.20673450531295,-4.468280136,ALMANAC
440604,HL-60,Lenalidomide,Lenalidomide,exact,NSC256439,,no_match,-28.7500623890487,4.57253792373389,5.61726994670076,4.03800306666667,ALMANAC
440606,HL-60,Sorafenib,Sorafenib,exact,NSC256439,,no_match,5.32480452727874,7.10820985393429,7.19698929704369,8.52278892,ALMANAC
440608,HL-60,Nilotinib,Nilotinib,exact,NSC256439,,no_match,-31.5309121201085,0.135010379459818,2.13122635119875,-0.87723848,ALMANAC
440616,HL-60,Pazopanib hydrochloride,Pazopanib (GW786034),exact,NSC256439,,no_match,-3.49658127971043,5.80492718785809,8.24445956088124,4.94786612,ALMANAC
440619,HL-60,Sunitinib,Sunitinib,exact,NSC256439,,no_match,-12.8569477745159,-2.8988891870224,-0.752489286894627,1.51172902,ALMANAC
440635,HL-60,Dasatinib,Dasatinib,exact,NSC256439,,no_match,-6.16852242573919,-2.39831171639318,-0.521384024000159,-1.38017838666666,ALMANAC
440640,HL-60,Imatinib,Imatinib,exact,NSC256439,,no_match,-45.3856908650143,0.271103543851971,3.48660236274121,-4.34664848,ALMANAC
440675,HL-60,Ruxolitinib,Ruxolitinib (INCB018424),exact,NSC256439,,no_match,-40.983123574183,9.62990776683584,9.40274683149082,2.28290324,ALMANAC
440687,HL-60,Vismodegib,Vismodegib (GDC-0449),exact,NSC256439,,no_match,-22.9366591056518,-7.19615948260796,-3.01301785279874,-4.81381613333333,ALMANAC
440689,HL-60,Crizotinib,Crizotinib (PF-2341066),exact,NSC256439,,no_match,-20.5597148412321,-9.98066866154198,-4.61175599700321,-10.92644208,ALMANAC
440690,HL-60,Axitinib,Axitinib (AG-013736),exact,NSC256439,,no_match,-26.7937233518468,-4.31339418096291,-2.3894742664412,-2.60024701333333,ALMANAC
440705,HL-60,Vandetanib,Vandetanib (ZD6474),exact,NSC256439,,no_match,-38.0104905583116,3.58163982595475,4.79412642826148,-1.22252524,ALMANAC
